index,filename,n_features,n_constraints,execution_time,result,clif_gen_time,clif_ast_time,bridge_solve_time,code_gen_time,generic_csp_model_time,concrete_csp_model_time
0,../REAL-FM-15.uvl,25,21,32657637,true,1693593,23311097,7085173,153697,76024,2120
8,../model_20160921_24535453.uvl,29,28,31113584,true,1612176,23887328,5073870,153812,81484,2368
5,../model_20150414_2125272166.uvl,21,24,31391391,true,1708264,23846254,5288388,162430,81723,2644
6,../model_20180513_39795521.uvl,22,22,26793968,true,1456499,20160461,4726503,118629,62978,2782
15,../model_20121214_211817376.uvl,14,14,25508554,true,1408511,19116320,4504530,154160,57714,2368
4,../model_20140503_110898123.uvl,16,16,28263684,true,1308515,21123217,5420329,114848,59089,2456
10,../model_20160905_774306083.uvl,14,14,23589692,true,1492675,17567034,4097108,89332,48898,2272
9,../model_20180612_712325117.uvl,15,15,28532370,true,1339657,21837451,4806835,170366,91390,3365
14,../model_20110826_819334011.uvl,24,24,27513499,true,1431389,20634328,4875693,145349,74124,2385
6,../model_20110826_1574631601.uvl,52,56,42482427,true,1794636,33930318,5900329,283461,166338,2909
15,../model_20150527_2051574410.uvl,28,21,29821343,true,1344335,24341001,3613981,171112,86389,3100
9,../model_20100106_985255768.uvl,20,11,26273883,true,1243504,21063059,3579671,110553,57787,2352
5,../model_20170320_1505333083.uvl,47,25,39159127,true,1721881,31340759,5480341,219420,102773,3045
14,../model_20141129_1141626102.uvl,12,12,24174923,true,1302997,18950086,3535587,78059,47449,2951
0,../model_20100308_1355834007.uvl,20,18,32262458,true,1640046,26211808,3906625,128616,75028,2813
8,../model_20160919_1142576711.uvl,20,20,28142283,true,1458191,22525415,3637677,113155,64990,2999
10,../model_20160527_1098137653.uvl,20,20,66560772,true,1375816,61181676,3438223,145020,149028,2522
4,../cfdp_library_fm.uvl,13,18,36206265,true,1452228,30558028,3705232,119864,80696,2818
3,../model_20180913_1045465294.uvl,10,6,27314710,true,1562640,21623319,3751102,67965,32740,2452
1,../model_20131112_832913408.uvl,17,17,26543514,true,1790195,18860200,5376118,104318,60032,2545
7,../model_20091109_376438407.uvl,22,21,28511297,true,1547071,21240681,5215732,122918,63788,2776
13,../model_20140421_782765396.uvl,19,19,24964462,true,1459717,18861666,4164593,122066,64131,2319
2,../model_20131112_1592384504.uvl,32,32,31496614,true,1726268,24697471,4409196,165803,97576,2179
12,../model_20140428_1043688075.uvl,56,55,44434396,true,1941261,34518495,6877954,395564,214863,3455
9,../model_20181024_611767532.uvl,13,14,26069292,true,1631286,20153106,3886604,102575,81413,3155
11,../model_20230322_492815120.uvl,41,32,41366698,true,1716397,32476464,6481955,228460,100664,2416
6,../model_20200403_1474941211.uvl,14,12,35311837,true,1520546,28754909,4528030,150713,87332,4292
10,../model_20170926_1539445221.uvl,14,12,27977318,true,1275386,22131695,4163220,98061,54651,2773
5,../model_20121018_880874071.uvl,16,15,40062465,true,1426049,34048547,4043912,173194,97027,4589
8,../model_20221208_1116778716.uvl,22,15,42683758,true,1509934,35734629,4775872,230194,129664,4645
0,../model_20150621_2090653675.uvl,20,18,46725508,true,1429172,39992326,4644290,191302,124524,5292
14,../model_20150120_214372699.uvl,40,39,59087247,true,1799387,50526441,5795979,375768,209611,4227
15,../model_20140423_969548559.uvl,49,48,67753544,true,1776805,58446159,6256051,513927,325191,4405
3,../model_20180514_1722608288.uvl,27,27,36548197,true,1830355,29766326,4167882,213419,199926,2523
2,../model_20121018_1578042435.uvl,17,15,25159514,true,1557331,19777741,3362277,101353,54808,2276
1,../model_20190917_1882445879.uvl,16,12,33500091,true,1638021,27427183,3959057,89507,45741,2161
9,../model_20130529_51708559.uvl,16,17,30356055,true,1635375,24831969,3408512,111717,65749,2056
12,../model_20170809_1734454576.uvl,15,14,26530497,true,1711679,21336483,3013984,122184,54267,2288
6,../model_20131202_1494824194.uvl,34,34,34877677,true,1858195,28113960,4233068,184822,118452,2228
11,../model_20190915_1647283170.uvl,10,10,24602982,true,1607349,18412317,4192754,72716,40899,2573
0,../model_20180512_316263333.uvl,41,36,47007230,true,1875467,39407896,4665555,421073,227711,3233
8,../model_20120328_573707444.uvl,34,27,51943814,true,2121351,43247690,4488865,282038,1440880,4547
14,../model_20120229_1103715736.uvl,14,13,42173212,true,1569253,36043678,4051654,149728,87984,3492
15,../model_20140227_661956564.uvl,47,43,65638031,true,1884608,57130261,5552514,485863,262716,3861
10,../model_20110516_1331478109.uvl,88,145,144515386,true,2801214,132741095,5887820,1627762,975461,4039
5,../model_20101112_864228137.uvl,137,138,102361453,true,3541559,90095332,7037953,653196,486758,2301
9,../model_20140410_1905141388.uvl,11,20,30515725,true,1596732,25832684,2622432,151701,76716,2786
3,../model_20170706_1588900401.uvl,30,26,30165146,true,1701017,23782210,4074722,162180,83501,2473
4,../model_20190917_595353381.uvl,13,12,28286197,true,1715457,22478379,3730644,81026,46120,2628
1,../model_20120515_1862354569.uvl,15,15,30018831,true,1684378,25050407,2832432,100345,54902,2504
0,../model_20140630_1564361664.uvl,10,5,21503829,true,1506018,16109819,3547393,68836,35748,2576
15,../model_20160721_972954567.uvl,10,9,26773796,true,1647599,21360149,3383503,78266,41672,2430
8,../model_20110525_928187171.uvl,14,14,31308293,true,1647797,25732191,3420409,138178,78870,3213
14,../model_20150309_670536624.uvl,22,28,49910333,true,1475262,43484324,4142194,344920,186914,4531
2,../model_20221013_1054303307.uvl,66,56,97552294,true,2031935,38777718,55747933,311385,161475,3064
10,../model_20140408_1553357169.uvl,11,15,41577496,true,1664617,35759380,3471497,266735,128703,3718
5,../model_20120113_1950870026.uvl,10,10,39019546,true,1515010,33128349,3963837,143651,77437,3208
7,../model_20110926_608554224.uvl,30,32,51272996,true,2031607,43599128,4729346,343134,187207,3687
3,../model_20131122_1083650489.uvl,15,15,33979582,true,1423670,27938066,4116011,148720,91129,3678
9,../model_20221010_1477134717.uvl,51,44,81067001,true,1882346,72588469,5771409,246749,127609,2053
0,../model_20160329_925786350.uvl,31,29,42223529,true,1961800,36182501,3419252,230074,118213,3009
15,../model_20201007_667063467.uvl,72,63,72223709,true,2258502,60920182,6960842,354269,1183688,2675
8,../model_20130529_1165512118.uvl,10,10,31111975,true,1555231,25245984,3821033,116144,67242,3239
14,../model_20180306_1851656621.uvl,49,41,52233339,true,1943340,43669149,5665035,474862,177595,2896
2,../model_20141202_107430422.uvl,36,30,43692722,true,1782116,35774914,5194295,310072,252455,3662
5,../model_20140424_1672030888.uvl,65,45,69879905,true,2146471,60080548,6392579,570800,185591,2331
10,../model_20130916_882364260.uvl,15,17,28891238,true,1617841,22665849,4000166,182665,110425,3599
7,../model_20230615_784426434.uvl,14,13,34624481,true,1537195,29394990,3283276,90143,46989,1956
12,../model_20150505_1728564449.uvl,13,12,23263149,true,1764954,17893660,3183729,80117,44609,2160
11,../model_20160531_990808801.uvl,14,13,24462651,true,1654870,18985452,3386819,87551,45079,2407
13,../model_20130908_1070185514.uvl,366,528,401072061,true,12276627,366618971,15958097,3118806,1723272,2725
3,../model_20190922_230985682.uvl,21,32,35971694,true,1719211,29188159,4394261,267429,110697,2659
9,../model_20100412_337845737.uvl,10,10,27955067,true,1524809,22635271,3394092,106468,62416,3327
6,../model_20141212_523199394.uvl,15,13,41068971,true,1780843,34431253,4336328,151834,81586,3616
0,../model_20140320_391816142.uvl,11,11,38878367,true,1570783,33113447,3690576,151484,93087,5628
8,../model_20130917_1805517149.uvl,13,15,30302814,true,1843013,25200067,2705137,202681,105793,3464
2,../model_20170510_174347414.uvl,15,13,35211848,true,1588731,28764236,4292538,170472,93399,3609
10,../model_20150720_1580995178.uvl,22,24,34307322,true,1482681,27557948,4514208,267347,162849,3638
5,../model_20140319_1506613330.uvl,16,12,34220762,true,1523275,27940938,4240407,171466,87893,3622
11,../model_20141021_386995832.uvl,24,24,36578435,true,1681133,30602420,3611433,156956,195328,3436
7,../model_20170315_692595151.uvl,23,18,27750196,true,1792765,21644467,3783264,122546,65637,2596
9,../model_20100529_1010171189.uvl,22,15,27692349,true,1563920,21887578,3781708,118976,61768,2555
12,../model_20180611_1112345807.uvl,10,13,25565553,true,1480456,19846849,3727767,180510,54352,3134
4,../model_20190117_1837815772.uvl,14,12,54186186,true,1730371,19574935,32436369,95843,57413,3046
6,../model_20170301_235251685.uvl,14,13,27707583,true,1524954,21725169,3925302,149025,85783,3648
0,../model_20140321_1655023261.uvl,14,14,32657928,true,1613705,26116226,4324756,176343,103853,4698
13,../model_20200819_795623217.uvl,26,17,40284663,true,1677893,31302055,4848510,226011,111092,1772765
3,../model_20150616_314969910.uvl,26,27,43841660,true,1662256,37322107,4241730,176587,92240,2569
8,../model_20170322_711096381.uvl,10,10,39209246,true,1939567,31412579,5354143,139326,80022,4812
1,../model_20230322_572568226.uvl,51,36,60816613,true,2414394,51454288,5783030,439833,245060,4068
10,../model_20140301_728202228.uvl,49,45,41480900,true,1822013,34748406,4110023,239666,133863,2376
5,../model_20100416_811483774.uvl,16,9,24849429,true,1440515,19824722,3170593,88334,46116,1990
2,../model_20140209_34267674.uvl,44,41,55246823,true,2045344,46795595,5499479,296462,184393,2209
3,../model_20161018_1395239714.uvl,11,11,22165206,true,1498851,17055650,3262348,70986,40827,2477
4,../model_20180815_1120231956.uvl,26,33,33788061,true,1601567,27298932,4222402,203091,112744,2569
13,../model_20190914_1323674619.uvl,61,57,43495913,true,1956319,34341403,6265348,321276,172885,3446
0,../model_20190917_383002664.uvl,43,24,37635221,true,1732931,30585825,4374918,361764,190822,3673
15,../model_20190413_1966613868.uvl,42,18,35922531,true,1986140,28038594,5225800,177471,87979,2919
8,../model_20160311_1359424486.uvl,50,50,41705930,true,1884475,33449323,5616942,239625,131029,2561
14,../model_20170206_852070049.uvl,13,10,31498169,true,1646235,25338233,4105898,82597,45974,2152
1,../model_20160330_149443721.uvl,30,43,62599657,true,1776992,55053751,4639284,492777,264800,3353
10,../model_20180512_733862721.uvl,23,22,27112833,true,1632335,21272965,3742595,140977,78702,1819
2,../model_20170814_699386305.uvl,12,12,22045338,true,1463860,17365066,2827046,75541,43225,2563
5,../model_20160420_474055968.uvl,96,69,61934132,true,2615942,51062853,6996801,401673,264073,2356
15,../model_20121018_1701181193.uvl,17,15,49540425,true,1456415,43827262,3850077,99957,52334,2570
13,../model_20180306_177892963.uvl,45,37,50627680,true,1995218,42388125,5286767,325002,196035,3458
0,../model_20130422_139902368.uvl,40,34,37821963,true,1815397,30743942,4548765,205171,104566,2649
8,../model_20100822_281357717.uvl,15,16,29019239,true,1346989,23772040,3402867,125929,66930,3027
4,../model_20201011_1804341944.uvl,59,59,45184117,true,2066590,36330406,5975217,290723,189996,2396
1,../model_20140524_520707568.uvl,11,9,34773212,true,1447481,29449868,3428005,129710,69999,5735
2,../model_20131112_1617262618.uvl,30,25,33152695,true,1634065,26097318,4718812,250169,94036,2686
10,../model_20110519_503436691.uvl,11,10,28156234,true,1608842,23117413,3090752,71257,40655,2702
5,../model_20141106_687094706.uvl,65,61,63695522,true,1951574,55369229,5402952,323719,185342,2878
7,../model_20141111_2120296387.uvl,51,18,52998082,true,1966590,44947696,5346341,267265,114055,3007
11,../model_20150507_425070085.uvl,44,44,46335486,true,2300770,37728611,5492409,231039,144741,2596
6,../model_20191119_1702487696.uvl,24,24,40608146,true,1764659,33909131,4169819,260082,143628,5531
12,../model_20101119_1472596180.uvl,25,26,41827956,true,1928376,35595939,3635916,231478,86098,2399
9,../model_20140423_813378270.uvl,48,44,42852962,true,2106856,35392559,4541148,275182,131663,2246
8,../model_20120823_304633016.uvl,16,19,28973437,true,1547610,22960967,3932321,151103,73910,2978
15,../model_20110318_225131257.uvl,15,15,35775373,true,1706707,29315779,4124087,204180,112557,3634
0,../model_20140223_789634838.uvl,26,19,49056976,true,1812778,41702882,4760150,270724,130262,3406
1,../model_20151106_857588743.uvl,21,25,40461775,true,1791671,33478298,4442480,277259,149036,3259
2,../model_20161209_758532997.uvl,13,5,30800551,true,1545658,24813022,4075172,72253,38214,2324
10,../model_20180512_143602565.uvl,37,37,55351334,true,2019904,47333348,5043476,367836,292599,3915
11,../model_20190915_38921055.uvl,10,10,25829739,true,1552443,19531122,4395115,90132,42668,2807
7,../model_20230322_1914329788.uvl,32,32,36403667,true,1710175,30070268,4042532,175596,92090,2502
5,../model_20170927_2140419024.uvl,87,69,103019961,true,2392480,92157055,6584749,709950,424472,4354
9,../model_20130916_330769314.uvl,17,18,30973065,true,1818769,24229336,4424124,108068,62801,2712
3,../model_20200901_1590540568.uvl,38,33,41286183,true,1821831,33467018,5249375,222994,120925,2080
6,../model_20171202_671836466.uvl,14,14,38793714,true,1624279,32574081,4126374,163210,93706,3296
12,../model_20180305_1565538092.uvl,50,39,66980881,true,1871092,57952222,6080610,385376,313587,4219
14,../model_20221114_1363146415.uvl,39,43,50810998,true,1910337,43602340,4159487,446119,273902,4781
15,../model_20171208_504832504.uvl,10,8,34378334,true,1577960,27292292,5011749,132766,73693,5020
8,../model_20140614_1407759983.uvl,29,29,51022947,true,2017523,43869984,4198200,361580,193040,3764
1,../model_20120801_1784537083.uvl,12,11,80277623,true,1398235,74891180,3670209,88292,47999,2875
2,../model_20130305_522520932.uvl,16,14,43686888,true,1566699,37710478,3986836,117651,65233,2698
5,../model_20150616_1287606127.uvl,22,21,25144953,true,1564829,19750993,3356409,146733,66562,2372
3,../model_20161101_1287284082.uvl,50,37,39372670,true,1778355,32014626,4761358,241323,137778,2590
9,../model_20190825_1083955002.uvl,12,10,24233383,true,1639509,18620919,3552922,75753,41720,1937
4,../model_20120328_810464459.uvl,17,17,25149447,true,1581794,19551708,3605443,97891,54451,2163
15,../model_20180913_872907572.uvl,15,15,26083638,true,1657384,20228193,3803768,91376,53576,2493
13,../model_20160912_772295854.uvl,18,18,36219743,true,1583124,30174724,3822509,197259,115566,3613
12,../model_20130818_278315719.uvl,10,10,31285963,true,1521848,25519386,3860734,67080,39112,2228
6,../model_20160311_358715911.uvl,26,26,44925235,true,1574831,38184173,4472160,159780,184294,4183
14,../model_20130716_384525556.uvl,17,12,42912465,true,1798306,36049294,4479737,195501,106127,4848
8,../model_20150515_2045521211.uvl,25,26,49552786,true,1772788,43081625,4013030,266581,136096,3556
1,../model_20180708_1907991672.uvl,24,30,49158639,true,1686612,42432156,4111308,385624,309233,3589
3,../model_20130426_1685243628.uvl,16,15,30698121,true,1635362,25334213,3252939,99765,56092,3044
5,../model_20120328_1357539597.uvl,18,17,31972683,true,1780048,26515107,3173148,112363,60902,2039
13,../model_20170607_1389753102.uvl,13,14,24385114,true,1488424,18940711,3451842,151182,97163,4426
4,../model_20140403_1425048263.uvl,12,12,82029957,true,1470212,18088499,62089622,83678,45219,2304
12,../model_20171108_1643056811.uvl,12,6,25126458,true,1505100,18830624,4380240,75042,37953,3126
15,../model_20130821_361829065.uvl,30,30,32725511,true,1751381,25329255,5015157,162038,97596,3767
0,../model_20141029_1924517902.uvl,53,53,40245022,true,2058779,31434534,5918365,264182,142874,2999
6,../model_20140615_1755551630.uvl,24,22,38908076,true,1611354,32153533,4492665,231605,128761,3478
14,../model_20160721_1827988269.uvl,19,24,37665230,true,1492049,31579715,3947383,205452,130298,3754
8,../REAL-FM-12.uvl,14,14,34996409,true,1605618,28671132,4249324,111714,63822,2309
1,../model_20121026_334751192.uvl,28,28,52932870,true,1883310,46238304,4070437,290330,165275,3947
10,../model_20230322_61558144.uvl,16,16,25656202,true,1615176,19864565,3779571,99222,57043,2546
11,../model_20140728_1532422166.uvl,23,37,47509056,true,1788627,40423394,4264646,473328,231066,3481
7,../model_20140430_1345238885.uvl,17,17,34437122,true,1754780,28775651,3397091,138693,93252,2899
5,../model_20140613_2054294739.uvl,10,11,30531939,true,1772672,24681494,3711197,90897,48698,2917
12,../model_20141129_1642511009.uvl,34,37,45092496,true,1822687,38700158,3798426,281641,141619,2350
0,../model_20140823_1972464026.uvl,35,38,34776502,true,1733348,28372096,3923741,204550,194335,2588
6,../model_20110725_452580960.uvl,34,30,33237103,true,1731784,25922548,4920436,187233,101957,2149
15,../model_20130916_1448418245.uvl,14,16,25077809,true,1579761,19325999,3761739,106959,61969,2554
14,../model_20141129_966803644.uvl,12,12,36502151,true,1593031,31176608,3248703,114442,81139,4182
8,../model_20200815_1845054862.uvl,39,32,40569982,true,1694854,32812011,5371762,191596,100782,2236
1,../model_20161118_1167269407.uvl,66,22,73131833,true,2147565,62532461,6925886,595217,408644,3777
11,../model_20160712_1875218337.uvl,11,11,21822155,true,1499737,16772483,3172455,79008,53837,2867
2,../model_20160329_736279509.uvl,14,14,25076003,true,1704386,19808101,3139139,83151,50454,2009
7,../model_20111214_733452875.uvl,15,15,30933956,true,1679436,25550782,3313304,92142,53595,2592
10,../model_20111027_668940289.uvl,29,29,33664099,true,1632083,25727780,5669128,191987,100135,2638
9,../model_20230322_729074756.uvl,29,23,29670687,true,1533241,23959567,3703324,150783,82137,2389
0,../model_20110406_1047532859.uvl,29,28,40612212,true,1780550,34126671,3885929,287978,177269,4030
5,../model_20190223_1159148955.uvl,103,70,76756410,true,2547636,66792742,5946331,619556,331091,2627
14,../model_20171109_1740328562.uvl,21,25,57667539,true,1907112,51631802,3503739,199977,103263,3352
8,../model_20120915_487659597.uvl,20,17,33121545,true,1612706,27637334,3370798,122731,66270,2201
1,../model_20170310_2069806245.uvl,49,36,58671848,true,1984040,49519448,5914139,550448,271642,3643
2,../model_20161003_680973994.uvl,53,58,44727441,true,1999091,35653878,6026942,358299,211603,2868
6,../model_20221031_379205114.uvl,158,208,235665560,false,5548948,220012358,7503689,1473546,838859,2818
9,../model_20181029_2093756359.uvl,18,18,30722833,true,1572172,24449342,4110026,213301,68745,1793
10,../model_20140306_1607259562.uvl,43,49,41336399,true,1510817,33182039,5711659,265977,225870,2365
11,../model_20140409_1370428339.uvl,24,28,36354054,true,1570509,30210385,3972510,203572,111985,2362
3,../model_20111220_1184087779.uvl,15,9,35359409,true,1814549,29093717,3981715,101873,54367,3441
7,../model_20170514_1578942718.uvl,40,44,56627456,false,1641953,48598013,5432657,512509,281726,4111
4,../model_20130117_2075912065.uvl,13,14,37732655,true,1664107,31046520,4492657,161174,74641,3523
14,../aircraft_fm.uvl,13,12,35552362,true,1726324,29634512,3814860,86726,47668,2701
13,../model_20110329_10104623.uvl,41,35,101120166,true,1930681,92670661,5465846,429642,241775,3135
8,../model_20160621_993334585.uvl,26,24,42335846,true,1733044,35124777,4627427,243496,258153,3902
1,../model_20150624_1191374126.uvl,13,12,24126995,true,1622949,18959870,3080099,96871,77595,2302
9,../model_20200810_956997411.uvl,39,36,35095886,true,1673909,27565890,5103799,201033,175784,2531
10,../model_20110328_1177934440.uvl,18,20,28014600,true,1422846,22695099,3438556,125978,68236,2648
6,../model_20180930_1153905679.uvl,27,27,31044190,true,1669201,23918559,4768990,139280,174352,2455
15,../model_20140605_572628146.uvl,11,11,23048758,true,1653494,17014402,4003195,72442,42306,2992
4,../model_20130105_1019508207.uvl,24,27,35057410,true,1648016,27843087,4817479,222801,158702,4012
3,../model_20160330_469153666.uvl,13,13,27447426,true,1455315,21497334,4034623,111385,47914,2321
7,../model_20230322_1299985155.uvl,31,20,33910518,true,1686757,27390674,4250197,224650,80917,3036
12,../model_20120529_2101702978.uvl,35,46,81020558,true,1834933,73037268,4951915,465026,333615,3553
14,../stack_fm.uvl,17,13,27932737,true,1500330,21944335,4048976,115182,74880,2614
13,../model_20150109_425963323.uvl,37,23,62833953,true,1827921,55276721,4831059,355469,190240,3198
8,../model_20091205_755658379.uvl,94,71,94162456,true,2851162,81145321,8095786,852662,521522,3536
5,../model_20170925_1698983864.uvl,19,19,25805537,true,1571962,20400328,3377959,108981,56330,2180
0,../model_20170918_446567907.uvl,48,37,54240506,true,2082491,45760404,5512075,297730,149159,3698
15,../model_20170528_1427439246.uvl,10,11,62052274,true,1630563,56210997,3783219,87821,51869,2030
7,../model_20150625_1923523971.uvl,16,13,34240555,true,1739238,27395872,4462582,207421,117817,4405
14,../model_20110809_1799855518.uvl,25,13,36642374,true,1648576,29999615,4483567,125833,61834,3264
13,../model_20181205_2097248492.uvl,19,24,47746417,true,1652610,42149417,3395355,208032,91086,2040
3,../model_20160531_486171149.uvl,35,35,91954043,true,1704235,83881013,5187365,520314,288459,3021
12,../model_20170919_303553909.uvl,49,55,87293237,true,2261104,77342620,5889211,811570,516583,3644
8,../REAL-FM-18.uvl,44,47,46189768,true,2003576,37154622,5761144,546192,296663,3023
1,../model_20170221_1848353506.uvl,210,161,171899833,true,5749033,148896324,13266518,2100446,951589,3862
0,../model_20150612_1719519345.uvl,14,12,39414066,true,1464385,34060058,3463759,150993,78954,3187
11,../model_20230322_1194175451.uvl,34,25,37038441,true,1743615,30090762,4606027,178283,97153,3042
5,../model_20171129_847069382.uvl,35,32,41928086,true,1867070,35807835,3539542,279446,136813,2723
15,../model_20100607_746327867.uvl,20,15,67619660,true,1625346,60828364,4687683,111605,58577,2270
14,../model_20170228_2078125436.uvl,34,26,38029539,true,1828009,30549523,4896895,285296,135338,3628
7,../model_20160531_1105256806.uvl,25,30,50766557,true,1884754,43377709,4599707,333374,185956,4204
13,../model_20170215_1976164448.uvl,35,20,50741906,true,1657040,43357797,4862286,326888,186711,3987
3,../model_20150301_1821356180.uvl,28,33,50256781,true,1792342,42653202,5080879,194480,194171,2777
12,../model_20170512_1532934104.uvl,24,24,44121043,true,1813071,37873451,3763140,240906,147144,4577
8,../model_20120130_333619036.uvl,31,27,38140566,true,1599989,31183854,4847980,175328,90701,2977
1,../model_20141023_1600573567.uvl,20,20,30404223,true,1572646,25166204,3212564,128263,59452,2712
6,../model_20130529_1162054266.uvl,16,16,25319083,true,1804985,19276726,3757165,108968,58362,2141
9,../model_20200815_582760962.uvl,29,23,32876866,true,1853132,26467666,3985668,184104,74120,2862
10,../model_20180512_419383167.uvl,36,38,32905759,true,1763645,26033950,4392727,206293,110698,2248
0,../model_20230322_774285627.uvl,15,12,28183308,true,1798220,22656602,3296630,90266,47910,2230
4,../model_20170919_1393589103.uvl,48,45,60177593,true,2140716,51154743,5780124,458629,196686,2895
3,../model_20230613_1168762973.uvl,11,7,36151149,true,1626395,30559907,3495791,128721,69787,3203
12,../model_20170313_143405764.uvl,48,46,54873845,true,1831088,47783642,4263255,381115,188204,1999
8,../model_20171029_1247758730.uvl,10,9,29592031,true,1527962,24666659,3045156,69331,37108,2120
1,../model_20140227_386614568.uvl,75,49,59897991,true,2421348,51772013,4665569,330582,222717,2281
6,../model_20150529_550903687.uvl,21,20,29438118,true,1744034,23500218,3470497,222296,95328,3545
9,../model_20120806_904481092.uvl,17,16,26085183,true,1310270,20201795,4094369,143594,66761,3253
0,../model_20180911_126281571.uvl,10,10,24744520,true,1327465,18329474,3807961,1000597,49351,2750
10,../model_20230322_1887635433.uvl,32,32,29769111,true,1470126,23942635,3664745,207265,138784,2939
4,../REAL-FM-14.uvl,18,16,40286972,true,1546959,34109626,4113956,171072,87852,2949
3,../model_20160309_77134368.uvl,18,17,26472256,true,1698555,20328780,4036031,102809,61332,2748
12,../model_20130422_1348727660.uvl,19,16,25921076,true,1444262,19784943,4236073,103681,53952,1829
8,../model_20160926_106687243.uvl,57,52,49878587,true,1787390,43035694,4139184,278923,184421,3427
1,../model_20121213_681234650.uvl,33,33,55471817,true,1815044,47670732,5081290,351766,192426,4041
6,../model_20180512_775268148.uvl,24,21,40747871,true,1707427,34075625,4142604,359247,133721,4583
9,../model_20131202_715513367.uvl,22,22,46784587,true,1666152,40539268,3919597,237149,139344,4170
11,../model_20160429_2024552354.uvl,12,12,36286135,true,1565156,31148593,3195851,78356,46491,2876
10,../model_20131122_1573422851.uvl,15,13,39315348,true,1541288,33643988,3646521,92886,55106,2403
0,../model_20170404_1821671055.uvl,13,14,42566131,true,1573974,36507004,3894998,207190,113641,3605
5,../model_20160426_744600320.uvl,21,20,46252997,true,1741614,39286468,4514690,238204,138230,3488
4,../model_20130908_1057721135.uvl,14,14,33869247,true,1594918,27590039,4110728,160105,94664,3576
7,../model_20160125_59009200.uvl,37,35,64025652,true,2041295,53433041,7412913,448958,257530,4231
14,../model_20130529_2135483929.uvl,16,17,44618560,true,1788123,37607785,4545091,219810,122460,4082
15,../model_20190805_1041162508.uvl,23,13,44755276,true,1856065,37327737,4877249,242890,125069,3804
13,../model_20161109_258969269.uvl,10,11,38200849,true,1807049,31689635,4203617,143131,81723,4060
2,../model_20190904_400441788.uvl,625,500,502538133,true,23639856,425623609,42900365,4978477,3230797,4996
8,../model_20170930_228024571.uvl,62,69,61513881,true,2372145,51637204,6235405,473889,329410,3711
6,../model_20160330_1233914245.uvl,12,13,27978305,true,1700674,22764968,3037632,127854,58147,3693
11,../model_20121023_1328975384.uvl,14,14,24501318,true,1622502,18404935,4077983,87701,50076,2128
1,../model_20190917_1844149588.uvl,49,25,63851024,true,1932484,56651831,4602190,202921,129683,2696
0,../model_20200816_1246721801.uvl,18,16,29689118,true,1667101,24302371,3308821,106606,57373,2595
5,../model_20131202_533920013.uvl,19,19,28860475,true,1738205,22830422,3866413,108967,63059,2633
14,../model_20140604_731553244.uvl,14,14,25832845,true,1612865,20273292,3504644,105592,51138,3073
13,../model_20190921_1186818003.uvl,15,13,27325649,true,1788342,21788430,3317876,96974,63506,2668
15,../model_20180613_78021145.uvl,15,16,27223167,true,1607800,21272852,3899746,96552,57888,2632
2,../model_20180713_1002093829.uvl,23,17,46497122,true,1652982,40341880,3973812,164824,81858,2465
8,../model_20160123_368502373.uvl,10,9,21309715,true,1552496,15929774,3431921,71293,42451,2112
6,../model_20190513_215044614.uvl,10,9,22380789,true,1496948,17411495,3055721,80908,57228,3708
11,../REAL-FM-3.uvl,43,45,40719255,true,1864916,33249675,4873754,277364,158111,2997
1,../model_20130508_1842381745.uvl,16,14,27542343,true,1632968,21929991,3399088,168414,90393,3708
0,../model_20131217_806985744.uvl,11,7,26348749,true,1427890,20624697,3946485,83559,43336,2766
5,../model_20230322_310895789.uvl,26,26,36479710,true,1678535,30490909,3692325,189308,79325,2153
14,../model_20131201_820966647.uvl,18,19,27998277,true,1499265,23031983,2927654,192030,113165,3067
13,../model_20170627_231083922.uvl,14,14,41176660,true,1612312,35136895,3857221,187633,108819,4293
15,../model_20190513_639238065.uvl,10,10,38334994,true,1533888,32619645,3731210,162322,90735,4087
2,../model_20150521_1423870525.uvl,16,16,37764381,true,1575863,32423241,3342650,149558,74525,2185
3,../model_20181103_2077285196.uvl,11,11,40339964,true,1711579,33872866,4177547,182381,101096,3670
12,../model_20160329_174305764.uvl,44,49,73119230,true,2005306,64163142,5661116,572032,287791,4904
6,../model_20180306_1625675392.uvl,48,25,64365687,true,2130782,55449327,5717414,411455,217101,3742
8,../model_20200919_469515687.uvl,20,18,44758128,true,1557252,38513376,4063237,226024,120280,3889
9,../model_20191111_1176325905.uvl,16,14,38365430,true,1861445,32784692,3268358,97781,52692,2600
11,../model_20110203_2097159983.uvl,18,18,36192095,true,1608774,30059656,4102928,104154,61887,2230
10,../model_20160919_422339066.uvl,50,42,55956841,true,2245453,48202412,4625572,285335,144079,2405
5,../model_20120110_139114401.uvl,10,10,32741014,true,1436315,26908516,3892829,194485,51247,2984
0,../model_20160824_2005849052.uvl,21,21,32831378,true,1581812,25962214,4705393,168201,73289,2835
4,../model_20140101_941325443.uvl,10,10,28499887,true,1744535,22486438,3820298,121728,73494,3241
15,../model_20130122_243381566.uvl,14,14,29075961,true,1693866,22372547,4613615,97951,51138,2701
14,../model_20180306_1110315637.uvl,39,19,53448942,true,1837510,45447293,5359822,349509,180048,3854
7,../model_20140615_1477062295.uvl,33,26,57566767,true,1829213,49819740,5045004,333259,190282,3794
2,../model_20160329_1691896941.uvl,28,38,56953846,true,1956633,49148892,4755825,473296,249257,3779
3,../model_20160917_824197127.uvl,14,11,29409333,true,1513654,24643806,2881359,85530,45685,2276
12,../model_20121023_356761254.uvl,12,12,37384274,true,1471851,32223451,3213371,145279,83916,3735
9,../model_20131122_23346211.uvl,15,13,24857554,true,1723205,20064007,2688868,91409,49001,2729
10,../model_20141107_377655341.uvl,24,25,28544440,true,1616221,22133903,4233726,143523,74366,1985
0,../model_20141029_1107505375.uvl,12,12,22159890,true,1414999,16410134,3943284,74615,44558,2711
4,../model_20190619_50728308.uvl,19,19,26492363,true,1621899,20155767,4238308,112767,69011,2964
7,../model_20160330_511669656.uvl,15,10,33093126,true,1343445,28265526,3147610,92238,46726,2340
14,../model_20091015_449909368.uvl,10,10,32876399,true,1573099,27720039,3101255,138301,78232,3193
15,../model_20131112_605989901.uvl,25,18,45440219,true,1653358,39387621,3898497,134125,69652,2309
3,../model_20120202_1596034358.uvl,10,11,33441286,true,1455153,28679652,2960487,75066,44545,1965
12,../model_20180612_1244406232.uvl,33,33,55104117,true,1811679,48270739,4159163,331654,175125,3618
1,../model_20140819_535519547.uvl,13,13,24962542,true,1668508,19244206,3668837,82837,44808,2499
9,../model_20160329_160417479.uvl,20,17,43144061,true,1729813,37502518,3325785,196693,110353,3981
10,../model_20151119_825568988.uvl,19,19,56360941,true,1659265,51163368,3095961,121910,65806,2397
7,../model_20160508_265400900.uvl,46,52,53632196,true,1847923,45389536,5528454,299630,147824,2869
4,../model_20190522_227919886.uvl,20,21,45434635,true,1657572,39029753,4013151,261022,146098,3224
14,../model_20120731_787433291.uvl,43,40,41515577,true,1626094,33741044,5430165,243203,135429,2430
13,../model_20161128_2133107865.uvl,68,46,82658082,true,2415434,72270969,7004990,308751,156529,2445
15,../model_20110222_2078967171.uvl,48,51,72999471,true,1626502,65047247,5044455,564479,316025,4172
3,../model_20130305_204544380.uvl,13,13,41659514,true,1714986,36232986,3176716,183873,107149,3369
12,../model_20200810_1487197226.uvl,29,29,49429322,true,1869028,42956369,3734841,243501,279242,3623
6,../model_20200811_1911664133.uvl,17,19,43996378,true,1919725,37334142,4108828,144500,155501,2122
8,../model_20190916_233719618.uvl,10,10,34069956,true,1773962,28780984,3157416,85017,41070,2911
1,../model_20120109_1808102333.uvl,18,19,37231062,true,1798866,30785293,4068359,201913,98308,3544
11,../model_20160502_1352812691.uvl,38,32,58094835,true,1991918,50821338,4237034,323580,310906,4142
5,../model_20170315_1174513943.uvl,18,18,39384354,true,1762514,33924707,3214702,108625,69548,2909
7,../model_20131125_731391866.uvl,18,19,41343819,true,1666612,35567770,3461395,210139,124617,3894
4,../model_20161101_1188178549.uvl,36,36,41372505,true,1792270,33751764,5112712,181345,172081,2616
9,../model_20110704_328391695.uvl,172,145,102251044,true,4530361,85897866,8932144,1412136,529809,4334
13,../model_20191126_842054213.uvl,21,23,46428890,true,1714989,39604611,4417439,273032,151080,3689
15,../model_20120522_87989914.uvl,35,47,70624028,true,1880737,61071066,4962771,590451,1717198,3647
3,../model_20230228_1021126902.uvl,11,11,36444295,true,1704788,30553545,3787497,80707,45694,1890
12,../model_20170916_973590519.uvl,48,39,77685447,true,1868762,70953470,4040411,322836,147284,2722
2,../model_20170328_1485540940.uvl,451,428,430759784,true,20080405,384153786,19754729,3105917,1495866,2813
8,../model_20170517_1986241278.uvl,10,10,23422477,true,1546521,18090586,3394691,88616,50404,2880
1,../model_20131109_2060894287.uvl,14,13,27638972,true,1473570,22537880,3193444,121974,56787,1909
0,../model_20180403_1861855205.uvl,14,14,30892150,true,1599328,25287891,3599642,93045,61320,2983
6,../model_20120329_788560154.uvl,55,49,47435952,true,1736907,38198433,6215487,550951,278093,4699
9,../model_20110306_314567479.uvl,14,14,22635110,true,1300718,17269567,3697648,84579,47163,1727
4,../model_20160608_755102753.uvl,12,12,32323135,true,1696669,26675849,3529414,83128,47153,3016
15,../model_20160221_544170906.uvl,11,10,56438836,true,1435611,50788828,3819200,85295,48643,2764
7,../model_20160315_505457800.uvl,28,28,36192883,true,2617907,28397385,4385018,286276,153358,3753
13,../model_20160821_1946133193.uvl,14,14,27358284,true,1615565,21246286,3967595,161830,80163,3614
12,../REAL-FM-9.uvl,14,15,40243662,true,1924653,34495367,3222166,198633,104639,2905
2,../model_20190920_1330526555.uvl,10,10,28954978,true,1676606,23071069,3844617,68968,40577,2627
1,../model_20111025_1408959776.uvl,13,13,22162588,true,1487900,17077443,3178919,85540,48327,2554
0,../model_20160411_1158715394.uvl,11,11,25023422,true,1482310,19090882,4067985,73910,46472,2874
6,../model_20200128_1154759905.uvl,23,23,41506957,true,1714925,34767542,4452299,167816,90967,2628
8,../model_20120328_1667195252.uvl,24,25,75071013,true,1536992,68303770,4483454,252757,144577,4315
14,../model_20130122_1064508817.uvl,12,17,47364461,true,1797422,40965859,3992580,254194,125383,3004
10,../model_20190824_1440931285.uvl,104,104,90945500,true,2815252,80926716,5697479,510933,349377,2467
15,../model_20171010_332868283.uvl,12,11,24665151,true,1484319,18842922,4013741,79728,54045,2789
9,../model_20190503_1463982406.uvl,41,45,44173782,true,1702117,37345734,4123135,414033,244762,3778
7,../model_20160330_1356575467.uvl,10,10,33153809,true,1457007,27983688,3290700,117442,70472,3611
13,../model_20180819_995624779.uvl,14,14,38318972,true,1668086,30647820,4121418,1534139,95392,4997
4,../model_20220910_809454030.uvl,37,39,65931063,true,1961915,57560474,5230492,485861,281075,3759
11,../model_20131016_1224723724.uvl,11,13,39007554,true,1723186,32907258,3746518,278239,95077,2554
2,../model_20200609_1715293706.uvl,12,12,27948577,true,1629940,22923291,2983702,95852,51846,2591
1,../model_20171008_377237228.uvl,43,43,36963384,true,1700494,30193653,4373455,218451,120060,2597
0,../model_20140225_1829795152.uvl,14,13,25518295,true,1575533,19874254,3636811,95340,52578,2734
5,../model_20130916_2072761889.uvl,15,17,29352107,true,1716097,23225983,3812913,190303,116669,4768
6,../model_20230322_242202942.uvl,19,19,38096625,true,1793121,32270906,3394388,211565,124261,3703
14,../model_20101117_1571856147.uvl,10,10,26467368,true,1604706,20189198,4262255,99815,41678,2946
10,../model_20100831_1378118837.uvl,35,32,39051232,true,1991096,31720892,4584954,226856,133290,2435
15,../model_20110826_1555954181.uvl,24,24,46455828,true,1994934,38858561,4843120,255500,140165,3460
7,../model_20130916_1980915056.uvl,15,17,34500458,true,1554977,29090237,3426561,106666,60497,2062
9,../model_20160111_1033692827.uvl,61,58,92026836,true,2015622,83581516,5184752,501945,278746,4036
13,../model_20121123_388334786.uvl,16,17,44487387,true,1556592,37905522,4423614,216917,123466,4245
4,../model_20131128_2046989275.uvl,15,15,91397510,true,55488583,31643259,3733039,159453,95385,3882
3,../model_20130324_1541392486.uvl,51,43,105005397,true,2067497,97357607,4713282,288796,139722,2579
2,../model_20150429_343028682.uvl,43,39,56616877,true,2066244,48915729,4685728,405433,218706,3167
11,../model_20140428_1127346099.uvl,72,71,81538293,true,2378307,72586786,5035805,687857,496645,3847
5,../model_20150507_1665248699.uvl,15,14,39659386,true,1618146,33666282,3803260,186410,98647,3997
0,../model_20130812_690840910.uvl,30,36,48180594,true,1832780,41536125,4126603,203017,118594,2788
6,../model_20150320_593593000.uvl,13,13,28721441,true,1653416,23266881,3358588,102506,57138,2718
14,../model_20170310_906013336.uvl,47,33,72749426,true,2037453,62607487,5616966,555289,1603780,3530
10,../model_20221025_2010292001.uvl,22,22,39851638,true,1735838,33119171,4520647,124671,67124,2114
4,../model_20131122_1558809462.uvl,26,26,43994622,true,1974057,38160171,3367989,142397,78817,2390
12,../model_20161012_1497804026.uvl,13,13,37643415,true,1713610,31330383,4090258,147539,84404,3126
13,../model_20150305_837831991.uvl,39,42,60224244,true,1747053,52538145,4928758,432010,233486,4286
7,../model_20160329_1491802197.uvl,20,17,43251568,true,1616143,36412162,4578715,211939,108579,3819
15,../model_20230322_2065877531.uvl,26,26,46230772,true,1774035,38963966,4625415,368625,149968,2882
9,../model_20120122_258977494.uvl,19,19,50030031,true,1812510,43733183,3734768,275056,141893,3153
2,../model_20161107_2119549052.uvl,12,12,27919555,true,1666950,21918150,3921714,83285,52600,2425
8,../model_20181219_1343761699.uvl,20,14,35898776,true,1691824,29244483,4351800,243756,76239,3358
11,../model_20120829_1418879889.uvl,10,10,26500056,true,1559803,20479608,4136505,71038,42818,2440
5,../model_20120904_1604580471.uvl,13,8,40786267,true,1813956,34272477,4178738,148712,81955,5034
0,../model_20150223_339293957.uvl,26,25,83383611,true,1831821,77155949,3811064,218970,94641,2056
6,../model_20160330_1191432205.uvl,19,19,42382992,true,1698244,36815708,3222971,209072,120110,4200
14,../model_20131111_1486670620.uvl,21,18,39337702,true,1529106,33088675,4312508,113965,59450,2157
13,../model_20190917_1679843058.uvl,11,11,25018611,true,1539931,19214956,3870047,70256,42221,2463
4,../model_20131028_1719041666.uvl,19,19,25959041,true,1573818,19974408,3988216,106326,58258,2136
9,../model_20180311_1112468126.uvl,29,29,41793050,true,1709353,35164816,4328421,151947,82409,2103
7,../model_20130220_406091727.uvl,43,48,51529484,true,2060527,44223489,4457832,260830,149829,2337
1,../model_20180126_2070362475.uvl,30,25,48915642,true,1853209,42009678,4234230,309255,178025,4335
2,../model_20180222_1531590612.uvl,18,17,64283726,true,1640889,58710991,3493631,110844,62948,3400
8,../model_20160229_1590940306.uvl,50,58,55550830,true,1957062,46424877,6136148,348976,233176,2748
5,../model_20160906_881197553.uvl,18,14,33271544,true,1589647,26944730,4209648,193141,102970,4212
0,../model_20140509_978687642.uvl,10,10,32889259,true,1530018,26748018,4211055,110142,49288,4005
6,../model_20190919_887233558.uvl,17,17,32183541,true,1665619,25814695,4255498,102670,59287,2187
11,../model_20230322_1023477919.uvl,73,55,88973717,true,2206989,78278947,6866736,631792,440561,3379
3,../model_20161128_844678202.uvl,39,31,36416443,true,1898238,27819072,6075492,204415,105612,2637
4,../model_20190918_1569717148.uvl,17,17,41051871,true,1650847,34715090,4098283,185752,98321,3547
14,../model_20161127_1823059506.uvl,69,257,248040828,true,3429362,233414922,6319326,2766782,1724892,3567
1,../model_20140303_1487935744.uvl,23,14,29272964,true,1886401,22764989,4156708,113819,63559,2167
2,../model_20190916_1591625575.uvl,42,24,36648065,true,1927449,29862996,4159626,179533,96711,2499
0,../model_20170320_772300106.uvl,48,48,37329845,true,1960559,30541721,3995023,246593,144644,2624
6,../model_20121123_1588832561.uvl,16,15,28136166,true,1446538,22131900,4044098,173103,95548,3353
11,../model_20160308_993894457.uvl,10,9,24107168,true,1550754,18405061,3769730,72014,40634,2321
10,../model_20130911_2001583567.uvl,34,24,39536817,true,1842716,32668959,4405723,166270,85709,2233
12,../model_20170818_1523700786.uvl,31,31,35943239,true,1887253,29700138,3738965,161457,88016,1936
15,../model_20180222_1813103418.uvl,26,18,82402175,true,1779188,22714922,3252541,54259001,112246,3824
1,../model_20200619_2057881785.uvl,37,39,50263575,true,1915177,42788685,4823655,283826,125390,2024
3,../model_20121018_1875808662.uvl,16,15,34255881,true,1533510,29215895,3061574,98860,51959,2796
2,../model_20140614_2029282468.uvl,54,54,58117486,true,2134074,47426068,7316748,562433,314290,4371
11,../REAL-FM-10.uvl,14,13,31991893,true,1577945,25698584,4222881,144696,77438,4300
6,../model_20140326_801743865.uvl,13,19,37129333,true,1513075,31863419,3009730,248669,254425,2991
0,../model_20200810_1407499848.uvl,35,35,43356415,true,1800320,35537918,5434146,204019,125409,2918
5,../model_20170328_418838667.uvl,261,254,222216819,true,9409238,196302615,12129419,1940982,1037240,3138
10,../model_20140629_1128400878.uvl,42,32,36893592,true,1562192,29757566,4840872,208315,114586,2427
14,../model_20170321_1774846112.uvl,179,155,175876908,true,4929602,158936755,9002278,978791,1050019,3038
12,../model_20091219_494647199.uvl,11,11,21203119,true,1486540,15688165,3737800,68776,41690,2000
13,../model_20141116_913921823.uvl,44,41,36479338,true,1925259,29594997,4195842,213334,115980,2582
15,../model_20190624_198695067.uvl,24,24,32355414,true,1576923,25143559,5044988,130514,78513,2568
1,../model_20121018_795335675.uvl,16,15,42514889,true,1671282,35788005,4489460,181250,94843,3271
9,../model_20171014_936370428.uvl,10,9,33102635,true,1623603,27127096,4000552,76716,42210,2919
3,../model_20140130_912999540.uvl,13,13,42829823,true,1564767,36793284,3933301,186902,104052,3873
7,../model_20170131_61369545.uvl,39,39,41790371,true,1919594,33694763,5339415,226926,227620,2884
8,../model_20191115_635910941.uvl,37,28,59628450,true,2002505,52363153,4230667,361736,327903,3684
0,../model_20160913_482611615.uvl,48,37,61232633,true,2044997,53641753,4255248,570289,278080,4082
10,../model_20141030_1194865372.uvl,48,43,46545401,true,2068673,39318171,4344328,238946,160928,2198
5,../model_20091129_1734444143.uvl,12,13,29649894,true,1607058,24446433,3183155,85990,50048,2036
14,../model_20230615_743611401.uvl,24,19,42696459,true,1791821,35427382,4198268,126095,819844,2858
4,../model_20171012_404282969.uvl,25,25,28894221,true,1597368,23504265,3354598,133734,77282,2984
12,../model_20151127_885194761.uvl,36,35,48967234,true,1854689,41250388,5022748,220577,168806,2536
13,../model_20161025_210874268.uvl,10,10,22599410,true,1464686,17562855,3225614,70447,42227,2090
3,../model_20150310_1159520762.uvl,35,39,54126063,true,1710517,47245121,4509705,223921,142482,2264
1,../model_20140410_454790336.uvl,11,22,39792901,true,1617359,33717022,3759667,286354,159400,4186
15,../model_20160301_1978418899.uvl,24,32,50156412,true,1700144,41682960,6213671,197796,105401,2264
7,../model_20120202_114979109.uvl,22,19,54421128,true,1773088,47509624,4365720,323591,166861,4341
8,../model_20160629_1032137585.uvl,16,15,41492995,true,1592659,34989300,4350054,182311,100331,3858
9,../model_20190917_1352548057.uvl,59,33,60611918,true,1972985,51562612,5743815,530583,285725,4428
5,../model_20121212_425431925.uvl,16,15,39901580,true,1550406,33721122,4067806,165974,92283,3645
10,../model_20190917_896971240.uvl,35,20,36748995,true,1723010,30326004,4076764,160739,86353,2835
0,../model_20110722_419227445.uvl,25,25,71840351,true,1790771,64791185,4640499,203897,75655,2231
12,../model_20180222_1576024243.uvl,13,10,38347904,true,1650867,32720363,3455015,145644,80714,3614
7,../model_20180618_656757926.uvl,11,11,22418402,true,1389407,16682892,3982521,69919,38412,2047
1,../model_20121123_1266693931.uvl,16,15,37054337,true,1571853,30629008,4297750,175864,98486,3625
6,../model_20230322_812446738.uvl,34,23,33305339,true,1578720,26808139,4181947,246320,106812,4096
8,../model_20140411_1148485857.uvl,12,23,46818165,true,1485962,40790557,3887308,292275,147800,3019
14,../model_20120725_1460954667.uvl,97,81,68934663,true,2325890,58908719,6453352,494494,312680,3113
9,../model_20140914_1816201365.uvl,37,39,54424012,true,1920072,46295480,5108272,355313,359862,4210
11,../REAL-FM-1.uvl,88,72,91739417,true,2594434,82698619,5354494,455343,263787,2811
2,../model_20180407_489573335.uvl,109,126,136013501,true,3229645,123638029,7319202,674210,479139,3274
10,../model_20101120_2091447559.uvl,20,20,31709009,true,1722089,26221188,3270838,125412,65753,2897
5,../model_20150114_50814742.uvl,33,32,53369769,true,1745596,46758074,3934748,392087,144789,3869
4,../model_20221026_1860047321.uvl,103,93,64570375,true,2513656,51150530,8654675,462288,1080192,2781
12,../model_20100624_2076952989.uvl,17,17,40443964,true,1666824,35128627,3165814,126615,73232,2421
6,../model_20190513_1805648090.uvl,10,12,22842234,true,1497498,17928505,3027072,81771,45948,2293
7,../model_20200810_1943380085.uvl,26,22,32644166,true,1844521,25373198,4858797,145513,90558,2459
14,../model_20180301_203291309.uvl,13,13,25742769,true,1636459,19476922,4207953,83839,54096,2850
1,../model_20130106_749900457.uvl,21,15,43701742,true,1708085,35509767,5808026,198432,113012,2927
8,../model_20160502_596671432.uvl,25,18,38414183,true,1704385,31588592,4533302,135808,160342,2989
9,../model_20161117_1407262512.uvl,21,16,47671681,true,1683905,41054121,4312793,219670,120678,3482
11,../model_20200817_129447612.uvl,37,37,56890017,true,1802053,48872376,5121100,468413,221680,4581
2,../model_20110401_868452735.uvl,14,10,33547872,true,1663968,27103240,4239733,154630,85772,3262
10,../model_20140613_1129301242.uvl,10,9,37599100,true,1646888,31299978,4202721,125855,69042,3822
5,../model_20110718_866950306.uvl,20,19,44476182,true,1786295,37555905,4467297,225048,124189,4477
4,../model_20120328_523540818.uvl,10,10,34637818,true,1591638,28628474,3991583,124649,69374,3418
13,../model_20171005_1407702877.uvl,28,28,40012773,true,1843613,33325795,4229444,182947,155209,3713
3,../arcade_game_pl_fm.uvl,61,95,67656673,true,2375483,58727808,5116469,540255,355135,2257
12,../model_20191016_1243022077.uvl,83,83,62828371,true,2158827,51930690,7513622,399856,292245,2326
7,../model_20121018_1639434192.uvl,17,15,39844691,true,1794274,33102543,4408267,185500,102196,3715
6,../model_20131114_87095598.uvl,57,61,48216099,true,2006964,38714039,6447661,339097,175970,2540
14,../model_20190502_109355269.uvl,18,18,39020460,true,1672553,32509062,4258079,200793,111970,3818
1,../model_20141113_346832425.uvl,56,59,90354225,true,2117910,83114499,4213952,326979,166345,2748
0,../model_20181005_1705175151.uvl,26,20,33319422,true,1736902,27819539,3290034,135608,75276,2816
2,../model_20140819_914542251.uvl,62,59,73866302,true,2290083,64775297,5371058,607201,302579,3916
15,../model_20200907_1678285822.uvl,63,63,72937909,true,2287542,62677920,6495899,625344,368560,4865
5,../model_20131112_1840652917.uvl,17,18,68537374,true,1659050,62242748,4182514,107083,61976,2625
4,../model_20221102_1308706395.uvl,17,12,42777327,true,1710684,36138412,4279756,216657,117663,2850
13,../model_20141030_1477913256.uvl,12,12,28484073,true,1642537,22371998,3982491,138848,85642,3123
12,../model_20120328_288933955.uvl,17,20,26548758,true,1590256,20811911,3680773,130354,81228,3531
3,../model_20160606_412121552.uvl,14,13,23902542,true,1651172,17821120,4000809,89063,45915,2397
6,../model_20190203_959278211.uvl,27,27,29437899,true,1496265,23725147,3685171,143357,82341,69356
7,../model_20190502_1338968023.uvl,34,39,35512947,true,1695641,29105265,4014731,221156,129933,2798
14,../model_20200901_93573304.uvl,38,29,38908099,true,2019229,31454802,4668921,195272,164886,3218
1,../model_20160303_1635209528.uvl,16,15,28556141,true,1549822,23234987,3369176,100773,54951,2791
2,../model_20131112_1825068383.uvl,25,30,39299721,true,1890311,33399454,3386891,183022,114880,3368
15,../model_20130811_391981530.uvl,41,51,44491953,true,1944013,36748937,5054255,287514,150124,2018
4,../model_20160623_1415871890.uvl,13,11,24801911,true,1291378,18820504,4204289,146188,86341,3555
5,../model_20200901_1356822502.uvl,38,29,39850463,true,1823056,31819307,5251889,344135,190097,3940
13,../model_20101110_1749898936.uvl,19,20,101702722,true,1732892,95114076,4222028,233591,139533,3003
12,../model_20100927_1382418986.uvl,10,12,36733507,true,1516984,31285535,3508421,148164,82454,3308
6,../model_20141119_1459706454.uvl,34,33,36607464,true,1851230,29245646,4812303,176057,92715,2087
3,../model_20160925_2087627141.uvl,47,44,80256409,true,1868203,71381777,5615890,574807,378298,4184
14,../model_20230322_604627146.uvl,22,18,36438056,true,1447794,29548741,4831444,182621,121087,4171
1,../model_20150305_15208156.uvl,30,34,50037425,true,1774757,42362837,4976139,330100,277608,3723
11,../model_20230322_2049733851.uvl,24,22,41311237,true,1832125,33977764,4876936,200581,82520,3029
9,../model_20130522_1326579656.uvl,45,45,66557940,true,2013923,57818881,5647871,473414,269123,3755
8,../model_20230322_497943934.uvl,40,27,57459700,true,1856945,49315523,5275574,377037,204712,3678
10,../model_20160330_1846251072.uvl,39,38,58515364,true,1938097,49800137,5735448,411364,216880,5030
7,../model_20180227_1765307019.uvl,116,84,113170975,true,3205821,98692145,8718351,1046213,761859,5809
2,../model_20130116_382639902.uvl,31,30,60164840,true,2094429,51733459,5365855,435599,228704,3507
15,../model_20170320_149190356.uvl,50,56,70217707,true,1959842,62645055,4221927,604231,329736,4168
4,../model_20171207_1015871671.uvl,18,34,55718758,true,1763546,49083378,4033075,356093,180412,3621
5,../model_20130619_405989942.uvl,10,10,36866471,true,1721534,31537218,3126405,133019,73853,3503
13,../model_20160329_1368375444.uvl,33,32,44228818,true,1768012,38140929,3628989,219936,160048,2153
6,../model_20170517_1468714593.uvl,10,10,25259991,true,1702389,19587701,3505885,173603,47222,2188
3,../model_20190730_1957937065.uvl,25,25,33399315,true,1813226,27127610,3697978,147166,243593,3727
0,../model_20160330_1784601624.uvl,25,22,48627532,true,2011161,41873423,3923508,259680,247583,4942
14,../model_20150423_1422172417.uvl,14,12,28989122,true,1643694,23479645,3453381,87018,46681,2079
1,../model_20160317_1483846003.uvl,46,46,58637250,true,2019063,49834362,5605650,457940,259543,4145
7,../model_20120110_1754443954.uvl,10,9,37880145,true,1612822,32191025,3591094,148028,85563,3450
2,../model_20140422_1825362104.uvl,21,21,43712118,true,1701630,36668141,4626792,266444,120304,3944
8,../model_20180306_422218475.uvl,53,36,74572528,true,1805589,65902815,5622568,561839,276257,4237
15,../model_20150222_409043024.uvl,52,41,79027051,true,2095095,71798282,4273445,259939,155174,2754
4,../model_20180512_660942805.uvl,36,38,36074327,true,1730177,29720600,3798613,235174,193540,2337
5,../model_20151111_460133826.uvl,40,41,53260042,true,1898824,45343282,5211512,243676,174116,3588
13,../model_20180411_122889136.uvl,26,23,30886486,true,1599209,24615755,4072086,176489,132102,3972
6,../model_20120627_1512389149.uvl,11,10,39530621,true,1618777,33701052,3676375,158282,89411,4586
3,../model_20111031_386778867.uvl,25,13,32463358,true,1835404,26083298,4009023,136293,63556,2650
14,../model_20230608_1658584159.uvl,24,24,47406605,true,1833973,40377826,4470073,249682,144801,3743
0,../model_20130908_2094539725.uvl,81,81,63987774,true,2587229,55137106,5167559,420149,273231,2714
7,../model_20120110_855603964.uvl,10,10,40972537,true,1557471,34815914,4094989,162991,88508,3951
2,../model_20171012_484328807.uvl,36,36,44355262,true,1799771,36809776,4976391,307007,180318,3836
8,../model_20131112_1315617761.uvl,58,62,78148210,true,2222339,69469664,5155847,568218,276539,4072
15,../model_20121102_443205816.uvl,26,18,42681906,true,1647735,36988307,3524691,141276,71637,3964
4,../model_20180305_2101436905.uvl,47,24,48551495,true,1903497,39689712,5958929,394815,197555,5340
5,../model_20200412_2136556876.uvl,12,12,36887915,true,1678759,30838265,3874252,138225,83331,2777
12,../model_20180222_1895267586.uvl,22,25,40441320,true,1802055,33126361,4338545,142858,714387,2107
13,../model_20170821_744427680.uvl,15,23,64802910,true,1622692,58315989,4013259,437381,202636,3877
6,../model_20160330_218438641.uvl,23,15,47462028,true,1677907,41532375,3653328,220127,115264,3826
3,../model_20111027_966072474.uvl,10,10,21521638,true,1442488,16609878,3178157,67032,39969,2776
11,../model_20200810_1274447969.uvl,33,31,33180937,true,1936528,26970766,3635075,173658,92482,2496
14,../model_20101116_1022976130.uvl,34,33,55083610,true,1672575,48924663,3852536,207616,99267,2501
9,../model_20110826_1744501275.uvl,24,24,46558864,true,1755019,39623687,4494782,241284,142400,2941
10,../model_20131129_2135897376.uvl,10,10,36841699,true,1711958,30693698,3774356,288976,89045,3852
0,../model_20160229_171128808.uvl,48,48,96825539,true,2070611,87445195,5579502,812827,485352,4378
8,../model_20190129_1004578234.uvl,18,19,41284665,true,1728362,35224350,3885935,119106,66256,2309
15,../model_20190128_1522973155.uvl,23,28,33929639,true,1851609,27122332,4377437,161189,88675,2176
5,../model_20151103_1678219280.uvl,19,19,34903373,true,1686933,29101518,3460365,249952,111394,3750
13,../model_20120512_712347860.uvl,13,12,39230633,true,1766882,32870976,4078112,139417,86113,3518
6,../model_20180306_73619671.uvl,48,30,57191028,true,1872125,50213822,4294908,252387,141343,2950
1,../model_20101111_1790887308.uvl,10,12,31127019,true,1559104,25168956,4029815,89187,55145,2412
3,../model_20180729_701594854.uvl,22,25,43831583,true,1955201,37091850,4234777,145005,85752,2278
14,../model_20150301_527193150.uvl,24,24,37573984,true,1876554,29118682,5867332,242981,138673,3380
10,../model_20111130_1614470655.uvl,77,70,65532399,true,2305647,56917423,5135516,497553,235401,2095
12,../model_20180302_974887082.uvl,122,150,128586408,true,2852694,114957308,8651276,753642,614675,3454
9,../model_20161128_2006303576.uvl,96,66,93493768,true,2678776,83228827,6408969,429466,292642,2957
0,../model_20230323_1971213764.uvl,46,42,61037582,true,1784071,54004789,4160021,448309,243532,3604
8,../model_20111020_455520177.uvl,11,11,28739217,true,1796335,23374206,3111780,129752,74950,3565
15,../model_20110406_353034837.uvl,40,35,38528234,true,1800610,30941312,5131639,197806,103810,2750
5,../model_20100415_947132043.uvl,31,37,57152367,true,1870506,49401685,4897279,398306,213975,2782
13,../model_20131112_1191150070.uvl,57,55,60403011,true,1843402,52751479,4978081,288797,156300,2639
1,../model_20110519_1142211980.uvl,14,12,32950902,true,1530523,26806334,4142063,138340,75814,3524
3,../model_20180530_1810935889.uvl,11,13,26419135,true,1734999,20556673,3745207,95363,51119,2337
14,../model_20170310_195700687.uvl,47,44,61319803,true,2105280,51318945,6925762,371025,183888,2561
7,../model_20120418_828883554.uvl,52,28,66122745,true,2103372,57469526,5722584,223348,113532,2722
10,../model_20131112_1353790761.uvl,23,20,28920560,true,1671872,22510203,4074233,227926,134620,4387
12,../model_20160121_1141972007.uvl,20,20,37871572,true,1841322,31246127,4210241,180565,82474,2958
2,../model_20221029_568257220.uvl,17,27,60615774,true,1762575,52368960,5803279,251947,119366,2903
0,../model_20140310_1022041880.uvl,88,72,68092702,true,2646672,54391628,9178455,802065,441827,4647
8,../model_20160329_926312476.uvl,21,14,46219603,true,1979668,39403590,4213483,186553,91242,4025
4,../model_20180611_1800915628.uvl,10,13,32730361,true,1801631,26341597,3965812,287340,94458,4570
5,../model_20101104_260803083.uvl,11,10,23530219,true,1513500,18408526,3226383,74846,40465,2209
13,../model_20190922_729177560.uvl,21,21,43169589,true,1723143,36349368,4433136,221529,125092,3481
11,../model_20230423_1943321532.uvl,27,27,31955625,true,1876574,26073742,3290089,220147,211104,2477
1,../model_20140819_1738890661.uvl,10,10,26385944,true,1695009,21349679,3001326,69704,39527,2520
7,../model_20130916_894347834.uvl,15,17,25057208,true,1568221,18952663,4102685,102156,61782,2492
12,../model_20120422_1648870831.uvl,14,15,26015710,true,1769607,20281173,3550416,106453,60838,2988
2,../model_20170818_812208818.uvl,31,31,87249995,true,1631081,79995091,4940096,226096,96626,2709
3,../model_20160103_2012826523.uvl,94,55,105870322,true,2665590,93914646,7909082,595654,319290,2350
8,../model_20120328_361613983.uvl,16,18,43699153,true,1544324,38355861,3208393,227274,118626,4877
0,../model_20120328_1227899142.uvl,21,20,41791076,true,1521967,35997688,3488363,366783,138330,3178
4,../model_20190430_348224224.uvl,33,25,46795165,true,1903639,39387033,4651381,290517,166715,3522
6,../model_20100805_1484639410.uvl,31,35,35441430,true,1883997,29256463,3529733,245601,194363,2992
13,../model_20130916_1112744253.uvl,15,17,43894644,true,1575325,37625752,4062848,199186,114423,3284
5,../model_20160227_1275602559.uvl,47,58,81717759,true,1840539,72190777,6381112,732109,239822,2540
11,../model_20170718_2017313962.uvl,18,18,30489272,true,1473812,25238875,3314494,108911,77544,3023
1,../model_20130916_1467348272.uvl,16,18,43345448,true,1640584,37198482,3881790,211459,121891,3391
9,../model_20150620_2057636397.uvl,13,10,32176476,true,1711900,25916161,4067966,146545,75002,3555
7,../model_20121018_820869482.uvl,16,15,40438818,true,1686213,34213355,4014764,167130,96643,3135
12,../model_20221208_1038664369.uvl,28,21,45932169,true,1680917,38736016,4820319,268302,141529,3754
2,../model_20190920_56721129.uvl,15,15,23235279,true,1601563,18081413,3138020,93060,62050,2412
8,../REAL-FM-6.uvl,11,10,38743566,true,1828044,33053070,3227518,274226,82511,3642
3,../model_20120328_1814590478.uvl,36,34,56101506,true,1879540,49164144,3719738,187444,836898,2748
4,../model_20121123_1668268132.uvl,13,13,37673980,true,1672161,31634838,3935757,97461,51409,2202
6,../model_20170420_1165511748.uvl,77,39,70930640,true,2273648,62565083,5018430,325449,163240,2126
5,../REAL-FM-13.uvl,12,11,38152546,true,1543224,32852763,3207210,165211,101498,3827
0,../model_20130307_609838668.uvl,176,161,136895549,true,4830654,116118963,12448180,1623045,1001854,4076
11,../miniset/stack_fm.uvl,17,13,26485468,true,1683694,20748238,3546010,106919,53117,3361
14,../model_20121123_2085968892.uvl,17,16,42311689,true,1764443,35869602,4031874,201488,114989,3955
2,../model_20160307_1341241097.uvl,12,9,28989312,true,1466241,23896989,3266849,75051,40055,2043
7,../model_20221004_622223252.uvl,26,26,42490277,true,1752570,36032759,3972175,260406,149647,3334
15,../model_20120829_191972511.uvl,168,199,132440366,true,5191601,116138092,8046458,1390980,710113,2330
3,../model_20140925_285704903.uvl,20,17,35523087,true,1674055,28752242,4608890,115525,62026,2695
8,../model_20190328_829158427.uvl,14,16,27669704,true,1717241,22009249,3486937,120830,64432,2181
4,../model_20151122_103763227.uvl,47,20,59423602,true,1914593,50718425,5899884,372631,193271,4203
6,../model_20141109_1274255950.uvl,11,11,38440311,true,1651758,33157477,3132978,144835,84165,3946
5,../model_20150209_1183047948.uvl,29,47,61710004,true,1839256,55601006,3436764,300470,152488,2351
0,../model_20160906_1914580505.uvl,31,28,29901007,true,1542855,23402144,4476686,153606,90444,2187
11,../model_20140824_1421620261.uvl,51,62,54584101,true,1838824,47173627,4427004,362861,396110,4073
14,../model_20160226_1944186213.uvl,48,56,50840214,false,1897935,42305398,5789272,396076,262025,3136
2,../model_20190416_545039882.uvl,21,21,44273077,true,1592197,36519486,5595521,172897,103861,3215
15,../model_20131121_194495737.uvl,12,10,39089935,true,1666139,32889974,4010514,143750,77326,2801
3,../model_20160301_235863217.uvl,20,27,51406885,true,1667950,44829600,4074198,331208,167362,3819
8,../model_20150512_534005467.uvl,31,32,52113660,true,1840745,45438521,3808016,345379,295962,3329
10,../model_20170402_1978825740.uvl,263,264,282278606,true,9636366,253462890,14843320,2068593,999637,2269
13,../model_20200128_1186233455.uvl,23,23,33902860,true,1773109,27487730,4053572,165343,92946,2389
4,../model_20131122_913576973.uvl,23,23,46525843,true,1766223,39374185,4680726,254258,142445,3859
6,../model_20150713_1448325014.uvl,32,27,50087477,true,1648517,42597312,5003624,310601,163720,5295
5,../model_20170308_1789444441.uvl,28,28,43521586,true,1735222,36817094,4161347,278774,157479,3002
1,../model_20150310_1642957582.uvl,29,32,54613237,true,1875122,47862704,3978375,380433,210721,5436
11,../model_20140614_1599125118.uvl,13,12,37794499,true,1815975,31974768,3467617,155533,89852,4996
0,../model_20160122_407616496.uvl,29,26,83184272,true,1807764,77074542,3642138,177576,125635,3132
9,../model_20130815_1890929461.uvl,56,62,56348279,true,2247773,47768387,5312580,364234,293350,2847
14,../model_20190917_1598073515.uvl,16,16,39137283,true,1555426,32854310,4142676,186135,104842,4680
12,../model_20181119_2037159342.uvl,23,24,35290395,true,1929352,29265964,3514794,200524,91648,2415
10,../model_20121212_1167666293.uvl,15,17,24016879,true,1684726,18820740,3062121,108995,60957,2206
8,../REAL-FM-16.uvl,26,29,30642732,true,1750103,25089013,3202821,163765,147414,3417
13,../model_20140428_1301432646.uvl,72,71,56290379,true,2273649,46422713,6414372,355008,255460,2247
6,../model_20130917_737900063.uvl,13,15,33153290,true,1630356,26941389,3942685,214486,120381,4353
4,../model_20190917_1294871534.uvl,16,13,32899200,true,1708463,27414607,3297846,101235,75866,3833
1,../model_20190513_1749709644.uvl,20,23,46319713,true,1722197,39575504,4507467,133548,84550,2197
11,../model_20160726_1855902901.uvl,12,13,33282283,true,1768512,27460002,3679524,84310,51721,2511
9,../model_20221229_1000010819.uvl,17,17,39243785,true,1645941,33841611,3259449,188077,104963,4181
0,../model_20111129_1932950448.uvl,13,13,31409418,true,1558825,25342215,4093994,87409,53393,3250
14,../model_20110826_1180494500.uvl,24,24,44895257,true,1536205,38666962,4191593,129706,73344,2958
7,../model_20190917_1855142600.uvl,38,33,52339136,true,1783407,44396658,5110560,364067,285720,3835
12,../model_20110214_751339643.uvl,56,128,134364628,true,2426788,123869404,5947971,992085,687874,2993
10,../model_20191012_1432325334.uvl,40,38,40763132,true,1824844,33047253,5076800,298195,138033,2235
4,../model_20160812_1476754989.uvl,10,10,24957470,true,1589088,19673030,3318833,91185,55046,2126
6,../model_20120411_196667302.uvl,26,23,31746783,true,1716951,25912204,3523017,216450,86115,2332
1,../model_20131210_413521746.uvl,13,14,29013760,true,1663803,23378274,3513056,108307,61015,2163
11,../model_20171028_1906143627.uvl,13,14,26781647,true,1357614,21184328,3842852,102216,58918,2833
9,../model_20190228_1201197026.uvl,16,18,42917564,true,1548728,37241410,3617838,197763,116539,3299
0,../model_20230615_1063099089.uvl,38,18,59251777,true,1684339,51636350,5146529,331130,179222,3934
14,../model_20130115_768867592.uvl,11,9,86362592,true,1608200,81351873,3024974,79991,42754,2009
2,../model_20160329_1092215724.uvl,17,22,41522413,true,1852506,35121148,4029185,176770,89150,2813
7,../model_20130224_1469220523.uvl,10,10,22490705,true,1637905,16765702,3756566,64809,37700,2234
12,../model_20140305_1485634182.uvl,28,29,32917463,true,1521952,27060674,3635041,225436,155214,2835
15,../model_20140819_424669215.uvl,17,17,27110654,true,1607074,21658982,3480118,101877,55955,2063
3,../model_20160330_1632759327.uvl,19,13,25243207,true,1662672,19749484,3349568,107720,62978,2114
5,../model_20100904_226530663.uvl,38,38,33913357,true,1964610,27545247,3719338,191992,119699,2402
1,../model_20131206_656913635.uvl,13,15,39933587,true,1854789,34518287,2962940,186823,111312,3699
11,../model_20120201_865979127.uvl,28,36,41259029,true,1789812,35182512,3595105,260496,168476,2249
9,../model_20100830_561967343.uvl,32,31,32201491,true,1734139,25294539,4607996,174044,98578,2837
0,../model_20110507_674768061.uvl,40,52,83803048,true,1829885,76101405,4487545,684139,331591,3915
14,../model_20190917_75070341.uvl,33,15,53873942,true,1808964,47023358,4324148,285057,143392,3778
3,../model_20190917_552843992.uvl,10,7,23004824,true,1528073,17407229,3730887,64315,36963,2064
7,../model_20160330_925748995.uvl,16,12,25355921,true,1496733,20008721,3322409,156496,86572,3259
2,../model_20170316_174511349.uvl,16,17,33194459,true,1516938,26875437,4337608,154504,65667,2683
12,../model_20230422_2139223494.uvl,37,34,40734366,true,1684953,33873080,4332667,319222,161874,2681
8,../model_20120718_813832704.uvl,11,12,38540931,true,1684394,32153634,4200068,153906,88149,3276
13,../model_20170527_1802227256.uvl,11,13,32237079,true,1886177,25794884,4099913,98763,54914,2234
15,../model_20230323_901833353.uvl,74,62,58341070,true,2162636,48173164,6929011,344585,223617,2770
5,../model_20200901_328439811.uvl,35,20,37847958,true,1675867,30984995,4659691,168264,108964,2856
11,../model_20160822_713171625.uvl,28,29,46396256,true,1802998,40547060,3428179,177856,101051,2724
9,../model_20230322_307237036.uvl,29,23,30455335,true,1646237,23207759,4812549,269978,137650,3542
0,../model_20160603_398155586.uvl,15,10,39981398,true,1531619,33780681,4178419,160337,79410,2931
14,../model_20200813_1618100589.uvl,28,28,44983159,true,1575274,38045067,4679971,254237,149177,3797
12,../model_20180222_1925875374.uvl,45,43,43633299,true,1926919,34786649,5832098,418784,233185,3404
13,../model_20151216_1220822165.uvl,15,15,24068995,true,1503447,18249003,3780338,141745,77455,4135
8,../model_20131112_1591180910.uvl,29,25,31126704,true,1673088,24138959,4736021,152394,85106,2876
2,../model_20150506_306101537.uvl,33,33,38083670,true,1806007,30700389,4862426,190499,120192,3213
7,../model_20160322_2014722365.uvl,54,54,42101957,true,1812914,33487944,5831490,297459,154240,2948
10,../model_20160913_269001380.uvl,49,43,68319036,true,2011385,59225546,5933473,388918,327199,3143
4,../model_20150228_222823272.uvl,37,43,95240450,true,2015691,51329194,40841889,465054,267451,3934
6,../model_20130725_1929838118.uvl,41,27,104013403,true,1973230,95432567,5613671,371872,215179,4144
11,../model_20140205_954857783.uvl,11,9,71362813,true,39564652,27558147,3728453,155623,84724,4183
15,../DELL-LAPTOP-NOTEBOOK-FM.uvl,47,122,183088060,true,2327929,174121723,4169306,1406937,610755,2790
9,../model_20150330_63301402.uvl,11,9,34611025,true,1623385,28573330,3927209,130272,73688,3757
14,../model_20110216_608697455.uvl,14,18,39057311,true,1439348,32909283,4152989,218304,124699,3924
0,../model_20140310_1916029542.uvl,144,54,105373144,true,3438053,92795916,7504310,514273,286243,3029
1,../model_20121018_271963732.uvl,16,15,24698560,true,1657677,19041224,3604089,94806,53246,2113
7,../model_20180226_492552032.uvl,11,7,24435045,true,1490193,17713748,4804718,107003,42450,3335
2,../movies_app_fm.uvl,13,10,25310633,true,1448145,20220021,3230262,91163,44125,2153
13,../model_20170918_1157652981.uvl,48,29,42571304,true,2079329,35295554,4294752,274647,187230,2941
4,../REAL-FM-7.uvl,14,15,38337620,true,1696853,32796334,3366457,107381,66425,2707
10,../model_20170215_1278541927.uvl,41,39,41809679,true,1766092,34194644,5142040,209657,111084,2468
6,../model_20160504_1687809818.uvl,30,28,41795702,true,1889819,35548505,3732254,164239,90233,3086
11,../model_20150306_503606823.uvl,27,26,42411024,true,1792461,36101371,3753738,268244,153316,3817
15,../model_20170228_1437582980.uvl,10,10,37722544,true,1635413,31394750,4217256,123885,71715,3477
9,../model_20141106_309720283.uvl,57,54,55520494,true,2080504,47707083,4526847,452433,258440,2992
14,../model_20141202_104116345.uvl,10,9,39466756,true,1434751,34423401,3144958,174695,85929,3045
3,../model_20161128_1478224089.uvl,77,66,71285949,true,2359336,60511480,6725861,709439,397680,3988
0,../model_20111029_1654942500.uvl,37,27,40897516,true,1892372,34206996,4087689,215662,129589,2221
1,../model_20100324_1996898492.uvl,11,14,63567867,true,1638832,58550234,2916127,136008,57437,2631
5,../model_20121025_1656878048.uvl,26,26,32685498,true,1530215,25096110,4508723,147163,1126267,2376
2,../model_20200817_1333981485.uvl,33,20,34070990,true,1983272,26894779,4527457,204343,82956,2168
13,../model_20160330_999254735.uvl,14,14,38273278,true,1621471,32580087,3493127,166225,100533,5032
4,../model_20151116_762410606.uvl,29,29,50031434,true,1774094,43304343,4198251,296692,166829,4148
10,../model_20131202_1575628003.uvl,19,19,35576852,true,1719541,29475385,3960862,106799,66227,2589
6,../model_20120824_761159432.uvl,23,20,44899298,true,1743505,38353642,4148753,164217,104330,2893
11,../model_20200413_90255108.uvl,48,41,45865386,true,1931733,38771796,4360713,253994,134704,3994
9,../model_20170911_1850240044.uvl,13,13,39122406,true,1769889,33769774,3085241,142008,82811,3904
8,../model_20190504_755268837.uvl,43,46,42619381,true,2010854,35458105,4394131,297443,151363,2479
12,../model_20120902_865058601.uvl,19,19,25016553,true,1670053,19724653,3161073,105629,56830,2034
1,../model_20150610_685576256.uvl,15,17,24981159,true,1621950,19816992,3081342,143380,61527,2634
5,../model_20131129_1765219729.uvl,14,14,50587931,true,1620591,44713904,3781022,118938,65676,2982
2,../model_20200811_368165701.uvl,11,10,32220418,true,1554378,26673145,3632050,84518,46665,3615
13,../model_20091009_1552375070.uvl,37,40,46754636,true,1720537,39179405,5079279,254766,143998,3981
10,../model_20120425_1998125226.uvl,71,71,59601257,true,2363365,50193251,5936624,389453,202140,2359
6,../model_20180509_988672632.uvl,27,18,38553824,true,1744689,33042309,3301742,134148,75815,2466
11,../model_20230120_1200060194.uvl,20,20,28665709,true,1594614,22426382,4196307,115880,64347,2795
9,../model_20150411_1026005127.uvl,10,12,36618407,true,1508022,31224926,3418935,143090,83572,3056
12,../model_20130418_1158438101.uvl,19,12,29547425,true,1497568,24183011,3483294,113261,64029,2581
7,../model_20121123_1807427529.uvl,17,18,32606986,true,1572278,27172780,3292843,176122,102071,2748
8,../model_20150523_372542452.uvl,47,35,70440879,true,1947539,61231768,6039441,536817,255792,3291
1,../model_20140824_2115796112.uvl,43,49,53386610,true,1872479,45372984,4950813,483563,329806,3756
5,../model_20200524_149606280.uvl,35,42,44507200,true,1982417,36613164,4854472,396979,300821,3494
2,../model_20111201_1252018702.uvl,61,40,63319573,true,2089868,54756779,5694658,299429,155087,2854
13,../model_20160506_174377233.uvl,40,22,46969191,true,1795798,39432904,5078188,191022,81603,2245
6,../model_20151117_1411945431.uvl,22,22,38358742,true,1721300,31369888,4572162,233364,128767,3165
10,../model_20190220_184230257.uvl,38,42,62813228,true,1757171,54488282,5482123,521694,289365,3830
11,../model_20130302_1361528923.uvl,10,11,35023881,true,1568447,29276887,3772044,92466,53574,2712
15,../model_20230322_342259021.uvl,33,29,51479818,true,1849616,45072611,3838160,221759,158537,3783
9,../model_20160125_1378351345.uvl,38,33,39732677,true,1885920,33304029,3811368,225679,112896,2263
14,../model_20171005_1816009957.uvl,10,7,22639259,true,1574348,17516831,3236458,73473,42008,2385
3,../model_20160905_338518821.uvl,25,25,37302451,true,1599113,30715624,4324566,232281,142178,3888
0,../model_20150614_1325491211.uvl,24,26,38139288,true,1728785,31558088,4285644,156385,84792,2134
1,../model_20190223_2034909826.uvl,88,28,57881869,true,2536689,48590310,5833848,346833,160160,2983
4,../model_20150715_75174593.uvl,17,16,39213706,true,1630385,33590370,3388655,199036,110034,3242
13,../model_20230630_666266911.uvl,13,13,25172924,true,1681606,19960227,3086644,105946,59117,2288
6,../model_20100625_251719781.uvl,16,16,24758326,true,1579478,18749110,3983060,89787,54907,2106
11,../model_20120110_1719396361.uvl,10,10,33264654,true,1446921,27221231,3907718,332198,93792,3794
15,../model_20100308_1032655961.uvl,15,16,32775063,true,1445235,26897794,3897068,202037,113494,3563
10,../model_20130821_1446947208.uvl,49,49,47532491,true,1852565,38831006,6022361,241678,134754,2681
9,../model_20140615_1417385367.uvl,35,30,43679443,true,1739878,36286229,4975621,178318,97943,2427
14,../model_20190929_1773228224.uvl,17,25,39725106,true,1384271,33652080,4141947,177341,100207,2589
3,../model_20200503_927740000.uvl,21,23,42629227,true,1795842,36222000,3934269,271185,141866,3717
0,../REAL-FM-11.uvl,67,65,71685959,true,2221074,62827012,5595118,342765,184342,2547
1,../REAL-FM-2.uvl,23,18,30239582,true,2006790,23752948,3942439,156533,99571,3187
6,../model_20190214_582844610.uvl,11,11,28888656,true,1584153,23501525,3315792,145152,78969,2755
11,../model_20161107_751073207.uvl,11,11,22940231,true,1466127,16276880,4799505,75341,46028,3273
10,../model_20160524_3029237.uvl,19,17,29245378,true,1562551,22765343,4345353,149020,99902,3889
13,../REAL-FM-20.uvl,44,34,104035110,true,1975209,95300674,5692054,403226,210075,3564
4,../model_20190219_265960660.uvl,178,140,144356316,true,3739100,128474358,8317840,1701898,1120349,3453
12,../model_20150703_1928436983.uvl,10,10,22729047,true,1643133,17531036,3218015,67214,39646,1990
9,../model_20150411_1055039600.uvl,18,13,26247689,true,1532535,20078672,4181525,102464,52678,2317
14,../model_20110203_1382675896.uvl,14,14,27969203,true,1392947,22469652,3631940,143781,82130,2899
0,../model_20150715_1425609053.uvl,12,10,30401913,true,1531645,24634075,3748050,123919,64830,5051
7,../model_20130726_597280131.uvl,47,44,57573361,true,1823731,48655256,4494498,1863890,302097,4401
8,../model_20120422_2100930135.uvl,25,27,51338824,true,1761137,44064720,4681834,315293,173127,4033
3,../model_20100719_944437142.uvl,29,25,60146237,true,1715355,52756973,4624769,357637,328780,4022
5,../model_20150310_1191030699.uvl,30,33,51598434,true,1847410,44072618,4694037,319754,281787,4227
2,../model_20170921_244476382.uvl,47,33,57420299,true,1952695,48548864,5950909,310299,157365,2738
11,../model_20190416_284413958.uvl,37,35,38229651,true,1891980,32012677,3656590,199546,181402,3107
10,../model_20221122_1612835830.uvl,20,16,35516640,true,1751197,29120822,4052932,212996,108590,3229
13,../model_20190917_80747458.uvl,16,14,26722643,true,1588155,20571974,4068373,134718,83603,2927
4,../model_20160519_1235536625.uvl,34,33,50596880,true,1894668,44371309,3658776,272565,136158,2478
12,../model_20170317_1165725.uvl,50,57,60973051,true,2169485,52113529,5695143,360121,299649,3167
9,../model_20150105_1168070568.uvl,17,12,27045144,true,1771230,21968748,2881366,98430,52144,2672
0,../REAL-FM-19.uvl,30,35,52938151,true,1656167,46994668,3406659,334454,211609,3567
7,../model_20221009_1635938665.uvl,42,32,38070212,true,1859481,30537190,5032431,201981,104498,2916
5,../model_20170115_352040991.uvl,17,18,33017661,true,1460233,27923870,3139712,123790,99832,3497
2,../model_20120531_2078087379.uvl,17,20,34945816,true,1620375,29649255,3215604,125974,69534,2853
15,../model_20221229_2070974785.uvl,17,17,33234738,true,1659810,27055096,4117293,96739,55627,2811
11,../model_20150527_830434674.uvl,34,34,38554526,true,1616778,31876554,4243802,290309,181513,3349
10,../model_20140411_114609198.uvl,12,18,47694219,true,1458099,42323000,3255581,263246,143328,4067
4,../model_20110428_1131293346.uvl,13,13,23914303,true,1599254,17953390,3945046,81580,49572,2464
13,../model_20150521_1988107963.uvl,17,15,29010876,true,1730550,23584764,3277039,94800,49922,2020
12,../model_20131111_1434736548.uvl,34,34,41503379,true,1812988,33695169,5167606,238687,206827,3404
0,../model_20190922_1316746975.uvl,22,22,29842427,true,1873071,21588190,5882322,119219,68029,2791
9,../model_20160303_1645051071.uvl,17,15,63830783,true,1497260,57938286,3787257,197216,113330,4730
1,../model_20171128_2320585.uvl,14,13,35331260,true,1715481,28553888,4496453,171827,97195,3632
6,../model_20100904_330653656.uvl,10,10,37976704,true,1694500,31787660,3997625,131399,80520,3931
5,../model_20160329_864839294.uvl,22,21,44132920,true,1781679,37635609,4057387,220900,137075,3604
2,../model_20230322_1548752135.uvl,45,32,90544862,true,1800411,82481089,5516866,238026,124052,2266
15,../model_20120710_919309758.uvl,19,8,37838522,true,1736332,32293346,3288773,170126,85978,3959
11,../model_20150304_173081072.uvl,20,27,48354246,true,1749240,42332869,3472468,304762,182142,4182
10,../model_20130725_608010428.uvl,12,12,37724321,true,1592032,31709806,3916202,141070,80857,3609
12,../model_20160520_681202886.uvl,11,10,22250660,true,1620692,17411813,2822296,72911,41819,1801
14,../model_20160919_825563014.uvl,11,10,24540399,true,1794351,19227060,3103159,79037,41062,2501
8,../model_20121018_1495134161.uvl,17,15,27616866,true,1692253,21590557,3827846,146611,64531,2848
0,../model_20170919_1425490791.uvl,47,42,51948908,true,1759979,43501987,5614909,424053,234861,3040
9,../model_20160329_1999221629.uvl,24,24,44485195,true,1672503,37568391,4692343,128655,74952,2169
1,../model_20200819_498504850.uvl,31,28,48501414,true,1730767,41181514,4760041,288408,161163,4210
3,../model_20161125_1777261352.uvl,33,28,43183449,true,1941639,33821151,5065275,361156,1621663,4411
6,../model_20170419_185164278.uvl,17,12,26550300,true,1429415,20626589,4084094,96993,48464,2485
2,../model_20230322_1028761227.uvl,18,15,31949678,true,1572163,25541137,4301644,184818,93109,3789
5,../model_20120328_593032745.uvl,19,18,40001419,true,1452966,34493826,3579081,115685,83876,3308
11,../model_20170706_1181552122.uvl,11,12,36910789,true,1676032,30844369,3940367,101318,60186,2565
10,../model_20221125_1235088379.uvl,25,15,81589754,true,1460118,76372062,3271608,128606,69598,2763
14,../model_20161212_1631452800.uvl,23,25,32936282,true,1569839,26886430,3044945,941316,154418,2772
0,../model_20140905_372428255.uvl,13,10,24656998,true,1460610,19423667,3348122,81272,44364,2670
3,../model_20171207_711618687.uvl,13,13,25058284,true,1448612,19168215,4015381,83965,64262,2453
1,../model_20170321_1279222212.uvl,10,10,26340856,true,1477835,20449554,3980932,86284,79028,2992
7,../model_20190221_1604245950.uvl,18,18,26981534,true,1562083,21460862,3440492,128553,73100,2260
9,../model_20121123_1014773113.uvl,16,16,30647206,true,1415468,24749465,4012690,120205,69224,2775
6,../model_20110323_789959080.uvl,15,11,40704162,true,1443946,34888483,3814084,173623,99306,3435
2,../model_20140209_1802656178.uvl,26,13,44998995,true,1832059,38119992,4293363,271661,135069,3933
5,../model_20180511_622669496.uvl,18,18,39939102,true,1535528,33632686,4155471,198022,106900,5010
4,../model_20160907_1816738180.uvl,10,8,26940973,true,1929959,19576476,4930757,120873,67890,3653
13,../model_20130522_2044729096.uvl,31,26,50455627,true,1847569,44357494,3530264,300074,159866,3611
14,../model_20130621_2143921379.uvl,29,32,36349528,true,1772088,30381507,3496825,192134,175674,2075
0,../model_20141103_771283347.uvl,10,10,25191688,true,1627104,19502819,3661719,92943,52831,3055
3,../model_20101123_920943759.uvl,15,15,27373286,true,1675254,21086813,4152661,93772,56340,3039
11,../model_20170424_781699396.uvl,142,84,103605316,true,3569793,89838445,7836938,913937,577859,2608
9,../model_20180306_1553572984.uvl,47,47,46177934,true,1878662,38878920,4536702,250094,202841,3448
2,../model_20120328_1309817018.uvl,14,14,29519584,true,1495579,23360366,4281554,87976,50947,3037
15,../model_20111220_1450733948.uvl,41,13,49160342,true,1792612,42247833,4446946,219368,102720,3869
6,../model_20121018_201916182.uvl,16,15,40812159,true,1721751,34668834,3836955,183073,103518,3757
5,../model_20151102_2085331426.uvl,51,45,72777868,true,2014471,64858474,4706458,561277,294905,3666
12,../model_20110525_1619420630.uvl,45,41,46111143,true,1896258,39388900,4065414,259003,130450,2463
13,../model_20181104_43638915.uvl,10,8,36222150,true,1549598,30366001,3898546,119454,64987,3171
4,../model_20140209_576830157.uvl,27,33,42043287,true,1762487,36150857,3544552,228773,111026,3138
3,../model_20181118_1641295184.uvl,12,11,24472390,true,1498200,18726154,3820445,88808,47309,1978
11,../model_20140411_279155356.uvl,11,12,24398964,true,1599960,18491499,3862458,119142,49947,2719
8,../model_20200907_1296105910.uvl,35,21,36538164,true,1974769,29734930,4143642,176730,85566,2934
14,../model_20130529_167247656.uvl,16,16,26993992,true,1648460,20650408,4075033,186243,111343,4064
6,../model_20150509_1341412445.uvl,10,9,36611653,true,1430202,31082726,3659114,132821,82051,3209
15,../model_20130122_92211527.uvl,11,14,32750138,true,1425896,27250037,3536456,156192,100324,3874
9,../model_20131113_2067550021.uvl,42,46,45747037,true,1839189,37838263,5221725,249523,144136,2825
2,../model_20150223_771673981.uvl,26,18,46747124,true,1655128,39483646,4888429,236440,126313,4627
5,../model_20230322_1814026223.uvl,20,18,36038941,true,1782203,30511590,3249718,116287,62177,2210
12,../model_20100730_1366577700.uvl,32,37,44425515,true,2157548,38024080,3504184,205768,113073,2079
10,../model_20141114_653359930.uvl,32,41,35728287,true,1833419,29862552,3351841,287027,129313,1861
11,../model_20120328_794090001.uvl,22,22,27361794,true,1788598,20475375,4618020,142984,67130,1989
7,../model_20131112_1165253679.uvl,27,24,31913012,true,1801655,25409886,4178403,143634,78568,2218
4,../model_20200829_1325519775.uvl,22,22,27608366,true,1787254,21070214,4307716,116929,66826,1867
8,../model_20140628_1177734570.uvl,29,32,41078585,true,1651845,34178705,4510840,238258,128294,3917
1,../model_20230322_1036375763.uvl,40,27,47030174,true,1942043,39523642,4862933,189235,102643,2748
6,../model_20140411_1742095150.uvl,12,23,39141378,true,1510658,32849538,4054640,322624,147532,3168
15,../model_20120424_1703152596.uvl,59,45,55656369,true,2175948,47643270,5015830,285549,164320,3093
9,../model_20121219_629525870.uvl,18,24,51122354,true,1769913,44443519,4315365,179095,103042,3140
2,../model_20120822_650185552.uvl,25,23,96091657,true,1716383,89487955,3913250,321618,306247,4561
5,../model_20200901_40084439.uvl,26,26,48749405,true,1899127,41055355,5020656,272948,151412,3903
0,../model_20160906_802533043.uvl,21,24,35053378,true,1827146,29410076,3278194,147691,79967,2512
10,../model_20170502_101132737.uvl,33,37,45793737,true,1820563,38874859,4153822,355489,234796,3961
11,../model_20130916_1894002979.uvl,16,16,33305856,true,1779915,27643637,3263571,185229,119723,4609
4,../model_20130604_1500555803.uvl,13,13,26437388,true,1606561,21435757,3031470,83633,46837,2490
8,../model_20141107_655975442.uvl,10,9,25140743,true,1561531,19148096,4020848,82750,50134,2616
1,../model_20171016_2132568250.uvl,12,4,27520499,true,1719121,21554774,3844002,64954,34192,1866
15,../model_20140819_1020837515.uvl,63,68,55232251,true,1942256,46543133,5749481,363694,190326,3039
6,../model_20141023_437365215.uvl,35,38,84492142,true,1799890,78202186,3741810,220571,143468,2966
9,../model_20151123_702303189.uvl,40,44,51776657,false,1906461,44169935,5116239,257025,137383,2225
5,../REAL-FM-5.uvl,17,27,49964924,true,1686565,43248007,3186458,203807,1358627,2695
2,../model_20150305_94122420.uvl,31,31,53004224,true,1903865,45268527,4899837,311160,171577,3877
13,../model_20140402_1108338221.uvl,10,8,27680385,true,1795625,21749891,3785710,64249,35988,1886
0,../model_20110124_2116036381.uvl,18,18,27465456,true,1541346,21725017,3766402,118258,65005,2596
8,../model_20140902_941000321.uvl,13,11,22429719,true,1435099,17175961,3455524,83398,46564,2379
10,../model_20100824_837146809.uvl,22,22,26944484,true,1499972,21789212,3169072,121686,66995,3402
14,../model_20160315_697003579.uvl,27,20,37847410,true,1743180,32190886,3334718,148826,155921,2504
1,../model_20120124_94644767.uvl,12,12,28181581,true,1907182,22037687,3760027,141783,84793,3515
9,../model_20121123_913179730.uvl,17,16,31270713,true,1731581,25631486,3358156,142572,101487,3415
2,../model_20200901_2052923297.uvl,21,21,29968867,true,1654793,24748417,3081376,119058,64101,2722
5,../model_20221220_1576677705.uvl,14,10,32824346,true,1628500,26653997,3992110,167968,94063,3318
3,../model_20170316_1430061931.uvl,60,253,215629788,true,2915793,202955794,5153988,2913916,1141634,3420
13,../model_20170312_968402737.uvl,49,33,45857430,true,1866876,38135924,4813498,507303,238388,3387
0,../model_20200517_1501498720.uvl,11,12,24877952,true,1508192,19132293,3822056,94335,85855,3330
12,../model_20130410_2115212559.uvl,11,10,23963129,true,1733247,18179494,3732903,76326,41100,2199
7,../model_20160304_168615633.uvl,29,32,39030015,true,1909758,31650011,4780401,211221,195751,3598
8,../model_20160106_443157632.uvl,13,13,28316505,true,1543028,22172758,4124827,144424,91435,3254
1,../model_20180110_870365297.uvl,10,11,25433948,true,1472335,19661860,3839512,141509,83609,3882
14,../model_20171016_1973576375.uvl,11,13,41182725,true,1716396,35303806,3529057,193370,115161,4297
10,../model_20160913_600398973.uvl,48,38,76475282,true,1887515,67683520,5787275,536776,289248,3348
9,../model_20160330_1306243394.uvl,21,21,37306663,true,1856842,29104275,5714821,224490,135096,3705
2,../model_20170904_444361354.uvl,46,33,59610686,true,1881066,52113116,4593301,436848,242294,5619
5,../model_20121018_1186774722.uvl,16,15,30241906,true,1778045,24628556,3371095,104499,55101,2687
3,../model_20121018_1970318852.uvl,16,15,38908873,true,1726624,33168622,3433198,181071,102512,3387
13,../model_20120111_1667229430.uvl,24,19,34780976,true,1726580,28569331,4005237,137495,75838,2704
0,../model_20160309_1721210506.uvl,14,11,29581365,true,1427495,23992280,3778848,80636,46007,2201
4,../model_20230323_1102049462.uvl,17,17,25446543,true,1735406,20144297,3114271,108451,54073,2389
11,../model_20140428_1917957920.uvl,63,62,46365979,true,2001594,36970182,6322472,346313,235525,3055
12,../model_20190510_899437477.uvl,13,11,26298351,true,1516095,20452644,3973485,82022,48692,2576
7,../model_20200901_1615961503.uvl,38,29,41315292,true,1729874,34667222,3987215,322795,184492,4323
14,../model_20121018_242475712.uvl,16,15,33403675,true,1791769,26962624,4175697,102749,60144,3082
8,../model_20120205_24117969.uvl,34,34,40565102,true,1782380,33063904,5061416,170685,95907,2333
1,../model_20101124_661702924.uvl,15,15,37471619,true,1687811,31605004,3689860,124247,69468,2067
6,../model_20150616_74187279.uvl,17,11,28424096,true,1764982,22469158,3583106,184520,88093,4948
15,../model_20140420_1899694432.uvl,55,54,116421242,true,2057846,59244732,4749027,555428,49367517,4148
2,../model_20160420_1926809017.uvl,12,5,33032163,true,1624500,27090781,3864899,116823,61177,3562
3,../model_20130809_353548541.uvl,57,52,43557674,true,1680159,36423659,4627349,264383,138771,2371
0,../model_20150506_2068045691.uvl,20,20,25371533,true,1618441,20120342,3120078,110438,91032,2769
12,../model_20200128_1669015551.uvl,23,19,28130907,true,1582590,22421188,3671566,123182,66130,2838
1,../model_20230322_1573076538.uvl,17,16,27910628,true,1567685,22572629,3199892,174033,99494,5683
6,../model_20200425_1144751894.uvl,10,12,25410465,true,1476862,20359278,3139618,110171,58221,2457
8,../model_20110715_945252556.uvl,32,32,33625501,true,1749489,27613366,3687810,163824,96682,2597
7,../model_20150310_563618715.uvl,33,40,36882508,true,1649805,31081634,3474771,225173,146149,2583
2,../model_20230322_1882971454.uvl,21,21,34592479,true,1509728,28279794,4266246,140961,115084,3511
15,../model_20110704_555218409.uvl,11,11,25402491,true,1462899,19803415,3782651,81195,52031,3013
3,../model_20150423_1415525319.uvl,27,21,48327621,true,1599843,41511205,4506994,260365,133577,3568
8,../model_20200403_1286696698.uvl,37,34,35684976,true,1371213,29874708,3640446,375264,131018,2758
1,../model_20140425_366530615.uvl,11,10,34144772,true,1703142,27760913,4105870,157892,91048,3987
12,../model_20160330_387052519.uvl,21,13,29343696,true,1540995,22984458,4372591,106604,58134,2352
6,../model_20230609_1502711362.uvl,22,22,31429327,true,1605139,25059647,4254254,144019,72463,2699
7,../model_20131112_1855381012.uvl,31,30,47846000,true,1718209,40696809,4571955,307076,172587,4073
10,../model_20170919_1946252337.uvl,48,29,52255895,true,1989638,44210457,5161443,303693,141196,2801
15,../model_20180511_935028612.uvl,20,23,41605653,true,1543160,35753757,3652142,249246,96542,2389
5,../model_20151202_1529785580.uvl,40,40,43541089,true,2051071,35233807,5573977,233214,145263,3663
2,../model_20140306_1313194877.uvl,32,31,38791629,true,1413622,31288710,5577083,169730,92609,2081
9,../model_20180304_290046860.uvl,48,28,60932231,true,2069103,52807621,4954994,422592,218555,3551
0,../model_20230426_159926820.uvl,59,43,97678339,true,2379262,88108134,6113441,387272,174193,2938
3,../model_20200810_1781368898.uvl,21,20,29978862,true,1787216,23449473,4247611,115665,61363,2824
4,../model_20101208_1056693380.uvl,25,25,33722646,true,1755636,26219524,5053351,225584,149188,4728
1,../model_20121025_1453237615.uvl,20,20,26024998,true,1526752,19735711,4262266,122911,69644,2837
14,../model_20111111_1026730216.uvl,37,29,37375452,true,1775667,31010890,3853278,186201,177854,2671
11,../model_20150302_1660900120.uvl,31,34,85541747,true,1913981,77594266,4931349,429528,307254,4921
7,../model_20150611_578706116.uvl,13,12,35516277,true,1799573,29717775,3590656,85906,46644,2286
13,../model_20160912_1428022317.uvl,49,57,69658008,true,2162655,60102988,5851913,629298,454107,4406
8,../model_20230322_208918165.uvl,40,27,86971306,true,1664938,79100910,5373445,366070,188950,3769
5,../model_20230323_1108197556.uvl,17,15,26812423,true,1642167,20813722,3900497,99962,56513,2362
2,../model_20110330_919429247.uvl,25,27,48421934,true,1816848,42384831,3392763,290158,182045,3040
0,../model_20200225_1125771038.uvl,43,40,36209125,true,1616206,29976810,3863872,236928,150179,2465
3,../model_20120201_899753062.uvl,27,31,45170306,true,1691589,39676940,2885012,471147,190991,3389
4,../model_20131112_1630582425.uvl,28,20,31285146,true,1770675,24292857,4672427,138164,71565,2021
14,../model_20131112_64627122.uvl,13,12,24577569,true,1500556,18783667,3864093,83176,45342,2395
11,../model_20120920_383492576.uvl,11,12,22783902,true,1317786,17162578,3884937,112714,73280,3203
8,../model_20140328_1965511118.uvl,10,10,26422066,true,1411567,20435384,4171180,76965,56748,3309
7,../model_20130916_1983257725.uvl,16,15,27222774,true,1370630,21382232,4056818,94129,50079,1932
13,../model_20120609_84195762.uvl,26,21,30576401,true,1491777,24818637,3668784,153879,118233,3008
5,../model_20180927_642324190.uvl,51,46,52705179,true,1969663,45296862,4235259,499902,367282,4265
2,../model_20130414_861625706.uvl,15,15,39939557,true,1692237,33366701,4300259,170142,102362,4017
3,../model_20200320_13307140.uvl,10,10,25259785,true,1568260,19494728,3861309,66669,38665,2603
0,../model_20100415_240595643.uvl,31,32,42322897,true,1720637,33413821,6296666,349723,194422,3695
4,../model_20110216_1027109687.uvl,12,16,40399910,true,1582933,35140214,3197699,108405,92164,2527
12,../model_20151124_1131991591.uvl,34,34,48619356,true,1995470,40649395,5055421,343850,191251,3762
6,../model_20140914_775838300.uvl,24,24,34855007,true,1707120,28071866,4581801,135396,74967,3112
14,../model_20200815_433256797.uvl,39,33,46849154,true,1851838,39355667,4701093,364103,196927,3292
7,../connector_fm.uvl,20,14,30630266,true,1742742,23945685,4433051,127756,59218,2848
10,../model_20130226_1908057354.uvl,16,14,31565609,true,1728315,25349864,3979621,143340,63976,2878
11,../model_20170904_998227463.uvl,42,37,54176166,true,1993075,44921658,6474728,216075,118552,2696
8,../model_20140614_436006902.uvl,25,25,47055930,true,1801942,39867173,4683366,220409,119010,2680
5,../model_20140820_1349433690.uvl,22,22,39479295,true,1676917,32219227,5004225,142848,121698,3244
13,../model_20130820_1465112187.uvl,49,49,67743134,true,1975458,58368914,6133745,499972,287406,4740
15,../model_20160519_1444507509.uvl,41,42,87890148,true,2054661,79652757,4874078,643044,327571,4190
9,../model_20160716_1943328700.uvl,18,17,92374738,true,1777608,86598817,3391513,199032,97413,3617
0,../model_20201010_633615094.uvl,12,11,23243156,true,1573077,17349154,3928499,77608,44276,2173
1,../model_20190416_886742925.uvl,12,12,25706212,true,1686651,20516831,3092173,79597,47883,2362
3,../model_20131112_817529963.uvl,40,40,39455305,true,1532900,32139850,4880521,346163,290044,3985
7,../model_20130529_1187431770.uvl,16,16,35308183,true,1708740,29051331,3965353,176480,105879,3767
11,../model_20180222_786472237.uvl,12,7,24481818,true,1500251,18749520,3837316,71643,40860,2479
8,../model_20131122_1241273029.uvl,18,18,26408262,true,1663920,20904760,3370143,107501,56311,1998
10,../model_20120328_663906927.uvl,28,25,58995230,true,1743032,52571705,4075463,151299,98985,2518
5,../model_20131203_151571988.uvl,54,51,41838880,true,1979289,34421291,4545052,270949,169579,2910
13,../model_20140917_195564800.uvl,16,16,30313647,true,1517743,24017003,4200732,158396,87688,3061
15,../model_20170918_1996976409.uvl,33,33,36470185,true,1918514,29821686,4080289,173446,98680,2600
9,../model_20101117_2128796258.uvl,72,69,87969169,true,2547306,77371731,6740252,486460,333756,2216
0,../model_20120705_77954373.uvl,22,18,30130540,true,1669070,23918884,4045580,117811,66442,2354
1,../model_20160229_1734203468.uvl,48,29,60120216,true,1800919,53601159,4058596,250520,124490,2005
3,../model_20190917_1484600794.uvl,17,13,41730247,true,1529783,36549975,3158800,178926,96971,3476
7,../model_20140207_1303140975.uvl,12,12,36340632,true,1547283,30356302,3978849,140968,78866,4161
11,../model_20140410_1285833987.uvl,11,21,34903173,true,1568568,29494364,3349424,184375,80730,2949
2,../model_20180512_810540422.uvl,23,23,35169484,true,1905911,29240678,3591617,141235,79514,2250
8,../model_20140322_1340045027.uvl,10,10,24136314,true,1513609,18220252,4009279,96666,39610,2245
10,../model_20180729_2071913647.uvl,24,29,34358782,true,1598247,27572949,4575850,207595,98738,2738
13,../model_20130529_552715089.uvl,17,16,38257310,true,1557309,32506973,3628613,168610,94326,3791
15,../model_20190915_1211977272.uvl,22,21,33338048,true,1683291,26947746,4013117,211982,129877,3884
5,../model_20190124_988857604.uvl,46,41,54178901,true,1875664,46128186,5155847,411796,264953,3425
9,../model_20171021_192017753.uvl,17,15,38195376,true,1748965,32720591,3212587,180720,97724,4045
0,../model_20110127_1318390760.uvl,13,11,21473412,true,1361243,16863267,2879083,76385,40736,1961
14,../model_20121018_1550648286.uvl,16,15,35091359,true,1762081,28979363,3903402,125501,60112,2764
6,../model_20170918_2076946141.uvl,16,10,92692912,true,1500534,87234069,3445485,156926,86664,3910
1,../model_20130510_203163945.uvl,18,12,29154632,true,1877131,22299596,4500804,101834,50680,2677
12,../model_20190122_546529784.uvl,18,18,75246492,true,1807632,69158024,3806252,118881,67286,2219
4,../model_20120419_1397354511.uvl,20,20,47905057,true,1715792,41452216,4037266,259419,147937,3265
3,../model_20120328_1974817485.uvl,13,8,37783902,true,1530263,31743581,4074099,121596,72292,3825
2,../model_20160308_190029672.uvl,33,32,35500524,true,1819080,28471812,4565433,181655,101447,2676
13,../model_20140511_603377022.uvl,15,14,31262210,true,1667233,26002362,3112773,160015,89867,3891
15,../model_20101020_1809093990.uvl,20,20,40384408,true,1497547,35062039,3181085,215241,115888,3452
5,../model_20200819_710049424.uvl,28,25,46082038,true,1767754,40454381,3343845,161325,83960,2848
0,../model_20200728_429027371.uvl,17,16,43982901,true,1727551,38056301,3680162,104440,104017,2742
9,../model_20160227_1389842098.uvl,48,51,71313709,true,1960796,62875383,5616237,302924,167863,2662
12,../model_20190430_2137275351.uvl,37,35,34837698,true,1762238,27737766,4549311,198811,189971,2600
3,../model_20170618_724645944.uvl,13,14,29930101,true,1581282,23883699,4005812,121406,74554,3340
14,../model_20130123_686198065.uvl,40,40,45128670,true,1685737,37080893,5363112,381006,216408,4112
4,../model_20230322_1855764436.uvl,26,22,44490497,true,1706472,37216100,4837757,250525,128554,3932
1,../model_20160308_79396455.uvl,41,44,69956225,true,1841978,61574225,5344361,523480,267159,3130
6,../model_20150527_1979644627.uvl,72,58,73312698,true,2258679,63494497,6285277,339683,397335,3909
2,../model_20200128_745414394.uvl,23,19,33429171,true,1898012,26603082,4391957,143342,69879,2593
13,../model_20140430_1532303117.uvl,32,20,39054138,true,1708764,32138508,4406776,314372,165087,4142
15,../model_20140819_709073537.uvl,43,44,55303472,true,1613623,48647553,4090824,432385,244662,3170
5,../model_20120909_341305614.uvl,32,34,57525134,true,1818738,49337911,5713620,185426,111990,2662
9,../model_20110428_553405269.uvl,37,29,88939531,true,1848283,82376847,4004686,205496,113083,2481
7,../model_20120423_1625073325.uvl,32,26,82405041,true,2087238,74861223,4731099,234996,163526,3493
0,../model_20190917_512190943.uvl,45,37,50277228,true,2024093,42295550,5039997,368622,204154,3559
3,../model_20160329_1152124785.uvl,21,20,36017517,true,1556257,30160440,3857056,117872,64272,2630
12,../model_20181019_994429580.uvl,10,10,37427072,true,1572437,31379576,3995980,148903,84695,3625
11,../model_20200128_23228584.uvl,23,23,34879466,true,1883244,28245042,4170547,160729,91091,3116
6,../model_20141106_1014782772.uvl,17,17,44331958,true,1768519,38205898,3720701,197970,117550,3396
10,../model_20200121_827473084.uvl,17,17,39217408,true,1829028,32899512,3877622,181868,111283,4258
4,../model_20140403_1688136935.uvl,45,42,70341707,true,1972022,62052659,5102898,473963,322667,3900
13,../model_20200810_1006372985.uvl,36,36,51828222,true,2105744,43410559,5353371,356822,196555,4250
8,../model_20170414_1751865819.uvl,77,84,82190341,true,2791489,72607589,5175405,581420,470026,3864
5,../model_20130121_710180273.uvl,10,11,37660293,true,1649885,32018210,3580719,96442,49781,2440
15,../model_20180917_1978871462.uvl,50,45,69517143,true,1908679,59440993,5478393,484597,1739857,4308
3,../model_20121123_1672558767.uvl,15,17,27955724,true,1546683,21852837,3983982,201827,114113,3711
9,../model_20180305_1393570452.uvl,48,43,55111174,true,1929709,47005865,5338385,371452,167276,2530
7,../model_20160329_268958808.uvl,47,54,70675528,true,1992624,62824917,4559917,588269,308385,4645
0,../model_20150301_300492477.uvl,33,32,56632663,true,1834056,50010185,3838770,311043,272517,3202
11,../model_20221101_871584152.uvl,19,28,59617374,true,1667389,52752431,4191237,467535,226793,3253
13,../model_20140824_525404983.uvl,47,47,39154122,true,1736091,31682119,4931252,236091,137936,2670
8,../model_20121018_436901160.uvl,16,15,27738566,true,1775193,21461829,3931578,155715,88771,3720
5,../REAL-FM-17.uvl,25,24,35381724,true,1644004,29818073,3275358,178366,148247,2427
4,../model_20141104_1527188029.uvl,140,140,93240276,true,3287442,80435692,7837144,740016,406741,2306
15,../model_20130703_1107240012.uvl,64,27,50732941,true,2130640,41625105,6025082,308912,132433,1993
7,../model_20110826_252647654.uvl,24,24,25737458,true,1722956,19974145,3491073,137250,67373,2159
14,../model_20161207_285955518.uvl,54,46,40212459,true,1690862,33395495,4436487,250985,130909,2131
9,../model_20150428_2048110240.uvl,11,12,22674560,true,1381749,17926726,2951666,92559,52571,2173
1,../model_20101111_156018899.uvl,12,11,29709252,true,1604651,24414362,3271236,79202,46994,1987
0,../model_20170505_1428478521.uvl,24,26,30136104,true,1439891,24086892,4039364,148442,91310,2752
3,../model_20150208_2120373387.uvl,25,21,34048769,true,1646867,27432985,4372477,165701,88580,2134
11,../model_20140801_240918546.uvl,22,13,39078701,true,1480427,32945749,4056349,201867,107032,3032
2,../model_20140825_2017008690.uvl,58,59,56188713,true,1946654,47877484,5057779,532898,331652,4254
13,../model_20110622_260389190.uvl,12,10,35247936,true,1657645,28959323,4128869,137095,80145,4267
4,../model_20140423_277886534.uvl,21,18,36718116,true,1545307,30182749,4407884,215722,109207,3613
12,../model_20120513_373795895.uvl,14,13,27200459,true,1918950,21638041,3175196,181400,51557,2430
0,../car_fm.uvl,14,12,24434557,true,1494781,18597212,3929362,112819,54664,1944
3,../model_20230505_1739075744.uvl,42,45,37484177,true,1610558,30713991,4216454,395882,142970,3848
14,../model_20100712_329430908.uvl,20,20,28358428,true,1625170,22003615,4238377,113564,68245,2182
1,../model_20121123_638033800.uvl,14,13,26039761,true,1533521,19434971,4574658,154479,87216,3174
6,../model_20141205_2005181775.uvl,33,28,36799485,true,1573258,29212571,5235273,221933,157539,4439
7,../model_20120408_404695779.uvl,70,66,54880497,true,2279406,44506864,6990916,338691,237696,3230
10,../model_20110525_564104612.uvl,27,32,53745089,true,1842038,46158572,4901018,341877,190803,4669
2,../model_20150212_1516383976.uvl,12,8,36195398,true,1599772,29805519,4303681,159406,90255,3473
13,../model_20120701_1498696792.uvl,11,11,36312898,true,1443504,30222900,4191120,127458,80759,3802
15,../model_20200316_153170359.uvl,124,103,102022196,true,3026941,88249673,8272056,1052622,679246,3529
4,../model_20150411_1378086632.uvl,15,9,59562456,true,1433724,53752054,3999545,86809,47081,1740
12,../model_20110407_1283128166.uvl,51,52,70474940,true,1907714,61187001,6113961,505348,301544,3917
0,../model_20180512_276218752.uvl,36,38,46531667,true,2110069,39877533,3907248,228225,129912,3128
1,../model_20100322_955726153.uvl,20,20,44138382,true,1635692,37614151,4250521,238575,132659,4047
3,../model_20161118_228131771.uvl,66,79,66157578,false,2363383,57297388,5136500,719229,426753,2632
6,../model_20130722_443972122.uvl,12,12,31336671,true,1600220,25887673,3343137,145274,79024,3855
10,../model_20190922_718247414.uvl,12,10,26798133,true,1478490,20963451,3979806,82942,46276,2284
5,../model_20121102_768518520.uvl,14,14,30090740,true,1648159,24758114,3285423,82444,48037,2391
13,../model_20160620_457730604.uvl,20,20,31064231,true,1563717,24438331,4491232,174400,127144,3247
8,../model_20171204_404453510.uvl,21,22,41435068,true,1860506,34576021,4283272,252209,141799,3690
7,../model_20110527_1847306763.uvl,63,106,82179698,true,2282230,73526089,4981853,649634,364607,2975
2,../model_20140819_2062208658.uvl,26,26,46460195,true,1749118,39338817,4522144,249258,148738,115662
15,../model_20171018_1720986032.uvl,130,107,160171815,true,3286946,148734975,6753942,590145,365525,2731
4,../model_20110301_216655728.uvl,10,10,24695714,true,1594970,19785173,2959957,67517,37247,2546
9,../model_20140422_2137156564.uvl,35,32,38014059,true,1763783,30787690,4826709,207937,112791,2261
0,../model_20121219_1714348674.uvl,10,10,24331023,true,1553507,18696463,3731531,67746,39628,2131
11,../model_20121123_1445508018.uvl,16,16,33609438,true,1852551,27264225,4015498,95074,136169,2563
6,../model_20110823_1386366267.uvl,15,14,38283664,true,1633186,32748938,3351381,180990,105488,4027
3,../model_20130916_1649901124.uvl,16,15,42750979,true,1760908,36404802,3961934,178067,107432,3134
1,../model_20180512_427876131.uvl,37,37,40240880,true,2018132,33068936,4270447,315276,157743,2897
8,../model_20131112_2028027455.uvl,13,11,27597927,true,1480307,22489680,3254605,83455,56725,2047
2,../model_20121019_1128529660.uvl,14,12,28363927,true,1626439,23011595,3323267,83914,43609,2789
13,../model_20110116_381192414.uvl,60,61,77605036,true,2168432,69403682,4720092,607362,397583,4396
15,../model_20150208_1225865238.uvl,42,34,45563534,true,1748376,39026585,4023798,276993,128232,2342
4,../model_20180514_381391194.uvl,20,20,39526807,true,1490369,33500106,4112319,108929,60158,2372
0,../model_20141108_202761108.uvl,10,8,21968660,true,1512519,16277940,3851485,68223,36713,2688
9,../model_20131112_990013628.uvl,10,10,29617468,true,1375624,24184711,3721559,65494,40375,2082
11,../model_20160229_707006027.uvl,13,14,30286556,true,1613954,24587708,3500971,235340,62173,2560
14,../model_20120314_1438691117.uvl,13,13,23939094,true,1589217,17844307,4178224,83898,48099,2441
3,../model_20141108_701198022.uvl,11,11,28313855,true,1677727,22691185,3457571,129889,79060,2882
6,../model_20120328_1373483522.uvl,13,14,37168994,true,1706606,31273031,3783909,105711,60427,2906
1,../model_20120717_770767926.uvl,11,10,35958303,true,1414818,30040214,4098364,130810,75128,4063
8,../model_20120110_1256867454.uvl,10,10,27210148,true,1730098,21621737,3169709,324123,79336,3921
13,../model_20110207_1623721536.uvl,27,32,44949111,false,1832063,38397572,4236608,205161,101986,2734
2,../model_20110605_1465859222.uvl,17,17,61475157,true,1660337,55610802,3817377,98721,53265,3055
15,../model_20170720_160368734.uvl,14,14,23724623,true,1902671,17890421,3564273,82774,47999,2575
12,../model_20151119_424700280.uvl,10,10,27983252,true,3127732,20605059,3855502,76062,45746,2756
0,../model_20110207_906076676.uvl,12,8,30634862,true,1621557,24642952,3959651,73432,40523,2614
11,../model_20170918_191476099.uvl,48,49,58628990,true,2131484,50267215,5316648,255508,195648,3116
14,../model_20091210_241985787.uvl,16,16,38857419,true,1719762,33026469,3595506,164021,96282,3561
6,../model_20221015_510481451.uvl,12,14,33969902,true,1703280,28427486,3377628,162684,93296,5100
1,../model_20160911_493856736.uvl,45,29,64313421,true,2087945,56192921,4879653,480336,251282,4124
10,../model_20140508_536536644.uvl,36,34,60213927,true,2129565,52788421,4317458,438459,221896,3266
8,../model_20160329_304357596.uvl,23,15,45804359,true,1783803,38786119,4552959,225512,121418,3858
5,../model_20120829_28461699.uvl,11,13,38788734,true,1621631,32691019,3792036,301839,97196,4020
7,../model_20150307_1251635490.uvl,35,36,40287419,true,1908549,32997682,4643536,223127,123057,2324
13,../model_20170313_788976149.uvl,12,9,36621698,true,1544183,30856259,3739302,138638,79932,3708
2,../model_20140109_637429284.uvl,11,9,32638493,true,1582794,26472787,4113791,132979,69218,3229
0,../model_20200513_1559879338.uvl,11,11,22598454,true,1496765,17545744,3249814,69375,39966,1961
14,../model_20131112_1399418967.uvl,35,28,37574599,true,1884747,31162093,3983565,170265,93323,2261
11,../model_20160329_1144142418.uvl,54,33,46108460,true,1835685,38402145,5183101,235434,116090,2315
15,../model_20160913_2142740300.uvl,48,48,79120608,true,1922589,69619173,5987405,775905,376186,3801
10,../model_20120423_1196408273.uvl,16,11,33003852,true,1715952,27272417,3539597,141485,74609,3371
8,../model_20200909_844580970.uvl,17,9,28435845,true,1566043,23183374,3238752,101682,46797,2286
5,../model_20170517_1276361560.uvl,10,10,23569623,true,1486996,18115174,3538018,159143,52496,2564
7,../model_20190513_554652357.uvl,10,10,30589335,true,1540297,24870752,3758009,69629,43045,2590
13,../model_20180222_1790291836.uvl,22,19,39779088,true,1385755,33424646,4354281,200928,113798,3323
2,../model_20110130_639381749.uvl,12,12,38564598,true,1412919,33149749,3568909,143718,82206,3257
4,../model_20170518_711240246.uvl,36,36,38897799,true,2046326,30680132,4675233,182998,901530,2251
9,../model_20160304_1567363129.uvl,19,23,32045017,true,1803848,26459219,3193848,178902,87934,2617
11,../model_20090801_1908323193.uvl,13,13,23837856,true,1378096,18500570,3569407,103774,44305,2499
14,../model_20190917_490456110.uvl,39,23,37632449,true,1744681,31309599,3925124,179104,145350,3429
3,../model_20170518_1713871521.uvl,15,16,29540270,true,1672679,23275283,4103006,111738,75641,2400
0,../model_20150304_617127008.uvl,56,66,59875245,true,1817214,50589005,6119340,619921,282508,2130
15,../model_20160329_578011837.uvl,23,18,48950462,true,1743010,40555151,6022550,233996,126241,3830
5,../model_20160926_2009081259.uvl,54,54,44207880,true,1762798,36981645,4273227,448957,288207,2691
7,../model_20100326_770562654.uvl,27,19,31222043,true,1843269,24169573,4683816,145180,89410,2561
2,../model_20140324_1142291623.uvl,11,11,24106292,true,1582884,18809986,3264102,77755,67704,3730
13,../model_20130125_189285641.uvl,18,19,31854698,true,1510559,25906010,3955761,112570,70170,2772
12,../model_20121015_1348696629.uvl,10,8,30394608,true,1622509,25241306,3174113,76621,41716,2412
4,../model_20170505_1995894898.uvl,32,27,56241150,true,1855199,49005985,4623474,183883,179121,2909
11,../model_20091206_1647557456.uvl,10,10,22339811,true,1530146,17255962,3198627,67353,48947,3062
9,../model_20140514_1151327844.uvl,43,36,45377520,true,1904955,37115682,5499241,278445,140089,2007
3,../model_20130916_1001858303.uvl,15,17,27213470,true,1593433,21772069,3378204,111217,69131,2829
6,../model_20110406_656545830.uvl,17,17,27381236,true,1600069,21208637,4150646,100451,55514,2392
14,../model_20141102_1778359466.uvl,23,22,47545520,true,1736160,40456131,4600011,266805,160408,4708
0,../model_20131122_1877947099.uvl,15,13,42630354,true,1486139,36151199,4413281,202050,102222,3840
15,../model_20120113_1803352101.uvl,43,27,60507999,true,1729421,52296075,5497984,424192,200789,3702
1,../model_20221018_544175819.uvl,29,29,52304201,true,1818060,45018751,4701378,316361,180447,4033
7,../model_20160329_2023954051.uvl,24,20,47099333,true,1657671,39882412,4835094,246134,126585,3992
13,../model_20200810_903664942.uvl,25,27,34286845,true,1658677,28233891,3665088,270063,144168,3765
2,../model_20171020_786614820.uvl,12,10,28398958,true,1560637,22905490,3450975,128874,77087,3405
5,../model_20141129_2117240468.uvl,12,14,29010154,true,1640831,22851757,4007186,152498,56342,2101
11,../model_20120829_881090911.uvl,10,10,30618962,true,1672913,25214832,3327038,76643,47395,2627
9,../model_20131122_641443746.uvl,14,14,24393501,true,1695683,18997166,3322532,85809,49652,2361
10,../model_20140423_1716161596.uvl,42,25,38127440,true,1837442,29885154,5744725,195052,114995,2300
14,../model_20120528_1294065815.uvl,13,12,27276584,true,1615338,20090760,5124324,145624,88495,3978
3,../model_20190223_2023041805.uvl,19,22,82412092,true,1498011,75642618,4417639,343761,166593,4884
6,../model_20140326_1693773444.uvl,13,14,39052357,true,1640549,33330695,3489257,198330,115789,5242
8,../model_20120701_899073101.uvl,11,11,39598749,true,1590306,33839826,3686268,139084,79371,4753
1,../model_20170704_1299892151.uvl,11,11,36801326,true,1493768,31326210,3536580,129559,84426,4318
0,../model_20130529_1911302663.uvl,16,16,44902213,true,1716752,38184021,4368466,207991,115694,3968
2,../model_20150226_64791123.uvl,26,28,34010753,true,1765365,27505452,4103288,195973,104939,2683
15,../model_20141018_2078980023.uvl,87,86,84428131,true,2402529,75609508,5257862,402350,217325,2599
5,../model_20100829_787258873.uvl,57,48,44423972,true,1886139,36241584,5380431,294788,150755,3591
7,../model_20121017_2007593800.uvl,10,8,32745255,true,1696700,26527348,4046382,114709,65226,3883
11,../model_20140306_1994550432.uvl,12,9,38096339,true,2131975,31547241,3911335,132438,72349,3700
10,../model_20180512_893377341.uvl,24,22,28773568,true,1744577,23429979,3058559,147636,82507,1868
6,../model_20120412_1314362396.uvl,12,11,24442213,true,1396017,18535637,4085018,111634,73691,3809
8,../model_20150701_451946642.uvl,22,14,32981243,true,1416336,26600030,4360641,184933,101955,3492
3,../model_20130916_552778902.uvl,16,17,29331094,true,1632159,23902667,3359389,105605,63513,2749
1,../model_20131122_224574976.uvl,11,11,36867254,true,1623216,30566107,4157435,141744,89040,4203
0,../model_20091225_1547989376.uvl,29,30,47060585,true,1726837,40763660,3817583,305362,168914,3351
2,../model_20180512_409172439.uvl,37,37,54111975,true,1900665,47510707,4024814,188887,108537,2675
5,../model_20091210_993249741.uvl,29,25,44046895,true,1748167,37285416,4393382,159260,96557,2286
15,../model_20230313_612090761.uvl,13,15,43252299,true,1689963,37219858,3761612,208928,115873,3673
4,../model_20121106_1816491064.uvl,23,20,35007361,true,1772034,28018988,4661280,138818,90576,2269
7,../model_20140305_850513381.uvl,63,103,82887043,true,2388552,72829853,6005600,738347,405169,2796
12,../model_20150523_1701783178.uvl,23,23,78350957,true,1762624,71639444,4252450,322809,134036,3605
11,../model_20190223_1275185141.uvl,10,7,38185908,true,1515901,31670229,4575599,129547,74406,3250
10,../model_20171029_714150136.uvl,10,10,37761406,true,1797370,31799212,3720431,124190,72019,3188
8,../model_20190304_818967793.uvl,29,28,51524490,true,1834557,43983444,4895424,286887,158625,3369
3,../model_20141006_1946000492.uvl,14,10,39761040,true,1664701,33393857,4199042,142387,79420,3920
1,../model_20140614_81946339.uvl,22,24,49641725,true,1808072,42239853,4832248,265389,154886,3915
0,../model_20141129_6569546.uvl,25,21,43964958,true,1800376,36886165,4519845,226568,131813,3552
2,../model_20110926_400852996.uvl,36,36,50714029,true,1791409,44316433,3858943,200851,172022,2307
5,../model_20200815_41086763.uvl,31,28,37247989,true,1750993,31511389,3448013,169941,84592,2769
15,../model_20120510_220834497.uvl,53,44,40970106,true,1675946,32447897,5986053,262567,132434,2625
9,../model_20230323_58681865.uvl,17,15,31503964,true,1760574,25885954,3300825,157786,89056,2802
4,../model_20111027_1380540076.uvl,10,10,24911681,true,1461933,18916117,4037047,129253,75050,3214
12,../model_20121123_1692800929.uvl,16,16,37046210,true,1690616,31381380,3496659,115019,66509,2447
13,../model_20170405_957299568.uvl,142,211,185540545,true,4613991,168897514,8705529,1690546,773209,2503
8,../model_20200212_1763855182.uvl,12,12,24446496,true,1550597,18558338,3819049,178868,78401,2926
3,../model_20160813_60083737.uvl,10,10,23210523,true,1372314,17982792,3395920,123621,71514,3472
1,../model_20141113_1414990983.uvl,46,46,41916843,true,1779177,35167033,4066224,292048,195138,3255
0,../model_20120728_275737618.uvl,14,14,40441536,true,1505126,34272056,4098077,166098,96223,3921
14,../model_20200907_1598312227.uvl,130,130,84386833,true,3462988,72213892,6923282,728905,395162,2435
15,../model_20130807_1787614695.uvl,13,13,71893613,true,1702658,65921313,3844764,85326,48391,2785
5,../model_20140401_1527258088.uvl,13,20,41228977,true,1677041,34810893,4183005,163801,98654,2522
9,../model_20130821_470005647.uvl,43,43,92542186,true,1798839,85441572,4330809,416905,219202,3863
12,../model_20110925_62365838.uvl,23,23,41246119,true,1629613,34105036,4780345,245936,131524,4192
13,../model_20111201_372659565.uvl,61,38,80231475,true,2041740,71860776,5047198,397854,383840,3150
4,../model_20160512_1688304541.uvl,31,25,97881770,true,1797016,90387081,5061822,164283,91859,2444
6,../model_20140614_1989695192.uvl,29,35,64185602,true,1811941,58169438,3283129,441194,232994,4175
8,../model_20170702_979744088.uvl,21,21,35442224,true,1745959,29474562,3617580,213755,124435,3696
0,../model_20180705_2136123533.uvl,10,10,30317026,true,1719530,24077163,4124777,66365,38791,2196
3,../model_20230322_413432441.uvl,22,21,34085132,true,1933377,27107898,4387867,221288,122560,3856
1,../model_20171016_777651910.uvl,27,26,49906936,true,1690707,42767354,4693254,282474,159284,3616
14,../model_20150611_1748318240.uvl,14,11,37531668,true,1772269,31662177,3555175,213150,46713,1989
15,../model_20170410_971411480.uvl,11,6,30691494,true,1675114,23427321,5129036,118567,62077,3104
7,../model_20170916_132089042.uvl,48,60,88104036,true,2071767,80528099,4470247,436213,244346,2175
11,../model_20120828_1516795545.uvl,13,13,27920517,true,1865388,21581472,4084182,77959,44208,2303
5,../model_20140305_1745306436.uvl,20,12,36144496,true,1731865,30147415,3642573,204841,114079,3848
12,../model_20180409_394573881.uvl,10,10,27461155,true,1584791,21785370,3687873,86903,47694,2661
10,../model_20180122_1429516018.uvl,40,18,41720926,true,1741285,34140861,5182493,215905,115303,3439
4,../model_20100325_298677687.uvl,10,9,22647891,true,1506006,17637539,3142175,69547,39412,1946
6,../model_20140819_940483638.uvl,11,11,36230488,true,1568500,30258408,3915428,135068,74775,4213
3,../model_20141119_1676144838.uvl,14,14,38436207,true,1781714,32037094,4079139,158736,90001,3370
8,../model_20190922_499979669.uvl,25,29,53047277,true,1758587,45963846,4543576,327373,176657,4442
1,../model_20130808_465499656.uvl,22,14,46223708,true,1786754,39849098,3922433,218870,116452,3916
2,../model_20230323_867226898.uvl,16,13,41062449,true,1811824,34636379,4152711,100153,53499,2844
12,../model_20141023_1082000051.uvl,37,49,50944921,true,1897346,42493771,5345633,562755,287638,2899
11,../model_20100216_713947806.uvl,12,12,24126779,true,1428830,18507315,3828434,78694,43549,2055
15,../model_20171012_432118074.uvl,28,28,36719400,true,1656705,30336764,3894757,287905,162200,3325
5,../model_20150228_41303449.uvl,33,33,54388986,true,2070650,47339541,4054231,340438,187714,3616
14,../model_20160330_888130075.uvl,73,73,80752757,true,2264739,70654567,6700360,354742,255561,2781
7,../model_20160225_419189676.uvl,47,52,52915109,true,2069254,45356419,4590342,293436,166268,2032
10,../model_20141017_1234330746.uvl,38,48,49749919,true,1853862,41937391,4906453,483812,169142,2895
4,../model_20161213_651973816.uvl,21,25,42610356,true,1720329,35826898,4487750,169141,94061,2039
6,../model_20141018_811394530.uvl,23,22,47577170,true,1839767,40724265,4377578,245228,132487,3717
3,../model_20150222_2069201003.uvl,13,13,24207240,true,1428832,19157744,3260840,78617,46317,2366
9,../model_20200120_1111265554.uvl,10,8,32083471,true,1693849,26835606,3162740,102421,56390,3232
2,../model_20160428_283258262.uvl,40,37,42472333,true,1989418,35874716,3903978,203110,113436,2848
7,../model_20150309_1544990511.uvl,39,42,68854893,true,1873053,62072203,4185475,229040,134917,1995
13,../model_20101115_2000504462.uvl,72,65,51044148,true,2254156,42448020,5196593,360177,251149,2468
12,../model_20121123_1047250318.uvl,16,17,27022104,true,1649318,21168296,3686242,118314,66201,2331
14,../model_20180611_848416665.uvl,10,13,39963578,true,1662656,33977441,3650174,303817,97005,3892
4,../model_20131129_1795005487.uvl,10,10,40171375,true,1510406,34029960,3948113,309412,87118,3004
15,../model_20130916_302923469.uvl,16,17,45565511,true,1643881,38844090,4449267,217014,121031,3714
5,../model_20151201_896154285.uvl,24,21,50982783,true,1943534,43488990,4807219,246336,145900,3860
10,../model_20171213_638254090.uvl,11,10,36470621,true,1555715,30893423,3501455,146436,83319,4519
11,../REAL-FM-8.uvl,17,17,36544750,true,1797024,30753603,3445201,154358,71404,2457
6,../model_20140209_1382642350.uvl,41,29,50188426,true,2064242,43944524,3551433,230716,111550,2272
0,../model_20130627_888588099.uvl,17,16,36872233,true,1755312,30688653,3929798,185111,102538,3498
9,../model_20130302_379367837.uvl,10,11,29391543,true,1643981,23700233,3651108,77504,45993,2773
2,../model_20140826_2051139991.uvl,31,31,41821177,true,1854067,34773951,4442957,260028,132418,4166
13,../model_20190326_164569423.uvl,10,10,31922544,true,1690986,26026963,3735882,117072,72512,3435
5,../model_20150621_1174641946.uvl,36,32,59044799,true,1903076,52193934,3988699,374707,204830,3700
11,../model_20120110_1094246588.uvl,10,10,38401548,true,1648224,33108237,3026268,274254,89443,3141
10,../model_20160913_245590430.uvl,38,38,86345243,true,1739353,77878071,5178748,686458,463473,3926
14,../model_20180306_832754487.uvl,49,53,92991632,true,2165975,85312893,4366245,488730,216231,2740
6,../model_20130812_1882708509.uvl,41,51,41999106,true,1736411,34993769,4370350,289681,142269,2710
8,../model_20160504_814917052.uvl,26,20,33068567,true,1684285,26156576,4531764,256123,136183,3911
0,../model_20230616_862941800.uvl,30,26,34524815,true,1561226,28058776,4384267,159674,87755,1953
1,../model_20120905_104354355.uvl,13,13,26380443,true,1594617,20282398,4092794,115547,48097,2545
4,../model_20190917_729866659.uvl,83,56,70563828,true,2053109,59818173,6919847,720919,406669,3858
9,../model_20130725_1746580783.uvl,16,17,25164383,true,1490906,20134769,3095556,103003,61837,2459
13,../model_20140403_1254324003.uvl,28,27,32342880,true,1732588,25256691,4680036,148022,155027,2797
3,../model_20170402_765751837.uvl,329,359,257616086,true,13714838,221405710,16781335,2460648,1911733,2578
5,../model_20230323_425392427.uvl,33,29,41306312,true,1759672,35527493,3452974,185364,89231,2225
10,../smart_home_fm.uvl,59,62,69860019,true,1990947,62293303,4588995,315562,223786,2667
14,../model_20180729_778045288.uvl,31,34,34253801,true,1799283,27821201,3966021,191550,111331,3689
11,../model_20140824_1698583194.uvl,66,66,45412449,true,2028289,35793945,6547040,317634,208564,2572
1,../model_20140710_2059561340.uvl,33,25,41146944,true,1604164,34008861,4781725,219895,159311,3718
8,../model_20190616_1868431112.uvl,40,31,46216363,true,1527795,37536637,6379859,201318,155124,3610
0,../model_20120328_1412454948.uvl,36,34,50551231,true,1690324,42360083,5419901,341609,336204,4882
4,../model_20110915_1159959623.uvl,10,8,77579401,true,1649093,71716658,3698910,153549,86882,4005
12,../model_20150416_264061404.uvl,47,24,38402625,true,2181626,29536897,5898796,206099,107379,2366
13,../model_20130309_1354780318.uvl,11,9,22565724,true,1603380,16773298,3845689,70746,36083,1910
9,../model_20141103_285596543.uvl,25,27,31633157,true,1387464,25202585,4512433,149918,88676,2457
7,../model_20160503_1174916821.uvl,42,44,40428607,true,2016845,31965229,5486808,338070,216829,4305
15,../model_20190526_2060834946.uvl,12,9,36045994,true,1727631,30462732,3288578,179678,94232,4019
3,../model_20190411_1457420991.uvl,18,27,38396638,true,1687435,31758617,4358683,201890,113308,2960
11,../model_20221109_1435495840.uvl,14,15,71999312,true,1602362,66165375,3788426,101940,59103,2370
1,../model_20141129_264528063.uvl,13,14,24378211,true,1585399,18896372,3471971,87551,51982,1776
8,../model_20130418_1960440366.uvl,29,32,42210396,true,1640640,34961158,4946132,193312,155133,3119
0,../model_20140508_530056624.uvl,36,49,62160510,true,1797405,52795449,6343719,566918,276348,3325
4,../model_20131112_330151541.uvl,21,16,46952731,true,1608552,40039706,4662915,209684,115242,4042
2,../model_20120201_1444061231.uvl,38,37,72427785,true,2062255,65582685,4070648,276902,146820,2822
9,../model_20131206_684654596.uvl,12,12,25850754,true,1512158,20699515,3231622,98350,60627,2947
7,../model_20110601_1103941862.uvl,12,12,36959424,true,1626247,30699853,4057232,184106,102011,3873
13,../model_20131124_646639708.uvl,16,17,29067596,true,1488491,23302437,3874531,103645,58245,2575
12,../model_20130219_1778040846.uvl,40,38,55381492,true,1838536,47638956,5242972,205326,109278,2574
3,../model_20110919_127780100.uvl,37,27,46237474,true,1910635,37155939,6272786,369704,211837,3674
6,../model_20180307_2144246090.uvl,49,39,63934388,true,2067711,54666034,5880568,575695,298748,4691
11,../model_20140427_1594857347.uvl,19,21,34383514,true,1825717,28495237,3502856,147687,84594,3451
1,../model_20200621_929471783.uvl,11,11,30484131,true,1849158,24748601,3463600,90366,51245,2635
8,../model_20200901_164722413.uvl,11,10,33773439,true,1593443,26385063,5301280,128778,72186,5143
0,../model_20190920_579117949.uvl,13,17,45760317,true,1697129,39055306,4360784,228116,119712,3213
2,../model_20150419_1225785874.uvl,11,9,28103784,true,1484420,22114986,4148245,71572,40451,2208
4,../model_20170926_289427240.uvl,11,8,39324401,true,1513597,33226499,4184360,132578,70822,4050
5,../REAL-FM-4.uvl,290,310,230154139,true,10318523,193651106,20384940,2701596,1657125,3472
9,../model_20190513_110684557.uvl,10,10,39990340,true,1551311,34067642,3868575,164689,86644,3552
7,../model_20160225_2040495200.uvl,50,29,50704515,true,1921797,42876089,5185698,248332,139489,3035
13,../model_20170504_370000031.uvl,36,37,41739339,true,1626038,35495478,3955082,219650,114966,2025
12,../model_20190917_659690280.uvl,12,12,36546430,true,1356925,30671932,4066336,127504,77861,3368
10,../model_20230323_642188361.uvl,23,22,37953241,true,1704737,31140713,4370162,247499,143281,4366
14,../model_20170219_358603289.uvl,62,62,55046649,true,2109615,45777161,6275818,304934,232422,3170
6,../model_20120722_2065280700.uvl,13,9,32044214,true,1631875,25855449,4052639,147738,87073,3996
11,../model_20141129_1168519534.uvl,12,12,31353997,true,1746468,25693495,3529974,97089,56825,2066
8,../model_20190108_414883666.uvl,17,17,25778748,true,1587643,20729157,3015755,96038,57409,2472
0,../model_20130916_667715515.uvl,16,16,27611973,true,1635736,22182796,3339956,105424,58587,2738
2,../model_20140530_1262796172.uvl,10,9,26192591,true,1580889,20489704,3737606,76012,43747,2070
15,../model_20150309_1129343473.uvl,33,38,52729623,true,1897520,46454483,3512047,394751,214388,3279
5,../fame_dbms_fm.uvl,21,16,35973959,true,1704385,29932287,3686272,215930,110433,3805
14,../model_20230322_928718925.uvl,20,16,24400267,true,1451179,19277599,3196121,106938,58145,1903
12,../model_20130116_1542765516.uvl,10,9,32120239,true,1682017,27086846,2980731,100678,39000,2567
7,../model_20170311_1316290182.uvl,48,48,56956536,true,1923594,48469522,5489222,393526,345500,2372
6,../model_20190922_267709941.uvl,35,35,35832363,true,1433260,27387405,6120786,339771,187981,3528
11,../model_20131112_356575914.uvl,20,15,34023779,true,1399080,28318703,3721330,192363,107680,3215
8,../model_20161122_1255346120.uvl,15,10,26158014,true,1557859,20885868,3168579,160604,96640,3957
0,../model_20160504_18344306.uvl,13,14,31078799,true,1467532,26393746,2850169,99785,56477,2567
2,../model_20110310_1849309646.uvl,23,20,39011641,true,1918365,33197797,3372147,129143,71647,2571
5,../model_20110823_553386338.uvl,21,21,30064011,true,1634221,22028350,5896399,130308,108115,2634
15,../model_20180304_1150769979.uvl,48,38,88608014,true,1807355,81260840,4759974,292816,146548,2705
3,../model_20180222_524224426.uvl,26,14,38145815,true,1915170,31132170,4523186,207539,105008,2348
12,../model_20180611_1140870617.uvl,10,13,29871930,true,1705726,24807947,2910445,174413,52527,1950
14,../model_20130311_1184229274.uvl,11,11,34952054,true,1617207,29223140,3637757,127865,78579,3576
6,../model_20161123_1530983999.uvl,36,36,39545084,true,1864077,32559306,4358715,187576,151899,2676
1,../model_20130916_156611854.uvl,17,15,28361837,true,1744283,22975646,3169088,97834,53576,2336
8,../model_20190510_1232864614.uvl,12,9,37295069,true,1543300,31357439,4046269,76245,41313,1953
11,../model_20170703_1893075315.uvl,20,16,77286571,true,1756816,70923674,3971228,191993,102952,3424
4,../model_20161124_135805624.uvl,37,37,64234457,true,2001075,56079175,5237769,368841,210123,3258
2,../model_20181016_583005690.uvl,32,34,47421939,true,1679987,40393756,4613118,310671,177500,3193
0,../model_20200816_33425673.uvl,39,33,100151185,true,1835550,92339172,5144729,338567,183271,3445
9,../model_20140326_183546394.uvl,11,11,36945338,true,1668461,31735848,3042586,142525,85695,4135
15,../model_20201002_1982652571.uvl,15,15,30750114,true,1701549,24624136,3927397,88440,48783,2535
12,../model_20170919_414938854.uvl,47,35,42015142,true,1768897,34632947,4875715,226049,122455,3184
3,../model_20101024_1938793748.uvl,29,32,40926824,true,1674665,33935499,4751453,173681,97732,2012
10,../model_20171005_661289758.uvl,10,10,34379232,true,1590993,28144325,4177240,121435,76919,3303
13,../model_20150427_2103265175.uvl,56,54,77724180,true,2109289,68072001,6159615,591642,409311,4903
14,../model_20100213_206550190.uvl,38,33,95670282,true,1933527,88930283,3981380,276999,142438,2678
11,../model_20190913_1052617154.uvl,21,21,26727434,true,1665753,20360508,4250881,120438,66036,2928
8,../model_20190916_1777637747.uvl,10,10,76967593,true,1589301,71556417,3455189,66567,37721,2192
0,../model_20140905_2124104947.uvl,10,9,31581127,true,1484113,26136415,3570648,113753,63376,4396
9,../model_20221017_1844403757.uvl,10,10,31122794,true,1582253,25608044,3600122,65537,35810,2649
15,../model_20141129_1031364.uvl,12,14,39192037,true,1904498,33572304,3188388,164902,101428,3077
4,../model_20150425_1862491910.uvl,80,77,76155958,true,2392724,66025962,6564015,397869,243822,3204
12,../model_20100321_1548012375.uvl,18,18,30768914,true,1772207,24966709,3512778,134642,65428,3419
7,../model_20190916_779041735.uvl,41,23,37398550,true,1768723,29727196,5181373,192574,123511,3053
3,../model_20170821_2117231347.uvl,28,42,56657888,true,1816552,49171381,4592831,385967,312748,5341
13,../model_20190514_850677966.uvl,25,29,42817083,true,1602516,35709320,4726608,301950,175805,3760
10,../model_20160519_1846923063.uvl,39,50,88509088,true,1760300,79606243,5660795,757360,360147,3967
14,../model_20140209_738203734.uvl,51,55,63003734,true,1960065,54026465,6015351,393407,200082,2892
11,../model_20131202_1775789712.uvl,50,50,37620172,true,1749943,29701748,5468095,239160,132163,2152
5,../model_20160229_490224198.uvl,49,39,43516342,true,1852131,36863055,3977702,279155,150689,2750
8,../model_20180214_1066016479.uvl,96,79,67641391,true,2353081,58473275,5472178,539217,364352,2145
9,../model_20160606_235281629.uvl,13,13,23558839,true,1517768,17907094,3767962,82512,48049,2905
15,../model_20170316_1293936491.uvl,48,53,38342604,true,1635561,30629472,5250958,283031,265516,2945
12,../model_20110712_1373520081.uvl,66,61,49442470,true,1929255,42048959,4629267,324621,170323,2045
7,../model_20130731_2029107317.uvl,76,68,48708128,true,2462027,41032561,4257934,389036,188258,2473
6,../model_20221031_340330235.uvl,35,35,29527774,true,1663306,24055896,3247335,173549,91195,1997
1,../model_20140503_2024413965.uvl,16,14,24189292,true,1730361,19449933,2625595,90037,49634,1997
2,../model_20101109_1698100628.uvl,15,15,37461375,true,2412627,31466918,3157389,85173,51587,2807
0,../model_20140423_1890396897.uvl,36,31,32690925,true,2036446,25804583,4266123,189240,103700,2654
4,../model_20160304_165509543.uvl,43,42,37375896,true,1775709,31595102,3396465,235366,117978,2031
