index,filename,n_features,n_constraints,execution_time,result,clif_gen_time,clif_ast_time,bridge_solve_time,code_gen_time,generic_csp_model_time,concrete_csp_model_time
0,../REAL-FM-15.uvl,25,21,30319607,true,1610026,23542335,4596529,153974,77399,2796
3,../model_20180913_1045465294.uvl,10,6,21225368,true,1615303,15730185,3533203,66496,35497,2337
1,../model_20131112_832913408.uvl,17,17,24315518,true,1596099,18138286,4171430,94478,54910,2582
15,../model_20121214_211817376.uvl,14,14,24262144,true,1392821,18480559,3959129,107768,55398,2746
14,../model_20110826_819334011.uvl,24,24,28124756,true,1516967,22223321,3832996,143440,75559,2654
5,../model_20150414_2125272166.uvl,21,24,35346126,true,1598438,29489534,3596116,181216,117119,5241
9,../model_20180612_712325117.uvl,15,15,33027626,true,1483287,26893445,4224812,93870,59758,2398
7,../model_20091109_376438407.uvl,22,21,42913304,true,1471995,36335432,4435745,236330,145387,4836
11,../model_20230322_492815120.uvl,41,32,86399220,true,1721968,79228447,4728409,202188,108124,2991
13,../model_20140421_782765396.uvl,19,19,87889831,true,1523736,81798386,3927293,194661,112434,3790
0,../model_20100308_1355834007.uvl,20,18,33239144,true,1755375,26782941,4139534,181011,102474,3033
3,../model_20160919_1142576711.uvl,20,20,25835178,true,1563349,19587723,4222379,115968,64886,2248
5,../cfdp_library_fm.uvl,13,18,25992993,true,1441498,20843298,3230158,112735,63481,2818
1,../model_20170320_1505333083.uvl,47,25,37450853,true,1649102,29555143,5566631,213129,111694,2958
9,../model_20160527_1098137653.uvl,20,20,28921285,true,1348142,23446400,3506545,244469,104482,2002
15,../model_20110826_1574631601.uvl,52,56,41716677,true,1775640,33421796,5606396,286956,164602,2523
7,../model_20100106_985255768.uvl,20,11,28789764,true,1586356,22418125,4322875,113900,52670,3013
11,../model_20141129_1141626102.uvl,12,12,26812165,true,1834448,20535285,4048201,79117,46565,2312
13,../model_20200403_1474941211.uvl,14,12,34689599,true,1654761,29245016,3215514,162173,99808,3235
10,../model_20160905_774306083.uvl,14,14,24141818,true,1494732,19229770,3028794,80811,45799,2818
3,../model_20140423_969548559.uvl,49,48,37176774,true,1733688,30108699,4477845,247084,167778,2638
0,../model_20181024_611767532.uvl,13,14,28159618,true,1506268,22126656,4065730,104182,58785,2514
4,../model_20140503_110898123.uvl,16,16,27371862,true,1635417,20960615,4264514,115512,65289,2675
12,../model_20140428_1043688075.uvl,56,55,51941927,true,1755974,43174347,6119237,294196,165634,3496
5,../model_20121018_880874071.uvl,16,15,34820998,true,1367495,28511533,4368101,169749,99297,4344
9,../model_20150621_2090653675.uvl,20,18,33167955,true,1670564,26130432,4852946,114280,66542,2625
6,../model_20180513_39795521.uvl,22,22,39559840,true,1703976,32693798,4442581,233293,136592,4240
8,../model_20160921_24535453.uvl,29,28,46191043,true,1699967,38768911,5047440,233711,146901,4164
1,../model_20150120_214372699.uvl,40,39,52187437,true,2030546,43652145,5692436,218615,176985,2436
2,../model_20131112_1592384504.uvl,32,32,87767364,true,1855621,79367244,5638354,315875,172288,4874
11,../model_20190917_595353381.uvl,13,12,39269298,true,1458059,32443220,4829009,160926,97203,4387
15,../model_20221208_1116778716.uvl,22,15,46479791,true,1644969,39139336,5015337,210597,118739,3756
13,../model_20180514_1722608288.uvl,27,27,48224285,true,1745832,40680472,5021112,262037,164215,3938
14,../model_20150527_2051574410.uvl,28,21,35185631,true,1898102,29224894,3436442,219579,117542,3586
10,../model_20190917_1882445879.uvl,16,12,25548748,true,1600144,20608565,2922658,91941,48196,1797
4,../model_20121018_1578042435.uvl,17,15,27208700,true,1815170,21944615,3015740,103182,54637,2811
9,../model_20190915_1647283170.uvl,10,10,22372094,true,1662480,17020965,3266528,81488,40490,2906
5,../model_20130529_51708559.uvl,16,17,26943043,true,1753579,21599349,3170132,113917,61340,1870
2,../model_20120328_573707444.uvl,34,27,35705952,true,1769736,27772608,4715670,182204,936391,3085
11,../model_20180512_316263333.uvl,41,36,39282352,true,1852570,32203483,4416069,262922,138587,5887
15,../model_20120229_1103715736.uvl,14,13,30512706,true,1572422,24245833,4182838,144081,77688,2768
13,../model_20140227_661956564.uvl,47,43,44227377,true,1744984,36247578,5500300,236566,127109,2832
1,../model_20101112_864228137.uvl,137,138,105634372,true,3475244,92611956,7654623,658562,479909,2236
7,../model_20170926_1539445221.uvl,14,12,28418820,true,1645813,23225011,3169712,91270,51094,2240
4,../model_20120515_1862354569.uvl,15,15,26998584,true,1687570,21545782,3286153,98704,57379,2250
14,../model_20170706_1588900401.uvl,30,26,31303691,true,1530205,25609192,3542470,163564,89993,1805
5,../model_20150505_1728564449.uvl,13,12,24684883,true,1383236,18994290,3909174,86336,46978,2745
9,../model_20140410_1905141388.uvl,11,20,38826730,true,1557745,32543326,4064416,278769,142747,3700
3,../model_20130908_1070185514.uvl,366,528,404766287,true,14047619,359350210,23847902,3448068,2172648,2987
2,../model_20141212_523199394.uvl,15,13,38560768,true,1467487,32577249,4020187,181234,100778,3440
11,../model_20160531_990808801.uvl,14,13,41935009,true,1795091,35315954,4255543,168007,94800,4404
15,../model_20140630_1564361664.uvl,10,5,34476274,true,1663657,28296178,4059948,114173,62018,3825
10,../model_20221013_1054303307.uvl,66,56,69723692,true,2121666,58540282,7759878,561961,316764,4330
13,../model_20110525_928187171.uvl,14,14,38070964,true,1761618,31368994,4397304,153035,90665,4328
1,../model_20150309_670536624.uvl,22,28,52091179,true,1690996,45766481,4054082,167741,94636,3318
0,../model_20110926_608554224.uvl,30,32,32851555,true,1693078,26267150,4343358,171861,103125,2722
12,../model_20170809_1734454576.uvl,15,14,26872096,true,1674460,21272853,3496403,94868,56085,1981
7,../model_20160721_972954567.uvl,10,9,28836736,true,1673616,23959447,2865045,69608,40301,2178
6,../model_20131202_1494824194.uvl,34,34,35392723,true,1931593,28003991,4775695,176794,109392,2761
9,../model_20131122_1083650489.uvl,15,15,33488706,true,1753904,28042034,3286392,95797,54357,2610
2,../model_20190117_1837815772.uvl,14,12,27547269,true,1662604,21289786,4150526,88996,50199,2537
8,../model_20110516_1331478109.uvl,88,145,100539392,true,2696906,87691544,7346242,894070,1291097,3335
5,../model_20221010_1477134717.uvl,51,44,62076525,true,1972093,53337888,5673538,388133,226719,3548
11,../model_20160329_925786350.uvl,31,29,43246922,true,1715049,37225541,3571691,282555,153995,3425
13,../model_20180306_1851656621.uvl,49,41,52202971,true,1890692,43565672,5767224,407404,174554,2321
12,../model_20140424_1672030888.uvl,65,45,54267255,true,1995897,45938069,5424312,364194,195178,2898
0,../model_20130916_882364260.uvl,15,17,29594391,true,1582860,24325837,3309317,103492,60978,2378
1,../model_20141202_107430422.uvl,36,30,34577098,true,1560071,28010001,3500921,177950,1038188,2177
7,../model_20230615_784426434.uvl,14,13,35667284,true,1480065,29753632,4001381,101580,52724,2161
9,../model_20100412_337845737.uvl,10,10,22196957,true,1441108,17122568,3303346,71996,40104,2193
6,../model_20190922_230985682.uvl,21,32,35623250,true,1644127,28766299,4563150,205300,102632,2591
2,../model_20140320_391816142.uvl,11,11,31562979,true,1676211,25489472,3944918,131234,74842,3637
11,../model_20170206_852070049.uvl,13,10,24570095,true,1376393,19186482,3644182,113432,53205,2889
8,../model_20190413_1966613868.uvl,42,18,51423487,true,1952840,44581457,4050612,331880,168681,4022
5,../model_20130917_1805517149.uvl,13,15,86123825,true,1562178,80758214,3369111,112834,60219,2678
13,../model_20170510_174347414.uvl,15,13,27245844,true,1453391,21413799,3990611,96991,51433,2359
7,../model_20180611_1112345807.uvl,10,13,23123529,true,1499025,17399090,3745781,148485,48211,2716
1,../model_20170315_692595151.uvl,23,18,27510352,true,1403268,21019742,4639573,118592,64976,2360
12,../model_20140319_1506613330.uvl,16,12,30967504,true,1632768,25006949,3795022,96349,51080,2661
9,../model_20141021_386995832.uvl,24,24,33403904,true,1574172,26657876,4628339,147223,80172,2286
14,../model_20120113_1950870026.uvl,10,10,39734881,true,1653469,33603461,3935405,152870,84666,3851
0,../model_20150720_1580995178.uvl,22,24,32622715,true,1607098,25904004,4502754,136965,148897,2233
4,../model_20140408_1553357169.uvl,11,15,47333922,true,1661091,40162011,4843901,250150,131390,3822
6,../model_20200819_795623217.uvl,26,17,78104676,true,1614005,71459689,4323441,237244,129295,3608
15,../model_20201007_667063467.uvl,72,63,69718118,true,2344868,61308020,4825392,500606,238392,2583
10,../model_20130529_1165512118.uvl,10,10,33656166,true,1646576,28158205,3459033,91175,69320,3297
3,../model_20230322_572568226.uvl,51,36,39403128,true,2032242,32404735,4310073,228873,114238,2746
5,../model_20140321_1655023261.uvl,14,14,36217961,true,1585902,30690692,3408236,154557,84710,4104
13,../model_20170322_711096381.uvl,10,10,28202097,true,1633133,22396067,3734200,113460,70430,3081
1,../model_20100416_811483774.uvl,16,9,31005115,true,1702293,25545154,3230837,143490,77512,2795
12,../model_20140301_728202228.uvl,49,45,43524758,true,1886816,36880399,4000727,250352,132989,2144
9,../model_20150507_425070085.uvl,44,44,37600492,true,1778083,30755853,4270816,224028,129220,2468
14,../model_20141111_2120296387.uvl,51,18,40547213,true,2075838,32915218,4853315,192303,93672,2030
7,../model_20140209_34267674.uvl,44,41,95775505,true,1874335,87773714,4783166,569845,301666,4235
4,../model_20101119_1472596180.uvl,25,26,45878884,true,1808726,39344288,3891443,287612,171243,4712
6,../model_20180815_1120231956.uvl,26,33,53904659,true,1759187,47059252,4237651,353860,204137,2732
15,../model_20191119_1702487696.uvl,24,24,38683786,true,1790374,31541309,4721155,221148,129913,5534
10,../model_20190917_383002664.uvl,43,24,49210167,true,1713040,41415659,5395793,197111,105740,2686
5,../model_20161018_1395239714.uvl,11,11,20951564,true,1613479,15894049,3045813,80422,55185,3115
3,../model_20190914_1323674619.uvl,61,57,44267535,true,1868160,36559498,4741332,468059,175683,2896
13,../model_20160311_1359424486.uvl,50,50,56688682,true,1903471,49362114,4337217,420576,217716,3480
1,../model_20160330_149443721.uvl,30,43,39351172,true,1809274,32244877,4529424,261656,134209,2393
9,../model_20180512_733862721.uvl,23,22,32533188,true,1591365,25839348,4469787,146347,162920,2361
8,../model_20170301_235251685.uvl,14,13,30588241,true,1734806,24244334,4101457,125381,69720,4008
11,../model_20100529_1010171189.uvl,22,15,29550719,true,1492449,22855054,4690930,123849,72808,3017
14,../model_20170814_699386305.uvl,12,12,36848805,true,1538168,30561521,4229934,143689,86230,3768
7,../model_20201011_1804341944.uvl,59,59,68074606,true,2112675,58226629,6398405,488932,344784,3733
2,../model_20150616_314969910.uvl,26,27,38454999,true,1834766,31303430,4685144,166899,105454,2891
4,../model_20200901_1590540568.uvl,38,33,58790084,true,1927011,50357086,5403434,425286,258195,6628
6,../model_20130422_139902368.uvl,40,34,54869983,true,1746568,47370203,5035465,230189,130541,2521
15,../model_20180306_177892963.uvl,45,37,68424448,true,1815439,60025739,5366659,519976,293737,3836
5,../model_20100822_281357717.uvl,15,16,40958213,true,1698510,34960634,3803351,170589,71775,3390
13,../model_20140524_520707568.uvl,11,9,68526920,true,1567830,63564774,3022714,70909,37080,2869
3,../model_20221114_1363146415.uvl,39,43,60722596,true,1911184,53449018,4614871,225361,127878,2448
0,../model_20140423_813378270.uvl,48,44,67743587,true,2129565,59113181,5331809,488601,256879,3157
14,../model_20160912_772295854.uvl,18,18,24144712,true,1548228,19286961,2881804,99502,59211,2074
11,../model_20110318_225131257.uvl,15,15,27445605,true,1572545,21838741,3454846,154343,98135,3935
4,../model_20120328_810464459.uvl,17,17,25876691,true,1557810,20539935,3326104,103851,58285,2627
2,../model_20120823_304633016.uvl,16,19,36109851,true,1670098,29726930,4194417,149289,78778,2127
7,../model_20140223_789634838.uvl,26,19,38338901,true,1691221,31889407,4159975,136009,103474,2173
15,../model_20161209_758532997.uvl,13,5,27490052,true,1587568,21186688,4305957,80607,41161,3159
6,../model_20151106_857588743.uvl,21,25,47944245,true,1840806,40847547,4507945,266617,151094,3853
5,../model_20180512_143602565.uvl,37,37,55804314,true,1761031,48080874,4975688,373929,336158,4302
13,../model_20170927_2140419024.uvl,87,69,60903438,true,2307439,51713343,5742841,377879,198811,2171
3,../model_20230322_1914329788.uvl,32,32,33590177,true,1678938,26152381,4884477,327987,173187,4047
12,../model_20160420_474055968.uvl,96,69,67342876,true,2693935,54689604,8793564,407342,208767,2093
10,../model_20121018_1701181193.uvl,17,15,29129042,true,1594797,23019367,4087526,102087,54150,2434
4,../model_20130916_330769314.uvl,17,18,31748666,true,1562756,26255610,3391657,170890,75426,2460
14,../model_20171202_671836466.uvl,14,14,88583955,true,1576100,26120363,60322328,166933,89333,4485
7,../model_20171208_504832504.uvl,10,8,30943695,true,1770213,23136696,5604822,117023,41911,3639
11,../model_20180305_1565538092.uvl,50,39,53297145,true,2156732,44134155,5681561,592266,309366,4530
2,../model_20140614_1407759983.uvl,29,29,49303611,true,1890765,41918392,4561679,344554,201809,4631
6,../model_20120801_1784537083.uvl,12,11,26006717,true,1566065,20296340,3752227,95144,54172,3741
15,../model_20141029_1924517902.uvl,53,53,60140750,true,2043799,50112729,5574943,272498,1673634,2508
5,../model_20230322_61558144.uvl,16,16,40790456,true,1698420,34784256,3796771,168689,99208,4062
3,../model_20140728_1532422166.uvl,23,37,40695347,true,1661066,34216780,4074104,284828,146219,2409
13,../model_20130305_522520932.uvl,16,14,43087341,true,1677084,36775916,4165175,115562,61493,2078
1,../model_20110519_503436691.uvl,11,10,27305009,true,1746667,21722521,3441575,74164,40830,2320
9,../model_20131112_1617262618.uvl,30,25,33464836,true,1863655,27214557,3806940,167400,103539,2505
10,../model_20150616_1287606127.uvl,22,21,34408894,true,1598898,27717579,4402274,251001,132947,3614
8,../model_20141106_687094706.uvl,65,61,61683251,true,2374887,53101027,5215970,314670,171587,2273
14,../model_20161101_1287284082.uvl,50,37,51834919,true,1831922,44701874,4465071,243589,130164,3189
11,../model_20130818_278315719.uvl,10,10,28680938,true,1566857,21424034,5329615,71302,41823,2760
2,../model_20130716_384525556.uvl,17,12,28772878,true,1573454,23341293,3419892,109519,66812,5666
7,../model_20160311_358715911.uvl,26,26,44714686,true,1753334,38725220,3604178,142130,153968,2809
6,../model_20180913_872907572.uvl,15,15,32616127,true,1564845,26353205,4083092,263156,90049,3321
15,../model_20150515_2045521211.uvl,25,26,51302975,true,1783188,43996208,4726537,293764,166430,3353
13,../model_20120328_1357539597.uvl,18,17,25212902,true,1434820,19150501,4256491,110532,61592,2523
3,../model_20160329_736279509.uvl,14,14,27470090,true,1551337,22404499,3152192,85725,47322,2150
0,../model_20190915_38921055.uvl,10,10,30927533,true,1552192,25759793,3156254,106926,63169,3196
1,../model_20130426_1685243628.uvl,16,15,36575257,true,1538163,30703148,3890865,120510,54633,2239
9,../model_20230322_729074756.uvl,29,23,36104217,true,1391492,30014964,4217321,150540,84224,2901
10,../model_20140403_1425048263.uvl,12,12,32663368,true,1484619,26713904,4016922,127298,76247,3246
8,../model_20130821_361829065.uvl,30,30,36118848,true,1952696,29686638,3810623,183991,126753,3461
11,../model_20171108_1643056811.uvl,12,6,27373545,true,1510707,21152469,4277359,127095,66680,4471
6,../REAL-FM-12.uvl,14,14,27212926,true,1667299,21469440,3646916,102977,57495,2461
2,../model_20140615_1755551630.uvl,24,22,36838828,true,1485945,31077981,3757925,142260,79132,2687
7,../model_20160721_1827988269.uvl,19,24,35871578,true,1658814,30281391,3305598,235339,135760,2429
15,../model_20121026_334751192.uvl,28,28,36383931,true,1583258,29366095,4819030,193059,108858,3161
1,../model_20130117_2075912065.uvl,13,14,34932237,true,1605397,28964355,3697077,226623,124640,4048
3,../model_20111220_1184087779.uvl,15,9,29758042,true,1571640,23494377,4197867,146583,77243,2770
13,../model_20140613_2054294739.uvl,10,11,22822634,true,1444658,17361894,3569885,153851,48389,2616
12,../model_20140430_1345238885.uvl,17,17,26043960,true,1864696,19627894,4092478,99776,55120,2138
10,../model_20130916_1448418245.uvl,14,16,39520942,true,1590425,33557513,3785335,176355,110149,3557
9,../model_20141129_1642511009.uvl,34,37,58665225,true,1668297,51957611,4358257,272806,157459,2949
0,../model_20110329_10104623.uvl,41,35,55910178,true,1980666,48589419,4569435,232031,119746,2393
4,../model_20190825_1083955002.uvl,12,10,35317919,true,1681870,29019598,4105928,141798,74333,3534
11,../model_20110725_452580960.uvl,34,30,42215942,true,2057252,32275867,7154809,214846,134168,4784
6,../model_20141129_966803644.uvl,12,12,36201982,true,1648273,30233451,3941870,86995,47561,2505
5,../model_20180708_1907991672.uvl,24,30,54058522,true,1880340,47539328,3648166,317151,337671,3782
7,../model_20161118_1167269407.uvl,66,22,73616839,true,2295538,63241745,6722670,587631,385435,3632
15,../model_20111027_668940289.uvl,29,29,42949114,true,1776035,37167062,3431885,183644,103150,2422
12,../model_20120529_2101702978.uvl,35,46,51256172,true,1843964,44967948,3616586,318384,144518,2634
14,../model_20170607_1389753102.uvl,13,14,23433641,true,1609523,18240072,3169092,129314,51226,2050
10,../model_20110406_1047532859.uvl,29,28,53592706,true,1765213,46656785,4289712,335547,184216,2740
0,../model_20140605_572628146.uvl,11,11,36601009,true,1489876,31020160,3752630,70982,39598,2223
11,../model_20120915_487659597.uvl,20,17,29104764,true,1633645,22945392,4039082,119859,66137,2004
4,../model_20171109_1740328562.uvl,21,25,46389666,true,1672369,40711983,3390056,219619,119609,2893
13,../model_20190223_1159148955.uvl,103,70,79335971,true,2717671,68607280,6442123,607673,298241,3563
7,../model_20161003_680973994.uvl,53,58,54076783,true,1806732,43768286,6007947,587856,1604811,3528
15,../model_20170514_1578942718.uvl,40,44,68161697,false,1970103,59897507,5356181,492588,257668,3401
5,../model_20140409_1370428339.uvl,24,28,53093555,true,1758999,46267480,4329501,203486,248174,3078
9,../model_20221031_379205114.uvl,158,208,201338835,false,5352551,186194573,7181031,1466237,826760,2468
8,../model_20140823_1972464026.uvl,35,38,33073928,true,1845449,25514199,4946790,199756,174893,2891
12,../model_20140306_1607259562.uvl,43,49,43003051,true,1812389,34723607,5650511,257490,145733,2385
14,../model_20181029_2093756359.uvl,18,18,31022164,true,1473104,25508939,3382850,161242,195182,4048
0,../model_20170925_1698983864.uvl,19,19,28936362,true,1628066,22865417,3948585,114277,65042,2361
4,../model_20160621_993334585.uvl,26,24,32221770,true,1668702,25488161,4373555,154795,223907,3734
11,../aircraft_fm.uvl,13,12,36177815,true,1622524,30589270,3483688,136648,81342,3784
2,../model_20200815_1845054862.uvl,39,32,43332763,true,1924915,36485167,4229150,194317,107633,2754
10,../model_20170918_446567907.uvl,48,37,101867365,true,1893738,93161589,5922793,288023,149639,2872
13,../model_20150624_1191374126.uvl,13,12,32931331,true,1759380,26749550,3959813,99222,71367,3105
5,../model_20200810_956997411.uvl,39,36,57783586,true,1806821,49967691,5071291,378351,203125,3206
9,../model_20110328_1177934440.uvl,18,20,31655639,true,1578302,25504430,4081901,129177,73477,2366
3,../model_20111214_733452875.uvl,15,15,33323261,true,1486905,27234203,4109760,160018,92671,3900
1,../model_20160712_1875218337.uvl,11,11,28103141,true,1920736,21537823,4227154,70667,41009,2428
4,../stack_fm.uvl,17,13,26297314,true,1635887,20388312,3825553,94252,49354,1876
0,../model_20130105_1019508207.uvl,24,27,34245749,true,1575365,28021758,4093067,164125,93618,2384
8,../model_20230322_1194175451.uvl,34,25,32963640,true,1458287,25934537,4892369,249126,93471,2564
11,../model_20150109_425963323.uvl,37,23,36485765,true,2226188,28650859,4917346,178540,99498,2410
6,../model_20170310_2069806245.uvl,49,36,67080846,true,2128465,59489136,4497605,329792,179499,2486
13,../model_20180512_419383167.uvl,36,38,39680889,true,1758373,32186415,5063095,204286,180381,2235
5,../model_20200815_582760962.uvl,29,23,40802167,true,1497542,35047063,3544961,287211,171938,4684
2,../model_20091205_755658379.uvl,94,71,84044391,true,2663175,71388002,8078439,752341,511299,3824
9,../model_20130529_1162054266.uvl,16,16,32303008,true,1695658,27167685,3046243,103089,59345,2056
3,../model_20170919_1393589103.uvl,48,45,53535478,true,1836369,46260360,4441124,424999,182645,2783
1,../model_20170528_1427439246.uvl,10,11,22905458,true,1324283,17733192,3462763,90332,76302,2406
4,../model_20160531_486171149.uvl,35,35,52172395,true,1822866,45957071,3589589,305479,182484,2842
0,../model_20150625_1923523971.uvl,16,13,30633044,true,1823015,24487656,3856809,102511,57599,2338
15,../model_20180930_1153905679.uvl,27,27,32573530,true,1640730,26735844,3649380,146970,84145,2796
10,../model_20170221_1848353506.uvl,210,161,144574827,true,6357928,124510787,10185245,1284567,658944,3340
13,../REAL-FM-18.uvl,44,47,50786001,true,1950840,42864358,4670430,566743,301135,4211
5,../model_20171129_847069382.uvl,35,32,107746665,true,1734198,101261475,3999785,206807,170118,3319
2,../model_20150612_1719519345.uvl,14,12,91304910,true,1638098,85041029,4025712,156487,84117,3457
9,../model_20100607_746327867.uvl,20,15,30206453,true,1595378,23934787,4185629,110583,59833,1971
14,../model_20230322_1299985155.uvl,31,20,45016787,true,1880430,38917820,3619395,156454,85488,2959
3,../model_20160531_1105256806.uvl,25,30,37945159,true,1633974,31588891,3675897,368424,336606,4006
12,../model_20160330_469153666.uvl,13,13,22617612,true,1663372,16460068,4083909,77511,45332,1850
1,../model_20170228_2078125436.uvl,34,26,85789476,true,1681813,78505190,4951961,180128,91631,2084
4,../model_20170215_1976164448.uvl,35,20,40026513,true,1912837,32404620,5000916,255267,109365,2466
15,../model_20170512_1532934104.uvl,24,24,32495701,true,1558577,25922524,4311596,247147,150982,3620
10,../model_20120130_333619036.uvl,31,27,114334017,true,1982242,107832836,3754431,296764,163514,3774
13,../model_20141023_1600573567.uvl,20,20,45868073,true,1763807,39529142,3987597,216617,117222,3691
5,../model_20230322_774285627.uvl,15,12,25453043,true,1647622,19966271,3328359,141649,72501,3854
2,../model_20160429_2024552354.uvl,12,12,26362147,true,1699833,20514577,3619407,138593,83975,3690
9,../model_20160426_744600320.uvl,21,20,35076209,true,1931186,27322701,5238323,156000,108215,3715
3,../model_20130529_2135483929.uvl,16,17,25410564,true,1576225,19430822,3923276,114106,62036,2053
14,../model_20190805_1041162508.uvl,23,13,30711278,true,1679020,24018603,4496571,120341,65737,2169
4,../model_20230613_1168762973.uvl,11,7,33140344,true,1543781,27087552,4023038,118239,65151,3968
1,../model_20161109_258969269.uvl,10,11,41483310,true,1583349,34918209,4423905,165992,88368,3678
12,../model_20160125_59009200.uvl,37,35,58433178,true,1809412,50003204,5541328,448114,218437,4300
6,../model_20181205_2097248492.uvl,19,24,52268365,true,1689172,45538066,4310896,322054,175743,2774
11,../model_20110809_1799855518.uvl,25,13,41058624,true,1832085,33554732,4995697,199180,106821,3930
8,../model_20170919_303553909.uvl,49,55,87843329,true,1939101,78244582,6252779,655007,294792,2309
10,../model_20171029_1247758730.uvl,10,9,35049777,true,1823922,28708179,4057688,121914,59935,3410
5,../model_20150529_550903687.uvl,21,20,37320881,true,1735572,31550532,3504495,134712,74421,2356
2,../model_20120806_904481092.uvl,17,16,30451610,true,1555534,24269623,4154476,108810,64361,2010
9,../model_20230322_1887635433.uvl,32,32,35735399,true,1681095,28851640,4634225,165750,89509,2301
13,../model_20140227_386614568.uvl,75,49,65737521,true,2488146,53781225,6762403,429681,1712167,3547
0,../model_20150301_1821356180.uvl,28,33,49983552,true,1993530,43258357,3287009,218796,844824,3907
3,../model_20180911_126281571.uvl,10,10,23555418,true,1640478,17657528,3865638,84719,46059,2153
14,../REAL-FM-14.uvl,18,16,27680715,true,1667041,22453532,3119187,104754,70150,2355
1,../model_20130422_1348727660.uvl,19,16,34968861,true,1626962,29104271,3730934,192033,102363,2836
6,../model_20121213_681234650.uvl,33,33,38589217,true,1773396,31259715,4806157,283718,111492,3523
12,../model_20160926_106687243.uvl,57,52,51052353,true,1676922,42058673,6113869,536518,288915,4128
5,../model_20131122_1573422851.uvl,15,13,31477146,true,1636809,25774598,3654363,124434,55567,2161
2,../model_20130908_1057721135.uvl,14,14,31004471,true,1714315,25721682,3238695,84864,51826,1897
9,../model_20181103_2077285196.uvl,11,11,62032054,true,1677002,57060863,2919081,97395,54536,2488
13,../model_20160329_174305764.uvl,44,49,109243911,true,1926644,100808827,5622338,290839,187921,2409
15,../model_20170313_143405764.uvl,48,46,86800440,true,2133634,78131225,5558645,375723,176749,2337
14,../model_20160330_1233914245.uvl,12,13,40838401,true,1663365,35684243,3087912,99170,55222,2727
3,../model_20190917_1844149588.uvl,49,25,57506442,true,1976561,50049113,4421295,405587,213213,4013
1,../model_20191111_1176325905.uvl,16,14,33974522,true,1464635,28052856,4029580,90472,50989,2273
0,../model_20170930_228024571.uvl,62,69,66009754,true,2325090,57614510,4760064,524944,397997,2749
6,../model_20121023_1328975384.uvl,14,14,35578528,true,1546064,29953402,3694064,86025,52966,2365
5,../model_20200816_1246721801.uvl,18,16,32989545,true,1573034,26641908,4353981,106681,57467,2182
12,../model_20160919_422339066.uvl,50,42,59595509,true,2157101,50933183,5625449,332858,160254,2573
2,../model_20131202_533920013.uvl,19,19,39168491,true,1739662,32597435,4204527,190767,113642,2996
9,../model_20140101_941325443.uvl,10,10,28076415,true,1551212,22354695,3854706,81416,43618,3227
13,../model_20140615_1477062295.uvl,33,26,53916439,true,1774830,46790844,4594076,316760,164998,4013
4,../model_20160309_77134368.uvl,18,17,32451159,true,1900463,26510200,3590057,106490,58737,2183
11,../model_20180512_775268148.uvl,24,21,29380350,true,1653758,22631738,3707923,983147,68219,2135
8,../model_20131202_715513367.uvl,22,22,33107869,true,1708385,26871786,3991037,125380,72869,2427
14,../model_20180613_78021145.uvl,15,16,35382335,true,1720937,28655021,4445624,165038,93953,3623
1,../model_20180713_1002093829.uvl,23,17,47841416,true,1680647,40549799,4816501,296241,152567,3914
10,../model_20170404_1821671055.uvl,13,14,40373711,true,1592364,34403033,3823985,189625,111174,4195
0,../model_20160123_368502373.uvl,10,9,32564285,true,1491073,26500872,4079211,131115,77424,4681
6,../model_20190513_215044614.uvl,10,9,90713367,true,1542878,84486654,4226409,126001,64156,4047
7,../model_20190904_400441788.uvl,625,500,376519225,true,24372723,295581733,47385011,3830725,3387967,5977
12,../model_20130508_1842381745.uvl,16,14,42361163,true,1730716,35807036,4261856,197101,105347,4528
2,../model_20131217_806985744.uvl,11,7,29123079,true,1558303,23428694,3772182,106611,60316,3784
9,../model_20230322_310895789.uvl,26,26,39752609,true,1787077,32946435,4569837,140090,83827,2523
13,../model_20131201_820966647.uvl,18,19,25540245,true,1582987,19532597,3996832,111209,66152,1768
4,../model_20170627_231083922.uvl,14,14,40342419,true,1542610,35466583,2805159,184403,102487,4069
10,../model_20110203_2097159983.uvl,18,18,24560527,true,1633262,18884276,3581771,104055,62614,2494
6,../model_20160824_2005849052.uvl,21,21,26931934,true,1642510,20905906,3807324,147029,89144,3496
0,../model_20140819_535519547.uvl,13,13,21979319,true,1408971,16909073,3255304,83730,44704,2213
7,../model_20120110_139114401.uvl,10,10,23450659,true,1622098,17755710,3622987,87664,48855,2758
1,../model_20180306_1625675392.uvl,48,25,38019423,true,1587366,30503626,5084617,297495,121860,2538
12,../model_20180306_1110315637.uvl,39,19,37311881,true,1522071,29743666,5154935,357493,203334,10334
9,../model_20130122_243381566.uvl,14,14,36501835,true,1667414,30008046,4282403,148427,91241,3624
2,../model_20161128_2133107865.uvl,68,46,63348165,true,2191721,52980805,6951314,544507,182831,3049
3,../model_20190921_1186818003.uvl,15,13,40045724,true,1570095,34202463,3771930,163915,117852,3671
4,../model_20160917_824197127.uvl,14,11,34039849,true,1425005,28331551,3938613,86774,46477,2431
13,../model_20160329_1691896941.uvl,28,38,36744399,true,1541971,30629618,3799175,309846,137820,2636
15,../model_20140604_731553244.uvl,14,14,27741679,true,1672440,21689678,3999673,92101,63401,2191
5,../REAL-FM-3.uvl,43,45,44429431,true,1595127,37310450,4744734,270114,153380,2895
10,../model_20121023_356761254.uvl,12,12,26106697,true,1554207,20170076,3910728,123438,82121,3672
0,../model_20190916_233719618.uvl,10,10,22650081,true,1493022,17042040,3734942,69518,41656,2117
12,../model_20141107_377655341.uvl,24,25,34395987,true,1618457,28456577,3759277,149606,90286,2726
1,../model_20160502_1352812691.uvl,38,32,42408118,true,1966183,35445900,4237409,185440,176123,1753
9,../model_20170315_1174513943.uvl,18,18,29727661,true,1491763,23566941,4231788,103483,62317,2680
2,../model_20141029_1107505375.uvl,12,12,23426651,true,1595028,18023860,3450103,76644,43342,2288
15,../model_20160330_511669656.uvl,15,10,30487192,true,1478810,24387519,4197088,91243,46704,2563
13,../model_20091015_449909368.uvl,10,10,24376275,true,1626287,18563306,3770488,79996,48120,2364
3,../model_20190619_50728308.uvl,19,19,26007706,true,1323265,19605849,4483539,176924,90985,3184
11,../model_20190513_639238065.uvl,10,10,70589282,true,1512712,64373990,4143183,216026,117739,5104
4,../model_20131112_605989901.uvl,25,18,49614312,true,1572635,42406873,4930485,256615,145054,4454
8,../model_20150521_1423870525.uvl,16,16,37757051,true,1857991,31144432,4206811,160311,60757,3367
14,../model_20200919_469515687.uvl,20,18,42620929,true,1681968,35696739,4609994,225685,130756,4189
10,../model_20120202_1596034358.uvl,10,11,40047504,true,1553299,33848653,4132912,160352,94247,5092
12,../model_20160329_160417479.uvl,20,17,41183522,true,1675822,35783526,3135184,211530,109976,3618
1,../model_20151119_825568988.uvl,19,19,30346318,true,1769684,24939479,3041343,217843,119363,4764
9,../model_20180403_1861855205.uvl,14,14,24272374,true,1563237,18926347,3378644,85250,47976,1923
2,../model_20190522_227919886.uvl,20,21,29517605,true,1623460,23066717,4268341,163824,88281,2562
8,../model_20120109_1808102333.uvl,18,19,27446531,true,1653068,21301451,3933653,206450,72488,1821
11,../model_20130305_204544380.uvl,13,13,34581115,true,1513504,29142942,3579226,101714,57594,2036
15,../model_20160508_265400900.uvl,46,52,64260321,true,2110036,57338175,3976958,278285,159128,1973
6,../model_20200811_1911664133.uvl,17,19,30641243,true,1776918,24606533,3508289,271881,138308,3745
7,../model_20131122_23346211.uvl,15,13,24126943,true,1700514,19103912,2947793,95880,49881,2341
12,../model_20161101_1188178549.uvl,36,36,59185739,true,1845802,51263048,3929466,364051,1482889,4181
9,../model_20130122_1064508817.uvl,12,17,33060962,true,1481349,27996360,3190827,130799,70446,2567
10,../model_20190824_1440931285.uvl,104,104,90374473,true,2650722,80109423,6007230,604749,355153,3762
2,../model_20191126_842054213.uvl,21,23,37696054,true,1622046,32188628,3345865,146865,75904,2595
14,../model_20110704_328391695.uvl,172,145,102365277,true,3693059,87135731,8814175,1311284,814293,3788
11,../model_20230228_1021126902.uvl,11,11,21694515,true,1400375,16701570,3222823,85165,49298,2434
8,../model_20120522_87989914.uvl,35,47,56431514,true,1753680,49010608,4726428,328496,306800,2524
7,../model_20170517_1986241278.uvl,10,10,28171729,true,1535747,22717776,3467905,129046,75693,3173
15,../model_20170916_973590519.uvl,48,39,59161303,true,2174771,51636497,4466094,373217,178800,2225
6,../model_20120329_788560154.uvl,55,49,57567721,true,2090350,48432437,6170688,266392,139992,2266
0,../model_20180612_1244406232.uvl,33,33,105789315,true,1659139,99552061,3921987,189830,152512,3186
9,../model_20131016_1224723724.uvl,11,13,36670873,true,1558053,30568052,3880221,314050,101069,3384
12,../model_20131109_2060894287.uvl,14,13,39063127,true,1663615,32668080,4130847,197462,110571,3704
2,../model_20160315_505457800.uvl,28,28,41871193,true,1688462,34740430,4681770,266958,153818,3444
10,../model_20130916_2072761889.uvl,15,17,42948402,true,1627911,36466056,4222056,201561,114527,3854
14,../model_20160608_755102753.uvl,12,12,37159338,true,1570431,31135275,4055695,84889,51482,2692
13,../model_20120731_787433291.uvl,43,40,50620746,true,1975574,42600298,5276698,247044,125441,3885
11,../model_20110306_314567479.uvl,14,14,25269750,true,1590456,20165637,3118358,85502,53274,2033
3,../model_20110222_2078967171.uvl,48,51,49586809,true,1956628,41087462,5658000,322024,151789,2348
4,../model_20200810_1487197226.uvl,29,29,29030553,true,1867079,22791154,3792941,152454,83668,2400
8,../model_20160821_1946133193.uvl,14,14,40617598,true,1645190,34436789,3986373,181184,94563,3699
0,../model_20190920_1330526555.uvl,10,10,33473321,true,1676309,26438706,4960047,70467,64697,3143
1,../model_20131125_731391866.uvl,18,19,29475485,true,1872336,23011093,4013162,193865,117409,3346
9,../model_20120328_1667195252.uvl,24,25,42006176,true,1819429,35212743,4444473,154656,96495,2884
12,../model_20111025_1408959776.uvl,13,13,27992874,true,1781518,20683543,5124825,77419,46641,2205
14,../model_20190503_1463982406.uvl,41,45,40723225,true,1835838,32791863,5284174,247436,152041,3802
10,../model_20200128_1154759905.uvl,23,23,52060981,true,1751480,45997094,3526674,296123,156530,3890
2,../model_20160411_1158715394.uvl,11,11,91873693,true,1628404,85642391,4132854,122870,73230,2999
3,../model_20160330_1356575467.uvl,10,10,23947196,true,1624222,18428191,3488688,68747,42233,2617
11,../model_20171010_332868283.uvl,12,11,22143909,true,1638778,16240775,3868124,98126,45524,2592
4,../model_20180819_995624779.uvl,14,14,28413537,true,1603279,22835412,3441056,188589,54031,2554
8,../model_20161012_1497804026.uvl,13,13,38685396,true,1603613,33355714,3212221,150060,83297,3562
13,../model_20220910_809454030.uvl,37,39,55569635,true,2061957,47476379,5158579,311856,141474,2620
0,../model_20200609_1715293706.uvl,12,12,27160587,true,1697630,21164334,3765305,151309,89519,2880
9,../model_20140225_1829795152.uvl,14,13,30166467,true,1699580,24735192,3330097,96131,52537,2117
12,../model_20230322_242202942.uvl,19,19,28198263,true,1716584,21813321,4185830,110175,64158,3117
5,../model_20170328_1485540940.uvl,451,428,350112689,true,19560830,302630267,20540958,3522261,2322217,4672
10,../model_20101117_1571856147.uvl,10,10,23923094,true,1626612,17885210,4027319,72511,43569,2121
14,../model_20181219_1343761699.uvl,20,14,92439580,true,1531907,85648877,4544463,267236,129028,3044
2,../model_20100831_1378118837.uvl,35,32,56047215,true,1806390,47117050,6308978,363065,188524,3627
7,../model_20160221_544170906.uvl,11,10,23489979,true,1523106,17476721,4008990,195631,49231,1782
3,../model_20110826_1555954181.uvl,24,24,29008913,true,1662851,21830637,4973252,133340,73258,2015
6,../REAL-FM-9.uvl,14,15,28108299,true,1665842,21679513,4308037,104797,59206,2816
15,../model_20130324_1541392486.uvl,51,43,41507275,true,1805852,34401563,4460245,254888,197610,3426
13,../model_20131128_2046989275.uvl,15,15,42134075,true,1686911,35559564,4315167,171605,103698,3575
11,../model_20160111_1033692827.uvl,61,58,65504601,true,2180527,57211035,5063607,323642,237476,2688
4,../model_20130916_1980915056.uvl,15,17,79149087,true,1673667,73246197,3712348,175785,96798,3504
0,../model_20140428_1127346099.uvl,72,71,65082747,true,2226703,54308571,6868787,604101,516593,4181
5,../model_20130812_690840910.uvl,30,36,37792414,true,1925120,30511164,4634385,203999,151722,4058
10,../model_20150507_1665248699.uvl,15,14,23698458,true,1616545,17921058,3786697,91067,48089,1939
12,../model_20180126_2070362475.uvl,30,25,36876516,true,1867634,31121011,3348317,159891,92516,2478
14,../model_20150320_593593000.uvl,13,13,42038946,true,1738880,36077495,3693662,187896,104490,3712
2,../model_20170310_906013336.uvl,47,33,61187717,true,1901552,53803326,4707925,305349,191632,2859
7,../model_20221025_2010292001.uvl,22,22,36580694,true,1725931,29684263,4652094,123223,65617,2430
15,../model_20120122_258977494.uvl,19,19,30489814,true,1630679,24453260,3887472,147025,79321,2390
1,../model_20171008_377237228.uvl,43,43,61846577,true,1782295,53983063,5104172,417706,242637,3751
3,../model_20230322_2065877531.uvl,26,26,29157373,true,1612683,22027792,4790021,311355,80551,2657
13,../model_20150305_837831991.uvl,39,42,42345354,true,1761604,35342804,4551664,233300,136389,2779
11,../model_20131122_1558809462.uvl,26,26,37589658,true,1621952,31864084,3414704,189922,201251,3102
0,../model_20161107_2119549052.uvl,12,12,26058782,true,1697584,19806076,4136076,76394,46429,2879
4,../model_20161128_844678202.uvl,39,31,53451520,true,1987556,46403653,4222055,293978,133247,3318
10,../model_20150223_339293957.uvl,26,25,48474612,true,1741178,41562499,4535319,185191,93255,2161
12,../model_20120904_1604580471.uvl,13,8,38216426,true,1714171,32529446,3505132,127606,68566,3729
5,../model_20120829_1418879889.uvl,10,10,80734514,true,1707882,75420397,3091075,122531,69505,3648
8,../model_20121123_388334786.uvl,16,17,36746426,true,1651676,30586629,3889166,224030,114672,3441
2,../model_20130911_2001583567.uvl,34,24,56252883,true,2012970,48186680,5241752,323368,167788,3853
7,../model_20131111_1486670620.uvl,21,18,28643235,true,1429342,23167995,3605080,114157,62741,1954
15,../model_20131028_1719041666.uvl,19,19,24350655,true,1587918,18807752,3422701,161272,65297,3153
3,../model_20190917_1679843058.uvl,11,11,38673326,true,1626651,32706686,3874743,135556,80080,4431
13,../model_20130220_406091727.uvl,43,48,63715731,true,1544462,55943470,5401326,286003,155086,2274
1,../model_20170818_1523700786.uvl,31,31,45241445,true,1489679,37744061,5241683,321035,191139,4365
11,../model_20180222_1813103418.uvl,26,18,51916992,true,1634071,44504669,5076638,248556,134023,3984
4,../model_20180222_1531590612.uvl,18,17,45404494,true,1713310,38974260,4181399,178215,99941,3610
9,../model_20150429_343028682.uvl,43,39,57771450,true,1860725,49043041,5908204,401675,232441,3130
0,../model_20180311_1112468126.uvl,29,29,51794604,true,1819599,44806861,4421408,285052,169600,4625
5,../model_20160906_881197553.uvl,18,14,29177559,true,1643062,23764843,3228581,157740,82316,2595
10,../model_20160229_1590940306.uvl,50,58,70293076,true,1944392,63359287,3992256,338612,232413,2237
12,../model_20230322_1023477919.uvl,73,55,50246386,true,2396220,41667220,5100077,332419,215888,1919
6,../model_20160329_1491802197.uvl,20,17,69864435,true,1668567,64412479,3349249,111516,56703,2277
13,../model_20171014_936370428.uvl,10,9,21918027,true,1523010,16337657,3707121,70094,40369,2252
1,../model_20140303_1487935744.uvl,23,14,27770986,true,1522516,21376658,4373514,125321,59187,2219
9,../model_20191115_635910941.uvl,37,28,52092311,true,1684379,44666200,5068705,191925,95159,2915
4,../model_20190916_1591625575.uvl,42,24,56013070,true,1886597,49271316,3999576,293406,144101,3454
14,../model_20160330_1191432205.uvl,19,19,28385104,true,1775783,22264034,3905199,113869,61786,2164
7,../model_20161127_1823059506.uvl,69,257,254143097,true,3391873,241898373,4740454,2323484,1185692,3385
5,../model_20170320_772300106.uvl,48,48,45148403,true,1957273,37671332,4507004,404802,167810,3715
10,../model_20121123_1588832561.uvl,16,15,28357996,true,1625937,22741973,3550852,94669,52446,2270
12,../model_20160308_993894457.uvl,10,9,25823011,true,1527849,20540531,3410577,76728,42720,2824
9,../model_20200619_2057881785.uvl,37,39,40669759,true,1403589,34634894,3880500,281093,212584,3056
13,../model_20171012_404282969.uvl,25,25,31868861,true,1712208,25492133,4036816,135849,76665,2640
4,../model_20140614_2029282468.uvl,54,54,56425472,true,1846639,48784397,4863593,283718,227880,3099
0,../model_20170328_418838667.uvl,261,254,207730216,true,9334985,174151725,17870423,3361121,1798880,4985
14,../model_20200810_1407499848.uvl,35,35,52568013,true,1808885,46062858,4021310,205818,116368,2805
7,../model_20140326_801743865.uvl,13,19,46411631,true,1591436,40830655,3202135,243130,258345,3815
10,../model_20140629_1128400878.uvl,42,32,37951796,true,1582086,30236755,5405682,237098,119918,2921
5,../REAL-FM-10.uvl,14,13,41102559,true,1938791,34852080,3769768,163282,84562,3834
8,../model_20140509_978687642.uvl,10,10,28968648,true,1750643,22638223,4062943,111863,65779,3331
12,../model_20091219_494647199.uvl,11,11,32171443,true,1399554,26193116,4143770,110904,65593,3255
2,../model_20190919_887233558.uvl,17,17,41721877,true,1745304,35667054,3768307,189140,105110,3831
1,../model_20170321_1774846112.uvl,179,155,151429278,true,5295558,132256592,10317291,1711021,1059014,4741
15,../model_20141116_913921823.uvl,44,41,41600725,true,2117882,34376148,4330021,237244,111776,2288
3,../model_20190918_1569717148.uvl,17,17,35568953,true,1796825,29686247,3448777,301152,82423,3670
11,../model_20170131_61369545.uvl,39,39,56868269,true,1870193,50193313,3846626,380449,214536,3652
9,../model_20190624_198695067.uvl,24,24,48315115,true,1718863,41293804,4577253,245289,148617,3970
4,../model_20140130_912999540.uvl,13,13,38113215,true,1447299,33242383,2944501,181262,95722,3476
0,../model_20180407_489573335.uvl,109,126,97178269,true,3134476,85665095,5995689,630143,333976,2659
6,../model_20121018_1875808662.uvl,16,15,25146315,true,1593368,19155755,4016248,94451,51278,2453
10,../model_20160913_482611615.uvl,48,37,56276836,true,2071542,47806987,5376778,435431,149966,2960
12,../model_20230615_743611401.uvl,24,19,30603880,true,1749363,23911557,4420375,131320,72092,2348
8,../model_20141030_1194865372.uvl,48,43,47104258,true,1991777,39147367,5136095,232437,134156,2724
1,../model_20161025_210874268.uvl,10,10,32211558,true,1634519,26490172,3735536,70691,44557,2475
2,../model_20151127_885194761.uvl,36,35,56529087,true,2003299,48386642,5136749,368138,219567,3502
15,../model_20160301_1978418899.uvl,24,32,48043654,true,1892492,40774788,4574641,253121,177496,3504
3,../model_20140410_454790336.uvl,11,22,53395533,true,1709411,47556413,3393855,297596,151614,4159
9,../model_20150310_1159520762.uvl,35,39,35019738,true,1783250,28883449,3615480,226049,121835,2636
11,../model_20190917_1352548057.uvl,59,33,59004752,true,1916896,51889387,4420657,243005,121699,2034
4,../model_20120202_114979109.uvl,22,19,70097330,true,1591741,63944520,4057335,159103,85138,2102
0,../model_20160629_1032137585.uvl,16,15,44621353,true,1741771,38076017,4217644,221684,120195,3570
10,../model_20190917_896971240.uvl,35,20,42520454,true,1970652,36420318,3529566,158914,79460,2065
12,../model_20121212_425431925.uvl,16,15,33026989,true,1671758,27476191,3440418,93472,52300,1825
2,../model_20180222_1576024243.uvl,13,10,30448851,true,1692435,25427059,2977672,81314,42589,1986
13,../model_20121018_795335675.uvl,16,15,42071411,true,1693234,35366717,4431566,178870,102221,4096
15,../model_20171005_1407702877.uvl,28,28,54289900,true,1555188,47129711,4861267,290975,160633,4035
3,../arcade_game_pl_fm.uvl,61,95,118782056,true,2353441,107754379,6600503,1088039,572944,3754
8,../model_20120725_1460954667.uvl,97,81,151243994,true,2699752,139198499,8225040,460139,251593,3338
9,../model_20121123_1266693931.uvl,16,15,44448649,true,1701160,37914671,4209279,190559,105153,6356
4,../model_20180618_656757926.uvl,11,11,36759619,true,1659878,30623941,3992995,133830,76150,3908
1,../model_20221026_1860047321.uvl,103,93,76954259,true,2975277,65607627,6570213,588022,498125,4488
5,../model_20091129_1734444143.uvl,12,13,39467620,true,1765236,33065607,4079793,157770,93299,3370
7,../model_20230322_812446738.uvl,34,23,58296039,true,1769601,50876223,4754647,320096,174144,4154
0,../model_20140411_1148485857.uvl,12,23,50577221,true,1579349,44836988,3400717,338319,168208,3881
14,../REAL-FM-1.uvl,88,72,118378208,true,2475467,108208578,6180939,520829,358180,3742
12,../model_20150114_50814742.uvl,33,32,56469267,true,1848785,48393330,5248219,407830,209012,2655
2,../model_20101120_2091447559.uvl,20,20,40440569,true,1704808,33846232,4241932,199080,114231,3271
11,../model_20200907_1678285822.uvl,63,63,77499593,true,2217978,67522328,6298112,596428,395871,3697
3,../model_20200810_1943380085.uvl,26,22,37380158,true,1814520,31362479,3635313,148545,75594,2036
13,../model_20181005_1705175151.uvl,26,20,51896014,true,1904900,44841862,4404413,259193,139691,3987
8,../model_20130106_749900457.uvl,21,15,34321076,true,1633065,28243895,3958831,114030,60227,3480
9,../model_20190513_1805648090.uvl,10,12,35179947,true,1545378,29155104,4015448,143325,80857,3659
6,../model_20110722_419227445.uvl,25,25,32370743,true,1712679,25328032,4650116,236063,136541,3981
4,../model_20160502_596671432.uvl,25,18,37686257,true,1667021,32002550,3539100,130977,71367,2975
7,../model_20200817_129447612.uvl,37,37,42119262,true,1840695,35902502,3650328,254159,112506,2070
0,../model_20110401_868452735.uvl,14,10,26454823,true,1712058,21199127,3132196,81586,43778,1892
14,../model_20140613_1129301242.uvl,10,9,25655752,true,1625796,20425992,3273354,73699,40269,2260
2,../model_20120328_523540818.uvl,10,10,33775177,true,1461144,26668382,5270058,103251,51498,3661
12,../model_20110718_866950306.uvl,20,19,41408148,true,1730003,34844152,4179764,220400,120385,3676
11,../model_20191016_1243022077.uvl,83,83,61032310,true,2313902,51244600,6255585,437857,237933,2708
3,../model_20131114_87095598.uvl,57,61,56806718,true,2113459,47581677,6102229,307388,169455,2861
13,../model_20121018_1639434192.uvl,17,15,37834911,true,1696134,32210920,3363670,184917,102482,3891
8,../model_20190502_109355269.uvl,18,18,26163549,true,1571455,20076132,4103308,100093,55419,2286
4,../model_20130522_1326579656.uvl,45,45,39684631,true,2091237,32699735,4197192,247176,124950,3138
6,../model_20230322_497943934.uvl,40,27,50039295,true,1774153,42908776,4638699,293018,150086,3779
7,../model_20230322_2049733851.uvl,24,22,36851241,true,1747936,30822971,3725530,136787,82121,2621
10,../model_20140914_1816201365.uvl,37,39,59337401,true,1936484,51477360,4859262,387464,325893,4307
0,../model_20140819_914542251.uvl,62,59,73908613,true,1965863,63682354,6845898,608986,327761,3960
12,../model_20221102_1308706395.uvl,17,12,39928485,true,1763759,33211561,4333194,203661,111476,3400
2,../model_20131112_1840652917.uvl,17,18,72354621,true,1636948,66017039,4240426,108791,62115,1929
11,../model_20141030_1477913256.uvl,12,12,68648226,true,1635554,27559987,39054838,85971,50499,2501
15,../model_20100624_2076952989.uvl,17,17,48025195,true,1770549,41188034,4351158,257026,129033,3447
3,../model_20160606_412121552.uvl,14,13,37940781,true,1605777,29705308,6091210,159946,89058,3160
13,../model_20120328_288933955.uvl,17,20,38831334,true,1713627,32984986,3639953,123449,74520,2116
1,../model_20180301_203291309.uvl,13,13,35131478,true,1694428,28757789,4168568,132433,80987,3720
4,../model_20190203_959278211.uvl,27,27,35682977,true,1755193,29627508,3600298,181636,125693,116546
5,../model_20161117_1407262512.uvl,21,16,43791056,true,1786635,38160593,3411628,114052,62223,3123
6,../model_20200901_93573304.uvl,38,29,42188611,true,1772209,34421971,5177722,326410,166565,3470
7,../model_20160303_1635209528.uvl,16,15,34531698,true,1763476,29538367,2842495,96777,53680,1987
10,../model_20160330_1784601624.uvl,25,22,30302432,true,1735076,23286696,3881881,139591,957149,2460
0,../model_20131112_1825068383.uvl,25,30,50425871,true,1860202,43739500,4048413,314332,174282,3561
12,../model_20130811_391981530.uvl,41,51,70933581,true,1981277,63921899,4147371,296806,162458,2480
2,../model_20200901_1356822502.uvl,38,29,38004725,true,1813827,30092766,5317756,188557,176546,2591
3,../model_20100927_1382418986.uvl,10,12,26939382,true,1463726,21918365,3196109,93900,52974,2784
13,../model_20160925_2087627141.uvl,47,44,65318766,true,2031421,57507357,4355348,577550,376359,3759
9,../model_20141113_346832425.uvl,56,59,51922252,true,2284586,44562559,4240882,311822,178365,2906
5,../model_20230322_604627146.uvl,22,18,34290632,true,1549857,28440755,3850766,123894,65005,2549
6,../model_20150305_15208156.uvl,30,34,36508854,true,1740756,29179689,4843131,191184,194837,2479
7,../model_20130116_382639902.uvl,31,30,58724519,true,1675971,49552728,6820480,234812,118764,2485
1,../model_20141119_1459706454.uvl,34,33,43676051,true,1856281,36595983,4265381,357370,191800,3833
14,../model_20160330_1846251072.uvl,39,38,51875042,true,1827242,45083042,3946706,364538,374433,4069
0,../model_20171207_1015871671.uvl,18,34,59945222,true,1914290,52704179,4381137,430582,217922,3357
10,../model_20170320_149190356.uvl,50,56,107261095,true,1980946,99292821,4966524,365458,187560,2564
4,../model_20180227_1765307019.uvl,116,84,125979105,true,3255406,113748803,7232268,631077,344684,2680
12,../model_20130619_405989942.uvl,10,10,34445352,true,1672431,28250430,4046469,124146,71342,3392
2,../model_20160329_1368375444.uvl,33,32,61768706,true,1895014,55173452,3746943,425308,217593,4112
3,../model_20180222_1895267586.uvl,22,25,31385428,true,1538714,24829961,3565304,147008,970464,2549
8,../model_20190502_1338968023.uvl,34,39,42870866,true,1685213,36643544,3788185,219135,187005,3583
13,../model_20170517_1468714593.uvl,10,10,38002941,true,1689806,32426891,3228515,285824,89225,3612
9,../model_20190730_1957937065.uvl,25,25,41938332,true,1745820,35917784,3756669,151643,84834,2827
7,../model_20200810_1274447969.uvl,33,31,39084891,true,1936650,32837875,3635043,200331,92338,2297
1,../model_20110826_1744501275.uvl,24,24,41420352,true,1621619,35405818,3897192,135970,75092,2548
10,../model_20120110_1754443954.uvl,10,9,23800690,true,1622928,18702869,3087684,104155,53704,3062
14,../model_20180306_422218475.uvl,53,36,72993523,true,2103345,64128267,5761595,286275,260409,3138
4,../model_20140422_1825362104.uvl,21,21,28341537,true,1737401,21424298,4708538,114225,61617,2640
0,../model_20131129_2135897376.uvl,10,10,34845481,true,1457738,29107716,3917282,96603,48546,2399
11,../model_20160623_1415871890.uvl,13,11,35557027,true,1690909,29123146,4220838,174309,93006,3289
15,../model_20101110_1749898936.uvl,19,20,45605926,true,1855567,38146719,4888847,257077,137325,3571
12,../model_20150222_409043024.uvl,52,41,64604441,true,1951142,57208365,4491703,398311,159520,2504
2,../model_20180512_660942805.uvl,36,38,54866742,true,1704413,48071939,4113152,386006,329127,3683
8,../model_20180411_122889136.uvl,26,23,31097197,true,1693777,24975792,3805832,138669,159749,2402
9,../model_20111031_386778867.uvl,25,13,32837307,true,1815266,25937364,4478148,121214,149075,2721
13,../model_20120627_1512389149.uvl,11,10,40912972,true,1607670,34733720,4042529,160796,86030,2877
1,../model_20230608_1658584159.uvl,24,24,36208843,true,1777276,30544355,3328832,130378,86476,2783
14,../model_20120110_855603964.uvl,10,10,23843116,true,1603398,18712982,3017835,182922,49488,1963
10,../model_20101111_1790887308.uvl,10,12,23811963,true,1453663,17636491,3347148,1080796,50648,2524
4,../model_20171012_484328807.uvl,36,36,30968398,true,1641193,24618819,4011119,199599,103005,3761
12,../model_20200412_2136556876.uvl,12,12,23958106,true,1568479,17290710,4694592,115120,59745,2281
0,../model_20131112_1315617761.uvl,58,62,51086886,true,1964248,41009637,6576531,673906,379212,4978
11,../model_20121102_443205816.uvl,26,18,52266465,true,1832590,45472977,4153689,265154,149783,4104
2,../model_20170821_744427680.uvl,15,23,117374879,true,1588965,111285077,3620996,401679,191087,4028
8,../model_20160330_218438641.uvl,23,15,27757632,true,1544550,20871872,4804097,123398,67422,3028
9,../model_20111027_966072474.uvl,10,10,21832464,true,1620050,15862532,3980356,64791,39291,2151
5,../model_20150423_1422172417.uvl,14,12,33477386,true,1801498,27274424,3973096,87139,47758,2688
13,../model_20101116_1022976130.uvl,34,33,37570128,true,1568531,30370207,5007420,186879,109013,2691
6,../model_20160317_1483846003.uvl,46,46,66185574,true,2190308,57494670,5427544,495631,245800,4196
4,../model_20190129_1004578234.uvl,18,19,28428984,true,1670918,22893130,3358273,115197,67158,2043
14,../model_20120418_828883554.uvl,52,28,39813779,true,1985973,31530247,5430430,298651,128379,2742
1,../model_20160229_171128808.uvl,48,48,55598183,true,2133601,48330993,3985516,440024,240346,2674
0,../model_20180611_1800915628.uvl,10,13,26942081,true,1682757,21017620,3675661,184771,52951,2942
12,../model_20190128_1522973155.uvl,23,28,47215540,true,1636520,40238676,4608460,268919,141250,2895
11,../model_20151103_1678219280.uvl,19,19,42544249,true,1764849,35808390,4346144,200688,112153,3006
3,../model_20151111_460133826.uvl,40,41,53100307,true,2034019,45426279,4994927,221028,122618,2500
8,../model_20180306_73619671.uvl,48,30,70867784,true,2012841,62077211,5587324,484812,260822,4016
5,../model_20180729_701594854.uvl,22,25,33982941,true,1698121,27450753,4279882,151787,89049,2333
13,../model_20230423_1943321532.uvl,27,27,42524606,true,1754392,35763857,4217522,277207,157145,2880
6,../model_20150301_527193150.uvl,24,24,48046439,true,1862369,40654851,4811925,258268,132132,3060
2,../model_20180302_974887082.uvl,122,150,104233066,true,3503945,88527310,9966857,906889,480108,2258
7,../model_20130908_2094539725.uvl,81,81,78028292,true,2395599,67296506,6973085,630898,373515,3760
15,../model_20180305_2101436905.uvl,47,24,65632868,true,2265703,57750306,4655596,406614,218506,3639
0,../model_20111020_455520177.uvl,11,11,31979808,true,1607231,25727064,4221598,74997,45793,2314
1,../model_20230323_1971213764.uvl,46,42,66867345,true,2189767,57562358,5961802,441865,249948,4043
14,../model_20111130_1614470655.uvl,77,70,73729419,true,2335313,62228696,7447463,748344,436278,4095
12,../model_20110406_353034837.uvl,40,35,39431837,true,1983182,32285687,4473616,202638,107209,2262
11,../model_20100415_947132043.uvl,31,37,57653081,true,2001600,50454378,4111618,445384,241379,3687
4,../model_20161128_2006303576.uvl,96,66,160751555,true,2443481,150838081,5669464,849325,504250,3333
3,../model_20131112_1191150070.uvl,57,55,69182708,true,2311744,60401357,5215476,573097,321916,4067
8,../model_20100805_1484639410.uvl,31,35,53411260,true,1924231,47426449,3335712,256366,105220,2220
10,../model_20221029_568257220.uvl,17,27,66057910,true,1902722,59368274,3772152,457563,222633,3697
6,../model_20170310_195700687.uvl,47,44,56336744,true,1951741,47925433,5498228,368146,172248,2594
2,../model_20131112_1353790761.uvl,23,20,38732666,true,1796996,32690129,3784285,127611,69981,2399
15,../model_20150620_2057636397.uvl,13,10,37716928,true,1552658,32150788,3554092,141956,78637,3617
1,../model_20160329_926312476.uvl,21,14,33701072,true,1726066,27861832,3620059,114647,57485,2728
9,../model_20120512_712347860.uvl,13,12,24261006,true,1637074,17722852,4582953,79181,42956,1816
12,../model_20101104_260803083.uvl,11,10,34008238,true,1482147,28762903,3336296,136713,80337,3313
11,../model_20190922_729177560.uvl,21,21,33183500,true,1551352,27023929,4176420,119813,67431,2335
0,../model_20140310_1022041880.uvl,88,72,68605096,true,2430888,58146278,6551026,596529,286000,4994
4,../model_20140819_1738890661.uvl,10,10,21450517,true,1456730,16129377,3549378,69996,59399,3605
8,../model_20121123_2085968892.uvl,17,16,34111629,true,1573505,28123512,3840462,185442,102204,3685
14,../model_20120829_191972511.uvl,168,199,121575797,true,4727133,105999320,8097729,1217072,654778,2409
2,../model_20120422_1648870831.uvl,14,15,24062305,true,1427815,18903787,3298689,124116,62008,2348
10,../model_20130916_894347834.uvl,15,17,41946925,true,1489778,35836347,4081037,212007,113263,3642
15,../model_20170818_812208818.uvl,31,31,52081806,true,1749374,45643311,3857846,314250,165780,3915
12,../model_20190430_348224224.uvl,33,25,48397956,true,1629506,40479468,5719119,166455,88707,2346
9,../model_20120328_1227899142.uvl,21,20,34909010,true,1662506,28106233,4421545,272163,125619,3330
11,../model_20160227_1275602559.uvl,47,58,74421032,true,1949815,65201807,5992163,649577,230983,2633
0,../model_20130916_1112744253.uvl,15,17,29194727,true,1656915,23595273,3462899,107736,78799,3391
5,../model_20110519_1142211980.uvl,14,12,28614798,true,1423768,22399258,4378695,90667,48583,2626
4,../model_20170718_2017313962.uvl,18,18,38009144,true,1565826,31706575,4149935,201161,121227,3482
13,../model_20180530_1810935889.uvl,11,13,35114554,true,1688835,29213654,3798552,91597,56396,2813
8,../model_20130916_1467348272.uvl,16,18,43174813,true,1523633,36915554,4157922,204119,115208,4165
7,../model_20160121_1141972007.uvl,20,20,26691739,true,1934723,21370643,2898681,110109,61308,2553
14,../model_20221208_1038664369.uvl,28,21,41757145,true,1757610,35433028,4000885,145726,81123,2290
10,../model_20190920_56721129.uvl,15,15,84259291,true,1581965,78863701,3273364,151334,90076,4807
15,../model_20120328_1814590478.uvl,36,34,44296362,true,2015974,36884117,4715322,186593,196327,2753
12,../REAL-FM-6.uvl,11,10,29601024,true,1633905,24057706,3515201,91240,50064,2799
6,../model_20170402_1978825740.uvl,263,264,267341095,true,9406523,239218702,14501797,1945879,1047580,3133
4,../REAL-FM-13.uvl,12,11,29501117,true,1560204,23818729,3697959,96047,51467,2441
0,../model_20170420_1165511748.uvl,77,39,79704459,true,2450206,70630994,5577055,310615,157604,3259
13,../miniset/stack_fm.uvl,17,13,35529394,true,1658445,29619702,3855313,96339,51537,2349
5,../model_20200128_1186233455.uvl,23,23,36929504,true,1700559,30144376,4261040,310072,168905,4043
7,../model_20130815_1890929461.uvl,56,62,86550081,true,2166551,78169380,4562148,675325,527056,3095
9,../model_20130307_609838668.uvl,176,161,187477395,true,4419148,172746168,7963669,816250,544621,2096
3,../model_20160103_2012826523.uvl,94,55,109143365,true,2959602,97524026,6923778,824390,420455,3961
14,../model_20221004_622223252.uvl,26,26,28570983,true,1538095,21914750,4489018,138696,159879,3287
1,../model_20120328_361613983.uvl,16,18,31048018,true,1643941,25584058,3349498,126077,65224,2248
15,../model_20160307_1341241097.uvl,12,9,30603961,true,1610510,24569092,3968896,133428,74186,3106
10,../model_20181119_2037159342.uvl,23,24,40502291,true,1510920,34231674,4211377,185783,90734,2386
5,../model_20160906_1914580505.uvl,31,28,36831244,true,1838158,30242063,4230543,158038,85533,2195
6,../model_20140925_285704903.uvl,20,17,27982490,true,1708129,21085460,4620679,112853,82777,2568
4,../model_20151122_103763227.uvl,47,20,59777886,true,1751733,52758338,4337255,361866,175577,3656
2,../model_20121018_820869482.uvl,16,15,41732592,true,1575574,35794288,3881686,181841,94723,4520
3,../model_20190416_545039882.uvl,21,21,37987152,true,1657832,32423091,3392580,131671,66131,2946
9,../model_20160226_1944186213.uvl,48,56,45414102,false,2053337,37175611,5504704,312580,167146,2402
7,../model_20140824_1421620261.uvl,51,62,50564482,true,2123316,42088081,5370108,359029,183257,2504
15,../model_20160301_235863217.uvl,20,27,35114534,true,1293236,28878536,4404778,166889,95406,2020
14,../model_20190917_1855142600.uvl,38,33,49783314,true,1650834,42420716,4697475,341799,280423,4236
1,../model_20131121_194495737.uvl,12,10,41288417,true,1673242,35231728,3841541,169887,86520,3749
10,../model_20150512_534005467.uvl,31,32,51648098,true,1777586,44304861,4884255,207823,197767,2250
11,../model_20121123_1668268132.uvl,13,13,42980453,true,1792593,37134728,3401508,243804,107200,3755
5,../model_20131122_913576973.uvl,23,23,44272208,true,1745608,37051850,4751303,239871,142882,3895
8,../model_20150310_1642957582.uvl,29,32,42784860,true,1787753,35114033,4991924,351606,201794,3497
4,../model_20170308_1789444441.uvl,28,28,32635900,true,1664980,25905584,4550512,160380,86659,2294
6,../model_20150713_1448325014.uvl,32,27,41331367,true,1502583,34463206,4841719,191657,94083,2301
3,../model_20140614_1599125118.uvl,13,12,35293873,true,1589654,28999903,4187029,140350,82515,3844
2,../model_20160122_407616496.uvl,29,26,53027283,true,1901993,46109194,4182779,320673,171969,3629
9,../model_20190917_1598073515.uvl,16,16,41596466,true,1723734,35689729,3613735,187591,110301,3866
7,../model_20160329_1092215724.uvl,17,22,47892168,true,1553012,41284453,4303814,284727,153641,3642
15,../model_20140819_424669215.uvl,17,17,42448638,true,1581927,36911374,3332902,189246,101339,3479
14,../model_20160330_1632759327.uvl,19,13,38644293,true,1780716,32101465,4284486,99493,50255,2047
1,../REAL-FM-16.uvl,26,29,46704063,true,1541774,39511494,4845970,297259,183458,3908
10,../model_20121212_1167666293.uvl,15,17,36997828,true,1570636,30989697,4002985,115398,68711,3753
11,../model_20140428_1301432646.uvl,72,71,83803342,true,2253257,74024430,5797377,705591,478581,4033
0,../model_20141109_1274255950.uvl,11,11,39388805,true,1612451,33077328,4166884,158125,90829,3489
12,../model_20190328_829158427.uvl,14,16,44844938,true,1883687,38425741,4056528,118637,65733,2563
13,../model_20150209_1183047948.uvl,29,47,61348710,true,1812072,54413123,3994931,498949,274900,4332
8,../model_20130917_737900063.uvl,13,15,44407087,true,1792174,38280203,3811053,128433,111814,3836
5,../model_20190917_1294871534.uvl,16,13,40433803,true,1534976,34538275,3878705,167933,89799,3243
9,../model_20221229_1000010819.uvl,17,17,24979242,true,1450579,19463895,3716023,100251,57728,2092
3,../model_20160726_1855902901.uvl,12,13,24755788,true,1592855,19746394,3049828,83900,50337,2875
7,../model_20110826_1180494500.uvl,24,24,29910919,true,1698122,24413024,3229714,147737,80794,3047
12,../model_20131210_413521746.uvl,13,14,42619013,true,1689846,36035189,4258695,219461,119036,4433
15,../model_20110214_751339643.uvl,56,128,100581593,true,2471529,91095134,4149828,1470752,941390,3413
13,../model_20171028_1906143627.uvl,13,14,27822171,true,1609034,22053384,3772684,102333,58255,2273
11,../model_20120411_196667302.uvl,26,23,33908051,true,1875777,27974292,3477253,160519,84672,2611
0,../model_20160812_1476754989.uvl,10,10,24709960,true,1544250,19476623,3287602,88763,50640,2429
8,../model_20190228_1201197026.uvl,16,18,61387884,true,1635307,55596874,3598326,184597,114816,4223
5,../model_20230615_1063099089.uvl,38,18,38729846,true,1927159,31241031,4946172,174226,85781,2104
9,../model_20130115_768867592.uvl,11,9,37272279,true,1507196,31826230,3489566,148537,84995,3578
7,../model_20140305_1485634182.uvl,28,29,45214345,true,1582536,38701299,4173665,292891,167675,3273
3,../model_20130224_1469220523.uvl,10,10,36337663,true,1386736,31287462,3263717,127699,73897,3968
11,../model_20131206_656913635.uvl,13,15,24918083,true,1610445,19319153,3565475,100323,60608,2598
13,../model_20150228_222823272.uvl,37,43,39486063,true,1613802,29666452,7430956,264919,146239,2845
15,../model_20130725_1929838118.uvl,41,27,41975147,true,1617726,32960778,6605523,320988,111736,3755
4,../model_20100904_226530663.uvl,38,38,45222858,true,2079352,38296087,4142894,211542,188809,2295
6,../model_20190513_1749709644.uvl,20,23,49485735,true,1569920,43000946,4274926,268758,155710,4202
8,../model_20100830_561967343.uvl,32,31,44757948,true,1619841,38333116,3948034,320216,194228,4420
0,../model_20120201_865979127.uvl,28,36,97793895,true,1772841,89779030,5114340,519636,240538,4581
12,../model_20160913_269001380.uvl,49,43,117687490,true,1554469,110021923,4686178,658424,328693,4252
5,../model_20110507_674768061.uvl,40,52,87939687,true,2005737,79229741,5325665,706527,371184,4547
2,../model_20111129_1932950448.uvl,13,13,23925698,true,1719061,18901967,2945415,76973,45620,2165
1,../model_20120718_813832704.uvl,11,12,27528579,true,1588453,22583392,3029150,78112,47282,1951
14,../model_20191012_1432325334.uvl,40,38,54960782,true,1947051,47631070,4596556,250158,131097,2842
10,../model_20170527_1802227256.uvl,11,13,41434034,true,1854122,35525600,3503938,172706,100526,3863
6,../model_20121018_271963732.uvl,16,15,24464299,true,1286310,18839140,3966820,119400,49614,2236
12,../model_20160603_398155586.uvl,15,10,36640540,true,1679036,31462958,3077377,88679,48913,2861
8,../model_20160822_713171625.uvl,28,29,30328490,true,1575667,24617791,3540877,176399,93174,2375
4,../model_20200901_328439811.uvl,35,20,33887199,true,1651528,27287009,4353781,160486,82536,2423
0,../model_20230322_307237036.uvl,29,23,41311474,true,1516209,34935979,4135437,251476,129960,3793
5,../model_20200813_1618100589.uvl,28,28,32448116,true,1685615,26656506,3499076,172193,93644,2254
2,../model_20161128_1478224089.uvl,77,66,50366141,true,2265273,40768716,6270445,340891,183162,2046
1,../model_20160322_2014722365.uvl,54,54,45595527,true,1772965,37962194,5142861,275535,147936,2125
14,../model_20150506_306101537.uvl,33,33,41226485,true,1601751,34863038,4197430,224782,105278,2625
10,../model_20180222_1925875374.uvl,45,43,94284732,true,1818897,88310710,3536454,233181,124289,2890
4,../model_20121025_1656878048.uvl,26,26,28631106,true,1698205,22721304,3588092,135414,141682,2004
12,../model_20151216_1220822165.uvl,15,15,24108865,true,1748098,18002107,3936664,87617,52726,2711
6,../model_20131112_1591180910.uvl,29,25,30169305,true,1358798,23884101,4199385,249809,142694,4815
5,../model_20150330_63301402.uvl,11,9,24808869,true,1479039,18992391,3861867,126146,72535,4233
0,../model_20140205_954857783.uvl,11,9,65473314,true,1433429,59768455,3867067,86069,49855,2679
8,../DELL-LAPTOP-NOTEBOOK-FM.uvl,47,122,209493911,true,2397927,198890356,4288756,2215719,1204936,4300
1,../model_20110216_608697455.uvl,14,18,33862825,true,1533124,27888759,3880470,191452,109831,2763
9,../model_20190917_75070341.uvl,33,15,41713142,true,1891373,34240043,4995408,154387,87549,2652
14,../model_20120902_865058601.uvl,19,19,37266551,true,1448976,31743285,3499454,209923,124061,3431
7,../model_20170316_174511349.uvl,16,17,42039492,true,1692304,35998032,3725554,206667,110385,4734
3,../model_20160330_925748995.uvl,16,12,41974313,true,2127761,35015434,4301514,163365,88146,3635
15,../model_20190917_552843992.uvl,10,7,29166704,true,1695195,23093855,4015963,68526,37074,2870
11,../model_20230422_2139223494.uvl,37,34,46109241,true,1886543,39183252,4278356,197404,182893,2813
13,../model_20230323_901833353.uvl,74,62,73223991,true,2393791,62928895,6292599,660012,363741,4849
2,../model_20140310_1916029542.uvl,144,54,134319071,true,3266541,119759771,9143007,1072493,594423,4857
10,../model_20170918_1157652981.uvl,48,29,64090020,true,2046595,56227532,4721558,417975,225641,4133
6,../model_20180226_492552032.uvl,11,7,35867343,true,1657512,29832445,3880992,131768,71268,3338
4,../model_20190504_755268837.uvl,43,46,72955828,true,2040599,65060170,4767382,536667,181233,3323
0,../REAL-FM-7.uvl,14,15,34167859,true,1691838,28253879,3708365,160496,105440,4451
9,../model_20170228_1437582980.uvl,10,10,22596177,true,1503867,17832614,2914760,69453,40334,2086
14,../model_20141106_309720283.uvl,57,54,49888490,true,2018926,42468953,4246459,488461,305023,4246
3,../model_20111029_1654942500.uvl,37,27,40708885,true,1935090,34082008,3937715,225037,113428,2333
2,../model_20160330_999254735.uvl,14,14,24167158,true,1481135,18228039,4021704,83370,45767,1954
13,../model_20200817_1333981485.uvl,33,20,32567666,true,1644715,25481456,4836087,173152,80291,2204
6,../model_20131202_1575628003.uvl,19,19,27753261,true,1425761,21818861,4056307,110713,93925,3037
10,../model_20151116_762410606.uvl,29,29,36886602,true,1719196,30173182,4385095,202189,126943,3308
4,../model_20120824_761159432.uvl,23,20,38545911,true,1540449,33086282,3368709,157117,87677,2750
0,../model_20200413_90255108.uvl,48,41,38538455,true,1937764,32131318,3733423,262878,188253,3746
9,../model_20230322_342259021.uvl,33,29,76771436,true,1566370,71003475,3672640,165242,90685,2749
3,../model_20171005_1816009957.uvl,10,7,24059225,true,1419632,18592791,3720848,64145,32357,2439
14,../model_20170911_1850240044.uvl,13,13,27568342,true,1695856,21566183,3976198,82046,48385,2873
2,../model_20160905_338518821.uvl,25,25,29522354,true,1483445,23385278,4224861,136537,71880,1921
13,../model_20150614_1325491211.uvl,24,26,30616650,true,1597211,24804838,3670637,162263,85804,2101
10,../model_20131129_1765219729.uvl,14,14,35306016,true,1580518,29674953,3437092,186201,113725,3821
12,../movies_app_fm.uvl,13,10,29130700,true,1521193,23813375,3389760,82224,47356,2782
6,../model_20150610_685576256.uvl,15,17,34247765,true,1404066,28360596,3946317,198652,116475,3333
4,../model_20200811_368165701.uvl,11,10,28819751,true,1665001,22343923,4402481,80408,42885,2585
5,../model_20170215_1278541927.uvl,41,39,52826699,true,1968170,44875460,5265992,211968,116663,2222
0,../model_20091009_1552375070.uvl,37,40,49425255,true,1740693,43344035,3691942,265367,126580,3129
8,../model_20160504_1687809818.uvl,30,28,34244850,true,1882781,28138327,3520239,202768,134574,3311
1,../model_20150306_503606823.uvl,27,26,30978662,true,1773884,25193978,3437959,148439,76271,2756
7,../model_20141202_104116345.uvl,10,9,25048822,true,1591595,19200194,3864015,113088,50014,2125
9,../model_20150715_75174593.uvl,17,16,27423570,true,1681194,22057986,3231924,105163,61872,1920
15,../model_20100324_1996898492.uvl,11,14,32337557,true,1607353,26373023,3633321,219792,112836,4407
11,../model_20121123_1807427529.uvl,17,18,30148488,true,1637880,23815672,4121754,111840,161905,2691
3,../model_20120425_1998125226.uvl,71,71,74472145,true,2306105,65643733,5425782,345669,215873,2595
12,../model_20130418_1158438101.uvl,19,12,36605930,true,1689274,30175185,4177901,141915,111868,3922
6,../model_20140824_2115796112.uvl,43,49,61879298,true,1951973,54799492,4348146,299199,158935,2709
4,../model_20200524_149606280.uvl,35,42,48334439,true,1957647,41595374,3992144,337929,155158,2957
0,../model_20160506_174377233.uvl,40,22,57822270,true,1925878,49752645,5215816,342852,159884,3690
5,../model_20111201_1252018702.uvl,61,40,49993646,true,1692154,41600993,5758588,355271,156651,2413
7,../model_20130302_1361528923.uvl,10,11,38056788,true,1686208,32152599,3685625,144669,96776,4469
15,../model_20150703_1928436983.uvl,10,10,29900252,true,1764305,24604202,3151516,66079,36966,2411
8,../model_20190220_184230257.uvl,38,42,40816868,true,1633860,34164088,4271884,299150,141711,2541
1,../model_20151117_1411945431.uvl,22,22,87626186,true,1670733,81578926,3818971,146962,79395,2625
9,../model_20160125_1378351345.uvl,38,33,67170912,true,1851855,58763535,5414109,449901,246608,3631
11,../model_20130726_597280131.uvl,47,44,50896406,true,1877310,41579248,5543846,1267774,163260,2304
3,../model_20120422_2100930135.uvl,25,27,40622353,true,1564330,33488213,4768369,319937,170185,4037
6,../model_20150310_1191030699.uvl,30,33,41555982,true,1802288,34355618,4790089,204303,110566,3308
4,../model_20170921_244476382.uvl,47,33,62766447,true,2083371,55564594,3974818,531095,271392,3919
12,../model_20190223_2034909826.uvl,88,28,128738663,true,2428015,81607307,43364299,609478,308199,3818
0,../model_20230630_666266911.uvl,13,13,42631400,true,1543061,37171087,3389297,194010,102729,3795
5,../model_20100625_251719781.uvl,16,16,42860374,true,1557384,36634769,4100691,157135,105447,3383
14,../model_20180509_988672632.uvl,27,18,32802900,true,1861774,27131041,3251944,132891,66858,2017
7,../model_20130821_1446947208.uvl,49,49,36446681,true,2046634,28312997,5325447,242755,127483,2028
1,../model_20140615_1417385367.uvl,35,30,38359942,true,1642186,29346182,5231457,342431,1417065,3119
10,../model_20150523_372542452.uvl,47,35,56185891,true,2029869,47578111,5752616,247879,131963,2462
13,../model_20150411_1026005127.uvl,10,12,32616458,true,1624532,27069603,3499828,86778,52603,2347
2,../model_20230120_1200060194.uvl,20,20,40084206,true,1624881,33292365,4539816,179611,110631,4112
15,../model_20120110_1719396361.uvl,10,10,32472401,true,1723737,25940100,4267887,152998,92342,3107
9,../model_20190929_1773228224.uvl,17,25,51575770,true,1719226,45181642,4095033,172246,93578,2423
11,../model_20200503_927740000.uvl,21,23,51747156,true,1705048,44733185,4522770,297729,151129,3963
6,../REAL-FM-2.uvl,23,18,42501318,true,1633393,36272552,4150225,140456,83522,3238
5,../model_20161107_751073207.uvl,11,11,23940966,true,1590859,17816628,4038270,132787,76293,3720
0,../model_20190214_582844610.uvl,11,11,23192382,true,1452260,18322485,3003726,90239,50666,2674
12,../REAL-FM-20.uvl,44,34,57006597,true,1669727,48838167,5440972,411731,208871,3762
13,../model_20100719_944437142.uvl,29,25,34556364,true,1458920,28870424,3511842,200988,185470,2084
10,../model_20110203_1382675896.uvl,14,14,30096513,true,1693956,24293171,3578112,156165,87229,3191
15,../model_20171128_2320585.uvl,14,13,34976133,true,1695962,29656582,3202991,96058,50763,2622
2,../model_20150715_1425609053.uvl,12,10,29473256,true,1714817,23853346,3486323,84269,41367,2108
9,../model_20100904_330653656.uvl,10,10,28069823,true,1448003,21452067,4780279,68899,41319,2966
4,../model_20190219_265960660.uvl,178,140,111429740,true,4671678,95810491,8494853,903967,546651,2550
11,../model_20190416_284413958.uvl,37,35,35686152,true,1606497,29273748,3785597,360245,335452,5039
6,../model_20221122_1612835830.uvl,20,16,80442582,true,1496082,74920751,3528121,179917,104594,3848
12,../model_20170317_1165725.uvl,50,57,54255228,true,1761145,45906104,5844379,304400,156184,2580
5,../model_20190917_80747458.uvl,16,14,38646480,true,1494160,32514473,4110957,171525,92009,3711
0,../model_20160519_1235536625.uvl,34,33,55491827,true,1784531,48976845,3937369,311541,146605,2304
8,../model_20100308_1032655961.uvl,15,16,43034756,true,1661603,36769546,3979131,206748,116301,3732
3,../REAL-FM-11.uvl,67,65,63039906,true,2162195,54250932,5194973,618582,365372,4228
9,../model_20121018_1495134161.uvl,17,15,32041661,true,1783116,25149428,4492691,185942,102749,3755
10,../REAL-FM-19.uvl,30,35,53068431,true,1708423,45415752,4911888,420931,229441,4619
13,../model_20150105_1168070568.uvl,17,12,26536497,true,1651161,21234230,3207275,92061,49858,2174
4,../model_20161125_1777261352.uvl,33,28,47988738,true,1797539,40397708,4641619,389492,369210,4278
2,../model_20221009_1635938665.uvl,42,32,50747221,true,1826437,43927634,4219774,220189,121790,2697
6,../model_20120531_2078087379.uvl,17,20,28901235,true,1791940,21561443,5075502,125430,70263,2339
11,../model_20170115_352040991.uvl,17,18,71870957,true,1809994,65596823,3935701,123678,84781,1961
5,../model_20140411_114609198.uvl,12,18,28764233,true,1556012,22701397,3843530,309646,72544,2288
12,../model_20150527_830434674.uvl,34,34,57206473,true,1710009,48582971,6085729,362043,209015,5020
0,../model_20150521_1988107963.uvl,17,15,42871777,true,1670795,36448557,4173807,194318,105410,3162
8,../model_20110428_1131293346.uvl,13,13,39550757,true,1716216,31873324,5401091,168294,94760,3826
7,../model_20160524_3029237.uvl,19,17,45714437,true,1933115,38737516,4344512,235283,130304,3755
14,../model_20221229_2070974785.uvl,17,17,40953187,true,1764169,35170148,3442613,197314,106518,3035
1,../model_20150411_1055039600.uvl,18,13,41611561,true,1728120,34746821,4523061,194603,103289,3436
10,../model_20160303_1645051071.uvl,17,15,41503496,true,1605911,34845520,4401059,219037,128562,4358
4,../model_20160329_864839294.uvl,22,21,34227919,true,1792420,27670392,4166088,152874,97689,2988
9,../model_20190922_1316746975.uvl,22,22,35532641,true,1740559,28560798,4596808,199876,108616,3512
6,../model_20120710_919309758.uvl,19,8,41860129,true,1717489,35677148,4011917,119624,50826,3431
13,../model_20190221_1604245950.uvl,18,18,95968642,true,1589267,89351965,4371294,209541,120333,3759
3,../model_20131111_1434736548.uvl,34,34,57594641,true,1881934,50482310,4238234,382099,207283,3407
2,../model_20230322_1548752135.uvl,45,32,64020015,true,1973060,55162247,5785961,416128,221543,3402
11,../model_20150304_173081072.uvl,20,27,38983528,true,1787214,31891000,4533298,282994,155731,3393
12,../model_20160907_1816738180.uvl,10,8,21575694,true,1534051,15585303,4068783,66921,36217,2180
15,../model_20160919_825563014.uvl,11,10,22210958,true,1521105,16400244,3880527,72472,43125,1792
5,../model_20130725_608010428.uvl,12,12,28610506,true,1464198,22194393,4522851,121143,68456,3290
0,../model_20130522_2044729096.uvl,31,26,47470100,true,1703492,40002793,4969337,293810,158575,3181
8,../model_20160520_681202886.uvl,11,10,34028708,true,1572507,28275728,3684518,132865,72742,5323
14,../model_20160329_1999221629.uvl,24,24,47154452,true,1722886,39919015,4948786,138644,72162,2004
1,../model_20200819_498504850.uvl,31,28,51844132,true,1744133,44603492,4553501,380653,179102,3982
7,../model_20170919_1425490791.uvl,47,42,72764501,true,2085935,64212250,5410626,360579,248097,2777
10,../model_20170419_185164278.uvl,17,12,41811136,true,1620429,35988242,3637133,170672,95323,3704
6,../model_20111220_1450733948.uvl,41,13,48426541,true,2042500,40941775,4662189,303506,152325,3635
4,../model_20120328_593032745.uvl,19,18,35983997,true,1599624,29839361,4089716,166975,65749,2775
3,../model_20221125_1235088379.uvl,25,15,49668296,true,1996408,42596225,4329200,245245,145043,3839
2,../model_20110525_1619420630.uvl,45,41,59270185,true,1901924,51673894,4483598,445118,331588,3806
11,../model_20161212_1631452800.uvl,23,25,53844384,true,1641868,47873643,3470204,351481,181545,3992
12,../model_20200907_1296105910.uvl,35,21,37059273,true,1651993,30921870,3689956,172023,225266,2516
0,../model_20170321_1279222212.uvl,10,10,33536506,true,1480687,28705167,3026044,86893,48647,2259
5,../model_20140905_372428255.uvl,13,10,24914641,true,1526057,18707750,4184468,152155,76799,3560
8,../model_20171207_711618687.uvl,13,13,22854177,true,1546146,17609954,3288019,82376,58031,2298
7,../model_20180511_622669496.uvl,18,18,35700446,true,1490890,29479012,4136601,184845,109500,3963
3,../model_20141103_771283347.uvl,10,10,41108123,true,1590959,35532199,3478354,169917,90471,3885
4,../model_20130621_2143921379.uvl,29,32,40457262,true,1816161,33421191,4472074,313859,125765,2017
6,../model_20141114_653359930.uvl,32,41,55464520,true,1926537,47642917,4919653,444776,231539,3889
2,../model_20101123_920943759.uvl,15,15,35272775,true,1588312,30103629,3150071,92259,51794,2732
11,../model_20230322_1036375763.uvl,40,27,38475987,true,1717565,32203577,3811424,248073,97276,2425
10,../model_20170424_781699396.uvl,142,84,90451223,true,3768367,77620810,7150632,625918,465889,2415
0,../model_20180306_1553572984.uvl,47,47,42876018,true,1888078,34657977,5536601,233677,124562,2130
5,../model_20121018_201916182.uvl,16,15,30810370,true,1452875,24790835,4134848,123590,56818,2500
12,../model_20131112_1165253679.uvl,27,24,39264548,true,1652079,32445312,4673684,146003,79779,1797
7,../model_20151102_2085331426.uvl,51,45,71504022,true,2017151,62762441,5942891,282265,149515,2497
9,../model_20230322_1028761227.uvl,18,15,29375300,true,1726974,23319885,3819406,157440,89554,3170
13,../model_20170706_1181552122.uvl,11,12,26760024,true,1909698,20522193,3810228,155448,90025,3363
4,../model_20181104_43638915.uvl,10,8,25940481,true,1480118,20145379,3980330,69816,37487,1878
3,../model_20140209_576830157.uvl,27,33,53540330,true,1661046,47686962,3624150,227027,115596,2871
6,../model_20130529_167247656.uvl,16,16,37758808,true,1641247,31172956,4202601,304786,116367,3673
2,../model_20160906_802533043.uvl,21,24,46681721,true,1513508,40094452,4342921,272369,130560,3983
11,../model_20181118_1641295184.uvl,12,11,40117566,true,1665728,33983778,3939671,147322,88949,3746
15,../model_20121123_1014773113.uvl,16,16,28466422,true,1641695,22423552,3939056,123528,97653,2455
10,../model_20140411_279155356.uvl,11,12,26897615,true,1670283,20822452,3895429,142629,88917,3521
14,../model_20110323_789959080.uvl,15,11,31171566,true,1656427,25499911,3465299,162688,89292,3875
5,../model_20150223_771673981.uvl,26,18,36676131,true,1736788,30551383,3839636,135801,70844,2079
12,../model_20130122_92211527.uvl,11,14,43259496,true,1489368,37390477,3766337,233853,117194,3801
1,../model_20140209_1802656178.uvl,26,13,116174470,true,1848005,109945410,3657524,287863,147622,4191
7,../model_20150509_1341412445.uvl,10,9,38538956,true,1726707,32384712,3925767,158622,88495,3461
9,../model_20230322_1814026223.uvl,20,18,44717296,true,1529712,38415623,4235736,177268,97821,4354
13,../model_20100730_1366577700.uvl,32,37,56939805,true,1759717,49574969,4858523,229168,133074,3119
4,../model_20140402_1108338221.uvl,10,8,26589508,true,1585073,21032502,3646698,68365,34798,1831
3,../model_20200829_1325519775.uvl,22,22,41728352,true,1468636,35575622,4051208,227955,111710,3566
2,../model_20120328_794090001.uvl,22,22,44511220,true,1713124,38381331,3731098,235243,130370,3879
11,../model_20140628_1177734570.uvl,29,32,39847781,true,1782143,32504517,4819495,243885,131034,3101
15,../model_20160315_697003579.uvl,27,20,30193702,true,1783719,22495711,5338565,144746,68007,2009
6,../model_20170316_1430061931.uvl,60,253,240771686,true,3259709,225018817,6522426,3179624,2190436,4801
8,../model_20120328_1309817018.uvl,14,14,63490181,true,1596483,58002959,3449572,133614,67236,3266
5,../model_20121219_629525870.uvl,18,24,37142624,true,1810284,31436313,3370876,166528,85717,1936
14,../model_20120424_1703152596.uvl,59,45,52289241,true,2075137,43467070,5901884,271036,193257,2848
9,../model_20170502_101132737.uvl,33,37,51525672,true,1983016,44608667,4048253,301919,225568,4245
13,../model_20160304_168615633.uvl,29,32,36140006,true,1678982,28949762,3775722,196856,1195947,2992
3,../model_20130604_1500555803.uvl,13,13,23979553,true,1492374,18596848,3421725,119844,62686,3484
4,../model_20130916_1894002979.uvl,16,16,26558543,true,1522191,20524308,4060958,103483,75157,2338
2,../model_20141107_655975442.uvl,10,9,31549609,true,1759158,25701106,3673331,139638,75425,4212
6,../model_20140819_1020837515.uvl,63,68,46904264,true,2108945,37361149,6414502,342495,180768,2313
11,../model_20171016_2132568250.uvl,12,4,21796790,true,1477418,16630074,3294568,69144,34588,2636
0,../model_20131113_2067550021.uvl,42,46,37223923,true,2005268,30176890,4314635,249490,143954,2709
5,../model_20150305_94122420.uvl,31,31,43723467,true,1551624,37795205,3826507,165672,111903,3246
14,../REAL-FM-5.uvl,17,27,49078103,true,1641147,42907601,3550172,364544,296709,3363
8,../model_20151123_702303189.uvl,40,44,43369431,false,1659378,36370601,4373847,483742,264447,3854
9,../model_20110124_2116036381.uvl,18,18,35630893,true,1917377,29293685,3938093,113964,62755,2636
13,../model_20100824_837146809.uvl,22,22,28064121,true,1647520,21502227,4396213,123546,68389,2999
4,../model_20230323_1102049462.uvl,17,17,27710775,true,1442540,21389899,4418311,107590,59504,2137
2,../model_20140902_941000321.uvl,13,11,39708119,true,1604647,33423617,4180244,157038,85394,4224
3,../model_20140428_1917957920.uvl,63,62,100589719,true,1763100,92532563,4940801,529640,287877,3319
10,../model_20140411_1742095150.uvl,12,23,94361691,true,1783456,89010966,2964977,216765,93138,2828
6,../model_20120124_94644767.uvl,12,12,27538811,true,1699304,21562553,3889954,78440,46054,2666
0,../model_20150616_74187279.uvl,17,11,23692664,true,1668041,18823020,2814772,90584,47684,2524
11,../model_20140420_1899694432.uvl,55,54,44901643,true,1779096,36810272,5408977,289830,193861,3397
1,../model_20200901_40084439.uvl,26,26,28596402,true,1559280,21856176,4633349,150948,84985,2767
7,../model_20130410_2115212559.uvl,11,10,27439216,true,1741619,20936955,4236467,147845,87968,4937
5,../model_20121123_913179730.uvl,17,16,38655643,true,1626705,31911659,4514054,214067,122032,4073
8,../model_20200901_2052923297.uvl,21,21,42304770,true,1779332,35477075,4377312,209879,123151,3360
14,../model_20221220_1576677705.uvl,14,10,36012836,true,1609091,29856879,3996542,152133,84131,4844
12,../model_20120822_650185552.uvl,25,23,53378556,true,1705051,46346816,4559741,333849,173929,3136
4,../model_20160106_443157632.uvl,13,13,36064482,true,1658889,30567237,3324105,147065,87023,3882
2,../model_20160913_600398973.uvl,48,38,44607147,true,2032291,37584142,4147292,261611,133048,2377
3,../model_20171016_1973576375.uvl,11,13,25454337,true,1729988,20268112,3023896,98838,55397,2360
15,../model_20141023_437365215.uvl,35,38,57349287,true,1954807,50487962,3864919,411342,226702,4447
6,../model_20160330_1306243394.uvl,21,21,44622359,true,1768647,37798383,4368857,220486,126730,3819
0,../model_20170904_444361354.uvl,46,33,48589749,true,1818874,41045045,4715182,394323,211868,3655
1,../model_20121018_1970318852.uvl,16,15,31220375,true,1667025,26108069,2973209,145112,54785,2754
11,../model_20121018_1186774722.uvl,16,15,25536067,true,1490715,19294758,4295101,98212,56555,2713
5,../model_20190510_899437477.uvl,13,11,34108734,true,1623356,28248283,3708467,149864,86649,2827
7,../model_20120111_1667229430.uvl,24,19,36123502,true,1659497,30057340,3643007,273007,144126,4325
14,../model_20200901_1615961503.uvl,38,29,44005922,true,1755084,36144091,5216502,286913,193949,4733
12,../model_20120205_24117969.uvl,34,34,50599816,true,1646219,42904615,5194647,349887,191786,3572
8,../model_20160309_1721210506.uvl,14,11,42420571,true,1633847,35920698,4317767,164533,87288,3532
4,../model_20101124_661702924.uvl,15,15,25513313,true,1547064,19376231,4182689,112103,61682,2184
3,../model_20170919_1946252337.uvl,48,29,42418904,true,1930736,35298621,4329738,283375,140294,2222
2,../model_20121018_242475712.uvl,16,15,75440985,true,1547844,69367129,3966705,175605,92712,3926
6,../model_20160420_1926809017.uvl,12,5,36621352,true,1604224,31458208,3086650,123998,67858,3871
11,../model_20160912_1428022317.uvl,49,57,45720318,true,2010590,38354686,4456680,307469,160530,2037
5,../model_20150506_2068045691.uvl,20,20,25856056,true,1580726,19581200,4068303,202306,107233,3358
13,../model_20200517_1501498720.uvl,11,12,25826838,true,1622778,19588250,4190297,93646,54030,2157
14,../model_20150302_1660900120.uvl,31,34,44992108,true,1624556,37609591,5091544,199401,113367,2261
12,../model_20200128_1669015551.uvl,23,19,41733510,true,1706341,34432161,4904324,219206,119003,3544
9,../model_20170312_968402737.uvl,49,33,80571668,true,1927653,71816972,5307764,640293,527815,5540
7,../model_20101208_1056693380.uvl,25,25,103238593,true,1721405,95916565,4736405,249067,242563,4123
8,../model_20150310_563618715.uvl,33,40,65214638,true,1771074,58098591,4341548,465938,254396,3745
4,../model_20111111_1026730216.uvl,37,29,32159164,true,1781788,25722868,3900796,261665,105591,2148
2,../model_20230322_1573076538.uvl,17,16,29695944,true,1529705,23830485,3879347,103825,59441,2145
3,../model_20110715_945252556.uvl,32,32,44508055,true,1791482,37101026,4977869,164224,95320,2369
10,../model_20180110_870365297.uvl,10,11,35644469,true,1899518,29952135,3185995,249166,82157,3451
11,../model_20110704_555218409.uvl,11,11,31228834,true,1759012,25912759,3166733,70746,40592,2569
5,../model_20230322_1882971454.uvl,21,21,40728535,true,1708838,33640830,4836741,121137,73627,2358
12,../model_20160330_387052519.uvl,21,13,27919503,true,1434765,21746180,4190035,175788,94529,3748
9,../model_20140425_366530615.uvl,11,10,31188462,true,1437762,26180624,3128642,151967,98004,3322
13,../model_20150423_1415525319.uvl,27,21,37477546,true,1524404,30626291,4603283,258414,144187,4678
7,../model_20230609_1502711362.uvl,22,22,37818389,true,1741495,30921173,4442541,241839,136679,3697
8,../model_20200403_1286696698.uvl,37,34,59508075,true,1802885,51475910,5372204,378452,219095,3959
14,../model_20230426_159926820.uvl,59,43,71701796,true,2218209,63352537,4772460,542923,289992,3743
2,../model_20140306_1313194877.uvl,32,31,46638251,true,1861700,39317382,4801776,194631,88263,2009
3,../model_20180511_935028612.uvl,20,23,35539454,true,1663506,28638105,4523944,248992,141843,3245
4,../model_20131112_1855381012.uvl,31,30,34690398,true,1678988,27633285,4592176,289165,163766,3918
10,../model_20200810_1781368898.uvl,21,20,39555548,true,1538100,33255258,4192683,189750,119152,3293
0,../model_20151202_1529785580.uvl,40,40,62679494,true,1926421,55171469,4490929,440187,236912,3927
15,../model_20180304_290046860.uvl,48,28,66106999,true,1989147,57164656,5867370,419728,239028,3458
1,../model_20130809_353548541.uvl,57,52,78539683,true,2220745,68811628,6129384,558629,342578,4347
5,../model_20121025_1453237615.uvl,20,20,32288769,true,1487147,26337925,3795915,268351,123228,3905
7,../model_20130226_1908057354.uvl,16,14,39851463,true,1772478,34343103,3177603,209387,101557,2836
9,../model_20140914_775838300.uvl,24,24,28935591,true,1769982,22115121,4533871,133522,75767,2138
13,../model_20150611_578706116.uvl,13,12,90999055,true,1662426,84593957,4215078,148253,80277,3775
8,../model_20160519_1444507509.uvl,41,42,81993197,true,2062458,73761839,5080591,547651,214631,3360
14,../model_20230323_1108197556.uvl,17,15,32974705,true,1713610,27582018,3248845,95130,51086,2050
2,../model_20110330_919429247.uvl,25,27,41635073,true,1800972,35629898,3513299,192560,134557,4016
3,../model_20160716_1943328700.uvl,18,17,27091451,true,1795034,20740606,4096133,105832,58485,2018
6,../model_20200425_1144751894.uvl,10,12,25714426,true,1694368,20058461,3508431,103570,58429,2942
4,../model_20200225_1125771038.uvl,43,40,46268140,true,1628268,37928204,5570033,442010,273380,3609
15,../model_20190416_886742925.uvl,12,12,29114187,true,1410209,22536657,4845030,80813,44952,2083
10,../model_20120201_899753062.uvl,27,31,59541979,true,1849225,52452571,4155607,515158,261797,4004
0,../model_20131112_1630582425.uvl,28,20,35159844,true,1589168,28626653,4147642,276068,152336,4623
1,../model_20131112_64627122.uvl,13,12,40115207,true,1639246,34128559,3812652,155731,89388,4136
9,../model_20120609_84195762.uvl,26,21,31101499,true,1771877,24535620,4112506,241381,135041,4435
13,../model_20140328_1965511118.uvl,10,10,22486933,true,1590939,16669197,3863314,64744,37346,1768
7,../model_20130916_1983257725.uvl,16,15,22455662,true,1460512,17389034,3199142,93660,49799,2043
8,../model_20180927_642324190.uvl,51,46,55049345,true,1660596,46751522,5808620,286362,134857,2069
3,../model_20200320_13307140.uvl,10,10,26058660,true,1627660,21139375,2909902,65884,42850,2662
6,../model_20110216_1027109687.uvl,12,16,38117448,true,1664556,33032506,2970626,106181,59281,2532
10,../model_20140614_436006902.uvl,25,25,37113899,true,1481386,30341635,4571916,216284,154626,3703
0,../connector_fm.uvl,20,14,28336269,true,1559981,21850425,4440632,109836,58341,2236
15,../model_20170904_998227463.uvl,42,37,38163693,true,1631684,30323352,5483290,209620,106306,2232
4,../model_20200815_433256797.uvl,39,33,39376631,true,1797119,31249830,5333576,374293,203611,4040
1,../model_20130820_1465112187.uvl,49,49,43815655,true,1927535,35781163,5110900,447164,154005,2471
11,../model_20230322_208918165.uvl,40,27,53474889,true,1843161,45438896,5298935,363753,190680,4106
12,../model_20151124_1131991591.uvl,34,34,50161952,true,1893713,42998695,4489794,301990,183920,3920
8,../model_20201010_633615094.uvl,12,11,28863417,true,1567469,22862742,3959572,138243,76550,3224
9,../model_20140820_1349433690.uvl,22,22,31179269,true,1785941,25026548,3845698,124533,70209,2676
7,../model_20131112_817529963.uvl,40,40,38138115,true,1751430,31516877,4013588,338193,189244,3643
13,../model_20180512_810540422.uvl,23,23,47030830,true,1665819,40202525,4336937,241444,261781,3368
6,../model_20190122_546529784.uvl,18,18,27795826,true,1926055,21098576,4254615,115328,95097,2428
10,../model_20170918_2076946141.uvl,16,10,26689537,true,1794736,20798613,3680361,88631,44050,2001
3,../model_20120419_1397354511.uvl,20,20,29168366,true,1502678,22714047,4357789,184819,113678,2788
5,../model_20120920_383492576.uvl,11,12,24372927,true,1633095,18007495,4340264,81960,46468,2794
0,../model_20121018_1550648286.uvl,16,15,26351811,true,1594263,20434952,3866679,96619,55570,2574
4,../model_20120328_663906927.uvl,28,25,37881189,true,1844528,30284093,4960871,274223,157440,3717
15,../model_20130529_1187431770.uvl,16,16,78461132,true,1593344,72023596,4259204,176995,95886,3090
1,../model_20180222_786472237.uvl,12,7,92757277,true,1619664,86605420,4111770,82219,51969,2261
12,../model_20131203_151571988.uvl,54,51,71464891,true,2112416,62544227,5652782,547626,288340,3962
8,../model_20140917_195564800.uvl,16,16,25791191,true,1510538,20336586,3396367,241561,53041,2742
13,../model_20120705_77954373.uvl,22,18,27179727,true,1641443,20838176,4201937,118004,68774,2508
9,../model_20170918_1996976409.uvl,33,33,34087016,true,1651774,26829547,5001510,171020,97535,2005
14,../model_20130414_861625706.uvl,15,15,30436465,true,1799441,24230898,4019922,89134,49927,2004
2,../model_20100415_240595643.uvl,31,32,44510648,true,2007056,36781437,4815294,338813,193441,3676
7,../model_20101117_2128796258.uvl,72,69,141946353,true,2165523,87314690,50712573,729462,494759,3652
0,../model_20140322_1340045027.uvl,10,10,30138679,true,1675256,24430803,3697068,68197,38049,2109
10,../model_20190917_1484600794.uvl,17,13,25822721,true,1493099,20551649,3327988,100745,52756,2267
4,../model_20180729_2071913647.uvl,24,29,34724198,true,1802079,28712921,3478784,219666,150558,3404
1,../model_20130529_552715089.uvl,17,16,40313316,true,1510097,34980286,3317711,193425,105581,4020
15,../model_20190124_988857604.uvl,46,41,47790174,true,1955257,40128311,4647738,456494,237033,3181
12,../model_20190915_1211977272.uvl,22,21,36600785,true,1624067,31219529,3219414,218550,112822,3447
13,../model_20110127_1318390760.uvl,13,11,37694651,true,1616577,32303483,3295696,133074,74849,3329
8,../model_20171021_192017753.uvl,17,15,30995221,true,1588729,24942369,4054519,98551,53222,2603
14,../model_20120328_1974817485.uvl,13,8,27389373,true,1603433,21678243,3694794,77941,44257,2175
9,../model_20130510_203163945.uvl,18,12,40337002,true,1806379,33674570,4228334,197413,99080,3993
2,../model_20120423_1625073325.uvl,32,26,39132664,true,1798355,31890921,4880158,161999,91670,2238
7,../model_20200128_23228584.uvl,23,23,47226393,true,1879300,41095379,3494347,250479,146100,3724
11,../model_20131122_1241273029.uvl,18,18,41364487,true,1696450,34827964,4267177,189939,108522,3297
0,../model_20160308_190029672.uvl,33,32,42061818,true,1983753,35584176,3765171,209900,143326,2762
4,../model_20200121_827473084.uvl,17,17,28913564,true,1703898,23156620,3597643,100404,57554,2023
15,../model_20101020_1809093990.uvl,20,20,29428570,true,1657824,23984128,3296451,113936,63882,2739
1,../model_20140511_603377022.uvl,15,14,41241383,true,1611312,35479099,3605077,175339,100763,4008
10,../model_20170414_1751865819.uvl,77,84,74686849,true,2478808,64200109,6698041,473690,284052,2366
12,../model_20200819_710049424.uvl,28,25,49449245,true,1699867,43103353,3915439,290129,161908,3894
8,../model_20200728_429027371.uvl,17,16,43928917,true,1776096,38068024,3473971,185449,111533,3760
13,../model_20160227_1389842098.uvl,48,51,66901301,true,2126723,58438652,5436417,276030,157546,2472
9,../model_20130123_686198065.uvl,40,40,53462887,true,1783281,45913097,5094371,210623,119073,2707
2,../model_20160308_79396455.uvl,41,44,55260732,true,1989644,47150907,5284828,255447,172766,3355
14,../model_20150527_1979644627.uvl,72,58,61601587,true,2426691,51439709,6683774,363001,303679,2891
6,../model_20160229_1734203468.uvl,48,29,50032402,true,2005897,42231097,4766464,371747,207517,3804
5,../model_20140410_1285833987.uvl,11,21,44975633,true,1647722,38649805,3847916,280035,280509,3647
3,../model_20140207_1303140975.uvl,12,12,36992424,true,1653498,30534358,4297972,130678,82877,3644
7,../model_20190430_2137275351.uvl,37,35,52439318,true,1789229,46066699,3806743,238682,191707,3461
1,../model_20140819_709073537.uvl,43,44,55717581,true,2078655,49095547,3895665,222818,128334,2056
15,../model_20140430_1532303117.uvl,32,20,41593521,true,1978060,32662515,6127600,298127,155258,4037
10,../model_20120909_341305614.uvl,32,34,37768293,true,1861316,31663881,3582519,181598,98931,1787
12,../model_20190917_512190943.uvl,45,37,48074469,true,1822259,38331381,6939968,374885,220575,4290
13,../model_20181019_994429580.uvl,10,10,27317909,true,1691493,21723246,3571153,83754,46575,1995
9,../model_20160329_1152124785.uvl,21,20,41397515,true,1887191,35392288,3495749,201934,108571,3457
6,../model_20101111_156018899.uvl,12,11,22174408,true,1520265,17318602,2934090,76953,42300,2651
2,../model_20161207_285955518.uvl,54,46,58356283,true,2066885,48514667,7024693,250891,139845,2209
5,../model_20141106_1014782772.uvl,17,17,27479166,true,1808071,21377172,3814719,100891,68834,2268
7,../model_20200810_1006372985.uvl,36,36,48859517,true,1877419,41824896,4569281,199170,109367,2416
3,../model_20140825_2017008690.uvl,58,59,61436328,true,2200754,52887194,4901284,590768,349355,4017
1,../model_20180917_1978871462.uvl,50,45,46171975,true,2037885,39244226,3918563,254977,311680,3975
15,../model_20130121_710180273.uvl,10,11,27801142,true,1639203,22486057,3218200,136304,54442,2271
10,../model_20180305_1393570452.uvl,48,43,76844837,true,2314898,68612221,4389965,731843,343635,4210
12,../model_20160329_268958808.uvl,47,54,72478849,true,1841712,63398143,5915991,570857,314325,3735
13,../model_20150301_300492477.uvl,33,32,109644137,true,1654423,102430832,4919131,189180,102393,2734
9,../model_20121123_1672558767.uvl,15,17,41923795,true,1537494,35604921,4216144,195431,113134,3642
6,../model_20120513_373795895.uvl,14,13,34358495,true,1633492,27801459,3321481,1231152,80183,3119
11,../model_20230322_1855764436.uvl,26,22,32420335,true,1898031,25964686,3888677,155406,74490,99924
0,../model_20170618_724645944.uvl,13,14,34821929,true,1868231,28419390,4004514,153151,63434,3745
5,../model_20141205_2005181775.uvl,33,28,54451667,true,1874368,46924107,4780426,328231,180895,3800
2,../model_20221101_871584152.uvl,19,28,56148337,true,1681668,49557466,3853500,488853,229694,3655
4,../model_20200128_745414394.uvl,23,19,45930034,true,1774303,38766536,4749027,193409,116830,3448
7,../model_20110525_564104612.uvl,27,32,38964566,true,1601004,32612217,4139804,200749,118442,2704
1,../model_20140824_525404983.uvl,47,47,63877201,true,1870431,56743248,4162106,447774,262492,4297
3,../model_20141104_1527188029.uvl,140,140,119485568,true,3680758,107000057,6941990,639840,442890,2516
8,../model_20110428_553405269.uvl,37,29,60532138,true,1961868,53929222,3835174,267792,204294,3597
10,../REAL-FM-17.uvl,25,24,54429634,true,1790505,47305063,4495334,323853,167376,3760
13,../model_20150208_2120373387.uvl,25,21,54907879,true,1640209,48013079,4489602,307278,162891,3895
6,../model_20110826_252647654.uvl,24,24,45376529,true,1728334,38707623,4080410,254455,150329,3743
14,../model_20140403_1688136935.uvl,45,42,58848506,true,2091206,51464988,4432449,241682,181653,2232
11,../model_20170505_1428478521.uvl,24,26,36161236,true,1588891,29786996,4315550,147760,87071,2766
0,../model_20140801_240918546.uvl,22,13,29448685,true,1569486,23091073,4252818,124245,99551,3603
5,../model_20110622_260389190.uvl,12,10,31684007,true,1624554,24977889,4559352,130392,80759,4053
4,../model_20121102_768518520.uvl,14,14,30704359,true,1760657,24437415,4073613,85798,52505,1878
7,../model_20140423_277886534.uvl,21,18,42696648,true,1687495,36363829,4053163,221605,108391,3244
2,../model_20171204_404453510.uvl,21,22,114228515,true,1776670,108588379,3355097,181914,74383,2350
8,../model_20120408_404695779.uvl,70,66,68623718,true,2320648,59823609,5390514,328251,230265,2635
3,../model_20100712_329430908.uvl,20,20,36294227,true,1565842,30126156,3986004,207593,129953,2920
13,../model_20121123_638033800.uvl,14,13,39880482,true,1583994,33459302,4291706,159341,91852,3994
10,../model_20140422_2137156564.uvl,35,32,52428498,true,1860814,44603464,5013306,374215,194050,4151
6,../car_fm.uvl,14,12,29070768,true,1792974,23774992,3098295,94503,55081,2726
11,../model_20121123_1445508018.uvl,16,16,33946608,true,1533988,28597403,3382096,95939,57447,2824
5,../model_20120701_1498696792.uvl,11,11,25782369,true,1658301,19593638,4049440,109306,67176,3201
0,../model_20150212_1516383976.uvl,12,8,33217613,true,1750505,27947472,3103327,86683,48975,2604
14,../model_20230505_1739075744.uvl,42,45,49684695,true,1909122,41541951,5372428,281014,158873,2787
4,../model_20150411_1378086632.uvl,15,9,31506645,true,1513326,25410082,4147432,128081,51032,2064
15,../model_20121018_436901160.uvl,16,15,41598054,true,1714475,35117396,4194776,188451,106741,3267
7,../model_20110407_1283128166.uvl,51,52,52660964,true,1677266,43831530,5922853,509842,303387,4516
2,../model_20180512_276218752.uvl,36,38,53903565,true,1779247,45726260,5341409,377836,297485,3803
9,../model_20150428_2048110240.uvl,11,12,40549088,true,1651050,34465957,3891865,167752,90340,3314
3,../model_20120314_1438691117.uvl,13,13,24001609,true,1606881,18537317,3440190,118127,53859,2436
12,../model_20130703_1107240012.uvl,64,27,61894322,true,2370891,53361727,4811815,549906,300136,4076
13,../model_20100322_955726153.uvl,20,20,29993566,true,1614153,23774173,4011967,161681,105779,3259
11,../model_20190922_718247414.uvl,12,10,30358773,true,1662901,24080045,4162306,106840,63709,3463
0,../model_20160620_457730604.uvl,20,20,38716951,true,1786691,33239044,3162362,123831,70312,2599
5,../model_20140819_2062208658.uvl,26,26,70537666,true,1689519,63553006,4777466,139091,76722,1912
6,../model_20110527_1847306763.uvl,63,106,91422258,true,2503645,80540254,6792619,665600,425270,3213
4,../model_20110301_216655728.uvl,10,10,26048875,true,1592211,18988356,5086233,69991,36484,2556
15,../model_20151119_424700280.uvl,10,10,32010959,true,1623748,25766200,4115148,137551,84020,3989
7,../model_20121219_1714348674.uvl,10,10,37810331,true,1444083,32378963,3520684,125778,76890,3878
14,../model_20171018_1720986032.uvl,130,107,98827923,true,3357361,85423754,7887616,834917,550491,4760
9,../model_20130916_1649901124.uvl,16,15,25260059,true,1527810,19416738,3874973,99663,56996,2837
3,../model_20110823_1386366267.uvl,15,14,24828691,true,1539127,19753408,3107150,96739,54002,2558
12,../model_20140508_536536644.uvl,36,34,51824552,true,1871176,43930761,5283526,232327,112720,2843
1,../model_20200316_153170359.uvl,124,103,83774260,true,3090802,70166219,8942738,632289,396200,3074
13,../model_20120829_28461699.uvl,11,13,39673446,true,1576262,33734597,3654057,335940,105519,5452
11,../model_20110116_381192414.uvl,60,61,55719828,true,1949063,45783972,6564692,570699,410032,4353
0,../model_20131112_2028027455.uvl,13,11,24685860,true,1674187,19407580,3183103,83750,46726,2560
7,../model_20131112_990013628.uvl,10,10,27276722,true,1645144,21619890,3629600,114055,66205,3649
5,../model_20150307_1251635490.uvl,35,36,45032185,true,1977577,38320288,3969542,190109,175927,2243
15,../model_20180514_381391194.uvl,20,20,92646040,true,1683283,86138764,4205004,187469,108221,3544
4,../model_20150208_1225865238.uvl,42,34,76412838,true,1885656,67409043,4299724,2149420,279717,3566
8,../model_20161118_228131771.uvl,66,79,82667861,false,2192628,74292162,5229960,416352,368482,3580
9,../model_20160229_707006027.uvl,13,14,34606582,true,1765914,29092017,3224354,165511,62912,2140
10,../model_20130722_443972122.uvl,12,12,35922135,true,1755237,29525643,4109191,135771,79256,3560
3,../model_20120328_1373483522.uvl,13,14,29939326,true,1721423,23735334,4022434,99444,55100,2567
12,../model_20141108_701198022.uvl,11,11,34775314,true,1676129,28645622,3936635,131901,76549,3985
1,../model_20120717_770767926.uvl,11,10,31220664,true,1660204,25819817,3339666,78102,43420,2584
13,../model_20120110_1256867454.uvl,10,10,36556969,true,1584730,30544916,3775658,278892,86841,3225
11,../model_20110605_1465859222.uvl,17,17,43148465,true,1491136,36792143,4294634,191790,109571,3915
2,../model_20180512_427876131.uvl,37,37,54331794,true,1932563,47984811,3817511,193579,117273,4165
0,../model_20110207_1623721536.uvl,27,32,57424636,false,1883679,51615655,3296946,260465,179980,2234
7,../model_20170720_160368734.uvl,14,14,26398085,true,1760586,20109520,4120654,82931,45762,2129
4,../model_20160304_1567363129.uvl,19,23,39229960,true,1583088,32962404,4116587,165380,126147,2976
15,../model_20110207_906076676.uvl,12,8,38058069,true,1623050,32062715,3927298,137776,71588,3483
5,../model_20170518_711240246.uvl,36,36,101933027,true,1782094,94398921,5013226,188005,281906,3446
9,../model_20091210_241985787.uvl,16,16,26534065,true,1693710,21000582,3382522,95180,52791,2586
10,../model_20170518_1713871521.uvl,15,16,27793718,true,1758750,21430002,4128054,116004,60248,2775
1,../model_20160329_304357596.uvl,23,15,39731148,true,1788459,32715857,4601307,194363,101669,3829
12,../model_20160911_493856736.uvl,45,29,59128539,true,1954995,50951085,5264533,279683,239127,3367
13,../model_20170313_788976149.uvl,12,9,30720641,true,1645343,25378303,3388302,76393,42187,1969
11,../model_20140109_637429284.uvl,11,9,37504706,true,1488768,31355438,4227223,129303,73099,3460
6,../model_20121019_1128529660.uvl,14,12,38445365,true,1727401,32236650,4063227,90865,49751,2536
14,../model_20141108_202761108.uvl,10,8,29871294,true,1617435,23789877,4051579,106767,45323,3624
0,../model_20121015_1348696629.uvl,10,8,39921779,true,1743693,33832327,3781778,199448,104231,3661
7,../model_20200513_1559879338.uvl,11,11,38264489,true,1658297,32084277,4023690,136104,79413,3901
2,../model_20160913_2142740300.uvl,48,48,127191502,true,2057352,119965437,4241206,399227,196190,2581
4,../model_20160329_1144142418.uvl,54,33,44962328,true,1902613,37227421,5009937,261145,132338,2876
5,../model_20110406_656545830.uvl,17,17,31542722,true,1496958,26420992,3240759,103630,56042,2452
15,../model_20131112_1399418967.uvl,35,28,56193784,true,1799414,49450374,4060820,325563,177445,3757
10,../model_20120423_1196408273.uvl,16,11,26878101,true,1606058,20616050,4226192,87714,43596,2636
12,../model_20170517_1276361560.uvl,10,10,27406414,true,1581843,22063873,3136936,282628,83367,3592
9,../model_20221018_544175819.uvl,29,29,42864344,true,1856004,36762060,3666479,159803,87420,2722
13,../model_20190513_554652357.uvl,10,10,34704789,true,1528458,29415199,3330092,118633,71089,4222
1,../model_20200909_844580970.uvl,17,9,40673971,true,1638185,34266127,4215519,165050,84325,3957
11,../model_20180222_1790291836.uvl,22,19,43198517,true,1755556,36199079,4598047,208435,117367,3128
0,../model_20190917_490456110.uvl,39,23,41403401,true,1786192,34788994,4265975,175958,92854,2654
7,../model_20090801_1908323193.uvl,13,13,40524373,true,1710160,34841839,3439388,155423,87638,4025
2,../model_20160329_578011837.uvl,23,18,46533455,true,1653067,40408247,3852070,216092,84551,2857
8,../model_20170918_191476099.uvl,48,49,41240823,true,1741245,33273236,5422193,237111,178688,3074
4,../model_20140423_1716161596.uvl,42,25,35713179,true,1801634,29248296,4023864,219622,103919,2192
15,../model_20160926_2009081259.uvl,54,54,41495843,true,1918305,34145774,4564649,295775,260927,2773
3,../model_20221015_510481451.uvl,12,14,38804276,true,1755689,33467149,3056689,174697,100075,3853
9,../model_20140324_1142291623.uvl,11,11,23834202,true,1703668,18410191,3391541,69125,39925,1825
1,../model_20140514_1151327844.uvl,43,36,44041768,true,1924138,35857342,5404962,287155,141953,2440
13,../model_20170505_1995894898.uvl,32,27,36670071,true,1779614,30802924,3262581,236150,220841,3603
7,../model_20130916_1001858303.uvl,15,17,36646769,true,1529536,30648296,3897423,180450,109349,3216
0,../model_20141102_1778359466.uvl,23,22,72731413,true,1535266,26191551,44574618,129968,74190,2776
2,../model_20131122_1877947099.uvl,15,13,42278840,true,1731707,36763336,3254326,168885,89823,3302
8,../model_20120113_1803352101.uvl,43,27,37503782,true,1829953,30317723,4020640,911658,108119,1987
4,../model_20141129_2117240468.uvl,12,14,27059768,true,1617898,21207117,3792331,96733,59124,1849
15,../model_20160329_2023954051.uvl,24,20,44462426,true,1589677,38855906,3437951,177795,110998,2565
3,../model_20171020_786614820.uvl,12,10,24006369,true,1672823,18082397,3879353,75245,40943,2044
1,../model_20150523_1701783178.uvl,23,23,36370315,true,1569829,29750475,4571660,125623,72351,2606
9,../model_20200810_903664942.uvl,25,27,45616145,true,1801322,38793820,4445925,149133,85932,2758
6,../model_20110130_639381749.uvl,12,12,26269265,true,1637316,20413639,3825417,76033,44066,2752
13,../model_20121106_1816491064.uvl,23,20,29375606,true,1589134,23306286,3948940,126200,67791,2444
7,../model_20120829_881090911.uvl,10,10,24506957,true,1503950,18405805,4150252,125113,79941,3191
14,../model_20150304_617127008.uvl,56,66,55959939,true,2151078,46637352,6021375,366999,308639,2816
0,../model_20131122_641443746.uvl,14,14,40560500,true,1421138,34360722,4243775,168740,104067,4318
5,../model_20120701_899073101.uvl,11,11,36526807,true,1748332,30165687,4167074,127399,74942,4102
8,../model_20140326_1693773444.uvl,13,14,38425364,true,1675424,32601051,3712822,111965,70847,2777
4,../model_20120528_1294065815.uvl,13,12,36445317,true,1512626,30501776,3988046,91292,57261,3181
15,../model_20130529_1911302663.uvl,16,16,71645143,true,1547182,66224743,3444337,108274,59066,2782
12,../model_20130125_189285641.uvl,18,19,35601951,true,1833743,30370330,2902025,131724,109641,3253
10,../model_20100326_770562654.uvl,27,19,50164664,true,1941049,42854128,4587091,276105,150018,3657
11,../model_20091206_1647557456.uvl,10,10,37622697,true,1745567,31579862,3832198,127590,74909,3960
3,../model_20141018_2078980023.uvl,87,86,81170186,true,2437070,70727693,6967390,422630,252757,2116
1,../model_20170704_1299892151.uvl,11,11,28340706,true,1656273,22958426,3353995,72534,44125,2161
7,../model_20100829_787258873.uvl,57,48,61442221,true,2207180,50507688,7603393,477440,188395,3607
0,../model_20230323_58681865.uvl,17,15,37501692,true,1699406,31875318,3385738,185425,98874,3922
14,../model_20140306_1994550432.uvl,12,9,30860064,true,1613228,24884062,3915846,124128,72856,4169
5,../model_20180512_893377341.uvl,24,22,34322375,true,1677991,26993744,4767188,241497,283533,3305
4,../model_20130916_552778902.uvl,16,17,40760942,true,1712985,34866413,3611493,194411,104139,2961
15,../model_20120412_1314362396.uvl,12,11,24191465,true,1537139,18079237,4109460,117447,79624,3213
10,../model_20131122_224574976.uvl,11,11,38096113,true,1648081,32483397,3479646,135541,76576,4070
12,../model_20150701_451946642.uvl,22,14,32934670,true,1637552,26510906,4317538,119375,66495,2842
3,../model_20180512_409172439.uvl,37,37,48990544,true,1829773,42659257,3727248,311696,199347,3823
1,../model_20230313_612090761.uvl,13,15,28106649,true,1707753,22833268,3147899,110156,66901,2561
11,../model_20091225_1547989376.uvl,29,30,38020014,true,1925725,31662017,3812702,172090,98493,2340
14,../model_20190223_1275185141.uvl,10,7,32924496,true,1345172,26462826,4689166,136133,63308,3580
7,../model_20091210_993249741.uvl,29,25,34493231,true,1660102,27406826,4786470,204644,82816,2421
2,../model_20190223_2023041805.uvl,19,22,45857961,true,1759199,38949594,4426290,293138,116039,3067
0,../model_20140305_850513381.uvl,63,103,81640574,true,2165435,71378632,6353007,730164,485738,2595
5,../model_20171029_714150136.uvl,10,10,35299595,true,1657440,28961535,4210282,126617,73096,4239
15,../model_20190304_818967793.uvl,29,28,44918519,true,1915104,38765190,3581659,185567,114239,2680
9,../model_20121017_2007593800.uvl,10,8,21315780,true,1635091,15813629,3493351,64065,34623,2651
3,../model_20141129_6569546.uvl,25,21,31662804,true,1637939,24884478,4388220,233613,210928,4081
10,../model_20141006_1946000492.uvl,14,10,33522681,true,1738969,27369366,4010430,83235,44727,2066
12,../model_20140614_81946339.uvl,22,24,41553754,true,1684976,34419386,4568805,249130,296802,4840
13,../model_20150226_64791123.uvl,26,28,41295833,true,1699511,34357596,4672868,152837,112546,2047
1,../model_20110926_400852996.uvl,36,36,47414768,true,1912766,38829671,4761393,345594,1170458,2959
7,../model_20111027_1380540076.uvl,10,10,34947613,true,1573003,30069586,2937039,74804,68557,3515
14,../model_20120510_220834497.uvl,53,44,65260494,true,1859191,56109790,6115357,499654,252359,4611
6,../model_20170405_957299568.uvl,142,211,183261596,true,4631535,167304205,8155365,1596880,747479,3680
0,../model_20121123_1692800929.uvl,16,16,33830051,true,1711404,28441955,3137529,187472,103681,4012
5,../model_20120828_1516795545.uvl,13,13,36204031,true,1683048,30789045,3304837,82263,51411,2150
8,../model_20200907_1598312227.uvl,130,130,82039535,true,3657784,67995738,8616034,594021,367164,2624
15,../model_20180122_1429516018.uvl,40,18,40844269,true,1825117,33401093,4961655,198560,94729,1974
3,../model_20160813_60083737.uvl,10,10,24417582,true,1647186,17186920,5193854,68253,39553,3092
10,../model_20141113_1414990983.uvl,46,46,54017523,true,2091812,45125094,5903461,251961,147328,3554
13,../model_20230323_867226898.uvl,16,13,40076799,true,1748428,34340414,3391580,186797,96447,4010
1,../model_20140401_1527258088.uvl,13,20,45721984,true,1731579,39300348,3981688,308615,150038,4324
7,../model_20130807_1787614695.uvl,13,13,24753742,true,1654102,18734009,3927789,116900,78004,4283
14,../model_20130821_470005647.uvl,43,43,51480616,true,2075293,44508408,3972920,368123,217395,4930
6,../model_20160512_1688304541.uvl,31,25,37791602,true,1655893,30382342,4955586,276264,141843,4134
4,../model_20140614_1989695192.uvl,29,35,62786803,true,1796446,56120798,3930120,435049,225428,3501
5,../model_20111201_372659565.uvl,61,38,74918724,true,1947955,67426324,4785124,272470,157465,2457
0,../model_20110925_62365838.uvl,23,23,97193287,true,1525602,91683137,3397813,240027,129181,3775
15,../model_20170702_979744088.uvl,21,21,27008939,true,1618895,21781370,3071784,132617,66145,2115
8,../model_20230322_413432441.uvl,22,21,30083587,true,1533803,23405106,4494937,208876,111252,2480
11,../model_20200815_41086763.uvl,31,28,49528413,true,1803314,43094119,3958841,228529,93013,2671
3,../model_20171016_777651910.uvl,27,26,31505425,true,1632628,25932288,3355380,149032,81808,2962
6,../model_20180409_394573881.uvl,10,10,65337483,true,1688519,60243176,3029716,66153,39233,2649
2,../model_20170916_132089042.uvl,48,60,102674656,true,2058593,95424437,4163120,389606,231243,2355
0,../model_20140819_940483638.uvl,11,11,25492205,true,1274758,19726103,4051737,127471,72091,3020
5,../model_20100325_298677687.uvl,10,9,30017899,true,1364105,24261254,3966600,125567,67482,3504
4,../model_20101115_2000504462.uvl,72,65,53136010,true,1728327,44796510,5284004,461816,374015,2747
8,../model_20141119_1676144838.uvl,14,14,22609547,true,1628697,17196299,3430754,82943,48132,2060
15,../model_20190922_499979669.uvl,25,29,28047247,true,1593174,22381755,3561331,158887,91908,2387
9,../model_20200212_1763855182.uvl,12,12,24372759,true,1811489,18122359,4033433,73959,42169,1828
11,../model_20130627_888588099.uvl,17,16,28921291,true,1709902,23361412,3458526,99223,53351,2579
3,../model_20130808_465499656.uvl,22,14,34635339,true,1697834,28009581,4376237,135283,79316,3067
12,../model_20120728_275737618.uvl,14,14,42859984,true,1707519,36489279,4084321,169156,105671,4800
2,../model_20171012_432118074.uvl,28,28,31246049,true,1583234,25787460,3362335,141964,77713,2881
0,../model_20160225_419189676.uvl,47,52,48600944,true,1918516,40149334,5556935,417659,147929,2047
5,../model_20100216_713947806.uvl,12,12,32231637,true,1674017,25991235,4143670,82249,46180,2228
4,../model_20150228_41303449.uvl,33,33,46934154,true,1713754,39693717,4904163,184746,99888,1930
11,../model_20141018_811394530.uvl,23,22,39214293,true,1594861,32623463,4484864,187698,74645,2459
8,../model_20141023_1082000051.uvl,37,49,69866233,true,1866736,62345161,4275965,628638,364225,4599
6,../model_20160330_888130075.uvl,73,73,82446208,true,2298496,70948320,7541860,651281,461332,3598
9,../model_20161213_651973816.uvl,21,25,108407729,true,1845543,101978477,3929028,176139,150167,2157
15,../model_20141017_1234330746.uvl,38,48,73058278,true,1887882,65111673,5039725,363793,291229,11450
3,../model_20150222_2069201003.uvl,13,13,36096110,true,1452679,30758339,3465842,136200,77957,3645
12,../model_20160504_814917052.uvl,26,20,32652262,true,1693575,25928124,4352757,139241,205199,3388
13,../model_20150611_1748318240.uvl,14,11,29679129,true,1743274,22950398,4457557,146282,82520,3142
10,../model_20180705_2136123533.uvl,10,10,38565821,true,1700723,32314181,4038583,127942,85389,3699
1,../model_20170410_971411480.uvl,11,6,33855369,true,1703967,27431624,4245395,122986,70370,3084
7,../model_20140305_1745306436.uvl,20,12,44758787,true,1744406,38436343,3971530,218771,108401,3141
14,../model_20200120_1111265554.uvl,10,8,37317808,true,1647930,31479256,3783551,115587,64909,3760
0,../model_20160428_283258262.uvl,40,37,36668743,true,1987004,29764492,4271959,229343,106257,2129
5,../model_20121123_1047250318.uvl,16,17,42074726,true,1622752,36581065,3218750,219365,118378,3208
4,../REAL-FM-8.uvl,17,17,39038625,true,1848222,32397604,4287110,134900,81951,2827
11,../model_20130916_302923469.uvl,16,17,29641014,true,1824901,23287202,4030212,105379,58724,2746
6,../model_20180611_848416665.uvl,10,13,25469934,true,1596898,19374438,3964812,132438,79825,2781
3,../model_20131129_1795005487.uvl,10,10,41459645,true,1795658,33942566,3697381,1653880,83295,3344
10,../model_20130302_379367837.uvl,10,11,37310853,true,1920743,31422968,3482290,137441,101362,4962
12,../model_20140209_1382642350.uvl,41,29,53479181,true,2037169,44989039,5437726,369147,213730,3920
1,../model_20140826_2051139991.uvl,31,31,38205444,true,1705213,32156483,3846926,166729,97034,2087
7,../model_20160503_1174916821.uvl,42,44,45185471,true,1920221,38423629,4024938,239222,168714,2441
14,../model_20190326_164569423.uvl,10,10,36991980,true,1648805,31061614,3877736,120669,71684,3942
11,../model_20190526_2060834946.uvl,12,9,24444064,true,1501581,19517302,3089675,85258,47040,2472
4,../model_20190917_729866659.uvl,83,56,54248052,true,2322735,42099162,8699525,379315,184465,2101
6,../model_20150621_1174641946.uvl,36,32,44733614,true,2043784,37314307,4741583,198265,100103,2166
10,../model_20120110_1094246588.uvl,10,10,24152088,true,1473276,18415566,3844814,160836,46824,2303
3,../model_20160913_245590430.uvl,38,38,55699032,true,1811119,48589669,4323264,464233,186180,2599
7,../model_20130725_1746580783.uvl,16,17,28814693,true,1572298,23074538,3746824,108464,72508,2562
12,../model_20130812_1882708509.uvl,41,51,97288036,true,1703645,90354064,4373922,283444,161560,2375
1,../model_20230616_862941800.uvl,30,26,38019762,true,1850510,31924216,3644964,183707,120237,2892
14,../model_20120201_1444061231.uvl,38,37,68054881,true,1866316,60157644,5233417,291162,142870,3041
2,../model_20120905_104354355.uvl,13,13,33328891,true,1576227,27137824,4182960,126763,80234,3540
13,../model_20170402_765751837.uvl,329,359,329164057,true,12654384,294030972,15452733,3237397,2146390,3616
15,../model_20171213_638254090.uvl,11,10,24360517,true,1737318,18232103,3973961,72477,42911,1950
9,../model_20150309_1544990511.uvl,39,42,56125702,true,1996658,48820044,4586272,280922,123200,2596
11,../model_20140403_1254324003.uvl,28,27,32132447,true,1918256,25162927,4316246,149978,211129,2532
8,../model_20151201_896154285.uvl,24,21,105601128,true,1790781,99257316,3972183,146725,82256,2128
3,../model_20180729_778045288.uvl,31,34,48273480,true,1898099,41755580,3976952,182069,105045,2146
4,../model_20230323_425392427.uvl,33,29,49094752,true,1862932,41199781,5078338,384796,180200,3986
6,../model_20140824_1698583194.uvl,66,66,63994462,true,2043474,53849715,6641901,591058,377285,4160
7,../model_20180307_2144246090.uvl,49,39,75860575,true,2001931,67947074,4984068,385683,176413,2440
1,../model_20120328_1412454948.uvl,36,34,57287869,true,1934585,50109302,4176019,360537,327220,3851
12,../model_20190616_1868431112.uvl,40,31,54334525,true,1960529,46083262,5478173,300541,121763,2752
2,../model_20110915_1159959623.uvl,10,8,29420944,true,1632333,23745472,3635835,87632,55501,2453
14,../model_20140710_2059561340.uvl,33,25,57051868,true,1818045,49598665,4702327,364881,188854,3805
0,../model_20150416_264061404.uvl,47,24,45395831,true,3594210,37148622,3921158,199657,105708,2189
5,../model_20180306_832754487.uvl,49,53,73592701,true,2044998,65898526,4569310,472255,216841,2329
15,../model_20130309_1354780318.uvl,11,9,25409384,true,1671882,20075536,3264287,71958,38309,1790
6,../model_20141129_264528063.uvl,13,14,41378598,true,1550329,35242599,4018214,190603,114492,4655
8,../model_20230323_642188361.uvl,23,22,47682471,true,1648751,41045807,4315326,246795,131684,3988
3,../model_20170219_358603289.uvl,62,62,65916241,true,4091701,55131579,5338151,513140,357524,3343
7,../model_20130418_1960440366.uvl,29,32,40885803,true,1859050,34773612,3545151,185294,170118,2142
1,../model_20140508_530056624.uvl,36,49,47855217,true,2068159,39735846,5165525,329059,157230,2036
12,../model_20131112_330151541.uvl,21,16,27011120,true,1611647,20905187,4021058,119181,62994,2405
2,../model_20130219_1778040846.uvl,40,38,62758971,true,1961851,54577955,5295542,393377,213677,3147
14,../model_20131124_646639708.uvl,16,17,38971979,true,1693572,32581313,4105949,174395,109743,4534
5,../model_20110601_1103941862.uvl,12,12,24279751,true,1597937,19040702,3220979,92862,55753,1857
0,../model_20131206_684654596.uvl,12,12,26937768,true,1683566,21456516,3386730,94507,54537,1877
10,../smart_home_fm.uvl,59,62,51960389,true,2090936,43109177,5808382,299371,194845,2249
15,../model_20150309_1129343473.uvl,33,38,61832004,true,1829663,54062889,4940037,419710,229889,3562
3,../model_20200621_929471783.uvl,11,11,29192556,true,1585969,24041862,3149951,96931,57631,2416
7,../model_20190920_579117949.uvl,13,17,29263534,true,1657904,22420398,4639058,184658,70910,3118
8,../model_20140427_1594857347.uvl,19,21,33887966,true,1728731,28221930,3409920,139227,74714,2116
1,../model_20200901_164722413.uvl,11,10,39042331,true,1688775,33305027,3539755,139810,76504,3839
12,../model_20170926_289427240.uvl,11,8,38197754,true,1472167,32046148,4198742,136854,71854,3265
11,../REAL-FM-4.uvl,290,310,201307436,true,9911136,167924824,18904263,2582001,1012090,2946
14,../model_20190513_110684557.uvl,10,10,38076033,true,1632763,31819069,4131683,146333,80278,3725
2,../model_20150419_1225785874.uvl,11,9,36789857,true,1609436,30732362,3968687,126146,69769,3786
13,../model_20141103_285596543.uvl,25,27,30372148,true,1869299,24020634,3954354,153628,87300,2601
5,../model_20160225_2040495200.uvl,50,29,42140354,true,1795942,35129913,4414621,236059,126105,2608
9,../model_20190411_1457420991.uvl,18,27,37358981,true,1730748,31484657,3506831,197295,95314,2040
0,../model_20170504_370000031.uvl,36,37,35546243,true,1510453,29274955,4172068,216416,117059,2482
10,../model_20190917_659690280.uvl,12,12,79344988,true,1444872,74003777,3464440,108103,48495,2882
4,../model_20221109_1435495840.uvl,14,15,42294992,true,1790815,36046009,3885419,207296,112578,3419
12,../model_20130916_667715515.uvl,16,16,23531355,true,1476663,18366041,3217950,107526,61376,1978
1,../model_20190108_414883666.uvl,17,17,24529634,true,1502800,19362654,3224395,94553,56621,2178
11,../model_20140530_1262796172.uvl,10,9,23254108,true,1478844,17606715,3824782,76927,38988,2567
14,../model_20161124_135805624.uvl,37,37,34536730,true,1729341,28260526,3844536,186805,176694,3365
2,../fame_dbms_fm.uvl,21,16,37710209,true,1422426,31746544,4111349,117173,61551,2283
13,../model_20140326_183546394.uvl,11,11,37397598,true,1699392,31615034,3638024,102795,69947,3751
9,../model_20150427_2103265175.uvl,56,54,54390430,true,2134812,46578204,4624420,300540,323072,4774
0,../model_20130116_1542765516.uvl,10,9,24722152,true,1456187,19323828,3587971,68363,39160,2519
5,../model_20170311_1316290182.uvl,48,48,77928516,true,2033159,69403537,5343874,433147,271901,2759
4,../model_20230322_928718925.uvl,20,16,30290051,true,1428531,23995856,4432075,107778,56468,1724
10,../model_20171005_661289758.uvl,10,10,26953765,true,1510252,21081210,3945890,116916,66316,3567
6,../model_20110919_127780100.uvl,37,27,65477759,true,1827745,58374247,4587063,223607,120005,2814
1,../model_20131112_356575914.uvl,20,15,26678804,true,1579063,20343677,4293236,108187,56773,2133
11,../model_20161122_1255346120.uvl,15,10,36911648,true,1558373,30826917,3999725,173701,100162,3443
12,../model_20190922_267709941.uvl,35,35,39663832,true,1570048,31922858,5294293,333869,193460,4208
14,../model_20160504_18344306.uvl,13,14,36257116,true,1529269,30253327,3939221,177974,103753,3816
2,../model_20110310_1849309646.uvl,23,20,31955297,true,1666633,25158482,4608518,132731,71756,3211
4,../model_20190916_779041735.uvl,41,23,36767403,true,1817579,30515734,3766638,183318,95985,2396
13,../model_20180611_1140870617.uvl,10,13,38708659,true,1609240,32789644,3641958,327854,105306,3140
0,../model_20110823_553386338.uvl,21,21,29679057,true,1509852,23218350,4490092,112013,66645,2191
9,../model_20180304_1150769979.uvl,48,38,127935227,true,2218330,119807620,4901824,316549,246253,2714
15,../model_20180222_524224426.uvl,26,14,45370996,true,1762348,38835122,4222511,129779,66528,2225
10,../model_20161123_1530983999.uvl,36,36,34015311,true,1493337,26693089,5226430,175810,92799,2088
7,../model_20141129_1168519534.uvl,12,12,24930956,true,1694789,18677348,3980445,184098,97057,3885
3,../model_20120722_2065280700.uvl,13,9,29295469,true,1714176,23085205,3967035,151630,83094,5326
6,../model_20170703_1893075315.uvl,20,16,36470821,true,1526472,28391317,6022641,167335,101276,2246
8,../model_20130916_156611854.uvl,17,15,35952433,true,1974892,29366665,4064727,136096,93765,3143
1,../model_20190510_1232864614.uvl,12,9,33394178,true,1751026,27874530,3359065,77924,43385,2641
12,../model_20181016_583005690.uvl,32,34,40685958,true,1821909,33642930,4563664,188068,105309,2165
2,../model_20201002_1982652571.uvl,15,15,30843029,true,1749613,24908093,3759140,88519,50197,2098
9,../model_20221031_340330235.uvl,35,35,32117734,true,1803472,26136244,3514911,178816,102500,2108
15,../model_20140503_2024413965.uvl,16,14,26225070,true,1597511,20791647,3428541,92992,48851,2700
4,../model_20101024_1938793748.uvl,29,32,37798227,true,1892348,31929226,3324505,184898,108599,2559
0,../model_20100213_206550190.uvl,38,33,47410086,true,1883932,40701915,4017360,238430,158782,2477
6,../model_20101109_1698100628.uvl,15,15,23960551,true,1428597,18495676,3688030,96021,51152,2735
13,../model_20170919_414938854.uvl,47,35,44366025,true,1771853,37083544,4781289,220787,117785,2431
10,../model_20190916_1777637747.uvl,10,10,28659735,true,1491966,21931279,4854765,70758,38813,2655
1,../model_20221017_1844403757.uvl,10,10,29378596,true,1536348,24067396,3335816,126873,71778,3996
3,../model_20150425_1862491910.uvl,80,77,84095141,true,2501006,74406566,6183091,391592,209284,2205
12,../model_20141129_1031364.uvl,12,14,40593798,true,1598799,34587574,3896447,144510,86935,3777
5,../model_20130311_1184229274.uvl,11,11,38070170,true,1678995,32252287,3659937,130537,75149,3625
0,../model_20140209_738203734.uvl,51,55,84182966,true,1981592,74910417,5797885,727841,375404,3411
15,../model_20160519_1846923063.uvl,39,50,54461617,true,1745430,46467194,5107625,563039,206355,3739
4,../model_20190514_850677966.uvl,25,29,50175104,true,1699883,43878488,3825794,288824,156854,4148
9,../model_20170821_2117231347.uvl,28,42,54938856,true,1944784,48147012,3664945,604504,283767,3697
10,../model_20140423_1890396897.uvl,36,31,44396863,true,1982024,36976334,4666210,226118,142827,3050
1,../model_20160606_235281629.uvl,13,13,34145244,true,1498224,27844069,4327858,147761,86161,3955
3,../model_20170316_1293936491.uvl,48,53,46482823,true,1766387,38070352,5869936,313284,165429,3602
14,../model_20160229_490224198.uvl,49,39,50253373,true,2086656,41578862,5690152,307811,156877,2426
11,../model_20200816_33425673.uvl,39,33,60803128,true,1959187,54074666,3754087,383631,236315,3987
13,../model_20180214_1066016479.uvl,96,79,167253062,true,2821235,155041052,7154249,1088101,649604,3697
12,../model_20160304_165509543.uvl,43,42,61196120,true,1864587,53517620,4842646,367278,273195,3810
5,../model_20110712_1373520081.uvl,66,61,42445589,true,1839874,35599465,4228487,298381,162571,2117
7,../model_20190913_1052617154.uvl,21,21,49482373,true,1553712,44503209,3005717,106250,55289,2273
8,../model_20140905_2124104947.uvl,10,9,21110160,true,1416631,16745254,2628095,67196,39907,1914
15,../model_20130731_2029107317.uvl,76,68,48178576,true,1952137,40635358,4658557,344659,178709,2392
2,../model_20100321_1548012375.uvl,18,18,50720314,true,1602769,46093210,2683252,108238,52277,2661
6,../model_20131202_1775789712.uvl,50,50,37758061,true,2223491,30507993,4148876,212328,110216,1699
