index,filename,n_features,n_constraints,execution_time,result,clif_gen_time,clif_ast_time,bridge_solve_time,code_gen_time,generic_csp_model_time,concrete_csp_model_time
10,../model_20160905_774306083.uvl,14,14,28901857,true,2006002,23346526,3156913,83710,46637,2310
15,../model_20121214_211817376.uvl,14,14,30620867,true,1940410,25180015,3113459,100472,58810,2935
2,../model_20131112_1592384504.uvl,32,32,33035553,true,1488839,27569461,3396169,176737,110821,2434
9,../model_20180612_712325117.uvl,15,15,27018142,true,1523394,22205385,2910987,96036,55214,2356
8,../model_20160921_24535453.uvl,29,28,67206286,true,1611040,61634886,3425997,153117,93828,2328
2,../model_20160919_1142576711.uvl,20,20,23321831,true,1354882,18522766,3037008,107855,71119,2354
8,../model_20150527_2051574410.uvl,28,21,29016398,true,1295103,23920139,3340817,142994,73515,2491
15,../model_20110826_1574631601.uvl,52,56,39792098,true,1396269,32844426,4786070,287994,161752,2223
9,../model_20170320_1505333083.uvl,47,25,35592991,true,1600420,28097964,5272810,206770,97801,2076
10,../model_20100308_1355834007.uvl,20,18,25621121,true,1232055,20042303,3953222,113811,61968,2659
4,../model_20140503_110898123.uvl,16,16,43456580,true,1613272,36304382,4916341,195205,119303,3888
5,../model_20150414_2125272166.uvl,21,24,44268301,true,1616073,37121130,4671505,302056,161615,4261
7,../model_20091109_376438407.uvl,22,21,45863160,true,1597630,38432862,5135705,233193,130630,3802
12,../model_20140428_1043688075.uvl,56,55,54761134,true,1645055,45165401,6640824,554100,301584,3948
13,../model_20140421_782765396.uvl,19,19,33032982,true,1471398,26194288,4734730,184870,105700,3844
8,../model_20160527_1098137653.uvl,20,20,47984959,true,1488895,40751839,5078928,272435,151752,3889
14,../model_20110826_819334011.uvl,24,24,29894083,true,1327978,23048627,4898941,183593,97004,4271
9,../model_20141129_1141626102.uvl,12,12,26102991,true,1104449,20180328,4374485,138501,77311,3198
3,../model_20180913_1045465294.uvl,10,6,26227384,true,1466134,20153041,4222571,80908,41194,2751
15,../model_20100106_985255768.uvl,20,11,40666044,true,1310101,34054252,4762920,180907,95950,4018
1,../model_20131112_832913408.uvl,17,17,40348858,true,1613939,33216423,4734179,338206,111090,4081
0,../REAL-FM-15.uvl,25,21,49539298,true,1661717,41633494,5407889,283133,169602,4901
2,../cfdp_library_fm.uvl,13,18,46975511,true,1463119,40324283,4569337,224530,127223,3781
6,../model_20180513_39795521.uvl,22,22,41328896,true,1817488,33701905,5090793,228551,134750,4377
10,../model_20200403_1474941211.uvl,14,12,108017849,true,1057959,101986973,4433542,179737,101612,3573
11,../model_20230322_492815120.uvl,41,32,59996701,true,1699094,52794497,4523712,337803,221818,6265
6,../model_20170809_1734454576.uvl,15,14,24083718,true,1503435,18708398,3430968,104878,67681,2427
12,../model_20150120_214372699.uvl,40,39,35339595,true,1731717,27485233,5421510,211630,107681,2049
14,../model_20180514_1722608288.uvl,27,27,28472755,true,1579201,22683831,3685280,140766,79400,2125
9,../model_20170926_1539445221.uvl,14,12,22689514,true,1512737,17586050,3143957,89032,51370,1991
7,../model_20121018_880874071.uvl,16,15,28031395,true,1721876,21569983,4228064,95929,53357,2125
15,../model_20190917_1882445879.uvl,16,12,26283759,true,1378868,20947815,3491906,98077,55404,2510
10,../model_20130529_51708559.uvl,16,17,43508680,true,1607839,37319685,3913522,218254,121065,4296
2,../model_20121018_1578042435.uvl,17,15,27743467,true,1465948,21581464,4117174,198484,88271,3475
1,../model_20110926_608554224.uvl,30,32,46291865,true,1741472,39555267,4217777,299190,107327,3208
11,../model_20190915_1647283170.uvl,10,10,34631200,true,1572040,27574565,5032669,117515,71545,3391
9,../model_20120328_573707444.uvl,34,27,31934045,true,1674587,25806137,3803391,174382,97494,1898
15,../model_20120229_1103715736.uvl,14,13,24514877,true,1567339,18395841,4110128,86404,48715,2091
0,../model_20130908_1070185514.uvl,366,528,316091671,true,14707683,279172408,16029838,2914031,1862485,2601
6,../model_20131202_1494824194.uvl,34,34,36080532,true,1604096,29640864,4165668,192840,97497,2632
10,../model_20140227_661956564.uvl,47,43,42958316,true,1641727,36236683,4302316,263360,140365,2130
11,../model_20120515_1862354569.uvl,15,15,32692739,true,1545569,27420281,3272758,103635,62488,2447
2,../model_20170706_1588900401.uvl,30,26,41982103,true,1765840,35725756,3906068,158243,89396,2416
1,../model_20221013_1054303307.uvl,66,56,53774486,true,2569822,45750746,4608418,307030,159124,2377
12,../model_20110516_1331478109.uvl,88,145,177786371,true,2509649,165608019,7773109,857737,581039,2923
5,../model_20140423_969548559.uvl,49,48,38813845,true,1861790,32003666,4083949,240745,168630,2714
13,../model_20150621_2090653675.uvl,20,18,29505531,true,1687322,22832455,4470437,132256,62838,2425
4,../model_20181024_611767532.uvl,13,14,66442207,true,1654082,60095680,4194507,103915,58357,2923
0,../model_20141212_523199394.uvl,15,13,24347893,true,1654656,18258353,3943918,90954,53005,2266
8,../model_20221208_1116778716.uvl,22,15,32460683,true,1703347,25344803,4717136,212338,112254,4475
3,../model_20190917_595353381.uvl,13,12,31398110,true,1616055,25575867,3743790,88748,53783,2577
15,../model_20150505_1728564449.uvl,13,12,33801954,true,1487215,26941555,4834499,149268,87691,4220
9,../model_20140410_1905141388.uvl,11,20,45644338,true,1677191,39606233,3580604,309594,154914,5220
11,../model_20110525_928187171.uvl,14,14,39908878,true,1467735,33438578,4503612,168841,95222,4632
2,../model_20150309_670536624.uvl,22,28,49099703,true,1724710,42489625,3981914,338950,195036,4004
10,../model_20140630_1564361664.uvl,10,5,32393058,true,1564241,26445984,3922774,106923,59715,4380
6,../model_20160531_990808801.uvl,14,13,39113565,true,1633756,31108822,5794767,155686,91539,4641
12,../model_20140408_1553357169.uvl,11,15,45019996,true,1760035,38526641,4119161,220417,112135,2546
1,../model_20160721_972954567.uvl,10,9,39944722,true,1749091,33776063,3993200,121913,65414,3829
5,../model_20120113_1950870026.uvl,10,10,38979864,true,1590699,32864287,4043083,137582,82009,3658
7,../model_20180512_316263333.uvl,41,36,44813261,true,1947097,38204163,3928102,207693,128347,3193
4,../model_20131122_1083650489.uvl,15,15,25434561,true,1733050,19581773,3594357,100053,116610,2489
10,../model_20130916_882364260.uvl,15,17,30515370,true,1552692,24660387,3829922,107275,58887,2431
3,../model_20160329_925786350.uvl,31,29,40619318,true,1796155,33076627,4922270,285229,176814,3718
9,../model_20130529_1165512118.uvl,10,10,30193494,true,1440295,24450975,3848008,118442,67693,3839
15,../model_20201007_667063467.uvl,72,63,69920415,true,1982712,59058033,7209457,651199,413863,3729
6,../model_20140424_1672030888.uvl,65,45,82722415,true,2057522,73361912,5883499,624450,348303,4285
14,../model_20101112_864228137.uvl,137,138,102081928,true,3623676,87904404,8446864,699832,577414,2685
11,../model_20180306_1851656621.uvl,49,41,57747321,true,1811834,49030929,5910284,349650,176583,2768
0,../model_20230322_572568226.uvl,51,36,60201049,true,2045385,50977550,6125560,423377,258006,4625
1,../model_20230615_784426434.uvl,14,13,27162611,true,1597803,21549417,3619771,96290,51402,2763
12,../model_20190922_230985682.uvl,21,32,54740254,true,1734308,47359723,4950574,224700,120794,31114
7,../model_20140320_391816142.uvl,11,11,22632887,true,1676218,16771127,3809526,71573,39431,1777
5,../model_20100412_337845737.uvl,10,10,29624481,true,1478865,24449440,3260268,104462,58738,3924
4,../model_20190413_1966613868.uvl,42,18,52158089,true,1861474,45664232,4073344,175594,83075,2586
3,../model_20170206_852070049.uvl,13,10,25916047,true,1596347,20495335,3386174,88403,50324,2065
15,../model_20140319_1506613330.uvl,16,12,27280597,true,1556541,20688405,4629542,95798,52729,1939
6,../model_20150720_1580995178.uvl,22,24,39316982,true,1580300,33003006,3931086,272493,171874,4012
1,../model_20200819_795623217.uvl,26,17,34052359,true,1825235,28073381,3596055,133543,71056,91878
11,../model_20180611_1112345807.uvl,10,13,80368179,true,1627965,74466264,3849134,91043,55974,2288
0,../model_20141021_386995832.uvl,24,24,41909391,true,1629417,35676897,3933407,240613,131222,2627
14,../model_20170315_692595151.uvl,23,18,41742883,true,1599532,34869602,4712388,138999,74366,2642
12,../model_20150616_314969910.uvl,26,27,45092565,true,1688941,38391727,4414616,171350,101639,3003
7,../model_20100529_1010171189.uvl,22,15,25591417,true,1445178,20194102,3541901,114969,59040,2513
13,../model_20221010_1477134717.uvl,51,44,41530256,true,1844390,34690548,4102156,247608,179430,3000
2,../model_20141202_107430422.uvl,36,30,34000702,true,1915747,27674096,3757568,179168,164892,2929
4,../model_20140321_1655023261.uvl,14,14,32053384,true,1558910,26904142,3201601,85070,49472,2936
8,../model_20190117_1837815772.uvl,14,12,79889040,true,1507780,74780061,3182962,85513,46961,1896
3,../model_20170322_711096381.uvl,10,10,28592320,true,1651951,23326923,3259419,71135,40927,2509
6,../model_20100416_811483774.uvl,16,9,35030170,true,1644290,29779651,3111504,138437,51051,2454
15,../model_20140209_34267674.uvl,44,41,57610673,true,1930049,50164277,3790600,291323,1120776,2463
14,../model_20140423_813378270.uvl,48,44,40946167,true,1647165,34205001,4218922,263705,157276,3254
12,../model_20101119_1472596180.uvl,25,26,29526165,true,1717437,23920939,3312825,168387,89332,3052
7,../model_20180815_1120231956.uvl,26,33,32695745,true,1417460,27045525,3519963,222160,189966,2349
4,../model_20190914_1323674619.uvl,61,57,41461071,true,1927596,34022675,4622908,319160,169420,2804
8,../model_20161018_1395239714.uvl,11,11,30203834,true,1409544,25239828,3130014,117346,66984,3849
10,../model_20130917_1805517149.uvl,13,15,27039270,true,1688886,20970397,3921948,139107,63062,2398
2,../model_20190917_383002664.uvl,43,24,37412090,true,1632926,28433543,6772649,183659,93889,2097
9,../model_20170510_174347414.uvl,15,13,35039167,true,1562095,28890818,4099075,145488,89977,3335
3,../model_20160311_1359424486.uvl,50,50,58860256,true,1881703,50281543,5559470,447896,252440,3934
6,../model_20160330_149443721.uvl,30,43,42811120,true,1588077,36441988,4054299,277990,136442,2183
14,../model_20180512_733862721.uvl,23,22,41940898,true,1641904,36429025,3316934,148922,86166,2447
15,../model_20160420_474055968.uvl,96,69,68313306,true,2608190,57684541,6663477,481594,300403,2737
12,../model_20170814_699386305.uvl,12,12,31248089,true,1615446,26222932,3050428,81382,50412,2682
5,../model_20170301_235251685.uvl,14,13,26441766,true,1630095,20978781,3456376,93477,49845,2445
8,../model_20130422_139902368.uvl,40,34,39584344,true,1668815,32230558,4909964,206410,97334,2518
2,../model_20121018_1701181193.uvl,17,15,43620584,true,1533965,37182510,4318677,190036,101111,4110
9,../model_20100822_281357717.uvl,15,16,32619816,true,1664026,27015893,3454943,134869,71510,3184
10,../model_20180306_177892963.uvl,45,37,76345636,true,1967462,67579887,5618906,528211,253441,4091
6,../model_20140524_520707568.uvl,11,9,34813374,true,1692571,29092681,3555274,125145,67424,4109
0,../model_20141111_2120296387.uvl,51,18,68291610,true,2154472,57901017,5962107,1691805,196793,3640
3,../model_20221114_1363146415.uvl,39,43,114935692,true,2033931,105587725,6229153,416625,242670,3741
1,../model_20140301_728202228.uvl,49,45,55382848,true,2019276,46919088,5545965,254120,206334,3126
11,../model_20150507_425070085.uvl,44,44,55321159,true,2092160,45502091,6740116,421446,242903,3009
14,../model_20110519_503436691.uvl,11,10,28991053,true,1436489,22287846,4920666,78253,43313,3230
15,../model_20131112_1617262618.uvl,30,25,50224837,true,1743718,42919005,4688046,290212,159421,3548
12,../model_20141106_687094706.uvl,65,61,51413935,true,1983054,41442466,6872573,363897,271648,3344
13,../model_20191119_1702487696.uvl,24,24,26054224,true,1705576,20442085,3371874,128253,71423,2617
5,../model_20110318_225131257.uvl,15,15,34000833,true,1535204,27867775,4048532,196335,64564,3168
10,../model_20120328_810464459.uvl,17,17,42962148,true,1749701,37141082,3458829,188567,105085,3918
9,../model_20120823_304633016.uvl,16,19,50051861,true,1513149,44421897,3426910,285633,145095,3681
6,../model_20151106_857588743.uvl,21,25,41632113,true,1862503,35240624,4030351,151562,86269,2115
15,../model_20171202_671836466.uvl,14,14,23754818,true,1620208,17516446,4199827,86757,49246,2168
0,../model_20161209_758532997.uvl,13,5,22671638,true,1555565,16532768,4195891,69126,35760,2231
3,../model_20180512_143602565.uvl,37,37,36673884,true,1772205,28385688,5643489,328919,165692,2957
14,../model_20230322_1914329788.uvl,32,32,50695735,true,1736226,44466821,3578360,339024,199467,3804
11,../model_20190915_38921055.uvl,10,10,88020038,true,1491948,82298324,3856885,69651,38852,2400
1,../model_20170927_2140419024.uvl,87,69,134062726,true,2430215,122335039,7701156,736999,431049,4409
12,../model_20180305_1565538092.uvl,50,39,63882119,true,1998931,56456230,4490299,345331,157293,2885
13,../model_20130916_330769314.uvl,17,18,32666344,true,1653554,26393847,4114259,113932,93749,2826
4,../model_20200901_1590540568.uvl,38,33,57083487,true,2053387,49458087,4745842,243139,148252,2827
5,../model_20140614_1407759983.uvl,29,29,37288417,true,1732739,29805847,4862522,311447,189011,4041
7,../model_20201011_1804341944.uvl,59,59,61389184,true,1861268,52561895,4412891,292358,1850375,2795
6,../model_20120801_1784537083.uvl,12,11,39429811,true,1621655,33201228,4087815,149074,84128,3742
15,../model_20230322_61558144.uvl,16,16,26899340,true,1700748,20698171,4060655,92105,50904,2120
0,../model_20130305_522520932.uvl,16,14,45851973,true,1668393,39212156,4321104,220736,115335,3985
14,../model_20140430_1345238885.uvl,17,17,40328921,true,1669053,34391436,3674707,184495,104903,3615
3,../model_20140728_1532422166.uvl,23,37,62665567,true,1781349,55972189,3811055,512944,256535,5002
11,../model_20150616_1287606127.uvl,22,21,41377596,true,1763674,34568999,4529986,126680,73599,2749
1,../model_20190825_1083955002.uvl,12,10,30525122,true,1593574,24357059,4098194,128141,71246,2600
12,../model_20161101_1287284082.uvl,50,37,52353250,true,1928693,44166631,5419231,244358,178601,2796
13,../model_20160311_358715911.uvl,26,26,30598442,true,1660493,23927007,4432077,147026,175923,2378
8,../model_20160912_772295854.uvl,18,18,28893622,true,1748217,22919021,3798374,107423,62472,3100
4,../model_20130818_278315719.uvl,10,10,33954906,true,1762683,28180767,3542875,112538,69730,2751
5,../model_20130716_384525556.uvl,17,12,27427508,true,1517397,22267809,3246360,95868,50901,3001
7,../model_20180913_872907572.uvl,15,15,32922288,true,1625928,26545628,4042710,173596,243087,3816
2,../model_20140223_789634838.uvl,26,19,37515564,true,1764277,30490525,4577756,243245,127584,3137
0,../model_20160329_736279509.uvl,14,14,28428998,true,1400369,23298358,3358133,83660,47023,2025
14,../model_20120328_1357539597.uvl,18,17,44935234,true,1697118,38130618,4441556,223013,117757,3512
1,../model_20140403_1425048263.uvl,12,12,30914857,true,1411570,25074149,4047261,82828,42005,1783
11,../model_20230322_729074756.uvl,29,23,40563524,true,1782640,33472062,4763497,176056,78185,2227
13,../model_20170607_1389753102.uvl,13,14,33634679,true,1558826,28340481,3330800,93231,59176,2229
4,../model_20140615_1755551630.uvl,24,22,30930901,true,1665564,24857872,3885941,133558,74024,2610
8,../model_20171108_1643056811.uvl,12,6,37656669,true,1581181,29576312,6167303,79564,42130,3391
12,../model_20130821_361829065.uvl,30,30,45625889,true,1896074,37911318,4946727,314749,174332,4163
2,../model_20121026_334751192.uvl,28,28,54352790,true,1739165,46728628,4810895,418331,279818,4812
7,../REAL-FM-12.uvl,14,14,40254906,true,1591713,33808445,4235823,203734,116707,3840
10,../model_20171208_504832504.uvl,10,8,32269125,true,1629420,25928948,4242170,133741,78599,3902
9,../model_20141029_1924517902.uvl,53,53,57996556,true,2053724,48979350,6075330,282819,158936,3052
5,../model_20160721_1827988269.uvl,19,24,114238656,true,1598629,107228223,4663862,261043,155383,4149
0,../model_20111220_1184087779.uvl,15,9,32017940,true,1537485,25904433,4009296,172516,87659,3501
14,../model_20140613_2054294739.uvl,10,11,22843417,true,1442325,17171281,3730241,211223,53053,2702
11,../model_20130117_2075912065.uvl,13,14,45381465,true,1710090,39279688,3819093,220153,110312,3351
1,../model_20110329_10104623.uvl,41,35,46818232,true,1879798,39437594,4307279,512171,229923,3467
13,../model_20141129_1642511009.uvl,34,37,45973930,true,1951786,38576747,4638016,285233,142877,3293
2,../model_20141129_966803644.uvl,12,12,25243489,true,1595804,19190478,4055256,84678,42490,1960
6,../model_20150515_2045521211.uvl,25,26,40172453,true,1581416,33959537,3859562,270725,215124,3931
5,../model_20160712_1875218337.uvl,11,11,33277636,true,1533457,27668008,3625283,119236,70704,3520
10,../model_20161118_1167269407.uvl,66,22,67466965,true,2125879,59053729,5062604,527053,337244,3885
9,../model_20111027_668940289.uvl,29,29,54781229,true,1965775,47110729,4764909,370971,200956,4331
7,../model_20200815_1845054862.uvl,39,32,53133694,true,1823687,45558410,4866610,308133,169749,3726
15,../model_20180708_1907991672.uvl,24,30,42838293,true,1862121,36372413,3679576,353777,282364,3885
3,../model_20130426_1685243628.uvl,16,15,42530697,true,1791806,35970358,4230993,176934,95520,3674
0,../model_20111214_733452875.uvl,15,15,21608750,true,1531620,16475618,3102406,168891,58778,2309
1,../model_20110406_1047532859.uvl,29,28,40243449,true,1901116,33612531,4093884,177847,123628,2626
14,../model_20190223_1159148955.uvl,103,70,78459532,true,2695419,69028658,5561339,486927,275512,2428
2,../model_20140605_572628146.uvl,11,11,22907649,true,1739423,17843253,2956341,74257,55518,2238
6,../model_20171109_1740328562.uvl,21,25,34895824,true,1731503,29039006,3362585,200517,244136,2442
10,../model_20170310_2069806245.uvl,49,36,52198880,true,1921112,44128438,5363953,290690,179728,2568
7,../model_20161003_680973994.uvl,53,58,66573993,true,1783690,58279258,5590737,318457,217948,2778
15,../model_20170514_1578942718.uvl,40,44,67703545,false,1893771,60423379,4425450,500383,263823,4144
13,../model_20221031_379205114.uvl,158,208,185645465,false,5505991,167195999,8144785,2869347,1601427,4441
3,../model_20140306_1607259562.uvl,43,49,53953699,true,1710906,45986423,5150846,504735,258300,3947
0,../model_20181029_2093756359.uvl,18,18,76004698,true,1557832,70762637,3180844,138247,72443,2551
1,../model_20170918_446567907.uvl,48,37,52021497,true,1927936,43487166,5585722,368151,231520,3871
4,../model_20130916_1448418245.uvl,14,16,26235656,true,1618822,20036881,3989109,188452,101548,3649
12,../model_20110725_452580960.uvl,34,30,47115046,true,1890432,40006368,4635565,175202,105486,3162
2,../aircraft_fm.uvl,13,12,38556558,true,1647911,32762695,3609040,153465,83682,3895
8,../model_20140823_1972464026.uvl,35,38,52449174,true,1923270,45874157,3614959,357565,369456,4460
14,../model_20170925_1698983864.uvl,19,19,37192788,true,1639936,31286683,3641552,206837,111455,4344
15,../model_20180930_1153905679.uvl,27,27,35704789,true,1604860,28898431,4601916,141362,147205,2268
13,../model_20200810_956997411.uvl,39,36,38048925,true,1880219,30730024,4789997,193087,166821,2719
11,../model_20120529_2101702978.uvl,35,46,57130301,true,2104905,49844603,4129801,514906,157068,2823
0,../model_20230322_1194175451.uvl,34,25,38069290,true,1610718,31800850,4138405,166436,96169,1871
1,../model_20160330_469153666.uvl,13,13,34129700,true,1596866,28134238,3903714,146228,86984,3528
12,../model_20130105_1019508207.uvl,24,27,43205539,true,1711693,36291113,4527896,227115,119987,2983
8,../model_20150109_425963323.uvl,37,23,49368441,true,1645577,41803799,5101540,311666,155312,3286
2,../stack_fm.uvl,17,13,43395367,true,1589968,36893778,4332324,181788,98555,4349
9,../model_20140409_1370428339.uvl,24,28,37467161,true,1722912,30494675,4511025,211508,194541,2667
5,../model_20120915_487659597.uvl,20,17,39316382,true,1658847,33237055,3867068,195317,85181,2742
14,../model_20091205_755658379.uvl,94,71,81671496,true,2680244,69583466,8053642,438982,307602,3119
11,../model_20200815_582760962.uvl,29,23,50957941,true,1503784,44014256,4664447,287289,160628,3814
1,../model_20170528_1427439246.uvl,10,11,39512297,true,1496678,33620327,3811575,276968,87971,3566
0,../model_20130529_1162054266.uvl,16,16,42681311,true,1611576,36323119,4153390,203559,113419,3972
13,../model_20180512_419383167.uvl,36,38,56541882,true,1744309,49677073,4140433,395390,229040,3637
2,../model_20150625_1923523971.uvl,16,13,38736037,true,1658269,32451764,4011013,190897,103924,3660
8,../model_20160531_486171149.uvl,35,35,49284409,true,1640344,39758962,5160527,300737,2070092,2994
6,../model_20160621_993334585.uvl,26,24,39999102,true,1867933,33496233,3965925,149272,167335,2415
10,../model_20150624_1191374126.uvl,13,12,27807207,true,1582705,21752851,4035373,140768,54928,2396
5,../model_20110809_1799855518.uvl,25,13,37736367,true,1778098,30949245,4606128,120464,59566,2032
14,../model_20181205_2097248492.uvl,19,24,57129198,true,1782195,50779760,3732318,338916,173253,3220
9,../model_20170919_303553909.uvl,49,55,106818620,true,2198607,97039439,5650842,918390,542364,4165
3,../model_20110328_1177934440.uvl,18,20,45204777,true,1756987,37928137,4870941,259222,126552,3771
15,../model_20170221_1848353506.uvl,210,161,183705348,true,6449186,164422942,10206355,1130020,762209,3423
4,../model_20230322_1299985155.uvl,31,20,52332661,true,1767825,45197612,4669809,280189,139243,3498
11,../REAL-FM-18.uvl,44,47,48431797,true,1689945,41503149,4513227,289617,169974,2451
1,../model_20171129_847069382.uvl,35,32,55151367,true,1874730,49152738,3466713,187060,102223,2325
10,../model_20150301_1821356180.uvl,28,33,45375683,true,1440646,39302837,3885608,266358,190851,3409
6,../model_20170215_1976164448.uvl,35,20,62496155,true,1667186,54437280,5485588,368738,193206,3020
2,../model_20160531_1105256806.uvl,25,30,52592823,true,1956848,46107187,3496083,337115,317752,3323
5,../model_20170512_1532934104.uvl,24,24,43078385,true,1793910,36851575,3732006,240019,140499,3684
9,../model_20141023_1600573567.uvl,20,20,30483456,true,1751819,23814649,4411086,118326,72673,2566
14,../model_20120130_333619036.uvl,31,27,39906842,true,1786732,33448652,4008551,183113,102513,2803
15,../model_20160429_2024552354.uvl,12,12,37954185,true,1650364,32001062,3835089,143150,82259,3677
3,../model_20230322_774285627.uvl,15,12,39753314,true,1593870,34533893,3075444,166838,90300,4177
1,../model_20130529_2135483929.uvl,16,17,28268826,true,1686925,22332055,3817157,129403,68372,2238
4,../model_20160426_744600320.uvl,21,20,26890360,true,1875336,20885471,3693588,116804,62021,2466
12,../model_20170919_1393589103.uvl,48,45,49268858,true,1896470,42691749,3857621,365719,171564,2606
11,../model_20190805_1041162508.uvl,23,13,37065993,true,1663198,31181413,3717166,124135,65481,2318
2,../model_20230613_1168762973.uvl,11,7,24239809,true,1505616,18512063,3900063,68761,35402,2470
9,../model_20171029_1247758730.uvl,10,9,36225077,true,1651442,30341941,3776441,125464,69979,3363
15,../model_20150529_550903687.uvl,21,20,48544812,true,1573463,41677055,4633073,249865,141125,3583
3,../model_20120806_904481092.uvl,17,16,40212803,true,1486937,34282531,3964541,170204,88520,3771
14,../model_20140227_386614568.uvl,75,49,85746154,true,2512229,74921974,7203933,322977,233794,2723
0,../model_20150612_1719519345.uvl,14,12,27185517,true,1678782,21031104,4047384,105589,51016,2479
13,../model_20100607_746327867.uvl,20,15,36517226,true,1908257,29787348,4351062,109803,57188,1888
12,../REAL-FM-14.uvl,18,16,27147850,true,1457881,22115568,3179377,107704,56461,2494
4,../model_20180911_126281571.uvl,10,10,38875290,true,1509456,32919620,3782251,292503,92000,3891
1,../model_20230322_1887635433.uvl,32,32,41291608,true,1634247,34039168,5021126,168549,98739,2965
8,../model_20170228_2078125436.uvl,34,26,51903738,true,1857786,45190837,4156493,196304,106490,2438
11,../model_20160309_77134368.uvl,18,17,79683332,true,1549305,73748329,3949352,114563,70321,2270
2,../model_20130422_1348727660.uvl,19,16,98312092,true,1584961,91867133,4345501,192162,70588,3222
9,../model_20160926_106687243.uvl,57,52,49677702,true,2251655,41368238,4858993,466329,249455,4441
3,../model_20180512_775268148.uvl,24,21,32679481,true,1564524,26072178,4496054,173244,86477,3040
15,../model_20121213_681234650.uvl,33,33,37521429,true,1720124,31237230,3851625,231056,105800,3065
7,../model_20190904_400441788.uvl,625,500,431922282,true,23236842,367113460,34210204,2544881,1683585,2914
14,../model_20131202_715513367.uvl,22,22,45693100,true,1762444,38562715,4667290,233411,136779,3998
1,../model_20160329_174305764.uvl,44,49,94552018,true,1731131,85535492,6127828,548669,278497,2884
8,../model_20170930_228024571.uvl,62,69,68820721,true,2265951,58952378,6403202,479473,288209,2977
5,../model_20170313_143405764.uvl,48,46,56381608,true,1741524,48059895,5419165,406014,371505,3318
6,../model_20161109_258969269.uvl,10,11,28327970,true,1677418,22193847,3964273,138181,78104,3217
4,../model_20181103_2077285196.uvl,11,11,82397041,true,1562065,30018549,50380136,99479,57890,2897
11,../model_20190917_1844149588.uvl,49,25,47721782,true,1645451,38952933,6078919,377779,214184,4267
10,../model_20160125_59009200.uvl,37,35,38291706,true,1596738,31150034,4856261,231974,117957,2133
2,../model_20160330_1233914245.uvl,12,13,39319201,true,1426587,33276082,4070778,188336,107518,4128
9,../model_20191111_1176325905.uvl,16,14,37958687,true,1833792,31489918,4074669,168895,93658,3691
3,../model_20121023_1328975384.uvl,14,14,22244068,true,1506993,16144459,4171562,83782,48428,2515
7,../model_20200816_1246721801.uvl,18,16,25915983,true,1567592,19659487,4208055,115915,57918,2800
14,../model_20131202_533920013.uvl,19,19,39052301,true,1610093,32868135,3975343,211068,117277,4000
15,../model_20160919_422339066.uvl,50,42,71487724,true,1899526,62529009,5837789,509745,262617,3766
5,../model_20140604_731553244.uvl,14,14,28737564,true,1793911,22315969,4154610,121208,58757,2485
1,../model_20140101_941325443.uvl,10,10,28891817,true,1493653,22779350,4136434,124794,73186,3379
2,../model_20190513_215044614.uvl,10,9,25497303,true,1474122,19703169,3953101,68937,35838,2583
10,../model_20160123_368502373.uvl,10,9,32469191,true,1506664,26645197,3935233,73684,40240,2760
4,../model_20190921_1186818003.uvl,15,13,39576888,true,1560223,34193800,3397675,92338,56426,2236
6,../model_20180613_78021145.uvl,15,16,38001824,true,1426901,32080787,3963820,169324,101672,4236
8,../model_20140615_1477062295.uvl,33,26,44119808,true,1769041,36521263,4978146,314764,169638,4312
11,../model_20180713_1002093829.uvl,23,17,44313960,true,1716431,36960049,4905460,257621,135572,2691
9,../REAL-FM-3.uvl,43,45,52028842,true,1924151,43685618,5565972,264761,193367,3264
0,../model_20170404_1821671055.uvl,13,14,38040469,true,1866766,31970372,3652360,191226,106956,3908
13,../model_20131122_1573422851.uvl,15,13,32621171,true,1817981,26421386,3923102,92536,71177,2489
3,../model_20130508_1842381745.uvl,16,14,25635156,true,1475908,19593906,4110887,129962,58052,2705
7,../model_20131217_806985744.uvl,11,7,23764642,true,1520105,18017135,3836338,70443,37316,1882
14,../model_20230322_310895789.uvl,26,26,37543235,true,1660420,30518030,4567322,278978,149419,3995
15,../model_20131201_820966647.uvl,18,19,40981362,true,1650336,35223296,3450140,217833,138534,3625
12,../model_20130908_1057721135.uvl,14,14,30481180,true,1536652,24529760,4030526,131484,51230,2137
5,../model_20170627_231083922.uvl,14,14,24675993,true,1488554,19356148,3388583,99466,56722,2636
4,../model_20200919_469515687.uvl,20,18,44130902,true,1665957,37984813,3804036,225855,126720,4581
6,../model_20110203_2097159983.uvl,18,18,27294077,true,1413951,21723361,3704145,103701,60802,2317
11,../model_20160824_2005849052.uvl,21,21,45094911,true,1548492,38536100,4386559,224373,120813,3891
8,../model_20140819_535519547.uvl,13,13,88686759,true,1343978,83202794,3710330,141466,82424,3239
10,../model_20180306_1625675392.uvl,48,25,67292963,true,1805873,58534566,5897681,400047,206542,4339
7,../model_20160329_1691896941.uvl,28,38,46903120,true,1775947,40018535,4027676,480293,235669,4197
3,../model_20130122_243381566.uvl,14,14,29166020,true,1608117,23336331,3717910,133977,76040,3728
15,../model_20121023_356761254.uvl,12,12,23733699,true,1539694,18630211,3196511,89279,46244,1923
14,../model_20160917_824197127.uvl,14,11,26000229,true,1409817,20192005,3933941,148096,76360,4376
12,../model_20200811_1911664133.uvl,17,19,32387575,true,1534294,24985241,4305850,154065,1122756,2746
13,../model_20161128_2133107865.uvl,68,46,49917182,true,2304778,40225202,6389906,298779,164096,2432
4,../model_20160502_1352812691.uvl,38,32,31362497,true,1650881,24060414,5025775,187267,93005,2583
5,../model_20190916_233719618.uvl,10,10,26292062,true,1524866,20543281,3726274,120377,79528,3208
6,../model_20131122_23346211.uvl,15,13,23831709,true,1370235,17907438,4133302,85879,46439,1944
11,../model_20141107_377655341.uvl,24,25,30936032,true,1611589,24319767,4473582,147285,80695,2163
10,../model_20141029_1107505375.uvl,12,12,23145706,true,1635202,17643449,3400631,93190,89875,4391
8,../model_20170315_1174513943.uvl,18,18,82292274,true,1552638,76303321,3999113,100650,57367,2541
12,../model_20160330_511669656.uvl,15,10,25424683,true,1610697,19387745,3975430,131747,45781,2149
7,../model_20190619_50728308.uvl,19,19,41295587,true,1598776,34712990,4378976,200564,110858,3210
15,../model_20091015_449909368.uvl,10,10,26038508,true,1434687,20122112,4103305,76248,47839,2283
3,../model_20131112_605989901.uvl,25,18,47191518,true,1793574,40958580,3587207,240025,255621,3959
2,../model_20190513_639238065.uvl,10,10,32079712,true,1659312,26797458,3197238,85621,70941,2342
9,../model_20120110_139114401.uvl,10,10,34584270,true,1742353,29559530,2809230,176126,49717,2382
1,../model_20150521_1423870525.uvl,16,16,37698885,true,1654735,32331464,3229514,150470,84598,3806
6,../model_20160329_160417479.uvl,20,17,26230285,true,1575914,20782852,3362268,115359,62622,2498
11,../model_20180403_1861855205.uvl,14,14,26317126,true,1394495,20267630,4142221,144680,90895,3075
10,../model_20190522_227919886.uvl,20,21,31750547,true,1734838,24842129,4386519,281037,136376,3846
0,../model_20180306_1110315637.uvl,39,19,53066558,true,1780658,45024298,5369097,338179,182353,4091
8,../model_20160508_265400900.uvl,46,52,69009763,true,2113527,60906448,4704843,528935,288465,3363
15,../model_20130305_204544380.uvl,13,13,41105944,true,1598238,35055679,3876276,191774,102928,4378
7,../model_20110222_2078967171.uvl,48,51,46168186,true,1655502,39021015,4446962,383378,240154,2674
3,../model_20200810_1487197226.uvl,29,29,47832391,true,1605058,40784813,4861050,154910,88578,2487
12,../model_20120731_787433291.uvl,43,40,55941259,true,1661646,47854636,5437227,390161,228312,3392
2,../model_20120109_1808102333.uvl,18,19,30490590,true,1764879,24201406,3944526,204417,113498,3665
6,../model_20131125_731391866.uvl,18,19,33436169,true,1669304,26686277,4409557,215998,126733,3981
10,../model_20130122_1064508817.uvl,12,17,27664844,true,1602029,22070271,3518111,130569,64269,2802
11,../model_20161101_1188178549.uvl,36,36,43390933,true,1821425,35552621,4946452,345081,317978,3773
1,../model_20190824_1440931285.uvl,104,104,70675466,true,2851217,60476644,5924898,497240,337197,2497
0,../model_20191126_842054213.uvl,21,23,34567455,true,1695607,28919716,3312780,150435,157624,3127
8,../model_20120522_87989914.uvl,35,47,54147974,true,1766162,45868477,5294216,557100,305894,3634
13,../model_20120202_1596034358.uvl,10,11,34063529,true,1611772,27698943,4284373,133309,80579,3178
3,../model_20120329_788560154.uvl,55,49,48340439,true,1874749,40390875,4784149,522236,288761,3604
12,../model_20170517_1986241278.uvl,10,10,23980233,true,1599439,18152924,3757190,149788,47719,1912
7,../model_20170916_973590519.uvl,48,39,81535134,true,1814005,73013639,5764201,356432,188221,3049
2,../model_20131109_2060894287.uvl,14,13,44965172,true,1687262,38826477,3852889,204839,107313,3920
4,../model_20180612_1244406232.uvl,33,33,43311694,true,1813030,37065487,3720230,185621,131943,4602
5,../model_20151119_825568988.uvl,19,19,40890451,true,1796367,34592829,3986296,134330,65068,2176
14,../model_20170328_1485540940.uvl,451,428,449862426,true,22700109,388374815,32217897,3190580,1842915,2799
10,../model_20130916_2072761889.uvl,15,17,38852410,true,1626249,33184624,3389789,208741,126696,3708
6,../model_20131016_1224723724.uvl,11,13,41864509,true,1693786,35707160,3878451,162374,100000,3867
0,../model_20110306_314567479.uvl,14,14,36830031,true,1640981,30503917,4259989,87821,53047,2392
1,../model_20160608_755102753.uvl,12,12,97085974,true,1615007,90827508,4240933,78887,46715,2121
13,../model_20160221_544170906.uvl,11,10,33734039,true,1614991,27889997,3634024,266938,84376,3670
8,../model_20160821_1946133193.uvl,14,14,37638378,true,1657417,31930409,3531400,182212,100680,3833
7,../model_20190920_1330526555.uvl,10,10,21338884,true,1683384,16095273,3181339,64939,37599,2165
3,../REAL-FM-9.uvl,14,15,26603712,true,1782270,21374636,3020858,106473,63356,2284
2,../model_20120328_1667195252.uvl,24,25,31427295,true,1672591,25470170,3733878,156578,156107,2792
4,../model_20111025_1408959776.uvl,13,13,32403561,true,1609484,26360634,3887988,157252,88306,3810
5,../model_20160411_1158715394.uvl,11,11,36111009,true,1735066,30197994,3673549,131715,73336,3097
9,../model_20110704_328391695.uvl,172,145,115702176,true,4537378,99759058,9269425,734369,468358,2365
0,../model_20171010_332868283.uvl,12,11,25869443,true,1766567,19600786,4094630,78964,47301,2111
10,../model_20190503_1463982406.uvl,41,45,50631823,true,1993466,43453279,4244941,301659,224762,3895
1,../model_20160330_1356575467.uvl,10,10,33567432,true,1694546,27841855,3578069,116251,67026,3385
6,../model_20220910_809454030.uvl,37,39,108769887,true,1894121,101150772,4831524,344307,215479,2990
13,../model_20180819_995624779.uvl,14,14,32514232,true,1705502,26231840,3179561,1057212,53090,2448
8,../model_20161012_1497804026.uvl,13,13,40307578,true,1667658,33814606,4304210,146050,87038,3746
15,../model_20230228_1021126902.uvl,11,11,39913906,true,1751656,33566155,4074358,159428,95672,4082
7,../model_20200609_1715293706.uvl,12,12,29307311,true,1435036,24259668,3182009,97955,84521,3387
3,../model_20171008_377237228.uvl,43,43,53425338,true,1884506,46829501,3904224,265040,118604,2190
2,../model_20140225_1829795152.uvl,14,13,42821862,true,1667700,36434556,4165511,169572,102628,3303
4,../model_20230322_242202942.uvl,19,19,33854662,true,1600630,27865674,3944530,111507,62164,2920
11,../model_20160315_505457800.uvl,28,28,35130370,true,1840207,28039906,4538393,234578,128741,2922
10,../model_20110826_1555954181.uvl,24,24,39187714,true,1775576,33581773,3335419,134392,76979,3043
9,../model_20101117_1571856147.uvl,10,10,31562204,true,1736779,25272760,4101933,116181,70262,3134
0,../model_20100831_1378118837.uvl,35,32,49734985,true,1868959,42424513,4637679,191667,193286,3782
13,../model_20121123_388334786.uvl,16,17,37507477,true,1614509,32203475,3169633,126750,99889,2443
6,../model_20130916_1980915056.uvl,15,17,33441959,true,1591773,27381782,3926171,171977,68200,2145
8,../model_20131128_2046989275.uvl,15,15,40167242,true,1653915,33782155,4177663,163971,96355,4145
1,../model_20160111_1033692827.uvl,61,58,80747407,true,2502518,70641146,6027170,645012,423072,4171
15,../model_20140428_1127346099.uvl,72,71,81674588,true,2192757,73330001,4794489,431913,440320,3784
12,../model_20130324_1541392486.uvl,51,43,112177728,true,2037843,103816700,5152086,475197,251199,4016
3,../model_20180126_2070362475.uvl,30,25,30839231,true,1751179,23797842,4712974,153454,81005,2231
2,../model_20130812_690840910.uvl,30,36,55640539,true,1880736,48912338,3793498,379984,378277,3890
14,../model_20200128_1154759905.uvl,23,23,44990340,true,1865005,38150123,4352184,185143,100297,2800
4,../model_20150507_1665248699.uvl,15,14,37598558,true,1617246,31111176,4327032,172467,84225,3746
10,../model_20170310_906013336.uvl,47,33,56120767,true,1973300,49211438,4067523,271763,213618,1930
0,../model_20230322_2065877531.uvl,26,26,28698441,true,1836675,22906572,3323556,209037,77093,2773
13,../model_20160329_1491802197.uvl,20,17,26186261,true,1697811,19581016,4362531,125190,89401,3347
8,../model_20150305_837831991.uvl,39,42,49180785,true,2057337,41813060,4454478,286656,130968,2523
6,../model_20120122_258977494.uvl,19,19,44008677,true,1720528,36918118,4464741,289130,298182,3726
1,../model_20131122_1558809462.uvl,26,26,31015259,true,1665397,24511802,3500143,144917,881919,2705
12,../model_20161107_2119549052.uvl,12,12,24377581,true,1693193,18608827,3715288,76305,43364,2224
3,../model_20120829_1418879889.uvl,10,10,71717685,true,1621634,65532122,4138738,97411,61850,3368
5,../model_20181219_1343761699.uvl,20,14,31684315,true,1710378,25322802,4103355,150507,73095,3062
14,../model_20120904_1604580471.uvl,13,8,39744363,true,1657996,32483996,5132832,144734,76821,3748
2,../model_20150223_339293957.uvl,26,25,56726584,true,1637147,50254556,3916815,360335,185490,3566
4,../model_20160330_1191432205.uvl,19,19,42520273,true,1552363,37208734,3156497,210035,120925,3874
10,../model_20130911_2001583567.uvl,34,24,36435395,true,1653996,29880933,4002712,336591,181310,3886
0,../model_20131111_1486670620.uvl,21,18,36154597,true,1820222,29906202,3898567,115910,61960,2788
13,../model_20131028_1719041666.uvl,19,19,42153743,true,1534152,36256397,3748426,212882,108419,4361
8,../model_20170818_1523700786.uvl,31,31,40341630,true,1864934,33852125,3919656,212698,131785,4231
1,../model_20130220_406091727.uvl,43,48,69968755,true,2023408,61307179,5412358,460300,351573,3849
6,../model_20190917_1679843058.uvl,11,11,103769933,true,1482305,97781145,4020308,132089,76203,3012
7,../model_20150429_343028682.uvl,43,39,36814396,true,1930825,29114401,5025683,217526,113924,2275
12,../model_20180222_1813103418.uvl,26,18,41850062,true,1807544,34732421,4632648,216759,111157,2908
11,../model_20150320_593593000.uvl,13,13,37748528,true,1784404,32157761,3239763,183782,102325,4072
14,../model_20160229_1590940306.uvl,50,58,50948950,true,2076900,41944599,5805679,428693,239192,2486
9,../model_20221025_2010292001.uvl,22,22,29582789,true,1746017,23138514,4271345,134519,72875,2588
10,../model_20140509_978687642.uvl,10,10,26831032,true,1604415,21511609,3338047,67949,38063,2113
0,../model_20190919_887233558.uvl,17,17,36492151,true,1921266,30016858,3966471,197704,110222,4007
2,../model_20230322_1023477919.uvl,73,55,85914195,true,2366092,75152793,6822852,603940,416711,4600
8,../model_20141116_913921823.uvl,44,41,42804801,true,1557042,35027029,5476674,239586,130167,3370
15,../model_20161128_844678202.uvl,39,31,64892626,true,1881569,57020590,5028146,395859,233104,3566
1,../model_20190918_1569717148.uvl,17,17,38780892,true,1672001,32770432,3789193,191146,107047,3601
6,../model_20171014_936370428.uvl,10,9,27825384,true,1653599,22112741,3691737,73441,41367,2138
7,../model_20170131_61369545.uvl,39,39,46027267,true,1668599,38986971,4591438,203468,252819,2559
12,../model_20140303_1487935744.uvl,23,14,29864419,true,1870060,24038026,3464356,111435,58943,2343
11,../model_20190916_1591625575.uvl,42,24,48937649,true,1786732,42712749,3774683,180527,96280,3005
13,../model_20161127_1823059506.uvl,69,257,342730458,true,3398794,329906505,5352529,2388603,1253471,3580
2,../model_20160308_993894457.uvl,10,9,28131875,true,1663693,22316517,3776953,67651,37360,2534
8,../model_20121018_1875808662.uvl,16,15,24609977,true,1538502,19252839,3379537,95365,52453,2085
15,../model_20171012_404282969.uvl,25,25,45594054,true,1759549,38731791,4406885,247902,137599,3588
6,../model_20200619_2057881785.uvl,37,39,54349355,true,1695180,46608885,5029540,455945,242160,3071
7,../model_20140614_2029282468.uvl,54,54,69700199,true,2001069,62827910,4037845,354577,161568,2096
12,../model_20200810_1407499848.uvl,35,35,46546445,true,1875406,40350013,3646253,205950,101081,2234
5,../model_20180222_1531590612.uvl,18,17,26800813,true,1650960,20788520,3970636,103957,61560,2734
11,../model_20140326_801743865.uvl,13,19,29346884,true,1465973,23457064,3800737,175329,173683,3005
13,../REAL-FM-10.uvl,14,13,35642713,true,1393279,30292415,3300560,301436,91936,5466
4,../model_20160906_881197553.uvl,18,14,27926645,true,1585928,22351485,3528655,100010,53551,2469
3,../model_20180311_1112468126.uvl,29,29,43506832,true,1657613,36450941,4799959,156121,115351,3326
1,../model_20170321_1774846112.uvl,179,155,160050616,true,5163187,143828599,8532090,925420,588279,2177
2,../model_20140629_1128400878.uvl,42,32,45525466,true,2069755,39134757,3698583,202411,104422,2463
8,../model_20091219_494647199.uvl,11,11,22839212,true,1636749,17721448,3111574,72126,41879,2679
6,../model_20121018_795335675.uvl,16,15,31036273,true,1565292,24733976,4271248,98270,73576,2754
15,../model_20190624_198695067.uvl,24,24,35236861,true,1534067,28243362,4783210,236846,139513,3886
7,../model_20140130_912999540.uvl,13,13,42112612,true,1488602,36255582,3853861,166131,95054,3762
11,../model_20230322_812446738.uvl,34,23,42717524,true,1770754,36119798,4049009,260085,120879,3342
4,../model_20091129_1734444143.uvl,12,13,25070382,true,1449588,18767412,4478472,81748,49722,2208
13,../model_20160913_482611615.uvl,48,37,74227344,true,1894723,66762335,4487699,381414,308624,4157
12,../model_20180407_489573335.uvl,109,126,92946904,true,3121308,80288602,7781788,661143,357191,2605
14,../model_20191115_635910941.uvl,37,28,36976232,true,1766957,30378500,4117728,197651,100342,2300
3,../model_20141030_1194865372.uvl,48,43,66768661,true,1872611,58422675,5730303,260945,145511,2893
10,../model_20170320_772300106.uvl,48,48,38644556,true,1958839,30850976,5087328,236216,128416,2512
0,../model_20121123_1588832561.uvl,16,15,40179875,true,1701451,33360576,4534532,188510,135168,4384
5,../REAL-FM-1.uvl,88,72,87462469,true,2574296,74651926,8578816,650427,523256,3817
6,../model_20160301_1978418899.uvl,24,32,32691219,true,1637967,25075621,5371886,186819,98203,2226
15,../model_20140410_454790336.uvl,11,22,51843223,true,1700915,46085557,3289199,315309,154548,3434
7,../model_20190917_1352548057.uvl,59,33,64574482,true,2045847,56952332,4480568,411204,192851,4389
12,../model_20110722_419227445.uvl,25,25,30622148,true,1721613,23383816,4739557,261821,150408,3782
13,../model_20160629_1032137585.uvl,16,15,29549917,true,1532480,23423393,4155960,116474,63926,2717
4,../model_20120202_114979109.uvl,22,19,32749870,true,1700569,27135707,3335265,158640,83949,2688
3,../model_20121212_425431925.uvl,16,15,41586982,true,1584063,35195784,4226210,179353,94768,3844
11,../model_20150310_1159520762.uvl,35,39,39401755,true,1935690,31726190,5039912,240114,124638,2597
5,../model_20180222_1576024243.uvl,13,10,29810467,true,1601785,24392290,3395920,113322,46236,2265
9,../model_20170328_418838667.uvl,261,254,238701811,true,9293513,211854366,14037563,1590532,959567,2592
10,../model_20120725_1460954667.uvl,97,81,96637957,true,2889657,86132841,6241872,447864,311069,2965
6,../model_20171005_1407702877.uvl,28,28,47718536,true,1939915,40680799,4552115,142770,79402,1955
7,../model_20121123_1266693931.uvl,16,15,41621740,true,1766498,36333749,2999706,179154,99891,3681
15,../arcade_game_pl_fm.uvl,61,95,108651972,true,2332619,97724564,6371849,1078640,644073,3832
0,../model_20221026_1860047321.uvl,103,93,85535334,true,2774247,74173745,7197820,471210,267951,2586
1,../model_20230615_743611401.uvl,24,19,31653438,true,1692934,24833958,4524948,208247,67884,2740
2,../model_20151127_885194761.uvl,36,35,48927057,true,1853921,40954422,5096522,377906,230103,4234
11,../model_20150114_50814742.uvl,33,32,49767390,true,1899393,43002952,3970330,294096,225438,2893
5,../model_20101120_2091447559.uvl,20,20,35559048,true,1707640,28657146,4562176,190133,110413,4151
3,../model_20140914_1816201365.uvl,37,39,56307060,true,1989841,48490292,4894435,399494,226658,4358
13,../model_20180618_656757926.uvl,11,11,33145447,true,1510139,26897943,4201826,131994,81867,4034
4,../model_20140411_1148485857.uvl,12,23,49414004,true,1664452,43385421,3773466,178123,94615,2404
8,../model_20161025_210874268.uvl,10,10,35123844,true,1713775,27724690,5199620,115202,68812,3819
9,../model_20181005_1705175151.uvl,26,20,44212194,true,1619255,37903743,4057973,167963,142224,4461
12,../model_20200907_1678285822.uvl,63,63,66441947,true,2129112,57294474,6147921,308282,198376,2430
14,../model_20190917_896971240.uvl,35,20,53690619,true,1958543,47409467,3637371,259335,87863,3205
1,../model_20180301_203291309.uvl,13,13,22460535,true,1514549,17716890,2851281,79553,45706,1996
11,../model_20200817_129447612.uvl,37,37,33048478,true,1596563,26594766,4115412,264074,111805,3280
2,../model_20161117_1407262512.uvl,21,16,28643407,true,1613751,22891123,3520113,179086,91489,2814
5,../model_20110401_868452735.uvl,14,10,31641233,true,1548112,25564761,4106205,104933,54246,3055
4,../model_20120328_523540818.uvl,10,10,28694656,true,1496141,22668263,4045098,122396,80977,3484
13,../model_20110718_866950306.uvl,20,19,50100705,true,1662021,43493551,4288270,207347,118256,4117
8,../model_20191016_1243022077.uvl,83,83,68442198,true,1936480,57986212,6686032,726536,507290,5063
3,../model_20140613_1129301242.uvl,10,9,106343722,true,1518586,100536666,3868997,120511,64858,3458
9,../model_20131114_87095598.uvl,57,61,71385078,true,2068584,63882712,4322633,410079,347932,2997
14,../model_20190502_109355269.uvl,18,18,41422661,true,1617424,35351558,3910558,193148,113485,3384
1,../model_20141113_346832425.uvl,56,59,61490136,true,2168353,53819801,4588802,327486,197551,2657
5,../model_20230322_2049733851.uvl,24,22,29214653,true,1629692,22710484,4322747,145532,70985,2159
2,../model_20130522_1326579656.uvl,45,45,38930623,true,1678875,30732925,5744041,236277,121128,2323
4,../model_20140819_914542251.uvl,62,59,44083906,true,1657211,36420227,4966948,318112,182384,2919
3,../model_20221102_1308706395.uvl,17,12,42181664,true,1646557,35358732,4556347,220959,115766,3871
8,../model_20131112_1840652917.uvl,17,18,31560176,true,1731512,24982891,4316064,109599,95521,3118
13,../model_20160330_1846251072.uvl,39,38,55475730,true,1823072,47176479,5528381,341540,242623,3983
11,../model_20230322_497943934.uvl,40,27,57575727,true,1869552,48788194,5886128,390132,206067,4089
9,../model_20141030_1477913256.uvl,12,12,39468635,true,1405095,31735346,5787852,167215,92701,4046
10,../model_20100624_2076952989.uvl,17,17,36355328,true,1618207,29583382,4564842,202027,116068,4326
6,../model_20200810_1943380085.uvl,26,22,41233589,true,1744969,35806665,3186993,145572,82233,2835
7,../model_20130106_749900457.uvl,21,15,25138482,true,1659028,19305726,3703621,110951,59632,2612
15,../model_20190513_1805648090.uvl,10,12,23915871,true,1574707,17995512,3901885,100456,78011,3006
0,../model_20160502_596671432.uvl,25,18,48505650,true,1751724,41545385,4334784,245188,265900,4469
8,../model_20160330_1784601624.uvl,25,22,26913569,true,1589496,21084003,3729368,135139,74264,3013
3,../model_20160303_1635209528.uvl,16,15,26193528,true,1501623,20463428,3783952,103222,72465,2906
10,../model_20160623_1415871890.uvl,13,11,38882429,true,1410539,33318075,3752292,94056,52430,2049
11,../model_20130811_391981530.uvl,41,51,59951000,true,1771955,52096903,4875187,571882,309035,3593
13,../model_20131112_1825068383.uvl,25,30,96706105,true,1536825,90684846,3633412,331231,179039,6161
9,../model_20200901_1356822502.uvl,38,29,55423494,true,1844878,47272133,5444160,342928,195967,3893
6,../model_20101110_1749898936.uvl,19,20,42686970,true,1668024,36381378,3991138,253464,134993,2864
12,../model_20121018_1639434192.uvl,17,15,26199165,true,1658723,20144639,3940391,102274,55153,2291
7,../model_20100927_1382418986.uvl,10,12,99234234,true,1542660,26531518,70689655,131159,75571,3563
0,../model_20141119_1459706454.uvl,34,33,48075501,true,1582158,41207218,4684180,177577,97802,2700
15,../model_20160925_2087627141.uvl,47,44,97466422,true,1984125,89744906,4504022,530892,287189,3870
3,../model_20230322_604627146.uvl,22,18,27949924,true,1492606,22424781,3506218,126056,63684,2784
8,../model_20180227_1765307019.uvl,116,84,79468921,true,3311123,67527887,6848157,584036,436253,2802
9,../model_20171207_1015871671.uvl,18,34,34838908,true,1663060,29157487,3449463,213305,110189,2873
10,../model_20150305_15208156.uvl,30,34,34263852,true,1506366,28141581,3950839,212248,110361,2221
11,../model_20130116_382639902.uvl,31,30,46482137,true,1732728,37756697,6285372,258314,129248,2572
13,../model_20170320_149190356.uvl,50,56,51359398,true,1950330,43372481,4816585,497274,290877,3496
6,../model_20130619_405989942.uvl,10,10,36928374,true,1620139,30968439,3954619,125655,68834,3309
14,../model_20160606_412121552.uvl,14,13,25134870,true,1669454,18932846,4123712,84738,49145,2420
1,../model_20120328_288933955.uvl,17,20,27703152,true,1760635,21862452,3614315,123607,70960,2059
15,../model_20190730_1957937065.uvl,25,25,29319883,true,1605555,22226945,4828886,223578,85868,2208
7,../model_20160329_1368375444.uvl,33,32,50811224,true,1413982,44270604,4327636,268470,191134,4066
12,../model_20180222_1895267586.uvl,22,25,44983967,true,1718219,39042349,3389912,254650,302895,3795
0,../model_20170517_1468714593.uvl,10,10,38563631,true,1431445,32550911,3962846,309689,90814,3206
5,../model_20190502_1338968023.uvl,34,39,57901150,true,2047677,50175747,4590925,409417,359275,4016
2,../model_20190203_959278211.uvl,27,27,45156939,true,1828566,37881027,4526119,286330,159369,4370
4,../model_20200901_93573304.uvl,38,29,61428210,true,2030534,53521970,4864685,376107,226328,4506
8,../model_20160317_1483846003.uvl,46,46,57814095,true,1995455,49038853,5991523,229956,130662,2288
9,../model_20200810_1274447969.uvl,33,31,44130146,true,1870991,36285467,5340659,172733,100992,2880
13,../model_20131129_2135897376.uvl,10,10,30990037,true,1657229,25140658,3696082,175290,48457,2572
10,../model_20110826_1744501275.uvl,24,24,44595819,true,1806299,37844216,4205682,247345,140958,4465
6,../model_20120110_1754443954.uvl,10,9,39419070,true,1403542,33767646,3829750,148361,84365,3166
1,../model_20150222_409043024.uvl,52,41,43575944,true,1699179,33632355,7347581,283724,142618,2827
12,../model_20180411_122889136.uvl,26,23,43384842,true,1761012,36732667,4190983,233889,125393,4603
7,../model_20151111_460133826.uvl,40,41,45463664,true,1852870,37988863,4952451,209677,117762,1926
0,../model_20120627_1512389149.uvl,11,10,30565709,true,1499042,24767718,3892370,86269,48311,2154
15,../model_20180512_660942805.uvl,36,38,32515809,true,1577704,25542439,4510339,306994,186495,2921
5,../model_20111031_386778867.uvl,25,13,32702262,true,1671092,26153288,4354233,118636,60476,2567
4,../model_20230608_1658584159.uvl,24,24,30096900,true,1773035,24141582,3658084,126992,72666,2175
2,../model_20130908_2094539725.uvl,81,81,63184639,true,2224038,53904189,5954256,397159,287642,2513
13,../model_20171012_484328807.uvl,36,36,49781936,true,1751811,43444215,3656518,350606,191669,2756
10,../model_20131112_1315617761.uvl,58,62,55310915,true,2211541,47751490,4216623,456245,199836,2769
6,../model_20121102_443205816.uvl,26,18,48888184,true,1744456,42842936,3596952,251468,131805,3329
3,../model_20150423_1422172417.uvl,14,12,26538648,true,1844162,20344643,3935994,105880,63476,3747
15,../model_20111027_966072474.uvl,10,10,24330204,true,1591541,18158346,4183969,70465,42346,3063
1,../model_20180305_2101436905.uvl,47,24,44233789,true,1741989,36903905,4975008,216178,110189,2924
5,../model_20101116_1022976130.uvl,34,33,40160239,true,1528607,33642433,4238007,204420,173814,3608
7,../model_20170821_744427680.uvl,15,23,89570203,true,1588884,83804686,3571992,230464,104319,2240
0,../model_20160330_218438641.uvl,23,15,47104808,true,1579885,40269651,4674229,230663,114414,3754
11,../model_20180306_422218475.uvl,53,36,75420351,true,1952164,67078396,5186660,552007,313344,4185
2,../model_20120418_828883554.uvl,52,28,68146855,true,1851172,60428311,4724114,455256,227205,4492
4,../model_20160229_171128808.uvl,48,48,89724452,true,1966750,80551631,5629127,689793,527503,4763
10,../model_20190129_1004578234.uvl,18,19,26838556,true,1543826,21696172,3118681,116908,67115,2625
14,../model_20140422_1825362104.uvl,21,21,32878894,true,1789954,26122533,4300729,207756,125441,3808
3,../model_20180611_1800915628.uvl,10,13,38562756,true,1691507,32994053,3166685,289172,93903,3170
15,../model_20151103_1678219280.uvl,19,19,42515394,true,1601676,36379144,4058555,106306,59165,2324
5,../model_20120512_712347860.uvl,13,12,31379916,true,1610389,25795310,3545064,86984,46864,2627
7,../model_20180306_73619671.uvl,48,30,47725505,true,2101613,40485328,4276142,291162,125595,2800
2,../model_20150301_527193150.uvl,24,24,33119900,true,1739572,26993329,3858306,136538,77508,2286
9,../model_20120110_855603964.uvl,10,10,33481943,true,1647852,27406704,3918027,145621,82475,3030
8,../model_20101111_1790887308.uvl,10,12,40033490,true,1912795,33733563,3705254,303207,86718,4074
11,../model_20230423_1943321532.uvl,27,27,45946375,true,1636280,40038806,3647444,144563,162737,2284
10,../model_20111130_1614470655.uvl,77,70,65611346,true,2181215,54525706,7334776,743755,418961,3796
1,../model_20180302_974887082.uvl,122,150,154755203,true,3553493,142426745,6735087,946070,552981,3184
4,../model_20161128_2006303576.uvl,96,66,103017671,true,2449375,93146188,5660402,824169,547648,4404
14,../model_20230323_1971213764.uvl,46,42,35230452,true,1825830,28726694,4020027,236515,118855,2801
12,../model_20200412_2136556876.uvl,12,12,30187755,true,1635056,24235695,3868377,124845,71105,2749
3,../model_20111020_455520177.uvl,11,11,26180682,true,1437407,20374725,4011104,73969,45811,2581
15,../model_20110406_353034837.uvl,40,35,50136169,true,1962270,42924849,4624973,200712,109182,2748
13,../model_20221029_568257220.uvl,17,27,59607221,true,1617474,53384621,3650688,496656,236537,3110
7,../model_20131112_1191150070.uvl,57,55,73908429,true,2238218,63992529,6337711,563384,298216,3919
8,../model_20180530_1810935889.uvl,11,13,36001392,true,1657219,29959898,3962343,95699,59030,2337
9,../model_20110519_1142211980.uvl,14,12,38833198,true,1549063,33045462,3754306,162872,89412,3602
4,../model_20150620_2057636397.uvl,13,10,39771731,true,1727567,33516325,4048261,150916,77600,3407
11,../model_20170310_195700687.uvl,47,44,57699932,true,1677572,49311458,5521890,645873,218865,2740
10,../model_20131112_1353790761.uvl,23,20,99183647,true,1563732,92715455,4247144,237865,165157,3303
1,../model_20160121_1141972007.uvl,20,20,40088953,true,1657723,34010448,3944298,115689,63649,2956
6,../model_20190128_1522973155.uvl,23,28,41277936,true,1897463,34555027,4203688,164911,100419,2237
12,../model_20160329_926312476.uvl,21,14,44830611,true,1931548,39032578,3300664,203708,103677,3727
15,../model_20101104_260803083.uvl,11,10,35139457,true,1533950,29119460,4038118,134948,72772,3608
0,../model_20180729_701594854.uvl,22,25,35266707,true,1779701,28863498,4048027,143457,150991,2301
7,../model_20140819_1738890661.uvl,10,10,32961429,true,1697278,27382149,3459874,124889,69789,3503
9,../model_20121123_2085968892.uvl,17,16,41052464,true,1530271,35157929,3851696,189013,102100,3395
10,../model_20120422_1648870831.uvl,14,15,29717579,true,1813121,23255810,4091869,178342,96588,3616
1,../model_20170818_812208818.uvl,31,31,51428402,true,1997710,44299848,4221703,322301,221367,4194
4,../model_20130916_894347834.uvl,15,17,28135823,true,1501791,21914271,4275493,104544,61533,2811
6,../model_20120328_361613983.uvl,16,18,37561322,true,1628749,32239118,3224373,113992,65448,2044
3,../model_20120829_191972511.uvl,168,199,185922900,true,3780712,169141060,10178018,1173478,693892,2091
8,../model_20160103_2012826523.uvl,94,55,153642275,true,2587753,141753592,7840055,562693,246129,2663
12,../model_20120328_1227899142.uvl,21,20,43143719,true,1527857,36487273,4308645,259363,146750,3702
5,../model_20100415_947132043.uvl,31,37,62789917,true,1850906,56091561,3948465,421698,230085,3571
2,../model_20100805_1484639410.uvl,31,35,35457328,true,1891559,28202329,4677848,199281,183112,2849
7,../model_20130916_1112744253.uvl,15,17,28196431,true,1644154,21962335,3995822,176514,100342,3521
9,../model_20170718_2017313962.uvl,18,18,25836237,true,2116283,19365816,3877414,105685,58959,2065
0,../model_20160227_1275602559.uvl,47,58,121129224,true,1780178,112884017,4594651,989084,420277,4082
1,../model_20121018_820869482.uvl,16,15,25536147,true,1579481,19573352,3932544,91335,49051,2068
4,../model_20221208_1038664369.uvl,28,21,34570516,true,1725898,28566989,3730510,140197,74802,2547
10,../model_20130916_1467348272.uvl,16,18,36877725,true,1530046,31688621,3255402,114546,62626,2737
6,../model_20190920_56721129.uvl,15,15,28754890,true,1821237,22335770,4095913,143751,63163,2873
3,../model_20120328_1814590478.uvl,36,34,40386901,true,1516200,33026868,4781795,370250,326625,3978
8,../REAL-FM-6.uvl,11,10,32890115,true,1614954,26857564,3884283,156367,88048,2838
14,../model_20140310_1022041880.uvl,88,72,93049079,true,2540728,82954856,5929278,687484,357547,3682
13,../model_20190922_729177560.uvl,21,21,26398055,true,1551493,20198134,4163618,121223,76903,4475
2,../model_20170420_1165511748.uvl,77,39,61112923,true,2258108,52426844,5399954,310508,156982,2842
9,../REAL-FM-13.uvl,12,11,28787075,true,1540435,22971170,3782777,172090,59734,3928
7,../model_20200128_1186233455.uvl,23,23,52245790,true,1609601,45222230,4652272,298368,157551,3610
0,../miniset/stack_fm.uvl,17,13,38600406,true,1541683,32744256,3875503,96873,53149,2155
6,../model_20181119_2037159342.uvl,23,24,31054720,true,1622769,25799139,3127645,166309,84068,2179
4,../model_20130815_1890929461.uvl,56,62,51811966,true,2111840,43846203,4794839,372133,234970,2224
10,../model_20221004_622223252.uvl,26,26,32258158,true,1645062,25321970,4686523,144046,98879,2747
3,../model_20160307_1341241097.uvl,12,9,25737442,true,1630964,19683334,3993525,84359,47995,2552
8,../model_20190328_829158427.uvl,14,16,32413909,true,1718176,25781955,4450422,118366,67058,2245
15,../model_20190430_348224224.uvl,33,25,44590441,true,1697659,37184588,4899461,298215,166303,4318
1,../model_20150310_1642957582.uvl,29,32,130257686,true,1693707,122817014,4715702,375873,292613,3997
2,../model_20141109_1274255950.uvl,11,11,29299025,true,1604963,23853018,3444445,87949,46592,2540
9,../model_20150209_1183047948.uvl,29,47,42823610,true,1684357,35427757,4929078,288535,143141,2298
7,../model_20160906_1914580505.uvl,31,28,36540282,true,1714993,30242167,3775349,265951,163734,3848
0,../model_20140824_1421620261.uvl,51,62,57830473,true,1961266,49730419,4664475,580354,449590,4074
3,../model_20131121_194495737.uvl,12,10,23252725,true,1551531,18238083,3044058,84509,43887,2319
4,../model_20190416_545039882.uvl,21,21,37039303,true,1528740,31883096,3177259,114175,61773,2223
10,../model_20190917_1855142600.uvl,38,33,34771586,true,1515933,27309113,5166256,192801,185711,2846
8,../model_20160301_235863217.uvl,20,27,32132161,true,1595735,26334856,3631797,169554,86219,2198
11,../model_20170402_1978825740.uvl,263,264,223522726,true,8696815,194405869,16091562,1830057,1095931,2765
5,../model_20121123_1668268132.uvl,13,13,42164084,true,1833842,35428235,4319571,184082,102173,3737
15,../model_20150512_534005467.uvl,31,32,54476128,true,1784055,46893423,4888530,395158,220672,3920
1,../model_20131122_913576973.uvl,23,23,46639029,true,1753897,39942583,4220726,238123,135440,4189
12,../model_20130307_609838668.uvl,176,161,171255028,true,4953441,154550250,8487521,1538919,832406,3834
2,../model_20150713_1448325014.uvl,32,27,33501591,true,1608321,27738698,3531708,192030,161428,2741
0,../model_20140614_1599125118.uvl,13,12,26730150,true,1591586,21221523,3505989,84536,44807,1827
9,../model_20170308_1789444441.uvl,28,28,32057232,true,1787804,25352670,4334850,148933,86821,3004
7,../model_20160122_407616496.uvl,29,26,34656132,true,1693491,28346270,3891503,236394,104867,3866
3,../model_20190917_1598073515.uvl,16,16,24484654,true,1608295,18438792,3882689,208362,80324,2335
10,../model_20140819_424669215.uvl,17,17,24420744,true,1535438,18294390,4126363,107054,53880,2111
5,../model_20121212_1167666293.uvl,15,17,25998133,true,1555023,20297362,3688424,105185,62913,2248
11,../REAL-FM-16.uvl,26,29,31133514,true,1678328,24120887,4668223,186112,108886,3406
1,../model_20190917_1294871534.uvl,16,13,31199040,true,1722764,25028341,3970280,94695,51333,2853
8,../model_20160330_1632759327.uvl,19,13,37910398,true,1861332,31220459,4348342,108068,56231,2750
14,../model_20140925_285704903.uvl,20,17,45009421,true,1754673,38671871,3909307,214325,115116,4087
15,../model_20140428_1301432646.uvl,72,71,88128418,true,2212091,76774530,7269060,742642,571441,6944
13,../model_20151122_103763227.uvl,47,20,133104324,true,1925818,126243197,4212932,190982,126896,2126
7,../model_20111129_1932950448.uvl,13,13,30638603,true,1558331,25239845,3332426,136021,79647,3497
9,../model_20160726_1855902901.uvl,12,13,30584788,true,1638763,24418955,3988995,156159,90367,4035
0,../model_20190513_1749709644.uvl,20,23,28675204,true,1618662,22314793,4244172,131685,68943,2170
6,../model_20160226_1944186213.uvl,48,56,68247790,false,1907795,61175442,4007996,603476,319111,4841
10,../model_20110826_1180494500.uvl,24,24,29038826,true,1553132,22675775,4284396,135923,81495,2366
11,../model_20191012_1432325334.uvl,40,38,40728050,true,1706947,32835573,5275467,293175,188156,3234
1,../model_20120718_813832704.uvl,11,12,26057034,true,1388718,20210349,4068490,79012,49999,2601
3,../model_20221229_1000010819.uvl,17,17,35063363,true,1726497,28916564,3857216,161114,88984,2875
8,../model_20170527_1802227256.uvl,11,13,28387939,true,1480744,22640690,3568840,304156,99633,3530
13,../model_20131210_413521746.uvl,13,14,34708360,true,1708251,28677871,3819185,190400,110695,3444
14,../model_20120411_196667302.uvl,26,23,102101244,true,1618230,96153090,3761969,167913,85933,2657
5,../model_20110214_751339643.uvl,56,128,149990954,true,2350300,138878719,6001984,1643163,715467,4450
9,../model_20190228_1201197026.uvl,16,18,28813607,true,1469379,22872765,3986818,136945,62804,2930
7,../model_20171028_1906143627.uvl,13,14,26164415,true,1756496,20245188,3712730,120792,55950,2208
0,../model_20230615_1063099089.uvl,38,18,50395584,true,1660395,42356775,5529240,311900,152254,4089
6,../model_20130115_768867592.uvl,11,9,35975080,true,1624961,29985259,3886890,97844,83181,3780
4,../model_20160329_1092215724.uvl,17,22,52529693,true,1836437,45685335,4238958,311198,156235,3449
10,../model_20130224_1469220523.uvl,10,10,34228788,true,1607005,28676397,3563277,71609,44301,2393
3,../model_20150228_222823272.uvl,37,43,56329848,true,1878935,48379223,5047669,478732,244378,3563
12,../model_20130917_737900063.uvl,13,15,29202738,true,1588194,23214158,3878293,190026,91687,3633
11,../model_20140305_1485634182.uvl,28,29,43170755,true,1840676,35912947,4749985,204281,103190,2460
1,../model_20160913_269001380.uvl,49,43,73172396,true,2234598,64777721,5062086,441300,182505,3184
8,../model_20130725_1929838118.uvl,41,27,56785550,true,1748895,48412140,5597545,385670,212640,4633
13,../model_20131206_656913635.uvl,13,15,31162058,true,1676023,25153101,3789342,161241,103150,3366
2,../model_20100904_226530663.uvl,38,38,55177442,true,1938226,47428797,4805378,322948,290488,3439
14,../model_20120201_865979127.uvl,28,36,67749448,true,1719893,60474557,4312026,543427,359109,4021
5,../model_20100830_561967343.uvl,32,31,54545232,true,1748960,46976365,4981388,330750,188293,4624
7,../model_20190917_75070341.uvl,33,15,31392682,true,1782051,24773784,4263995,141432,69371,2423
0,../model_20170316_174511349.uvl,16,17,45398427,true,1659282,39246597,3821945,238501,131393,3375
6,../model_20160330_925748995.uvl,16,12,40045190,true,1671303,34586412,3235669,171304,87506,3595
9,../model_20110507_674768061.uvl,40,52,70975613,true,1688025,61978026,5942027,658117,347230,3794
15,../model_20160812_1476754989.uvl,10,10,29859390,true,1602862,24681306,3038774,229064,73890,3316
12,../model_20200901_328439811.uvl,35,20,34755155,true,1978978,27038669,5122211,161922,87868,2277
11,../model_20121018_271963732.uvl,16,15,29034484,true,1839140,23253041,3486497,121774,53773,2710
8,../model_20230322_307237036.uvl,29,23,30376791,true,1527260,23477939,4759962,152190,87744,2960
1,../model_20160822_713171625.uvl,28,29,39224512,true,1716046,31897723,4738244,328131,181416,3423
13,../model_20160603_398155586.uvl,15,10,32865808,true,1649624,26755289,3708168,337436,91671,3960
2,../model_20200813_1618100589.uvl,28,28,42052178,true,1840727,34797124,4729782,247386,144510,2878
5,../model_20160322_2014722365.uvl,54,54,74485380,true,1896456,67527677,3944128,524315,298650,4586
7,../model_20150506_306101537.uvl,33,33,30319619,true,1678774,24299720,3753637,181253,116060,2727
6,../model_20131112_1591180910.uvl,29,25,80897369,true,1743248,73564895,4953419,248781,113489,3732
9,../model_20151216_1220822165.uvl,15,15,38026915,true,1615076,31893084,4015516,161915,93511,3620
0,../model_20180222_1925875374.uvl,45,43,65366734,true,2088292,55568226,6578051,445888,246307,3759
12,../model_20121025_1656878048.uvl,26,26,29985650,true,1619655,24317096,3427777,136224,148679,2080
11,../model_20140205_954857783.uvl,11,9,22535656,true,1545875,17655350,2928981,84386,47471,2738
13,../model_20110216_608697455.uvl,14,18,29453721,true,1528328,23317172,4122560,114612,65381,2399
15,../DELL-LAPTOP-NOTEBOOK-FM.uvl,47,122,113444502,true,2007162,104381717,5000767,1076620,568797,2784
8,../model_20150330_63301402.uvl,11,9,23985354,true,1514141,18055809,4029274,78361,40369,2355
2,../model_20120902_865058601.uvl,19,19,37261496,true,1523731,30608692,4566278,180122,107126,4104
1,../model_20140310_1916029542.uvl,144,54,129131382,true,3420902,115754352,8512758,562919,311798,2786
7,../model_20190504_755268837.uvl,43,46,55011152,true,1807651,47645910,4215614,578706,316362,3520
4,../model_20230422_2139223494.uvl,37,34,50010430,true,1981252,42776996,3669236,199139,986834,2827
6,../model_20180226_492552032.uvl,11,7,35206190,true,1625395,29212677,4029296,69979,37675,2442
9,../movies_app_fm.uvl,13,10,32059192,true,1482673,26095556,4022445,136573,76213,2962
0,../model_20170215_1278541927.uvl,41,39,56246697,true,1783084,48026470,5526046,333367,190962,4016
3,../model_20190917_552843992.uvl,10,7,37606537,true,1833564,30205499,5104646,119265,65515,2876
10,../model_20230323_901833353.uvl,74,62,73163232,true,2183971,62908542,7065881,403626,200452,2131
15,../model_20170228_1437582980.uvl,10,10,33991802,true,1590714,27936182,4007733,123952,73386,3525
11,../model_20160504_1687809818.uvl,30,28,37655731,true,1912507,31812767,3361099,157332,85896,1785
13,../model_20150306_503606823.uvl,27,26,30562117,true,1699992,24874458,3451843,148958,82984,1993
14,../model_20161128_1478224089.uvl,77,66,119728727,true,2330927,109043975,6878112,720690,407228,3194
2,../model_20141202_104116345.uvl,10,9,41008339,true,1713410,35004321,3774879,162094,84103,2976
7,../model_20100324_1996898492.uvl,11,14,25598758,true,1581342,20976422,2654427,101467,56996,2264
4,../model_20121123_1807427529.uvl,17,18,41542547,true,1738042,36322565,2927521,197220,106194,3904
6,../model_20200817_1333981485.uvl,33,20,38853260,true,1754532,31764222,4731401,155773,78569,2471
9,../model_20160330_999254735.uvl,14,14,24618112,true,1589626,18667667,3939242,82451,47224,2428
0,../model_20151116_762410606.uvl,29,29,37370948,true,1651020,30738380,4217762,264913,142962,4451
3,../model_20131202_1575628003.uvl,19,19,34037160,true,1594125,27560256,4308016,198396,114787,2980
10,../model_20120824_761159432.uvl,23,20,52071895,true,1763116,45590115,4008105,295601,154352,3803
13,../model_20170911_1850240044.uvl,13,13,26552528,true,1574078,21440039,3147789,78410,44538,2233
14,../model_20171005_1816009957.uvl,10,7,21757103,true,1424147,16474480,3539188,67623,33046,2637
15,../model_20200413_90255108.uvl,48,41,43335810,true,1792771,34688857,5889973,372687,198472,2653
11,../model_20230322_342259021.uvl,33,29,34841167,true,1689296,28038190,4587754,172257,89312,2273
2,../model_20160905_338518821.uvl,25,25,39888018,true,1706371,32719908,4716559,256590,151055,4088
5,../model_20170918_1157652981.uvl,48,29,58035811,true,2143336,48585049,6272645,434773,129938,3643
6,../model_20131129_1765219729.uvl,14,14,89372140,true,1602057,83190085,4137517,102669,54619,2356
9,../model_20200811_368165701.uvl,11,10,32145137,true,1649877,26538064,3541701,80913,43272,2922
0,../model_20091009_1552375070.uvl,37,40,59082751,true,1861655,51793377,4373834,407117,239308,2792
3,../model_20150715_75174593.uvl,17,16,39219445,true,1654868,32370970,4593284,191434,104464,3095
10,../model_20120425_1998125226.uvl,71,71,68066528,true,2301493,57651659,6580588,684866,310326,4010
12,../REAL-FM-7.uvl,14,15,44618120,true,1854057,37997447,4165468,204285,108047,4102
8,../model_20141106_309720283.uvl,57,54,58664275,true,2097037,49653384,5853644,467077,275544,3518
15,../model_20150411_1026005127.uvl,10,12,28912155,true,1612053,22720096,4222802,83876,49419,2656
13,../model_20180509_988672632.uvl,27,18,33718045,true,1608952,27625982,3972924,143271,68958,2580
14,../model_20230120_1200060194.uvl,20,20,26146257,true,1450908,20202963,4117629,110382,60018,2037
1,../model_20111029_1654942500.uvl,37,27,45401113,true,1991653,37920752,4770891,229587,106223,2858
2,../model_20130418_1158438101.uvl,19,12,39670575,true,1679878,32728763,4569662,237744,127593,5245
11,../model_20150523_372542452.uvl,47,35,71251626,true,2164595,61767879,6096611,497095,272440,4054
5,../model_20140824_2115796112.uvl,43,49,63658698,true,2189314,55032223,5370965,361447,254035,3401
9,../model_20111201_1252018702.uvl,61,40,53197176,true,2061020,45516946,4737272,276606,137303,1988
0,../model_20160506_174377233.uvl,40,22,57928836,true,1796164,50135318,5059109,354520,165888,3776
3,../model_20190220_184230257.uvl,38,42,52274654,true,1848742,44087255,5066272,556528,296258,3949
12,../model_20130302_1361528923.uvl,10,11,40847269,true,1696598,34760660,3858282,168516,96518,3881
8,../model_20160125_1378351345.uvl,38,33,54079802,true,1873178,46223332,4979204,418795,192708,3827
14,../model_20120422_2100930135.uvl,25,27,39680295,true,1799298,33931185,3342322,234616,103422,2425
13,../model_20130726_597280131.uvl,47,44,57178575,true,2054291,48908491,5092874,435329,256890,2732
4,../model_20150610_685576256.uvl,15,17,33341216,true,1782295,27435608,3674027,115603,61399,2140
5,../model_20230630_666266911.uvl,13,13,30345436,true,1577387,24973898,3327586,104017,65374,2785
7,../model_20150614_1325491211.uvl,24,26,86036522,true,1743753,78988074,4723170,156679,87685,2790
2,../model_20150310_1191030699.uvl,30,33,51344812,true,1873841,44387954,4046398,368216,313567,3292
1,../model_20190223_2034909826.uvl,88,28,76754989,true,2278550,65061452,7966477,592416,319896,4159
11,../model_20170921_244476382.uvl,47,33,66993199,true,1743560,59379167,4999269,301510,163018,2146
9,../model_20100625_251719781.uvl,16,16,40466304,true,1752653,34782491,3372769,163326,102505,3756
3,../model_20120110_1719396361.uvl,10,10,25276573,true,1645232,20489421,2652488,184428,50204,2171
12,../model_20100308_1032655961.uvl,15,16,28151004,true,1604781,22861511,3221495,126632,77668,2220
0,../model_20130821_1446947208.uvl,49,49,41052521,true,2152383,32272320,5513857,441123,230605,4148
8,../model_20140615_1417385367.uvl,35,30,57583302,true,1904144,49541311,5252556,336641,182693,4174
14,../model_20190929_1773228224.uvl,17,25,50179036,true,1634273,44310006,3493823,302966,152820,3310
4,../REAL-FM-11.uvl,67,65,63640720,true,2198636,55627626,4846694,364697,191344,2526
11,../model_20161107_751073207.uvl,11,11,36643594,true,1385507,30794359,3995562,135387,76352,3310
5,../REAL-FM-2.uvl,23,18,41965210,true,1611103,35420029,4210967,236100,128608,3250
1,../model_20190214_582844610.uvl,11,11,28259468,true,1660710,22406505,3786881,92123,52584,2251
2,../REAL-FM-20.uvl,44,34,39953140,true,1683777,33525247,3907068,336491,139274,2994
6,../model_20200524_149606280.uvl,35,42,67898322,true,1926599,60117154,5011878,285606,167299,2883
10,../model_20151117_1411945431.uvl,22,22,34999891,true,1767833,28479809,4282223,126499,70206,2264
3,../model_20160524_3029237.uvl,19,17,62805056,true,1720998,57586293,2958702,202973,63470,2512
15,../model_20150703_1928436983.uvl,10,10,21450745,true,1454630,16569313,3067146,71020,46091,2589
12,../model_20150411_1055039600.uvl,18,13,28225151,true,1678808,23426860,2736105,98116,51203,2473
14,../model_20150715_1425609053.uvl,12,10,28894967,true,1432384,22967752,4153941,75587,40894,2449
1,../model_20221122_1612835830.uvl,20,16,28901041,true,1535882,23279454,3647627,106541,55550,1893
4,../model_20171128_2320585.uvl,14,13,24058683,true,1526510,18086850,4025654,87417,45121,2641
11,../model_20100904_330653656.uvl,10,10,32302794,true,1400592,27177391,3302549,119572,68077,3611
2,../model_20190917_80747458.uvl,16,14,28591466,true,1553090,23472242,3168476,101012,51672,2796
6,../model_20160519_1235536625.uvl,34,33,48717651,true,1777343,41964398,4236803,290881,137319,2625
10,../model_20170317_1165725.uvl,50,57,47335858,true,1752895,38823852,5889890,299559,160934,2385
3,../model_20150105_1168070568.uvl,17,12,34873912,true,1500052,29679013,3281892,98062,52335,2910
12,../REAL-FM-19.uvl,30,35,51556086,true,1681207,45156061,3826120,406206,217017,3744
15,../model_20160919_825563014.uvl,11,10,37668275,true,1575217,31851289,3768846,141073,74277,3320
13,../model_20200503_927740000.uvl,21,23,44174144,true,1747394,38551639,3343194,143674,78414,2562
14,../model_20221009_1635938665.uvl,42,32,36175943,true,1638198,29274902,4331229,353611,168904,4344
1,../model_20121018_1495134161.uvl,17,15,38576937,true,1535881,32305972,4201447,163907,90555,3022
4,../model_20161125_1777261352.uvl,33,28,44982818,true,1751056,38008749,4299381,374848,237826,3409
11,../model_20170115_352040991.uvl,17,18,42922381,true,1600577,36687467,4097124,161165,123896,4063
2,../model_20120531_2078087379.uvl,17,20,42154749,true,1747503,35221690,4577181,211638,114312,3274
6,../model_20150527_830434674.uvl,34,34,40438080,true,1933646,32649364,5037881,266792,147244,3386
15,../model_20131111_1434736548.uvl,34,34,41583391,true,1896912,33564718,5010217,372855,213165,127896
3,../model_20150521_1988107963.uvl,17,15,42431319,true,1633498,35839452,4364564,183931,107205,3488
9,../model_20221229_2070974785.uvl,17,17,28222349,true,1624359,22240079,3929608,102725,60733,2473
12,../model_20110428_1131293346.uvl,13,13,36864998,true,1367183,31406891,3617809,146002,88414,3501
10,../model_20140411_114609198.uvl,12,18,48117700,true,1604763,40343485,3283885,2467528,129547,3350
0,../model_20110203_1382675896.uvl,14,14,38385914,true,1760336,32330653,3742683,157051,95111,4075
7,../model_20190219_265960660.uvl,178,140,134824322,true,4406559,115042405,11780212,1605294,958298,3819
8,../model_20100719_944437142.uvl,29,25,59890249,true,1820603,52673841,4496400,355657,296608,3140
14,../model_20190922_1316746975.uvl,22,22,29768723,true,1688006,23663344,3762829,199805,118212,3673
13,../model_20160303_1645051071.uvl,17,15,80729108,true,1738821,74106733,4240303,201469,124878,3564
5,../model_20190416_284413958.uvl,37,35,37260929,true,1784520,30730630,3884236,260520,261238,3563
4,../model_20160329_864839294.uvl,22,21,66815108,true,1561425,61367477,3403417,152729,69284,3344
6,../model_20150304_173081072.uvl,20,27,34938686,true,1828640,28725710,3861237,174400,96172,3039
12,../model_20160520_681202886.uvl,11,10,21086763,true,1506674,16126317,3057351,77125,38883,2642
9,../model_20130522_2044729096.uvl,31,26,33807313,true,1804666,26988980,4391453,158877,89462,2479
10,../model_20170919_1425490791.uvl,47,42,55906167,true,2100215,47393599,5320010,438531,214663,2317
0,../model_20160329_1999221629.uvl,24,24,34731049,true,1652444,27715754,4695709,223083,141137,3719
7,../model_20200819_498504850.uvl,31,28,108489166,true,1677065,101962846,4229087,161853,89723,2892
8,../model_20170419_185164278.uvl,17,12,41887341,true,1764716,35711184,3874516,182757,89214,2910
5,../model_20111220_1450733948.uvl,41,13,34477063,true,1833523,26768005,5239909,160204,75867,3191
14,../model_20120328_593032745.uvl,19,18,25063365,true,1483339,19424112,3717085,116620,62201,2523
13,../model_20230322_1028761227.uvl,18,15,24108118,true,1413337,19046157,3201278,103947,54821,1803
4,../model_20170706_1181552122.uvl,11,12,26211096,true,1588497,20972772,3155394,157192,66234,2242
6,../model_20221125_1235088379.uvl,25,15,33221942,true,1890092,27108295,3685025,136793,67921,2258
12,../model_20110525_1619420630.uvl,45,41,70763188,true,1981135,62473149,5110857,485017,279193,3613
9,../model_20161212_1631452800.uvl,23,25,43204146,true,1760433,36706010,3973922,300690,120235,3707
0,../model_20140905_372428255.uvl,13,10,24813962,true,1621615,19593012,3206026,79708,43034,2407
10,../model_20200907_1296105910.uvl,35,21,46164474,true,1724505,38812751,4936488,246252,96705,1666
7,../model_20121123_1014773113.uvl,16,16,35055624,true,1505977,29069155,4011121,170671,105786,3557
8,../model_20170321_1279222212.uvl,10,10,36293241,true,1493787,30625311,3709363,150303,81422,3416
1,../model_20190221_1604245950.uvl,18,18,36645709,true,1807779,30486545,3839627,141763,72289,2923
13,../model_20140209_1802656178.uvl,26,13,30318666,true,1657272,24288109,3847094,142256,69293,2161
14,../model_20110323_789959080.uvl,15,11,41409282,true,1721052,35171349,3997981,166051,88661,3343
4,../model_20180511_622669496.uvl,18,18,42059469,true,1509188,35403557,4530426,203057,112145,3561
5,../model_20171207_711618687.uvl,13,13,31517408,true,1458265,25998714,3584897,146217,83219,2979
2,../model_20120710_919309758.uvl,19,8,43965335,true,1799284,37490962,4089835,176583,94154,3479
11,../model_20230322_1548752135.uvl,45,32,47214142,true,1945567,37619617,5218543,284922,1706791,2750
3,../model_20160907_1816738180.uvl,10,8,33327367,true,1839748,27502555,3601348,72026,41792,2643
15,../model_20130725_608010428.uvl,12,12,38760732,true,1866717,32838051,3514772,141899,84385,3619
9,../model_20130621_2143921379.uvl,29,32,55028228,true,1904545,48413901,4063747,261815,102851,2003
10,../model_20101123_920943759.uvl,15,15,23602963,true,1620846,18536282,3008436,89167,66819,2130
8,../model_20131112_1165253679.uvl,27,24,87087752,true,1557280,81340402,3748682,138985,75747,2016
6,../model_20170424_781699396.uvl,142,84,106295849,true,3761159,89742640,11059291,728084,403228,3161
7,../model_20230322_1036375763.uvl,40,27,42776994,true,1893226,35701262,4386175,240230,133518,2962
13,../model_20121018_201916182.uvl,16,15,29145859,true,1800273,22908325,3867204,125564,105341,4196
5,../model_20140209_576830157.uvl,27,33,47435871,true,1868388,39378644,5167279,438060,219006,3487
14,../model_20120328_1309817018.uvl,14,14,32470978,true,1728397,25953322,4239417,154999,93589,3666
2,../model_20181104_43638915.uvl,10,8,26948402,true,1600211,20935878,4046135,68419,37374,2206
11,../model_20130529_167247656.uvl,16,16,35990345,true,1547493,30283126,3598567,190268,111389,3942
15,../model_20181118_1641295184.uvl,12,11,30512131,true,1687017,24523360,3779578,146381,88322,4252
3,../model_20160906_802533043.uvl,21,24,48399618,true,1677033,41990993,3960568,282539,163022,3930
9,../model_20140411_279155356.uvl,11,12,27975878,true,1601297,21843042,4013484,150796,86661,3525
10,../model_20131113_2067550021.uvl,42,46,62848567,true,1957210,54737585,4990722,457253,268480,3823
6,../model_20130122_92211527.uvl,11,14,45909913,true,1528821,39757043,3989074,236363,116543,5289
8,../model_20150223_771673981.uvl,26,18,32530473,true,1784359,26280048,3895368,133188,89941,2850
7,../model_20150509_1341412445.uvl,10,9,37491563,true,1580909,32030607,3369122,133750,87058,3961
13,../model_20230322_1814026223.uvl,20,18,43308583,true,1756495,37145734,3729904,221125,121629,3513
14,../model_20140402_1108338221.uvl,10,8,28749945,true,1583797,22956904,3784530,92460,52490,2869
2,../model_20200829_1325519775.uvl,22,22,29743379,true,1586515,22850797,4754140,199033,100120,3955
5,../model_20100730_1366577700.uvl,32,37,48783097,true,1719558,41430680,4767798,318919,197929,3802
12,../model_20141114_653359930.uvl,32,41,55222103,true,1946175,48275652,4012909,399412,206820,3544
0,../model_20141103_771283347.uvl,10,10,42206584,true,1759940,36503663,3406585,165677,91185,3960
3,../model_20140628_1177734570.uvl,29,32,56681493,true,1769780,50181587,3843229,413295,132113,2593
15,../model_20120328_794090001.uvl,22,22,111406023,true,1696698,104723627,4361447,226680,122226,2831
9,../model_20160315_697003579.uvl,27,20,50422238,true,1614525,43358269,4738161,236167,129616,3501
10,../model_20140411_1742095150.uvl,12,23,55462142,true,1669499,48870898,4119076,348215,168322,3894
11,../model_20170316_1430061931.uvl,60,253,272286528,true,3069261,256218762,6672384,3831857,1929708,5339
1,../model_20180306_1553572984.uvl,47,47,51134458,true,2112335,44174409,4024088,267223,124591,1986
13,../model_20200901_40084439.uvl,26,26,29938630,true,1634795,23215302,4530239,155657,117540,5956
7,../model_20120822_650185552.uvl,25,23,38776184,true,3478219,30358525,4209147,286634,119423,2823
6,../model_20120424_1703152596.uvl,59,45,45514307,true,1784369,36479460,6337035,271102,144487,2289
4,../model_20151102_2085331426.uvl,51,45,51339300,true,1802717,42691928,5887706,280635,217684,2074
14,../model_20130410_2115212559.uvl,11,10,35738450,true,1704378,29453635,4099426,126230,71450,3059
5,../model_20160304_168615633.uvl,29,32,41745806,true,1870022,34347815,4774226,194876,192997,1874
3,../model_20141107_655975442.uvl,10,9,25792554,true,1624488,20210024,3586462,74903,41842,2250
15,../model_20171016_2132568250.uvl,12,4,31102162,true,1535610,23878112,5223985,127349,68062,4298
9,../model_20141023_437365215.uvl,35,38,55488362,true,1825861,47756386,5037541,370326,201642,3843
10,../model_20140819_1020837515.uvl,63,68,61996347,true,2041677,52033945,6760353,491896,316068,3489
11,../model_20151123_702303189.uvl,40,44,138627850,false,1932020,131987924,4104166,247234,173957,2437
7,../model_20110124_2116036381.uvl,18,18,29591280,true,1731400,23785058,3596755,113741,63619,2254
1,../model_20150305_94122420.uvl,31,31,58132056,true,1801927,50589706,4915516,311193,172953,3455
6,../model_20100824_837146809.uvl,22,22,25923023,true,1610431,20658091,3195265,122835,69961,2905
13,../REAL-FM-5.uvl,17,27,44810038,true,1798148,38125608,4196044,203567,185434,3004
4,../model_20140428_1917957920.uvl,63,62,57418582,true,2092980,48006830,6275804,313058,234544,2485
14,../model_20230323_1102049462.uvl,17,17,37927281,true,1473528,31900758,4006120,188958,104040,2767
5,../model_20140902_941000321.uvl,13,11,40083479,true,1417862,34637324,3664183,84396,48581,2077
3,../model_20120124_94644767.uvl,12,12,24673883,true,1591872,19203284,3508003,76145,46483,2872
15,../model_20140420_1899694432.uvl,55,54,45584486,true,1896380,35969051,5818229,279961,1087072,2586
10,../model_20121123_913179730.uvl,17,16,26529518,true,1494355,20472332,4081970,107062,59611,2276
9,../model_20150616_74187279.uvl,17,11,33326381,true,1491405,26904592,4408911,154543,79036,2996
8,../model_20121219_629525870.uvl,18,24,48763231,true,1803994,42710688,3606698,182102,148354,2765
1,../model_20170312_968402737.uvl,49,33,51187753,true,2038818,43846306,4358994,348638,152346,2307
7,../model_20200901_2052923297.uvl,21,21,41541697,true,1815367,35325004,3763605,225404,120132,3199
2,../model_20170502_101132737.uvl,33,37,65307520,true,1890034,58176224,4153148,472419,249812,3902
13,../model_20160106_443157632.uvl,13,13,28753748,true,1589801,23039934,3656805,115514,78519,3714
4,../model_20160913_600398973.uvl,48,38,55561705,true,2001722,47552772,5229871,277827,173383,2418
14,../model_20171016_1973576375.uvl,11,13,36582101,true,1453553,30519121,4071935,169691,98376,3818
5,../model_20180110_870365297.uvl,10,11,86254131,true,1469543,80741401,3610663,150297,85034,3015
0,../model_20130604_1500555803.uvl,13,13,33127187,true,1743021,26952317,3933292,151433,93949,3385
12,../model_20130916_1894002979.uvl,16,16,31411432,true,1928241,26051506,2975224,108087,62929,3189
3,../model_20160330_1306243394.uvl,21,21,30423293,true,1390524,25128538,3443367,116287,65024,2565
10,../model_20121018_1186774722.uvl,16,15,28346178,true,1598480,22256407,4041971,93501,50441,2562
9,../model_20121018_1970318852.uvl,16,15,35884040,true,1732831,30455096,3166102,174123,93925,3694
8,../model_20120111_1667229430.uvl,24,19,31723133,true,1764128,26249093,3197453,159277,82810,2762
7,../model_20160309_1721210506.uvl,14,11,24741449,true,1798202,19516303,3019686,83756,49547,2233
13,../model_20120205_24117969.uvl,34,34,33272326,true,1593748,26815405,4192531,180333,106308,2185
14,../model_20121018_242475712.uvl,16,15,41716213,true,1650147,36171364,3305980,177263,101374,3781
4,../model_20101124_661702924.uvl,15,15,42066094,true,1567955,36457340,3558978,124145,69640,2785
12,../model_20160420_1926809017.uvl,12,5,38770544,true,1421536,32778689,4131806,123764,67183,3845
5,../model_20170919_1946252337.uvl,48,29,45317005,true,1949367,36875577,5669237,253743,128076,2854
0,../model_20180304_290046860.uvl,48,28,69030509,true,1954749,62522383,3895228,224637,119886,2833
3,../model_20151202_1529785580.uvl,40,40,36176295,true,1665207,29796046,4116464,220340,122414,2422
11,../model_20221220_1576677705.uvl,14,10,41498419,true,1687024,35693587,3528503,183848,96101,3919
10,../model_20130809_353548541.uvl,57,52,75258501,true,2090542,65786290,6476310,294478,147990,2380
9,../model_20160912_1428022317.uvl,49,57,130778818,true,2033427,122664586,4771835,622284,335304,4201
8,../model_20150506_2068045691.uvl,20,20,42323342,true,1677065,36440987,3602130,206409,132906,4215
6,../model_20200517_1501498720.uvl,11,12,26664378,true,1752322,21191918,3260333,118790,61326,2786
7,../model_20101208_1056693380.uvl,25,25,45263034,true,1806079,39063766,3629626,263903,148048,5386
14,../model_20200128_1669015551.uvl,23,19,46247922,true,1641815,39559597,4435289,194010,119665,3136
13,../model_20150302_1660900120.uvl,31,34,54407848,true,1750670,48095816,3664610,358203,203545,3962
4,../model_20150310_563618715.uvl,33,40,62126857,true,1689117,55780468,3713026,443418,244109,3194
0,../model_20230322_1573076538.uvl,17,16,42036076,true,1868837,35822445,3753134,191444,102755,3378
15,../model_20170904_444361354.uvl,46,33,56981111,true,1899698,50202297,3951929,422916,212185,3629
3,../model_20200425_1144751894.uvl,10,12,37134550,true,1553369,32361820,2796595,118134,76446,2679
12,../model_20111111_1026730216.uvl,37,29,55735196,true,1959701,47843783,5022063,341109,267505,2782
2,../model_20200901_1615961503.uvl,38,29,59877594,true,1940354,51998743,4958301,368541,195582,3996
10,../model_20230322_1882971454.uvl,21,21,35622776,true,1597913,29104103,4384371,120929,70268,3052
1,../model_20190510_899437477.uvl,13,11,29292939,true,1865319,23135864,3920582,83756,45065,2232
7,../model_20140425_366530615.uvl,11,10,39485585,true,1540212,34242384,3218566,149459,86306,3730
6,../model_20160330_387052519.uvl,21,13,46617642,true,1599491,40210023,4177865,214064,109137,4804
14,../model_20230609_1502711362.uvl,22,22,81459810,true,1721668,74941927,4199173,211632,114126,4072
13,../model_20200403_1286696698.uvl,37,34,52972295,true,1716002,45955750,4659746,280666,111551,2979
4,../model_20131112_1855381012.uvl,31,30,37234262,true,1657683,30085522,4860138,190460,96700,2637
0,../model_20180511_935028612.uvl,20,23,33738909,true,1600077,27718080,3967472,145187,81657,2906
15,../model_20140306_1313194877.uvl,32,31,31557403,true,1726173,25617520,3691859,171688,96828,2699
3,../model_20200810_1781368898.uvl,21,20,44616714,true,1605778,38733511,3664288,231478,124792,4034
12,../model_20230322_208918165.uvl,40,27,60557199,true,1944257,53101064,4592679,380493,211240,4174
10,../model_20151124_1131991591.uvl,34,34,38890291,true,1737234,32444549,4064630,175126,98674,2507
1,../model_20140914_775838300.uvl,24,24,34956551,true,1808360,28160902,4517613,129636,70790,1898
2,../model_20121025_1453237615.uvl,20,20,42806560,true,1672236,36803562,3642919,248692,120419,3261
6,../model_20130226_1908057354.uvl,16,14,35777225,true,1577569,30234466,3479817,121064,63946,2280
13,../model_20230323_1108197556.uvl,17,15,40740402,true,1604762,34422265,4184112,186538,98531,3502
5,../model_20110715_945252556.uvl,32,32,36162427,true,2003630,28754195,4858535,160498,88969,2085
4,../model_20110330_919429247.uvl,25,27,42643020,true,1684418,36719315,3736695,149586,86696,2422
14,../model_20160519_1444507509.uvl,41,42,74150088,true,1817462,67919374,3636522,330339,157425,2132
0,../model_20160716_1943328700.uvl,18,17,37914327,true,1544278,31552639,4228003,193998,113064,4216
11,../model_20110704_555218409.uvl,11,11,34321884,true,1827533,28223066,3893195,74191,41765,3423
3,../model_20120201_899753062.uvl,27,31,77811339,true,1796901,69799911,5117478,500161,248847,4142
12,../model_20131112_1630582425.uvl,28,20,118920585,true,2000838,112419029,3846187,241740,132214,3974
9,../model_20150423_1415525319.uvl,27,21,48295729,true,1788253,41818960,3939775,282882,156801,4278
15,../model_20200225_1125771038.uvl,43,40,68253002,true,1826731,59543528,5770941,469486,257837,3525
10,../model_20190416_886742925.uvl,12,12,35995949,true,1644931,29829862,4120195,79973,49074,3247
6,../model_20130916_1983257725.uvl,16,15,33248749,true,1601222,28238913,3046376,102162,56187,3408
2,../model_20120920_383492576.uvl,11,12,36245891,true,1648242,30213915,3963075,87811,54949,3341
8,../model_20230426_159926820.uvl,59,43,53713406,true,2083427,45720557,4637680,491168,295174,3866
4,../model_20180927_642324190.uvl,51,46,48100148,true,1774590,41127586,4216553,315532,267706,3371
0,../model_20100415_240595643.uvl,31,32,81047360,true,1872745,74566544,3918116,177562,97824,2164
11,../model_20200320_13307140.uvl,10,10,22200434,true,1625225,16625312,3599503,78523,45020,3327
3,../model_20110216_1027109687.uvl,12,16,26698189,true,1373359,21982379,2955705,109822,73286,2551
7,../model_20150611_578706116.uvl,13,12,26900863,true,1850066,20634930,3956476,142775,52253,2657
12,../model_20200815_433256797.uvl,39,33,41708695,true,1931378,35148916,3851088,189586,97269,2717
10,../connector_fm.uvl,20,14,30409916,true,1679397,24756903,3476690,111079,70364,3123
9,../model_20170904_998227463.uvl,42,37,54458925,true,1836945,46310565,5326239,356016,214589,3459
6,../model_20130820_1465112187.uvl,49,49,54579380,true,2047094,47249603,4392001,260624,139843,2267
2,../model_20140820_1349433690.uvl,22,22,29336576,true,1697210,23524214,3591396,186791,74019,2080
8,../model_20180512_810540422.uvl,23,23,42329999,true,1802199,35440312,4399491,209555,149090,2609
4,../model_20131112_817529963.uvl,40,40,33135976,true,1790518,26796796,3838810,198575,118994,2196
0,../model_20201010_633615094.uvl,12,11,24891540,true,1550757,17988242,5004403,79894,40875,2768
11,../model_20120419_1397354511.uvl,20,20,32891938,true,1658496,26753354,4024089,134189,71970,2470
12,../model_20121018_1550648286.uvl,16,15,25753455,true,1629933,20686950,3048810,95919,50333,2324
7,../model_20170918_2076946141.uvl,16,10,26501970,true,1551483,20469093,4041547,90604,48114,2711
1,../model_20131112_64627122.uvl,13,12,24792276,true,2013717,19036456,3330663,85137,47076,3131
9,../model_20120328_663906927.uvl,28,25,41856389,true,2057659,35550806,3581994,205865,106459,2575
2,../model_20131122_1241273029.uvl,18,18,32401696,true,1529085,27153343,3260849,107936,57958,2423
6,../model_20180222_786472237.uvl,12,7,39253602,true,1437961,33584291,3805306,129479,66251,3305
8,../model_20131203_151571988.uvl,54,51,70100640,true,2023293,61476050,5362785,537085,272547,3680
13,../model_20120609_84195762.uvl,26,21,30211385,true,2049026,23979607,3393214,205445,230512,3410
5,../model_20140328_1965511118.uvl,10,10,27257456,true,1765832,21178659,3853012,114533,69795,3454
4,../model_20140917_195564800.uvl,16,16,33746970,true,1767494,28091642,3216193,161805,240500,4117
0,../model_20170918_1996976409.uvl,33,33,42868791,true,1703013,35568951,4952094,172654,136236,2680
14,../model_20130414_861625706.uvl,15,15,39510201,true,1797989,33359249,3797095,165709,93578,4473
7,../model_20160229_1734203468.uvl,48,29,65139323,true,1848388,56674973,5634610,460159,235869,3771
15,../model_20140614_436006902.uvl,25,25,41591314,true,1794916,35159668,3752510,369535,201888,3624
1,../model_20190917_1484600794.uvl,17,13,27552454,true,1659732,21417593,4018485,101469,52726,2478
11,../model_20101117_2128796258.uvl,72,69,78567529,true,2359865,68095145,6725599,479751,347970,2273
2,../model_20140410_1285833987.uvl,11,21,32720006,true,1572788,26732482,3913986,163074,89675,2276
6,../model_20140322_1340045027.uvl,10,10,30343253,true,1449649,24660119,3813383,112152,63398,3555
9,../model_20140207_1303140975.uvl,12,12,33540734,true,1713387,27638956,3693051,130474,82722,3139
13,../model_20190124_988857604.uvl,46,41,46299747,true,1955999,38113524,5533859,223932,122281,2627
8,../model_20180729_2071913647.uvl,24,29,36697439,true,1682348,29817439,4539348,242865,106674,2718
5,../model_20130529_552715089.uvl,17,16,34324221,true,1909182,28505673,3345440,175712,99583,3562
14,../model_20110127_1318390760.uvl,13,11,31116475,true,1672687,25930956,3138907,82818,46807,2241
3,../model_20190122_546529784.uvl,18,18,32924594,true,1717715,25191456,5542943,118719,70248,3076
10,../model_20130529_1187431770.uvl,16,16,34168516,true,1633793,28210886,3858727,114357,66067,2811
11,../model_20200128_23228584.uvl,23,23,36999605,true,1671923,30925674,3751248,161009,107788,1922
1,../model_20120423_1625073325.uvl,32,26,36752204,true,1828420,30411114,3880362,165480,90590,2849
15,../model_20120328_1974817485.uvl,13,8,40654886,true,1628719,34899356,3595440,149158,79022,4107
2,../model_20160308_190029672.uvl,33,32,46072579,true,1805286,39844490,3787460,175120,96655,2754
9,../model_20200121_827473084.uvl,17,17,81480394,true,1661967,76370810,3027071,99585,55222,2123
6,../model_20170414_1751865819.uvl,77,84,83046793,true,2620974,72818128,5150609,661089,1401643,3331
13,../model_20140511_603377022.uvl,15,14,23928297,true,1470849,18978119,3083862,90430,49426,1877
8,../model_20200819_710049424.uvl,28,25,28611733,true,1745214,21845927,4506980,152784,83580,2849
3,../model_20200728_429027371.uvl,17,16,35377345,true,1562136,29327873,3983538,119138,78152,3580
12,../model_20120705_77954373.uvl,22,18,31416572,true,1791824,24951626,4212699,121576,69519,3183
14,../model_20160227_1389842098.uvl,48,51,49180186,true,2091443,40723314,5204963,521121,294127,3641
11,../model_20130123_686198065.uvl,40,40,37950587,true,1786362,31387361,3905513,308073,174741,4532
10,../model_20150527_1979644627.uvl,72,58,54345479,true,2377165,45124393,5766475,323355,219021,2764
2,../model_20230322_1855764436.uvl,26,22,40520738,true,1891984,34149501,3855702,272639,78065,2994
9,../model_20170618_724645944.uvl,13,14,38769596,true,1450789,32854633,3923202,186897,105464,3445
4,../model_20190915_1211977272.uvl,22,21,29740281,true,1898530,22254027,5061050,125103,71287,2372
13,../model_20140430_1532303117.uvl,32,20,44384213,true,1647450,37170215,4990588,166047,97270,2942
6,../model_20200128_745414394.uvl,23,19,46255991,true,1896326,39460013,4292088,229227,115887,3361
8,../model_20140819_709073537.uvl,43,44,46721300,true,1703419,38919551,5367851,235320,127905,2329
0,../model_20171021_192017753.uvl,17,15,37326006,true,1821820,31548267,3371562,117830,155906,2486
3,../model_20120909_341305614.uvl,32,34,37152632,true,1630288,30610936,4252457,191256,107476,2724
7,../model_20130510_203163945.uvl,18,12,37830464,true,1801005,30894127,4556107,159532,83992,2726
14,../model_20110428_553405269.uvl,37,29,52806755,true,1536966,45311742,4970794,415793,222216,3676
12,../model_20190917_512190943.uvl,45,37,64611135,true,1831416,56097176,5687912,432274,239691,3370
11,../model_20181019_994429580.uvl,10,10,31615493,true,1610057,25327568,4178105,139171,77394,3833
10,../model_20160329_1152124785.uvl,21,20,41107032,true,1604852,34395121,4460005,233967,133321,4326
9,../model_20140403_1688136935.uvl,45,42,69187158,true,2093280,61907496,4138951,471888,261074,3497
2,../model_20161207_285955518.uvl,54,46,65512107,true,2150977,58366187,4135065,262633,144459,2247
5,../model_20101020_1809093990.uvl,20,20,31146608,true,1699760,25590758,3450619,121840,66577,2636
4,../model_20101111_156018899.uvl,12,11,37469210,true,1701300,31656799,3604076,142992,83000,3144
6,../model_20140825_2017008690.uvl,58,59,44368564,true,1988360,37381509,4182357,301454,161363,2053
3,../model_20130121_710180273.uvl,10,11,23149175,true,1522169,17989496,3228909,102049,56760,2442
1,../model_20160308_79396455.uvl,41,44,44639452,true,1960439,37981618,3955955,260051,175755,1981
10,../model_20120513_373795895.uvl,14,13,31309496,true,1429528,25792072,3423932,318605,94293,4968
15,../model_20190430_2137275351.uvl,37,35,43856760,true,1664997,36156419,5025786,381131,222148,3930
14,../model_20160329_268958808.uvl,47,54,94504475,true,1757091,87454876,4514659,294698,156031,2667
2,../model_20141205_2005181775.uvl,33,28,33767004,true,1521776,27249877,4416795,175364,92929,2587
9,../model_20221101_871584152.uvl,19,28,42593531,true,1624415,36056950,3942750,477692,235401,3830
5,../model_20110525_564104612.uvl,27,32,34850347,true,1604172,28600591,4021624,187031,101287,2798
3,../model_20121018_436901160.uvl,16,15,25270843,true,1486342,20566662,2861488,94713,50900,1985
6,../model_20140824_525404983.uvl,47,47,39705706,true,1782199,33115502,4036713,235657,127775,2632
1,../REAL-FM-17.uvl,25,24,34313545,true,1751131,28410443,3520769,172954,90088,2746
4,../model_20141104_1527188029.uvl,140,140,86974368,true,3609455,71273621,10212553,798159,562955,4165
15,../model_20150208_2120373387.uvl,25,21,46490660,true,1476645,39424097,4797366,310450,168968,4823
14,../model_20150428_2048110240.uvl,11,12,29922439,true,1452670,24446888,3571296,159749,96497,3376
10,../model_20130703_1107240012.uvl,64,27,91617453,true,1974030,83230097,5541334,271816,135037,2532
2,../model_20110826_252647654.uvl,24,24,45511548,true,1624558,38557215,4591207,252829,137694,2928
9,../model_20170505_1428478521.uvl,24,26,33916587,true,1711638,28205332,3457803,138255,81120,2260
5,../model_20140801_240918546.uvl,22,13,41926051,true,1529788,34980671,4776070,206944,103476,3562
13,../model_20141106_1014782772.uvl,17,17,43371862,true,1784171,36517514,4460177,177576,104973,4198
3,../model_20110622_260389190.uvl,12,10,34689705,true,1748179,28263422,4239042,86446,75038,4035
8,../model_20200810_1006372985.uvl,36,36,52471645,true,2062692,44337196,5155589,320968,189486,3188
6,../model_20171204_404453510.uvl,21,22,40358708,true,1620959,33726113,4342981,258414,131461,3858
0,../model_20180917_1978871462.uvl,50,45,64603334,true,2222907,56178517,5304427,254834,181627,2471
1,../model_20121102_768518520.uvl,14,14,40126024,true,1643975,33969473,3956614,162684,98258,3902
11,../model_20121123_1672558767.uvl,15,17,43430229,true,1751561,36683762,4346653,196145,139008,3621
12,../model_20150301_300492477.uvl,33,32,58988041,true,1883435,49578371,5205286,201756,1738971,3258
7,../model_20180305_1393570452.uvl,48,43,86716739,true,2132912,77207004,5955463,669612,401918,4279
14,../model_20100712_329430908.uvl,20,20,44148118,true,1828505,37189455,4456913,224502,134836,4565
4,../model_20140423_277886534.uvl,21,18,40802282,true,1654818,34000745,4577026,217171,118097,3336
10,../model_20120408_404695779.uvl,70,66,84683198,true,2348946,73556387,7008537,718267,498996,4820
9,../model_20121123_638033800.uvl,14,13,39970430,true,1601820,34055992,3815475,161210,87937,3718
15,../model_20200316_153170359.uvl,124,103,73175261,true,3189572,61064342,7274578,573330,313094,2809
3,../model_20121123_1445508018.uvl,16,16,27762001,true,1727241,21341206,4169720,155811,58976,3278
6,../model_20120701_1498696792.uvl,11,11,25921065,true,1723718,20028171,3790026,72401,43480,2223
0,../model_20150411_1378086632.uvl,15,9,28587547,true,1621473,22668611,3834867,97748,53019,2183
12,../model_20161118_228131771.uvl,66,79,54741436,false,1936383,45448440,6472818,409371,268763,3244
11,../model_20180512_276218752.uvl,36,38,47698427,true,2116770,39712613,4887512,358489,317024,3518
1,../model_20110407_1283128166.uvl,51,52,61552366,true,1841639,52698564,5682248,489444,383277,4212
14,../model_20100322_955726153.uvl,20,20,40166710,true,1652611,33132162,4683870,245606,133199,4623
7,../model_20120314_1438691117.uvl,13,13,33810983,true,1552906,27705482,4026929,144280,81095,3377
4,../model_20130722_443972122.uvl,12,12,39587483,true,1560186,33543479,4047466,139585,91429,5028
10,../model_20110527_1847306763.uvl,63,106,84270327,true,2474521,75523832,4778453,659014,342779,2554
9,../model_20190922_718247414.uvl,12,10,29955631,true,1537628,24328674,3694540,132121,72571,3166
3,../model_20160620_457730604.uvl,20,20,28346723,true,1635126,23536568,2746431,110189,60551,2918
15,../model_20140819_2062208658.uvl,26,26,37995571,true,1712509,31899583,3802679,153142,77001,2400
0,../model_20110301_216655728.uvl,10,10,21494519,true,1503207,16272606,3330339,70298,42019,2850
12,../model_20151119_424700280.uvl,10,10,26942034,true,1594858,21469818,3468149,82769,48846,3331
1,../model_20180512_427876131.uvl,37,37,40091247,true,1770839,32052724,5330438,335380,204880,4352
7,../model_20110823_1386366267.uvl,15,14,40714214,true,1614067,34835828,3619703,192909,109025,3339
14,../model_20130916_1649901124.uvl,16,15,33199607,true,1580560,26426799,4640104,160093,77420,2866
6,../model_20171018_1720986032.uvl,130,107,117544110,true,3406341,101064380,10399261,1150262,703061,4163
4,../model_20140508_536536644.uvl,36,34,135933260,true,1826797,59332616,73634907,489632,257182,5704
11,../model_20121219_1714348674.uvl,10,10,110925252,true,1668776,104655038,4122663,122769,72921,4312
10,../model_20120829_28461699.uvl,11,13,36592219,true,1640155,31468202,3024884,170178,56127,1979
2,../model_20140422_2137156564.uvl,35,32,54002870,true,1810449,46771777,4763338,205286,108382,2634
5,../car_fm.uvl,14,12,25760658,true,1852645,20203497,3263766,95595,57377,2080
8,../model_20150212_1516383976.uvl,12,8,26378521,true,1706320,20559789,3696057,86475,52334,2777
3,../model_20131112_2028027455.uvl,13,11,39415875,true,1768993,32981858,4168678,158598,88396,4216
13,../model_20230505_1739075744.uvl,42,45,56900463,true,1917488,48607761,5194464,439680,268131,3921
0,../model_20121019_1128529660.uvl,14,12,29464479,true,1784719,23150332,4097516,88353,46136,2402
15,../model_20150307_1251635490.uvl,35,36,36761631,true,1908326,28849636,5241066,189773,192762,2638
1,../model_20180514_381391194.uvl,20,20,41276369,true,1692904,35386568,3558393,216084,131831,3673
7,../model_20131112_990013628.uvl,10,10,80538314,true,1638692,75101330,3435585,66745,39638,1918
6,../model_20160229_707006027.uvl,13,14,35993671,true,1759809,30653676,3070913,177930,52188,2041
4,../model_20120328_1373483522.uvl,13,14,41599288,true,1904566,35709845,3403606,194676,100614,3957
11,../model_20141108_701198022.uvl,11,11,28008747,true,1636017,21998753,3995639,73311,43041,2418
5,../model_20110605_1465859222.uvl,17,17,25026942,true,1749683,19787876,3039314,98982,57621,2077
2,../model_20120110_1256867454.uvl,10,10,24957798,true,1666625,18641328,3530471,841970,49587,1948
3,../model_20170720_160368734.uvl,14,14,32037136,true,1915752,26279821,3417393,83133,48098,2332
13,../model_20170518_711240246.uvl,36,36,39775819,true,1688342,32698484,4750704,181508,167889,2561
0,../model_20110207_906076676.uvl,12,8,32389646,true,1412040,26541318,4027057,102942,65023,2909
15,../model_20160304_1567363129.uvl,19,23,36338249,true,1754960,29712881,4175276,281068,133209,3263
1,../model_20170918_191476099.uvl,48,49,43746770,true,1914954,36087788,4947158,361292,139798,2661
7,../model_20091210_241985787.uvl,16,16,27814737,true,1683347,22574062,3136732,93826,57570,2966
6,../model_20170518_1713871521.uvl,15,16,42612767,true,1445648,37039374,3523886,208839,121016,3452
4,../model_20221015_510481451.uvl,12,14,39426512,true,1485480,33933971,3480669,179088,104612,3392
11,../model_20160911_493856736.uvl,45,29,50337153,true,1857634,41779212,5550849,470489,249767,3110
9,../model_20110116_381192414.uvl,60,61,60017459,true,1954858,52819739,4294935,310406,207687,2174
2,../model_20170313_788976149.uvl,12,9,37984549,true,1518386,32016987,3980188,135101,67611,2808
5,../model_20160329_304357596.uvl,23,15,34219233,true,1652768,28355895,3656169,120171,95149,2781
0,../model_20121015_1348696629.uvl,10,8,27331170,true,1561818,21859158,3521887,76258,40620,2075
3,../model_20140109_637429284.uvl,11,9,34984367,true,1505573,28711487,4337999,119977,62354,4016
13,../model_20160913_2142740300.uvl,48,48,72279992,true,1829861,64587260,4228761,786190,385469,3775
14,../model_20141108_202761108.uvl,10,8,28683704,true,1809366,22842773,3639260,95762,53618,3342
12,../model_20150208_1225865238.uvl,42,34,66891879,true,2079537,57345543,4150065,2603990,271044,4004
1,../model_20160329_1144142418.uvl,54,33,73829771,true,2063070,64315589,6215493,484840,250676,3119
6,../model_20110406_656545830.uvl,17,17,31247525,true,1685674,24831031,4252310,104213,56818,2745
7,../model_20131112_1399418967.uvl,35,28,47776406,true,1813970,39699792,5301084,328276,279705,3786
4,../model_20221018_544175819.uvl,29,29,35598505,true,1699232,28436863,4844268,163102,93848,3007
11,../model_20120423_1196408273.uvl,16,11,38338328,true,1597977,32017454,4211007,159038,86571,3648
10,../model_20120717_770767926.uvl,11,10,31383594,true,1752725,25080691,4064242,136363,70329,3657
2,../model_20170517_1276361560.uvl,10,10,31724467,true,1671021,24810600,3913683,995026,54004,2434
5,../model_20190513_554652357.uvl,10,10,39445866,true,1634716,33127946,4201419,121973,67754,3270
9,../model_20200909_844580970.uvl,17,9,88509499,true,1623890,83085362,3341670,90169,62804,2708
8,../model_20110207_1623721536.uvl,27,32,39024510,false,1693742,31912787,4808912,223664,214125,3060
3,../model_20110130_639381749.uvl,12,12,38873382,true,1517888,33209022,3644921,141547,76509,4294
0,../model_20180222_1790291836.uvl,22,19,39102242,true,1787973,31700627,4953524,206846,109517,4047
13,../model_20150304_617127008.uvl,56,66,76270380,true,2170546,66919663,5913275,666440,240893,2255
12,../model_20090801_1908323193.uvl,13,13,35577320,true,1719531,29265184,4087124,152787,94709,3113
1,../model_20160329_578011837.uvl,23,18,46142755,true,1834574,39450930,4059252,239741,127516,3967
6,../model_20140423_1716161596.uvl,42,25,56884475,true,2073598,49232860,4872496,194493,106933,2210
7,../model_20120701_899073101.uvl,11,11,34453103,true,1639793,28311012,4008943,126039,75682,3972
4,../model_20160926_2009081259.uvl,54,54,42367437,true,2106051,35009805,4350442,284288,147946,2712
11,../model_20100326_770562654.uvl,27,19,35917529,true,1773716,28605474,4908857,230125,89601,2952
10,../model_20130125_189285641.uvl,18,19,43416319,true,1811815,37020755,3929449,227282,126264,3412
15,../model_20200513_1559879338.uvl,11,11,21801081,true,1522631,16119688,3770535,71116,40345,2266
2,../model_20140324_1142291623.uvl,11,11,29273771,true,1557643,22976648,4355978,70841,42783,2323
0,../model_20130916_1001858303.uvl,15,17,34988420,true,1541053,29174933,3625425,194108,126685,4932
3,../model_20141102_1778359466.uvl,23,22,77611665,true,1512068,23121234,52386696,153674,77164,2780
5,../model_20170505_1995894898.uvl,32,27,56884765,true,1723996,48885466,5192928,365352,330415,3679
13,../model_20131122_1877947099.uvl,15,13,34729820,true,1604242,28899810,3728241,160893,92432,4303
12,../model_20120113_1803352101.uvl,43,27,52098352,true,1745606,44858241,4658349,327766,144684,4088
1,../model_20141129_2117240468.uvl,12,14,42490852,true,1652185,36405352,3695545,347361,107420,3241
6,../model_20160329_2023954051.uvl,24,20,35913517,true,1742194,28934142,4682351,131228,98486,2452
11,../model_20150523_1701783178.uvl,23,23,44264934,true,1756584,37087478,4692448,240008,128527,3875
4,../model_20200810_903664942.uvl,25,27,107963559,true,1742471,101888471,3589623,294975,167629,3464
10,../model_20121106_1816491064.uvl,23,20,28340376,true,1574540,22824829,3494302,126512,90354,2637
15,../model_20120829_881090911.uvl,10,10,22002560,true,1674935,16885187,3069212,64132,40005,2677
14,../model_20190917_490456110.uvl,39,23,36689925,true,1744924,29049759,5207547,174188,87397,2755
0,../model_20190223_2023041805.uvl,19,22,33851110,true,1380579,27466685,4429512,210154,88856,2738
2,../model_20131122_641443746.uvl,14,14,22707056,true,1437059,16960264,3885735,86157,53057,2043
3,../model_20140326_1693773444.uvl,13,14,26622867,true,1501703,20596069,4115999,105052,59770,2555
5,../model_20120528_1294065815.uvl,13,12,26259154,true,1539975,20441076,3844527,91172,53101,3133
13,../model_20130529_1911302663.uvl,16,16,38258987,true,1569196,31909004,4199691,204073,109236,3679
6,../model_20121017_2007593800.uvl,10,8,23018214,true,1480831,17454076,3712343,68409,36214,1906
4,../model_20150226_64791123.uvl,26,28,42691403,true,1759974,35770653,4391418,292837,168214,3097
8,../model_20091206_1647557456.uvl,10,10,29379935,true,1666893,23700322,3651716,67837,40347,2280
9,../model_20140514_1151327844.uvl,43,36,70181680,true,2054338,61933320,4928575,549167,281859,4151
15,../model_20140306_1994550432.uvl,12,9,31280577,true,1563237,25143393,4154495,84066,46500,2390
11,../model_20170405_957299568.uvl,142,211,192866728,true,4428276,177704770,7585117,1493590,842119,3727
14,../model_20230323_58681865.uvl,17,15,27656265,true,1759149,21280975,4164382,99146,58746,3075
10,../model_20100829_787258873.uvl,57,48,91982580,true,1988113,82929482,6138386,277015,145636,2802
5,../model_20120412_1314362396.uvl,12,11,32273889,true,1509835,25004097,5304589,137839,46232,3981
0,../model_20180512_893377341.uvl,24,22,52387152,true,1692280,45253792,4468683,297924,303181,4047
13,../model_20150701_451946642.uvl,22,14,41638606,true,1734627,35737789,3630607,136438,71750,3100
7,../model_20171020_786614820.uvl,12,10,36830414,true,1676245,29773881,4922888,134371,75343,3716
6,../model_20131122_224574976.uvl,11,11,26728321,true,1568248,20937870,3877358,69799,41323,2207
4,../model_20091225_1547989376.uvl,29,30,54874060,true,1796689,47335642,4875147,330138,181738,4219
15,../model_20230313_612090761.uvl,13,15,37621670,true,1741104,32114236,3288883,132430,58552,2121
8,../model_20091210_993249741.uvl,29,25,40768232,true,2137396,34088280,3953267,149728,83632,2707
10,../model_20171029_714150136.uvl,10,10,27182336,true,1546898,21483333,3775748,84125,47463,3846
14,../model_20190223_1275185141.uvl,10,7,24752379,true,1710063,18768657,3878301,81716,41813,2232
13,../model_20141006_1946000492.uvl,14,10,30408570,true,1503727,24726752,3733233,90877,69717,3253
1,../model_20170704_1299892151.uvl,11,11,25036605,true,1771319,19063329,3710695,136629,81162,3564
5,../model_20140614_1989695192.uvl,29,35,42889033,true,1734328,35594719,4755264,344447,167099,4138
11,../model_20140305_850513381.uvl,63,103,82938032,true,2669611,69797240,6757436,954985,2204432,4675
7,../model_20140614_81946339.uvl,22,24,38786849,true,1636681,32987072,3598077,155463,109605,3149
12,../model_20141018_2078980023.uvl,87,86,104610049,true,2686319,91894019,8059657,848452,495255,2936
6,../model_20141129_6569546.uvl,25,21,50583897,true,1776236,43741468,4331697,276920,165068,4315
4,../model_20110926_400852996.uvl,36,36,55856066,true,1900970,47899068,5023429,361544,309881,2785
3,../model_20130916_552778902.uvl,16,17,43173380,true,1604829,36886007,3960928,195424,236480,3080
15,../model_20200815_41086763.uvl,31,28,37283145,true,1723650,30584916,4322741,206955,86023,2198
8,../model_20120510_220834497.uvl,53,44,45925411,true,1991546,38301782,4828657,246380,135799,1735
14,../model_20170916_132089042.uvl,48,60,56045155,true,2153736,48906477,3987276,451385,213624,2793
1,../model_20120828_1516795545.uvl,13,13,36428792,true,1664275,29143710,5084774,148276,85116,3458
11,../model_20200212_1763855182.uvl,12,12,30682353,true,1682410,22941446,5609083,89380,74356,3948
7,../model_20160813_60083737.uvl,10,10,35816051,true,1567548,30396300,3435198,77866,64734,3287
5,../model_20180122_1429516018.uvl,40,18,64234645,true,2139290,56114102,4986849,381349,196875,3788
12,../model_20141113_1414990983.uvl,46,46,68594198,true,2049592,59927788,5502986,472781,258163,3371
2,../model_20200907_1598312227.uvl,130,130,106448086,true,3478262,92800934,8338669,613041,440210,2840
6,../model_20120728_275737618.uvl,14,14,39788859,true,1547890,34063147,3668219,160134,102371,3927
3,../model_20140401_1527258088.uvl,13,20,49937315,true,1705140,44505729,3031907,293083,147956,3759
9,../model_20180512_409172439.uvl,37,37,40819615,true,1927060,33715764,4499582,186537,103329,2846
15,../model_20130807_1787614695.uvl,13,13,31759802,true,1590534,26359734,3237585,149403,84449,3553
0,../model_20190304_818967793.uvl,29,28,48299055,true,1795086,42136648,3837808,157419,84910,2794
8,../model_20130821_470005647.uvl,43,43,37140839,true,1843001,30219133,4245427,244046,198096,3711
1,../model_20110925_62365838.uvl,23,23,36201553,true,1525313,28965126,5053343,206446,113246,3519
7,../model_20230322_413432441.uvl,22,21,43148772,true,1762240,37004069,3884269,134564,77690,2561
11,../model_20111201_372659565.uvl,61,38,80817545,true,2265281,70840713,6447171,512910,279024,3951
5,../model_20170702_979744088.uvl,21,21,38305882,true,1561143,31828044,4338891,133187,109131,3965
2,../model_20180705_2136123533.uvl,10,10,23952807,true,1538951,18748689,3206197,105383,65538,3085
12,../model_20171016_777651910.uvl,27,26,38679365,true,1761128,32219391,3874862,239844,242619,3468
6,../model_20150611_1748318240.uvl,14,11,34831186,true,1564455,29528661,3326700,159484,47246,2700
15,../model_20200120_1111265554.uvl,10,8,37996822,true,1670425,31001294,4881700,117996,68269,3644
10,../model_20111027_1380540076.uvl,10,10,27922633,true,1697362,22336484,3486509,92480,39769,2280
13,../model_20121123_1692800929.uvl,16,16,31690007,true,1768175,26215637,3213267,155084,58936,2330
7,../model_20140819_940483638.uvl,11,11,36381330,true,1415704,31135460,3445038,119401,74220,3311
1,../model_20100325_298677687.uvl,10,9,28698445,true,1357307,23153394,3814211,108893,59194,2532
8,../model_20101115_2000504462.uvl,72,65,53975206,true,2261663,45618897,5085682,369366,239514,2882
5,../model_20141119_1676144838.uvl,14,14,38130617,true,1601309,31800198,4212129,155211,85853,3628
11,../model_20190922_499979669.uvl,25,29,51063620,true,1724515,44109432,4416511,332271,189807,3988
12,../model_20130808_465499656.uvl,22,14,29202862,true,1584728,23358721,3866190,110883,56023,2918
2,../model_20130627_888588099.uvl,17,16,33816185,true,1634997,27662628,3938283,183005,105552,3334
4,../model_20230323_867226898.uvl,16,13,24128509,true,1448674,18680349,3599431,101333,50652,2475
13,../model_20100216_713947806.uvl,12,12,37573795,true,1512878,31821231,3758622,155485,86669,3961
6,../model_20160330_888130075.uvl,73,73,71902262,true,2337402,63213701,5010937,454220,413448,4390
14,../model_20160512_1688304541.uvl,31,25,53533598,true,1860885,47490734,3410765,311432,155767,4121
10,../model_20160225_419189676.uvl,47,52,71246072,true,1876702,64514980,3651566,544313,316233,4070
1,../model_20141023_1082000051.uvl,37,49,44492687,true,1702590,36169734,5672006,315647,192617,5583
11,../model_20141018_811394530.uvl,23,22,49352832,true,1758833,42141065,4719315,252860,137781,4044
8,../model_20141017_1234330746.uvl,38,48,48257012,true,1854960,41730851,3823656,284364,162854,2966
7,../model_20150228_41303449.uvl,33,33,102989515,true,1608953,95376799,5011707,441125,195817,4737
5,../model_20161213_651973816.uvl,21,25,53887578,true,1660266,46868631,4529665,327183,176628,3760
4,../model_20120905_104354355.uvl,13,13,25412817,true,1624253,20127729,3270316,79272,44652,1794
3,../model_20170410_971411480.uvl,11,6,26583044,true,1746136,20185340,4193766,112671,63623,2619
9,../model_20140305_1745306436.uvl,20,12,32640814,true,1545571,26133180,4398974,198669,105658,3419
0,../model_20180409_394573881.uvl,10,10,28115967,true,1736676,22894609,3087728,73993,46025,2838
14,../model_20130916_302923469.uvl,16,17,43661928,true,1709642,37356879,4004313,207667,122012,4008
6,../model_20121123_1047250318.uvl,16,17,42756630,true,1796275,36524974,3837926,215545,118714,3614
13,../model_20160428_283258262.uvl,40,37,97252216,true,1893825,90536792,4122855,197865,103417,2194
1,../model_20151201_896154285.uvl,24,21,32707421,true,1820866,25546486,4628369,177216,154215,4174
8,../model_20150309_1544990511.uvl,39,42,37470030,true,1610061,29957747,5076030,270966,133763,3320
7,../model_20171213_638254090.uvl,11,10,25937491,true,1831684,19954953,3753390,77196,44579,2641
11,../model_20180611_848416665.uvl,10,13,32741193,true,1582189,25523895,3402134,1943676,97196,4206
5,../model_20131129_1795005487.uvl,10,10,34908431,true,1502732,27787948,3976473,1269069,91395,3269
0,../model_20140826_2051139991.uvl,31,31,30052434,true,1611904,22874933,4833856,208357,147265,2988
15,../model_20171012_432118074.uvl,28,28,43062181,true,1541799,37029149,3739180,287032,151139,4165
9,../model_20130302_379367837.uvl,10,11,21799905,true,1482606,16133542,3819938,73799,44900,2126
4,../model_20140209_1382642350.uvl,41,29,38575569,true,1925299,32220891,3783536,223101,111356,2610
7,../model_20190526_2060834946.uvl,12,9,33342807,true,1719493,27850983,3361519,87658,52441,2410
11,../model_20150621_1174641946.uvl,36,32,54382448,true,1688858,48321785,3668507,217351,110199,2411
5,../model_20160913_245590430.uvl,38,38,54706254,true,1866660,47566303,4289876,372354,211667,2065
1,../model_20180306_832754487.uvl,49,53,67760748,true,2180011,58224753,5926278,724748,226810,2713
12,../model_20150222_2069201003.uvl,13,13,39839869,true,1660724,32409004,5231936,144884,88831,3816
2,../model_20160504_814917052.uvl,26,20,38771429,true,1807489,31532440,4710011,256699,140660,4024
8,../model_20190917_729866659.uvl,83,56,70287416,true,2412119,60230630,6366935,534531,192002,2790
10,../REAL-FM-8.uvl,17,17,42849751,true,1691604,36680351,3902738,197444,110167,3340
0,../model_20120110_1094246588.uvl,10,10,25289794,true,1608778,19142112,3243311,944111,79136,3736
15,../model_20130812_1882708509.uvl,41,51,42559148,true,1778431,34584637,5301552,273590,191097,2278
9,../model_20230616_862941800.uvl,30,26,39408347,true,1644607,33765602,3419428,156351,82647,2132
4,../model_20130725_1746580783.uvl,16,17,43513589,true,1494500,37278286,4080639,212421,129217,4223
11,../model_20140403_1254324003.uvl,28,27,34378493,true,1651452,28286745,3773921,154225,169232,3210
3,../model_20170402_765751837.uvl,329,359,264520399,true,11954448,231071699,15252363,2839517,1720516,4297
7,../model_20120201_1444061231.uvl,38,37,45894163,true,1905377,37927023,5284605,267269,130823,2406
5,../model_20230323_425392427.uvl,33,29,34765514,true,1840273,27396621,4904712,172351,92252,2134
2,../model_20180729_778045288.uvl,31,34,44656339,true,1657350,37443930,4702481,347489,187026,3845
8,../model_20180307_2144246090.uvl,49,39,54506611,true,1918689,45863313,5786105,339641,180272,2757
1,../model_20140824_1698583194.uvl,66,66,79500077,true,2256141,67327303,7042848,658956,1673611,3608
14,../model_20160503_1174916821.uvl,42,44,35152791,true,2043194,28029677,4319572,227415,127268,1828
10,../model_20120328_1412454948.uvl,36,34,32318386,true,1582812,25887211,4139866,182614,167373,2789
6,../model_20190326_164569423.uvl,10,10,24576956,true,1769242,18167371,4216944,122548,71743,3793
4,../model_20141103_285596543.uvl,25,27,37349481,true,1663183,30353654,4617770,256345,156482,3858
15,../model_20140710_2059561340.uvl,33,25,46587433,true,1807055,38932999,4972648,323383,165369,3226
0,../model_20190616_1868431112.uvl,40,31,60150143,true,1838399,52051612,5288479,392751,200294,3774
13,../model_20150416_264061404.uvl,47,24,59474256,true,1995314,49463997,6975033,391895,186817,3805
3,../model_20190411_1457420991.uvl,18,27,98639138,true,1767408,42059467,4071013,50313498,102222,3159
11,../model_20130309_1354780318.uvl,11,9,85235355,true,1574410,79271725,3913141,128247,69791,4001
5,../model_20230323_642188361.uvl,23,22,39841881,true,1705466,33760490,3831303,143969,71647,2330
2,../model_20170219_358603289.uvl,62,62,54004579,true,2248493,44094316,6447633,369029,326927,3974
1,../model_20141129_264528063.uvl,13,14,74934044,true,1577303,69187079,3725512,142723,66602,3554
8,../model_20221109_1435495840.uvl,14,15,40994640,true,1652816,34666182,4090590,194115,107574,3794
15,../model_20131124_646639708.uvl,16,17,26637852,true,1648978,20454551,4071024,102362,60438,2561
14,../model_20131112_330151541.uvl,21,16,37962528,true,1832896,31481121,4152771,110879,59094,2533
0,../model_20131206_684654596.uvl,12,12,34586925,true,1437134,28626357,3870326,287565,92939,3079
4,../model_20130219_1778040846.uvl,40,38,48876291,true,1853087,40781834,5175813,405648,222293,3538
13,../model_20110601_1103941862.uvl,12,12,27625917,true,1479129,21809600,3795430,173082,86556,3877
12,../smart_home_fm.uvl,59,62,78315263,true,2116739,70357578,4472463,620144,443722,4859
11,../model_20110919_127780100.uvl,37,27,40142308,true,1504001,32860909,5063251,234934,115675,2370
3,../model_20150309_1129343473.uvl,33,38,42167432,true,1551585,34649817,4930278,410561,232160,3009
5,../model_20140427_1594857347.uvl,19,21,30819356,true,1592164,24784747,3829426,145316,161628,2314
1,../model_20190920_579117949.uvl,13,17,27195243,true,1719779,20808006,4180650,131234,65271,2860
2,../model_20200621_929471783.uvl,11,11,27902680,true,1617825,21955920,3917453,92874,48487,2575
8,../model_20200901_164722413.uvl,11,10,35237190,true,1682901,29166460,3941175,131232,75707,3006
9,../model_20110915_1159959623.uvl,10,8,39623815,true,1692249,34002240,3397349,154589,85778,3272
15,../model_20170926_289427240.uvl,11,8,38574598,true,1635554,33074439,3376957,133818,72191,3824
7,../REAL-FM-4.uvl,290,310,244514666,true,10079832,217630672,12713333,1642900,930040,2124
14,../model_20150419_1225785874.uvl,11,9,23039816,true,1677063,17839097,3165626,70921,38673,2157
0,../model_20190513_110684557.uvl,10,10,27315660,true,1654407,21268436,3865121,152065,84750,3443
4,../model_20160225_2040495200.uvl,50,29,50263310,true,1956168,42191867,5288429,239637,120402,2052
13,../model_20170504_370000031.uvl,36,37,43112060,true,1850540,35573613,4900630,213028,112996,2518
12,../model_20190917_659690280.uvl,12,12,39298811,true,1478316,33315030,4049860,143337,81429,3577
3,../model_20120722_2065280700.uvl,13,9,25490475,true,1568300,20586498,2843724,167411,43587,2054
5,../model_20130916_156611854.uvl,17,15,25284798,true,1683551,19327522,3799610,98264,57130,3029
9,../model_20140530_1262796172.uvl,10,9,33847513,true,1501925,28161625,3720274,115504,67561,3095
11,../model_20180222_524224426.uvl,26,14,37731153,true,1749433,31054153,4450421,125616,66626,2341
8,../model_20130916_667715515.uvl,16,16,42732164,true,1753377,36266458,4066347,204810,123588,3957
6,../model_20140508_530056624.uvl,36,49,64810136,true,1860826,56302992,5285333,628043,324247,4503
10,../model_20130418_1960440366.uvl,29,32,56994057,true,2010702,49393128,4677746,312007,292800,3980
13,../model_20130116_1542765516.uvl,10,9,21239264,true,1552845,16041681,3275787,69735,37484,1834
15,../model_20161124_135805624.uvl,37,37,55876550,true,2070282,47875542,5047582,326116,169128,3444
4,../model_20150427_2103265175.uvl,56,54,59439702,true,1993867,52127415,4273822,324601,242218,3140
0,../model_20170311_1316290182.uvl,48,48,60460246,true,2063944,53169221,4138034,417840,241214,2673
3,../model_20230322_928718925.uvl,20,16,25337128,true,1591874,20075847,3205732,110658,58811,2131
5,../model_20190922_267709941.uvl,35,35,32527992,true,1991426,25911190,3983999,174929,93406,2624
11,../model_20161122_1255346120.uvl,15,10,25828698,true,1491750,20589694,3321451,91184,51825,2023
8,../model_20160504_18344306.uvl,13,14,38112173,true,1410847,32179805,3954859,178816,97434,3511
9,../model_20131112_356575914.uvl,20,15,39096167,true,1729857,32896185,4008235,110592,62160,2393
6,../model_20110310_1849309646.uvl,23,20,43892215,true,1463622,35991769,5796472,207173,113222,2868
10,../model_20180304_1150769979.uvl,48,38,64322628,true,1878095,55783703,5472024,559802,306560,3546
0,../model_20190916_779041735.uvl,41,23,39406505,true,1610178,33746180,3433709,211393,96067,2660
15,../model_20130311_1184229274.uvl,11,11,27740369,true,1468001,22718796,3088161,130474,81480,3068
4,../model_20180611_1140870617.uvl,10,13,26566687,true,1489753,21042920,3422295,293376,94544,3475
13,../model_20110823_553386338.uvl,21,21,27523037,true,1471400,22251117,3340245,154064,89920,2560
1,../model_20141129_1168519534.uvl,12,12,32719704,true,1793216,27288327,2978733,299996,95973,3969
2,../model_20190108_414883666.uvl,17,17,30025264,true,1568255,23919465,4086518,102635,60002,2943
11,../model_20190510_1232864614.uvl,12,9,37209048,true,1774526,31825914,3245979,74018,38674,2539
9,../model_20181016_583005690.uvl,32,34,41261592,true,1726158,35350061,3563702,187685,110244,2691
6,../model_20160229_490224198.uvl,49,39,41022281,true,1554784,33029013,5746060,260720,137783,2031
8,../model_20200816_33425673.uvl,39,33,36514003,true,1717742,28808477,5215478,211914,184525,2184
14,../model_20140326_183546394.uvl,11,11,36014394,true,1578076,30264748,3691693,118109,80840,3382
10,../model_20201002_1982652571.uvl,15,15,34835539,true,1481744,28785466,4053363,164050,97091,3669
7,../fame_dbms_fm.uvl,21,16,44735693,true,1604229,37981065,4550876,204368,116335,4662
0,../model_20101024_1938793748.uvl,29,32,42616128,true,1895414,36002409,4124131,187147,107508,2851
15,../model_20170919_414938854.uvl,47,35,55870495,true,1873550,46370662,6792611,235308,183687,3548
13,../model_20221031_340330235.uvl,35,35,46884256,true,1671979,40420257,4189287,181375,105555,2121
4,../model_20100213_206550190.uvl,38,33,113514786,true,1836394,50214424,60817422,245388,122185,2897
12,../model_20171005_661289758.uvl,10,10,29598663,true,1922536,23701181,3619778,66159,39510,2810
1,../model_20140503_2024413965.uvl,16,14,30686923,true,1665209,24428622,4147043,99097,55030,2385
2,../model_20190916_1777637747.uvl,10,10,33153627,true,1647403,27105190,3953503,115629,65069,3824
6,../model_20101109_1698100628.uvl,15,15,26154029,true,1784673,20101352,3872886,88439,51721,2050
10,../model_20141129_1031364.uvl,12,14,24923550,true,1535698,19667780,3299279,92011,56369,2166
8,../model_20140905_2124104947.uvl,10,9,24142964,true,1424173,18628794,3770970,89863,39906,1994
14,../model_20221017_1844403757.uvl,10,10,22855203,true,1475084,17245310,3762710,67166,36606,2695
7,../model_20100321_1548012375.uvl,18,18,38817678,true,1639147,32185915,4501384,104115,65547,3244
0,../model_20170821_2117231347.uvl,28,42,71499123,true,1835668,63515048,4919056,574953,254681,3327
15,../model_20160519_1846923063.uvl,39,50,73027319,true,1880302,65059110,5178003,395049,179887,3207
13,../model_20190514_850677966.uvl,25,29,53931338,true,1877210,46864421,4405876,317977,179073,3999
4,../model_20140209_738203734.uvl,51,55,86857992,true,2124278,78874298,4831136,386553,193199,2623
12,../model_20131202_1775789712.uvl,50,50,94096171,true,2149633,42812148,48199521,358564,137317,2185
5,../model_20170703_1893075315.uvl,20,16,28390421,true,1415667,22185704,4303451,118496,64102,2408
2,../model_20140423_1890396897.uvl,36,31,48702997,true,1850527,42241356,4002711,203241,121024,2408
3,../model_20161123_1530983999.uvl,36,36,37554078,true,1709963,30623687,4290301,334124,188194,3803
1,../model_20180214_1066016479.uvl,96,79,75213256,true,2351466,65077335,6213902,547029,389352,3537
8,../model_20170316_1293936491.uvl,48,53,67836238,true,1819379,61724652,3547209,274557,140801,2078
6,../model_20160606_235281629.uvl,13,13,21484911,true,1605004,16746305,2761177,81906,46730,2191
14,../model_20110712_1373520081.uvl,66,61,42325330,true,1847657,35553521,4026577,319017,166423,1946
7,../model_20130731_2029107317.uvl,76,68,47741194,true,2088688,40125882,4489252,430455,211346,3633
9,../model_20190913_1052617154.uvl,21,21,37687748,true,2508617,31842402,2911924,121328,62069,1817
11,../model_20150425_1862491910.uvl,80,77,80846615,true,3922982,71677479,4371492,330915,170024,1775
10,../model_20160304_165509543.uvl,43,42,67183717,true,2547034,59627178,4108943,225883,115644,2061
