index,filename,n_features,n_constraints,execution_time,result,clif_gen_time,clif_ast_time,bridge_solve_time,code_gen_time,generic_csp_model_time,concrete_csp_model_time
3,../model_20180913_1045465294.uvl,10,6,25427187,true,1614145,19882665,3560059,59932,31819,1843
5,../model_20150414_2125272166.uvl,21,24,31858728,true,1603512,26215720,3474014,155251,82302,3019
0,../REAL-FM-15.uvl,25,21,29514259,true,1784900,23120327,4050404,146414,73557,2842
7,../model_20091109_376438407.uvl,22,21,32622919,true,1518005,25934432,4664824,120233,65918,2228
14,../model_20110826_819334011.uvl,24,24,30043920,true,1453726,23380856,4683639,132429,73019,2760
15,../model_20121214_211817376.uvl,14,14,30132787,true,1474453,24061674,4172994,100729,55281,2281
12,../model_20140428_1043688075.uvl,56,55,42149726,true,1699339,34258452,5126953,433382,171132,4571
6,../model_20180513_39795521.uvl,22,22,33333468,true,1490011,26140676,5030903,194339,121629,4508
1,../model_20131112_832913408.uvl,17,17,35912991,true,1537476,29351426,4442403,180381,115650,3821
10,../model_20160905_774306083.uvl,14,14,41151665,true,1577863,35208500,3806009,158972,99716,4230
4,../model_20140503_110898123.uvl,16,16,45549085,true,1613668,38620837,4664514,209248,119930,3926
8,../model_20160921_24535453.uvl,29,28,44843229,true,1733054,37469847,4820293,322020,191912,4380
2,../model_20131112_1592384504.uvl,32,32,42654341,true,1663770,34637704,5609600,253158,97044,2490
3,../model_20160919_1142576711.uvl,20,20,29290567,true,1804375,23817152,3173739,108685,64512,2408
0,../model_20100308_1355834007.uvl,20,18,26873855,true,1657799,21277017,3463446,109844,58404,2191
15,../cfdp_library_fm.uvl,13,18,26704603,true,1517919,20939737,3762177,120286,73179,2781
1,../model_20141129_1141626102.uvl,12,12,21486642,true,1457290,16546733,3076447,75281,45086,1956
4,../model_20181024_611767532.uvl,13,14,25416182,true,1502215,20314386,3155565,100663,55904,2158
12,../model_20160527_1098137653.uvl,20,20,30401642,true,1445738,23917917,4345061,210127,124025,4052
10,../model_20200403_1474941211.uvl,14,12,25832778,true,1506327,19539609,4286513,131838,72256,3925
6,../model_20100106_985255768.uvl,20,11,29594173,true,1645046,23165009,4238094,182376,98787,3587
2,../model_20121018_880874071.uvl,16,15,27821900,true,1628432,21834871,3908840,94933,53493,2702
7,../model_20110826_1574631601.uvl,52,56,58609365,true,1991973,49812653,5453470,533814,350695,4003
8,../model_20140423_969548559.uvl,49,48,56703671,true,1876366,48457178,5445326,268751,193074,2949
13,../model_20140421_782765396.uvl,19,19,33275334,true,1663167,27572108,3440292,209744,114940,4041
9,../model_20180612_712325117.uvl,15,15,23653352,true,1783050,18163649,3254257,116044,50720,2697
1,../model_20170926_1539445221.uvl,14,12,24036722,true,1574657,18356706,3672123,96763,55007,2754
11,../model_20230322_492815120.uvl,41,32,85166316,true,1904524,78923116,3676529,199190,101217,3160
10,../model_20190917_1882445879.uvl,16,12,28005278,true,1566618,22536927,3394581,141498,53758,3494
7,../model_20121018_1578042435.uvl,17,15,29548694,true,1690216,24015903,3385210,104961,65289,2495
2,../model_20110926_608554224.uvl,30,32,42962980,true,1606243,37150010,3437898,292028,167568,3329
8,../model_20170809_1734454576.uvl,15,14,40579344,true,1560912,34587675,3905560,172430,97608,4185
9,../model_20190915_1647283170.uvl,10,10,27872332,true,1598548,22974712,3009631,69368,39077,2250
13,../model_20130529_51708559.uvl,16,17,29667238,true,1569672,24593686,3091245,112950,62395,2195
5,../model_20170320_1505333083.uvl,47,25,53702938,true,1892970,46661415,4420971,196200,102326,2028
1,../model_20131202_1494824194.uvl,34,34,46057301,true,1676790,39732608,4122782,168559,96869,2588
14,../model_20150527_2051574410.uvl,28,21,33611146,true,1881166,26095270,4916845,194831,156910,3736
7,../model_20120328_573707444.uvl,34,27,47133824,true,1577993,40222306,4611129,306761,171367,4199
2,../model_20180512_316263333.uvl,41,36,52192322,true,1942038,43714516,5593502,383592,233193,4080
6,../model_20130908_1070185514.uvl,366,528,329674002,true,15029959,283944257,21928544,3883760,3021175,4391
11,../model_20110516_1331478109.uvl,88,145,127232930,true,2891821,115325157,6962472,887456,563653,2855
8,../model_20120229_1103715736.uvl,14,13,40737576,true,1686100,34340837,4165257,163350,94381,4380
10,../model_20101112_864228137.uvl,137,138,149079435,true,3084968,132533708,10578034,1238105,801844,3119
13,../model_20170706_1588900401.uvl,30,26,33353432,true,1844084,26207049,4594774,205980,146756,3885
9,../model_20140227_661956564.uvl,47,43,40448889,true,2097163,33388496,4128046,364658,126038,2223
3,../model_20150120_214372699.uvl,40,39,38308775,true,1937674,29779604,5638049,399097,215501,3392
0,../model_20150621_2090653675.uvl,20,18,30647383,true,1694662,23915776,4408352,183228,71741,3827
1,../model_20120515_1862354569.uvl,15,15,28868626,true,1695913,22136176,4391393,189195,99422,3313
4,../model_20190917_595353381.uvl,13,12,27906146,true,1665861,21252659,4533277,88168,50272,2221
15,../model_20221208_1116778716.uvl,22,15,33285173,true,1804189,25851681,5106691,127030,70112,2542
2,../model_20141212_523199394.uvl,15,13,37477526,true,1439963,31400070,4103877,165735,93154,4140
12,../model_20180514_1722608288.uvl,27,27,47703669,true,1994292,39518964,5235357,284367,162946,4872
14,../model_20140410_1905141388.uvl,11,20,107008676,true,1581369,100628418,4100743,266166,148799,3725
8,../model_20110525_928187171.uvl,14,14,32751477,true,1679141,26445629,4109070,135358,67383,4313
6,../model_20160531_990808801.uvl,14,13,129844581,true,1625374,124075014,3637074,164231,91728,5621
10,../model_20150309_670536624.uvl,22,28,41467501,true,1495148,35216949,4227790,169429,95364,2660
9,../model_20140408_1553357169.uvl,11,15,36630188,true,1687253,31185752,3210557,168233,72827,2759
13,../model_20160721_972954567.uvl,10,9,33723744,true,1742036,28455313,3144076,70675,40496,2593
3,../model_20120113_1950870026.uvl,10,10,25247364,true,1624027,19333377,3900843,77102,44287,2263
0,../model_20131122_1083650489.uvl,15,15,25927805,true,1642031,20719138,3011290,93790,151476,2186
15,../model_20190117_1837815772.uvl,14,12,34247222,true,1654175,29108465,3062206,86596,47101,2158
2,../model_20160329_925786350.uvl,31,29,30519369,true,1796282,23904122,4210538,160163,92758,2788
14,../model_20130529_1165512118.uvl,10,10,37662281,true,1565984,31554728,4072347,119242,69731,3506
8,../model_20180306_1851656621.uvl,49,41,62798501,true,1752024,55634458,4150927,649816,286560,4498
12,../model_20201007_667063467.uvl,72,63,71097748,true,2052570,60475643,6933429,630109,489336,4419
6,../model_20141202_107430422.uvl,36,30,58618587,true,1895384,49585417,4993965,341243,1508645,4199
4,../model_20230322_572568226.uvl,51,36,52997147,true,2041390,45137819,4694648,422110,330343,4133
10,../model_20130916_882364260.uvl,15,17,41428810,true,1729917,35076272,4010510,195812,111562,3530
7,../model_20150505_1728564449.uvl,13,12,25116130,true,1498019,20129607,3109983,83260,53576,2113
11,../model_20140630_1564361664.uvl,10,5,25619500,true,1472233,18009595,5755159,70706,47231,3992
15,../model_20140320_391816142.uvl,11,11,25625826,true,1420820,19516914,4285445,78005,49635,2431
0,../model_20100412_337845737.uvl,10,10,35222495,true,1565043,29118044,4144896,74384,43054,2468
5,../model_20221013_1054303307.uvl,66,56,66991509,true,2338382,56367752,6782831,619942,363275,4001
14,../model_20130917_1805517149.uvl,13,15,29894533,true,1689861,23880306,3892621,118871,66398,2625
12,../model_20170510_174347414.uvl,15,13,39439033,true,1610970,33453334,4010257,94229,52426,2261
6,../model_20140319_1506613330.uvl,16,12,37050366,true,1782594,30645428,4128059,159654,87698,3463
8,../model_20170206_852070049.uvl,13,10,39265298,true,1478388,33356367,3950803,154986,89206,4037
9,../model_20140424_1672030888.uvl,65,45,142101398,true,1898370,132811197,6280656,392708,225248,2892
4,../model_20150720_1580995178.uvl,22,24,44354629,true,1753756,37708091,4271072,138537,182255,3068
10,../model_20170315_692595151.uvl,23,18,28929122,true,1795800,23025513,3600711,121360,64082,2160
7,../model_20180611_1112345807.uvl,10,13,25162914,true,1556177,19418238,3759994,92004,62165,2732
11,../model_20141021_386995832.uvl,24,24,31226626,true,1941142,25570042,3183096,143789,81390,2292
1,../model_20221010_1477134717.uvl,51,44,44728930,true,1991250,37067762,4862666,266802,137554,2149
0,../model_20150616_314969910.uvl,26,27,30676988,true,1553840,25184786,3418478,160515,93330,2471
12,../model_20140321_1655023261.uvl,14,14,24430934,true,1584613,18613120,3834567,104682,53171,3318
6,../model_20170322_711096381.uvl,10,10,24512549,true,1420076,18244439,4475501,73786,65480,5133
9,../model_20100416_811483774.uvl,16,9,34277923,true,1537236,28835681,3405173,150781,81761,3324
8,../model_20140209_34267674.uvl,44,41,69841043,true,1899264,62690824,4319105,310223,202769,2893
4,../model_20140301_728202228.uvl,49,45,60210465,true,2072019,51777070,5498448,242033,180618,2855
10,../model_20150507_425070085.uvl,44,44,42738088,true,1825116,34328865,5554340,378435,228018,3509
7,../model_20141111_2120296387.uvl,51,18,46136807,true,1667747,39180263,4568040,245882,98167,2474
3,../model_20190922_230985682.uvl,21,32,37327332,true,1616659,30553710,4442445,273925,162588,2594
13,../model_20230615_784426434.uvl,14,13,27432298,true,1661931,21316933,4055411,97798,47206,2052
11,../model_20140423_813378270.uvl,48,44,43954193,true,1918598,36940276,4270401,253874,137192,2983
1,../model_20101119_1472596180.uvl,25,26,44832043,true,1681211,38235160,4159077,297373,165464,3206
2,../model_20190413_1966613868.uvl,42,18,38578438,true,2104447,31024835,4793013,177224,86683,3124
12,../model_20191119_1702487696.uvl,24,24,28709176,true,1492259,21749365,4770100,231570,143496,4417
0,../model_20180815_1120231956.uvl,26,33,110422418,true,1696220,104396286,3674966,211057,106778,2184
6,../model_20190917_383002664.uvl,43,24,50728282,true,1806203,43738156,4277277,337945,182140,2813
8,../model_20161018_1395239714.uvl,11,11,29384638,true,1673365,24014181,3264216,114263,71570,3865
4,../model_20160311_1359424486.uvl,50,50,106149905,true,1851213,97486421,5631601,480369,259966,3290
13,../model_20170814_699386305.uvl,12,12,23640244,true,1549534,17774226,3894758,75334,43803,2097
15,../model_20200819_795623217.uvl,26,17,34462167,true,1797575,27791033,4266512,182901,70628,2853
10,../model_20160330_149443721.uvl,30,43,43909131,true,1679776,36176763,5022684,428669,234378,4196
1,../model_20200901_1590540568.uvl,38,33,45207598,true,1870927,38273252,4322125,244282,123261,2732
3,../model_20180512_733862721.uvl,23,22,37110288,true,1599549,30042933,4780290,178170,169858,2157
11,../model_20201011_1804341944.uvl,59,59,53366815,true,2139974,44145071,6116171,297727,183172,2395
14,../model_20170301_235251685.uvl,14,13,32792638,true,1716191,26450774,4179989,95396,56959,2469
2,../model_20130422_139902368.uvl,40,34,39777493,true,1883354,31699025,5407781,211370,117266,3374
6,../model_20100822_281357717.uvl,15,16,40480901,true,1616521,33633360,4583251,237282,137827,4579
5,../model_20100529_1010171189.uvl,22,15,121632619,true,1695881,114379100,4905904,206258,125879,4955
8,../model_20221114_1363146415.uvl,39,43,61047810,true,2116271,51081708,6706082,473304,256402,4415
4,../model_20140524_520707568.uvl,11,9,24938058,true,1420234,19939785,3242516,73050,42147,2031
1,../model_20110318_225131257.uvl,15,15,30160530,true,1617197,23500770,4434894,199041,98079,3217
13,../model_20110519_503436691.uvl,11,10,23157630,true,1602332,17473897,3627210,112085,64726,3040
15,../model_20131112_1617262618.uvl,30,25,33160752,true,1618668,27455346,3445010,187631,96160,2798
10,../model_20141106_687094706.uvl,65,61,50683894,true,2131626,39254666,8248976,338772,185695,3157
14,../model_20120823_304633016.uvl,16,19,30382062,true,1609902,24012172,4240389,146385,77597,2422
2,../model_20120328_810464459.uvl,17,17,87971098,true,1594464,81447651,4294009,195889,109462,4700
5,../model_20161209_758532997.uvl,13,5,33709263,true,1668347,27537534,4026825,126694,65433,3407
6,../model_20151106_857588743.uvl,21,25,42211077,true,1851980,35219008,4351107,252875,170497,4290
9,../model_20190914_1323674619.uvl,61,57,50018958,true,1982707,40235345,6684819,389983,202574,3286
11,../model_20140223_789634838.uvl,26,19,42092083,true,1636487,35118131,4576339,258408,149807,4652
8,../model_20180512_143602565.uvl,37,37,40632967,true,1939525,33272170,4434015,304897,310319,4152
4,../model_20170927_2140419024.uvl,87,69,62404194,true,2509400,52527573,6029510,505925,221965,2235
0,../model_20121018_1701181193.uvl,17,15,24426375,true,1680252,18451716,3861000,117870,53391,2290
15,../model_20171202_671836466.uvl,14,14,26711353,true,1609656,20369534,4180212,144024,85432,4455
7,../model_20160420_474055968.uvl,96,69,62150756,true,2354246,49134245,8908173,714339,391510,4042
13,../model_20190915_38921055.uvl,10,10,31816156,true,1613944,25811320,3916198,116838,70336,3519
14,../model_20130916_330769314.uvl,17,18,39661570,true,1571609,33143796,4348572,206719,121374,4260
12,../model_20180306_177892963.uvl,45,37,61612018,true,1934486,53631907,5135793,320995,147321,2435
11,../model_20230322_61558144.uvl,16,16,35211199,true,1783867,28567414,4255371,175688,106247,4264
9,../model_20120801_1784537083.uvl,12,11,35137323,true,1507104,29727503,3408823,135517,80412,3454
5,../model_20171208_504832504.uvl,10,8,39530214,true,1640281,33207630,4193172,114988,76009,3785
10,../model_20180305_1565538092.uvl,50,39,71015499,true,2073235,61717006,5771948,630955,328608,3930
8,../model_20130305_522520932.uvl,16,14,42091414,true,1732562,36422812,3345241,213736,113297,4059
3,../model_20160912_772295854.uvl,18,18,28290064,true,1815195,23307371,2768001,100650,57287,2141
0,../model_20140430_1345238885.uvl,17,17,25218089,true,1894020,20044333,2826952,112255,59600,2262
13,../model_20161101_1287284082.uvl,50,37,38535637,true,1546908,32205336,3942934,255451,136884,3465
12,../model_20130818_278315719.uvl,10,10,21697216,true,1509239,16685774,3099679,68109,40035,2628
14,../model_20160311_358715911.uvl,26,26,29767939,true,1576654,23014877,4480554,188206,171098,3012
9,../model_20180913_872907572.uvl,15,15,25397799,true,1338083,20007567,3621813,93097,61924,2936
5,../model_20150515_2045521211.uvl,25,26,30669641,true,1596961,24874353,3582210,163847,96012,3652
10,../model_20180708_1907991672.uvl,24,30,46936258,true,1601784,40898444,3707299,198579,189090,2352
8,../model_20160329_736279509.uvl,14,14,38938406,true,1758725,33316213,3361576,151423,92161,4310
0,../model_20120328_1357539597.uvl,18,17,32813833,true,1713559,26472819,4046871,192893,101660,2829
3,../model_20130426_1685243628.uvl,16,15,30786293,true,1559834,25354786,3383139,136792,88983,3343
1,../model_20230322_1914329788.uvl,32,32,31353228,true,1721292,25348168,3667317,167413,94432,2262
13,../model_20230322_729074756.uvl,29,23,31943415,true,1705317,25278648,4406119,194148,76478,2614
12,../model_20140403_1425048263.uvl,12,12,24499873,true,1835457,19028221,3142777,127947,67186,3894
14,../model_20130821_361829065.uvl,30,30,30926670,true,1625335,24687440,4004573,168354,107782,2389
5,../model_20171108_1643056811.uvl,12,6,24601008,true,1594467,18345256,4254193,70896,36386,2542
9,../model_20170607_1389753102.uvl,13,14,42896728,true,1726909,36705700,3940802,169361,103267,3738
2,../model_20140614_1407759983.uvl,29,29,53567525,true,1753488,45939435,4943904,348037,201947,4013
10,../model_20140615_1755551630.uvl,24,22,49049305,true,1543807,42358517,4485148,238568,141897,4172
8,../model_20160721_1827988269.uvl,19,24,38803053,true,1661814,32934827,3571466,267150,95607,2961
6,../model_20141029_1924517902.uvl,53,53,63098096,true,2191176,53510587,6187678,456844,298337,3735
1,../model_20111220_1184087779.uvl,15,9,27321259,true,1638413,21362083,3853247,97610,75679,3052
4,../model_20140728_1532422166.uvl,23,37,39530655,true,1817825,33713119,3334737,271391,127306,2069
7,../model_20190825_1083955002.uvl,12,10,33263125,true,1728890,27894797,3225440,77856,42195,2085
13,../model_20140613_2054294739.uvl,10,11,40802734,true,1640394,34488899,4101783,171847,99724,4034
3,../model_20121026_334751192.uvl,28,28,41453004,true,1560846,35470088,3764838,167763,100470,3497
0,../REAL-FM-12.uvl,14,14,30308825,true,1546570,24672973,3629568,103175,58166,2392
15,../model_20150616_1287606127.uvl,22,21,37525639,true,2253471,30112580,4640152,122038,68278,2173
12,../model_20110329_10104623.uvl,41,35,42899973,true,1697664,34984475,5422750,240304,141036,2115
6,../model_20200815_1845054862.uvl,39,32,43717432,true,1756421,35694245,5345124,329577,194193,4369
11,../model_20130716_384525556.uvl,17,12,42213334,true,1615913,35874845,4142666,173202,95136,4264
8,../model_20141129_966803644.uvl,12,12,35786765,true,1654052,29864834,3810990,131698,82903,3465
2,../model_20140823_1972464026.uvl,35,38,51784051,true,2022509,44190291,4830802,211322,219082,2504
9,../model_20130916_1448418245.uvl,14,16,35187959,true,1727088,28989158,3915280,177862,106864,4108
13,../model_20111214_733452875.uvl,15,15,25386809,true,1651324,20185548,3012698,183070,55900,2375
7,../model_20160712_1875218337.uvl,11,11,24565522,true,1656303,18481525,4068955,71466,39453,2327
1,../model_20161118_1167269407.uvl,66,22,60365598,true,2213616,51416432,4793163,335412,1214323,2260
6,../model_20140605_572628146.uvl,11,11,23200304,true,1519265,17313306,3968299,77127,50234,2592
11,../model_20171109_1740328562.uvl,21,25,35886415,true,1584470,29336440,4272116,195895,177674,2834
8,../model_20120915_487659597.uvl,20,17,31617944,true,1696379,25783976,3622672,119698,65544,2551
2,../model_20170310_2069806245.uvl,49,36,50640626,true,1739282,43374377,4716338,289849,154019,2844
9,../model_20140409_1370428339.uvl,24,28,40424827,true,1470716,35123081,3171502,243230,186236,4186
3,../model_20190223_1159148955.uvl,103,70,135153841,true,2327430,124420476,7116537,498591,325584,2569
12,../model_20221031_379205114.uvl,158,208,235202361,false,5247793,219088880,8206327,1555442,786504,2055
14,../model_20130117_2075912065.uvl,13,14,26972810,true,1727025,20700302,4040142,116630,60376,2201
1,../model_20140306_1607259562.uvl,43,49,43234215,true,1582440,36058892,4935012,256282,136970,2123
13,../model_20161003_680973994.uvl,53,58,54014785,true,2076110,46148971,4877377,323970,258475,2889
5,../model_20141129_1642511009.uvl,34,37,51762580,true,2036259,44455369,4491603,258971,127588,2093
7,../model_20170514_1578942718.uvl,40,44,41115168,false,1548924,33946845,4579322,560800,274135,3425
10,../model_20110725_452580960.uvl,34,30,36978447,true,1505747,29971081,4794142,301780,147753,5075
6,../model_20181029_2093756359.uvl,18,18,44894992,true,1650098,37384265,3653248,252727,1647917,3769
2,../aircraft_fm.uvl,13,12,26094596,true,1362725,20731992,3542536,139789,79174,4260
9,../model_20160621_993334585.uvl,26,24,41611427,true,1655512,35430136,3681542,255970,282795,3892
3,../model_20150624_1191374126.uvl,13,12,34940943,true,1660823,29862207,3011817,115076,54582,2950
4,../model_20111027_668940289.uvl,29,29,42620025,true,1873892,36018412,3983671,238828,102968,2262
7,../model_20160330_469153666.uvl,13,13,34249844,true,1781019,28438288,3596152,85637,61007,2934
15,../model_20110406_1047532859.uvl,29,28,41166789,true,1967543,33485135,4986266,226591,114198,2718
1,../model_20200810_956997411.uvl,39,36,103014765,true,1895988,94697321,5402626,384152,204710,4105
0,../model_20120529_2101702978.uvl,35,46,53539701,true,2000661,46360125,4238012,376468,165643,2960
13,../model_20110328_1177934440.uvl,18,20,37452088,true,1727598,30889492,4364019,133192,71552,2210
5,../model_20230322_1194175451.uvl,34,25,35030714,true,1683786,28038256,4647845,173585,90645,2320
10,../model_20230322_1299985155.uvl,31,20,53448878,true,1820611,45851903,4896128,318671,179987,5109
2,../stack_fm.uvl,17,13,43945161,true,1687427,38029244,3602348,222986,108436,5440
6,../model_20130105_1019508207.uvl,24,27,53583438,true,1777980,46200891,4687507,320690,205130,3988
9,../model_20150109_425963323.uvl,37,23,123974556,true,1861061,117470291,3864566,305665,171637,3606
3,../model_20091205_755658379.uvl,94,71,72019745,true,2819518,61541829,6289740,424727,285758,2743
0,../model_20170528_1427439246.uvl,10,11,27057166,true,1582415,21692613,3309441,94366,61205,3051
15,../model_20200815_582760962.uvl,29,23,34936608,true,1694696,27995316,4682025,156689,82510,3745
1,../model_20130529_1162054266.uvl,16,16,33614723,true,1686620,27126480,4161155,206604,115881,4548
11,../model_20170918_446567907.uvl,48,37,61162605,true,1822997,53462171,4604284,518330,286339,3813
13,../model_20170919_1393589103.uvl,48,45,58981362,true,2216590,48971285,6599387,454124,311971,4083
5,../model_20160531_486171149.uvl,35,35,68195684,true,2008285,59503665,5350219,585273,341936,3564
10,../model_20150625_1923523971.uvl,16,13,37078692,true,1463851,30629932,4432777,182663,111526,3628
8,../model_20170925_1698983864.uvl,19,19,40916713,true,1647618,34284322,4542702,115312,61657,2512
6,../model_20110809_1799855518.uvl,25,13,33417658,true,1703729,26210253,4817717,230782,107459,3921
9,../model_20181205_2097248492.uvl,19,24,51756501,true,1615804,43028982,6299352,329791,176746,5128
2,../model_20170919_303553909.uvl,49,55,105077293,true,2259093,94787731,6207861,926756,476046,3676
3,../REAL-FM-18.uvl,44,47,63390403,true,2026470,56347466,4162947,280765,146009,2388
14,../model_20180930_1153905679.uvl,27,27,31227939,true,1857235,24696474,4160824,143280,83388,2712
1,../model_20150612_1719519345.uvl,14,12,23974952,true,1479758,19058041,3012958,90157,50600,2946
13,../model_20170228_2078125436.uvl,34,26,36880397,true,1619452,31218609,3401068,182755,103876,3024
8,../model_20170512_1532934104.uvl,24,24,33232182,true,1690813,26580976,4414820,135008,82165,2491
6,../model_20120130_333619036.uvl,31,27,38533999,true,1839554,31890487,4195033,172308,93509,2859
9,../model_20141023_1600573567.uvl,20,20,27787024,true,1593960,21352718,4345585,179152,106201,2640
2,../model_20230322_774285627.uvl,15,12,36756053,true,1328261,31063527,3866690,165154,85934,3064
3,../model_20160429_2024552354.uvl,12,12,31297040,true,1522032,25635991,3824535,79209,45291,2579
14,../model_20160426_744600320.uvl,21,20,31480475,true,1527848,25757573,3698068,190901,101088,3397
7,../model_20180512_419383167.uvl,36,38,50179105,true,2105345,42627815,3670724,209309,1175572,2150
1,../model_20190805_1041162508.uvl,23,13,44902607,true,1644554,38460762,4203031,169194,119222,3244
6,../model_20161109_258969269.uvl,10,11,40283055,true,1606734,33399494,4807557,157821,82469,3090
13,../model_20130529_2135483929.uvl,16,17,29057926,true,1671536,23259992,3547598,204684,115498,3301
8,../model_20160125_59009200.uvl,37,35,57811313,true,2044422,50563444,4294093,385770,203499,2945
9,../model_20230613_1168762973.uvl,11,7,25500513,true,1595573,19343168,4237817,71222,37044,2142
3,../model_20171029_1247758730.uvl,10,9,23592906,true,1698539,17517735,4010325,71371,37397,2615
2,../model_20170313_143405764.uvl,48,46,83732573,true,1905799,74391212,5910197,711253,356821,3815
4,../model_20170221_1848353506.uvl,210,161,155995498,true,6543325,135099789,9749413,2148161,1271240,3979
7,../model_20150529_550903687.uvl,21,20,28979862,true,1504912,22587978,4395031,132421,70924,2504
15,../model_20100607_746327867.uvl,20,15,39259679,true,1791547,33271851,3668362,131990,60500,2370
1,../model_20120806_904481092.uvl,17,16,28650109,true,1930177,21985374,4183417,190381,101697,3049
5,../model_20170215_1976164448.uvl,35,20,51513809,true,1851511,43763893,5199295,193264,109655,2601
14,../model_20140227_386614568.uvl,75,49,60945755,true,2187080,50944600,6582123,337421,237932,3176
0,../model_20171129_847069382.uvl,35,32,51640731,true,2040738,42967985,5683066,323905,199241,4471
10,../model_20150301_1821356180.uvl,28,33,49742409,true,1775851,42425516,4844885,199555,124216,2619
6,../model_20230322_1887635433.uvl,32,32,53254278,true,1815985,46262461,4266120,322081,194701,4291
11,../model_20160531_1105256806.uvl,25,30,48378818,true,1826619,40857255,4701153,356107,280488,3625
9,../model_20160309_77134368.uvl,18,17,41281859,true,1606188,35373643,3715052,182427,100968,4354
2,../model_20160926_106687243.uvl,57,52,41660644,true,1815634,32782495,6146542,275383,139409,2068
4,../model_20121213_681234650.uvl,33,33,55101298,true,1817720,47294005,5118554,327533,182125,3363
7,../model_20180512_775268148.uvl,24,21,28641357,true,1715676,22665847,3621144,218782,78574,2522
1,../model_20170404_1821671055.uvl,13,14,25257917,true,1385650,19916598,3569024,103729,57367,2192
15,../model_20131202_715513367.uvl,22,22,32799239,true,1767634,25767382,4743474,122895,65885,2479
0,../model_20181103_2077285196.uvl,11,11,24501410,true,1334842,18882593,3798959,151034,64635,3141
5,../model_20131122_1573422851.uvl,15,13,26171451,true,1537642,20275009,3892750,103572,60996,2828
12,../model_20190904_400441788.uvl,625,500,398894095,true,28179403,329917891,33106115,2713188,2234891,2885
14,../model_20130908_1057721135.uvl,14,14,37612362,true,1603745,30617297,4846678,152201,89638,4089
11,../model_20190917_1844149588.uvl,49,25,47205857,true,1978094,38672806,5804078,204138,104500,2169
9,../model_20160330_1233914245.uvl,12,13,38967689,true,1610661,32683864,4246061,102319,57397,3037
10,../model_20160329_174305764.uvl,44,49,78740274,true,1918964,69579638,5828929,605363,364651,3838
6,../model_20170930_228024571.uvl,62,69,101364624,true,2237370,92309307,5374554,511747,400602,2257
4,../model_20121023_1328975384.uvl,14,14,37742447,true,1868123,31678894,3650424,158301,92938,4142
2,../model_20191111_1176325905.uvl,16,14,41151641,true,1732640,34932489,3947656,177103,96518,3681
13,../model_20180911_126281571.uvl,10,10,29714825,true,1825130,24510451,2914464,164641,54726,2364
8,../REAL-FM-14.uvl,18,16,79368481,true,1907823,72712013,4241236,116958,81240,3276
0,../model_20140101_941325443.uvl,10,10,27789968,true,1556977,20831494,4973565,111135,66073,3472
15,../model_20131202_533920013.uvl,19,19,39788300,true,1643947,33582443,3953378,175825,105552,4733
5,../model_20140615_1477062295.uvl,33,26,51853369,true,1811761,43900128,4910644,524836,293427,4695
3,../model_20130422_1348727660.uvl,19,16,39347415,true,1784927,32501606,4449157,195309,103450,3737
12,../model_20140604_731553244.uvl,14,14,37819561,true,1563872,31323622,4374886,154864,92101,3951
7,../model_20200816_1246721801.uvl,18,16,91912000,true,1689549,85930155,3769650,109616,73263,2647
11,../model_20190921_1186818003.uvl,15,13,29151106,true,1628006,23728805,3334334,96218,59594,2838
9,../model_20180713_1002093829.uvl,23,17,39994625,true,1719590,33176761,4287375,309865,160110,3889
6,../model_20190513_215044614.uvl,10,9,34171716,true,1505535,27876346,4349235,126526,76894,4390
13,../model_20131217_806985744.uvl,11,7,28710775,true,1562908,23005973,3797663,71198,38914,2756
2,../model_20130508_1842381745.uvl,16,14,28921486,true,1788744,23523376,3230689,95631,50074,2162
4,../REAL-FM-3.uvl,43,45,40363801,true,1940415,32414086,5178518,254800,168935,2033
12,../model_20200919_469515687.uvl,20,18,27811694,true,1635913,21885684,3811601,120730,66183,2061
15,../model_20150521_1423870525.uvl,16,16,23445070,true,1492927,18196985,3319661,89287,50949,2255
11,../model_20110203_2097159983.uvl,18,18,26602607,true,1344148,20647392,4120074,123357,66794,3461
5,../model_20170627_231083922.uvl,14,14,25618060,true,1520098,20069600,3639074,96136,57009,2261
7,../model_20180306_1625675392.uvl,48,25,42290597,true,1863001,34196733,5533741,214641,97792,2607
9,../model_20140819_535519547.uvl,13,13,22577817,true,1378447,17557356,3245647,78575,45750,2415
6,../model_20160824_2005849052.uvl,21,21,27035406,true,1667152,20294292,4364460,239079,135165,3997
13,../model_20120110_139114401.uvl,10,10,36131715,true,1501441,29813662,3620732,915064,50437,2176
4,../model_20161128_2133107865.uvl,68,46,82800883,true,2085317,73036782,6296470,608270,290802,3827
2,../model_20180306_1110315637.uvl,39,19,58448035,true,1762561,51361436,4457986,338280,170553,3922
12,../model_20130122_243381566.uvl,14,14,37124743,true,1581319,31239897,3968358,83136,48520,2213
14,../model_20180613_78021145.uvl,15,16,34989578,true,1773159,28599150,4153304,101655,60474,2692
1,../model_20160919_422339066.uvl,50,42,54231036,true,1904301,46713387,4643277,317108,170665,3358
11,../model_20160917_824197127.uvl,14,11,29152163,true,1468464,23600898,3692916,88151,51088,2416
10,../model_20160123_368502373.uvl,10,9,26067377,true,1591938,20114354,4006689,80447,43278,2763
15,../model_20160329_1691896941.uvl,28,38,56728075,true,1573171,49595506,4838829,255908,141161,3805
5,../model_20121023_356761254.uvl,12,12,28364176,true,1675635,22507823,3661235,130742,89826,4197
9,../model_20190916_233719618.uvl,10,10,35160935,true,1577852,29866038,3263888,111974,67052,3715
6,../model_20131122_23346211.uvl,15,13,29833853,true,1533358,24530433,3318433,100318,51806,2494
7,../model_20200811_1911664133.uvl,17,19,107464618,true,1596277,32990766,72248849,245592,103133,2975
13,../model_20160502_1352812691.uvl,38,32,40834225,true,1941755,33416345,4871077,194243,96821,2314
2,../model_20170315_1174513943.uvl,18,18,26124466,true,1797396,21014836,2841836,98824,54397,1816
12,../model_20141029_1107505375.uvl,12,12,28718707,true,1518832,22535460,4123374,143787,92937,4147
8,../model_20230322_310895789.uvl,26,26,29202771,true,1622938,22524611,4150911,343169,136448,3539
1,../model_20131112_605989901.uvl,25,18,39029691,true,1907405,32342456,4015815,243828,135367,4402
3,../model_20190513_639238065.uvl,10,10,27041018,true,1869594,21137184,3641392,84852,47573,2923
14,../model_20190619_50728308.uvl,19,19,42882723,true,1731517,36068859,4434561,210000,119175,5130
11,../model_20091015_449909368.uvl,10,10,36957277,true,1544546,30853103,4058462,136109,80097,5051
0,../model_20131201_820966647.uvl,18,19,44512149,true,1728877,37692079,4379873,212534,123694,3880
7,../model_20151119_825568988.uvl,19,19,39654054,true,1809910,34063814,3155484,232521,127450,3600
6,../model_20160329_160417479.uvl,20,17,43509962,true,1822661,36814779,4270487,226999,116392,4096
9,../model_20180612_1244406232.uvl,33,33,42020012,true,2009875,34582377,4646712,300387,190054,3147
13,../model_20180403_1861855205.uvl,14,14,24483672,true,1734259,17721205,4576775,90714,53774,2463
8,../model_20120731_787433291.uvl,43,40,55120309,true,1963649,46647440,5507081,423205,238686,4385
3,../model_20130305_204544380.uvl,13,13,28967247,true,1511058,23707102,3308571,114816,61691,3350
1,../model_20110222_2078967171.uvl,48,51,48824018,true,1757536,40457976,5603468,395020,171737,2925
14,../model_20200810_1487197226.uvl,29,29,49899160,true,1670647,43766241,3626044,301801,170686,4203
11,../model_20120109_1808102333.uvl,18,19,44682212,true,1658919,38165826,4151115,228701,154756,4309
6,../model_20131125_731391866.uvl,18,19,42440958,true,1565759,36892427,3373207,219310,124772,3783
9,../model_20161101_1188178549.uvl,36,36,56792858,true,1860024,49728827,4156312,462533,200898,3545
0,../model_20110704_328391695.uvl,172,145,137967882,true,4464415,119721758,11481361,828825,507175,2175
7,../model_20190824_1440931285.uvl,104,104,83898743,true,2750006,71663216,8057641,485687,317276,2232
4,../model_20141107_377655341.uvl,24,25,51082339,true,1768867,44202115,4403246,300737,162991,3870
13,../model_20130122_1064508817.uvl,12,17,44347450,true,1764017,38464766,3446026,239522,132611,3895
10,../model_20160330_511669656.uvl,15,10,25879987,true,1730884,20361957,3313912,88458,48431,2188
11,../model_20120329_788560154.uvl,55,49,45989175,true,1675429,38891640,4587344,262738,153577,2335
1,../model_20230228_1021126902.uvl,11,11,35928738,true,1570126,28030370,5775328,160952,95740,4278
5,../model_20120202_1596034358.uvl,10,11,38129454,true,1755730,31992009,3907347,141048,83863,3718
3,../model_20120522_87989914.uvl,35,47,78612058,true,1812547,70198106,5239639,597192,379333,4037
14,../model_20170916_973590519.uvl,48,39,84387697,true,2041807,74869421,6076200,620512,312869,3573
8,../model_20191126_842054213.uvl,21,23,50272215,true,1560299,42185001,4536371,234520,1474366,3376
9,../model_20131109_2060894287.uvl,14,13,43360895,true,1815382,36938173,4001750,206731,105394,3013
7,../model_20130916_2072761889.uvl,15,17,41004255,true,1631854,35152931,3676043,190900,107805,2905
0,../model_20131016_1224723724.uvl,11,13,36744242,true,1632961,31587721,3128466,90630,77822,2834
4,../model_20160315_505457800.uvl,28,28,31291908,true,1678752,24839877,4115210,193307,229414,3389
2,../model_20190522_227919886.uvl,20,21,42212694,true,1724502,36006161,3849496,172530,127908,3891
15,../model_20170328_1485540940.uvl,451,428,491439572,true,23230104,436942462,23862097,3088978,2192900,2626
13,../model_20160608_755102753.uvl,12,12,33720915,true,1624538,27997273,3593339,134347,80386,3801
12,../model_20160508_265400900.uvl,46,52,56853291,true,2147592,48195268,5219772,516482,395948,4229
1,../model_20160221_544170906.uvl,11,10,25491302,true,1580275,19440099,4006130,140397,61651,2443
10,../model_20110306_314567479.uvl,14,14,89113764,true,1695127,83806424,3188248,88508,50506,2270
14,../model_20190920_1330526555.uvl,10,10,26846092,true,1662711,20835501,3892833,123787,69071,3285
0,../model_20200128_1154759905.uvl,23,23,37743595,true,1599032,31922618,3757077,162195,94136,2192
9,../model_20111025_1408959776.uvl,13,13,24927356,true,1685159,19723339,3171973,77856,45028,2839
7,../model_20160411_1158715394.uvl,11,11,26990240,true,1592420,21391824,3601428,119175,52206,2593
4,../model_20190503_1463982406.uvl,41,45,51353727,true,1865338,43883507,4846449,248508,136866,3385
15,../model_20171010_332868283.uvl,12,11,22456312,true,1637072,16578622,3833584,78047,42219,2660
2,../model_20220910_809454030.uvl,37,39,46115190,true,1861874,38002902,5362828,298666,222922,3354
12,../model_20180819_995624779.uvl,14,14,37150499,true,1631398,30786157,4218560,137225,83296,3744
1,../model_20161012_1497804026.uvl,13,13,38620526,true,1427916,33062215,3641611,151409,89532,4378
13,../model_20160330_1356575467.uvl,10,10,34088925,true,1625762,28886870,3150466,110521,63185,3282
10,../model_20200609_1715293706.uvl,12,12,30447474,true,1608941,24446302,3945315,108303,62291,3137
14,../model_20171008_377237228.uvl,43,43,43797326,true,1784274,36924717,4376675,223116,128125,2639
6,../model_20170517_1986241278.uvl,10,10,25097655,true,1973037,19028044,3698124,87039,47590,2499
0,../model_20140225_1829795152.uvl,14,13,40936172,true,1614307,34741791,4075632,179306,103176,3737
4,../model_20101117_1571856147.uvl,10,10,27585262,true,1895638,21446762,3859997,67238,38718,2131
9,../model_20181219_1343761699.uvl,20,14,50346707,true,1592578,43827673,4189852,296425,132866,3693
2,../model_20110826_1555954181.uvl,24,24,36357992,true,1601921,30139898,3935232,244942,135339,3988
15,../model_20100831_1378118837.uvl,35,32,49489571,true,1782030,42356668,4692793,172435,93593,2174
13,../model_20121123_388334786.uvl,16,17,29220402,true,1556024,23303272,3916761,161448,66889,3192
11,../model_20160821_1946133193.uvl,14,14,37777258,true,1634244,31453477,4142599,157608,92360,3074
1,../model_20130916_1980915056.uvl,15,17,43794500,true,1665477,37573182,4039995,141347,84534,3772
12,../model_20160111_1033692827.uvl,61,58,71524734,true,2082316,63039970,4974177,603072,339736,3510
10,../model_20131128_2046989275.uvl,15,15,31436414,true,1520744,25484330,4027734,94889,60363,2939
3,../REAL-FM-9.uvl,14,15,42477842,true,1756667,36373170,3724786,195804,114757,3972
5,../model_20130324_1541392486.uvl,51,43,69168133,true,2053876,60022307,5857952,470505,298465,3677
8,../model_20120328_1667195252.uvl,24,25,38105160,true,1630762,32164680,3684077,232673,97061,2714
14,../model_20140428_1127346099.uvl,72,71,67432610,true,2367059,57061529,4981633,676058,1953943,4412
0,../model_20130812_690840910.uvl,30,36,34686093,true,1633539,29094999,3287098,199104,195890,2341
4,../model_20180126_2070362475.uvl,30,25,32586288,true,1794942,25644496,4565619,155234,84836,2325
2,../model_20150320_593593000.uvl,13,13,24804985,true,1662278,20080087,2705029,103189,56683,2226
11,../model_20230322_2065877531.uvl,26,26,28710899,true,1754418,22793691,3623230,128838,79242,1874
1,../model_20160329_1491802197.uvl,20,17,28820953,true,3481449,20712939,4140391,112667,58842,2071
13,../model_20221025_2010292001.uvl,22,22,35875342,true,1551998,30156122,3620843,131054,77586,2665
14,../model_20120829_1418879889.uvl,10,10,34071780,true,1497493,28004111,4110647,117361,68226,3683
8,../model_20161107_2119549052.uvl,12,12,34882718,true,1437965,29142952,3790437,129431,77766,4288
3,../model_20131122_1558809462.uvl,26,26,117587283,true,1627029,109868569,5307413,243980,156831,4266
5,../model_20161128_844678202.uvl,39,31,110873953,true,1849399,55934101,51981446,508536,291519,4167
7,../model_20230322_242202942.uvl,19,19,42264279,true,1639044,36116287,3931780,197812,111718,2964
0,../model_20150223_339293957.uvl,26,25,33283442,true,1440293,27697544,3571091,178743,92019,2336
4,../model_20160330_1191432205.uvl,19,19,42749886,true,1526953,36082092,4500320,206949,114814,3316
2,../model_20120904_1604580471.uvl,13,8,87580689,true,1395938,82199038,3681624,77950,40173,2585
1,../model_20131111_1486670620.uvl,21,18,39625035,true,1680796,32785516,4644070,129451,66776,2101
11,../model_20130911_2001583567.uvl,34,24,55945162,true,2043756,48013952,5257910,173230,94995,2419
13,../model_20131028_1719041666.uvl,19,19,95214530,true,1489500,89793644,3556138,107405,57714,2383
14,../model_20170818_1523700786.uvl,31,31,32180870,true,1801065,25897316,3870569,181876,166407,2674
6,../model_20150429_343028682.uvl,43,39,51249716,true,1932985,43338104,5023770,399260,221283,3877
8,../model_20190917_1679843058.uvl,11,11,35567954,true,1665822,29903159,3608222,75819,60002,2760
3,../model_20130220_406091727.uvl,43,48,48535057,true,1930097,40430703,3961349,428420,1506882,3420
5,../model_20180222_1813103418.uvl,26,18,34780491,true,1803064,28950976,3416763,221366,110904,3716
9,../model_20150507_1665248699.uvl,15,14,40284165,true,1835761,34080300,3861003,170325,92119,2977
15,../model_20170310_906013336.uvl,47,33,104505010,true,2004012,97263086,4432974,278763,187620,3099
4,../model_20160229_1590940306.uvl,50,58,46531530,true,1898693,38604338,4945298,480988,184692,2993
10,../model_20150305_837831991.uvl,39,42,41062877,true,2062399,33160795,4962329,265471,219099,3490
12,../model_20120122_258977494.uvl,19,19,35579639,true,1809369,29407954,3615516,253823,146052,4055
1,../model_20160906_881197553.uvl,18,14,33789066,true,1597252,28187749,3559559,114502,61098,3106
13,../model_20190919_887233558.uvl,17,17,34849252,true,1837499,28196540,4215414,189645,106628,3963
8,../model_20190918_1569717148.uvl,17,17,27601878,true,1613263,21238868,4279233,102134,60818,3146
2,../model_20230322_1023477919.uvl,73,55,76134250,true,2133568,66069753,6341566,576650,499955,5245
3,../model_20171014_936370428.uvl,10,9,30470018,true,1449828,24460815,4128823,123139,68962,3764
6,../model_20141116_913921823.uvl,44,41,46694649,true,1850071,38689938,5334294,307045,216492,3624
5,../model_20170131_61369545.uvl,39,39,53422234,true,2001086,45415105,5100347,272095,229461,3238
9,../model_20140303_1487935744.uvl,23,14,32612027,true,1730617,26806461,3507778,193298,107937,4046
4,../model_20191115_635910941.uvl,37,28,38221962,true,1847752,30483205,4986508,280796,223282,3360
1,../model_20121123_1588832561.uvl,16,15,25496762,true,2544574,18370690,4182050,102553,51972,2268
12,../model_20170320_772300106.uvl,48,48,40010766,true,1844601,31818904,5521001,241207,141513,3295
8,../model_20121018_1875808662.uvl,16,15,38842684,true,1742473,32451103,4069311,170427,95091,3749
2,../model_20171012_404282969.uvl,25,25,41348914,true,1718881,33667934,4994217,393125,224133,4288
13,../model_20160308_993894457.uvl,10,9,111286735,true,1525244,105515156,3892041,79670,43552,2403
6,../model_20200619_2057881785.uvl,37,39,60843045,true,1809554,52838164,5246817,417838,230372,3293
5,../model_20140614_2029282468.uvl,54,54,48620437,true,2006317,39307251,6079917,444183,313702,3160
7,../model_20180311_1112468126.uvl,29,29,44139223,true,2077304,38318379,3214514,153309,84317,2285
0,../model_20180222_1531590612.uvl,18,17,42317766,true,1820845,35875206,4143082,110029,57457,3071
11,../model_20140509_978687642.uvl,10,10,36049541,true,1827725,29656062,4109303,120323,67009,3615
4,../model_20140326_801743865.uvl,13,19,50624689,true,1693624,42596907,4243926,304034,1500608,4240
3,../model_20170321_1774846112.uvl,179,155,151853948,true,5466482,129469133,13100328,1802812,1137435,3983
1,../REAL-FM-10.uvl,14,13,38368423,true,1668866,32069467,3942184,311258,88489,3782
8,../model_20091219_494647199.uvl,11,11,28195449,true,1657801,22197896,3937311,74604,48597,2195
2,../model_20190624_198695067.uvl,24,24,41970300,true,1791240,34771418,4678420,237202,132209,3786
10,../model_20170328_418838667.uvl,261,254,276224589,true,7437167,249076960,14877251,1915930,1513298,3040
6,../model_20140130_912999540.uvl,13,13,42261870,true,1703895,36905613,3070478,189911,106853,3300
13,../model_20121018_795335675.uvl,16,15,36314117,true,1693273,29745021,4296941,175336,98815,3564
5,../model_20180407_489573335.uvl,109,126,99939336,true,3351903,88630157,6044660,641787,450652,3218
14,../model_20161127_1823059506.uvl,69,257,343158017,true,3441917,329282254,6449895,2335509,1201560,2517
0,../model_20230322_812446738.uvl,34,23,31149203,true,1732699,25246355,3533884,180148,85670,2872
15,../model_20190916_1591625575.uvl,42,24,37219018,true,1762492,31118002,3786176,188722,99428,2834
4,../model_20091129_1734444143.uvl,12,13,26858566,true,1688773,20201681,4601253,84386,49982,2710
11,../model_20160913_482611615.uvl,48,37,63520646,true,2097946,56215943,4269829,326591,154809,2834
3,../model_20141030_1194865372.uvl,48,43,61842618,true,2161515,54715827,4275373,229220,123463,3096
8,../model_20151127_885194761.uvl,36,35,95944420,true,1835070,89553077,3823157,221080,119351,2240
6,../model_20140410_454790336.uvl,11,22,53695682,true,1645859,47373221,3941177,302149,160426,3294
13,../model_20190917_1352548057.uvl,59,33,66516877,true,2038554,58367023,5396729,284300,129730,2527
0,../model_20160629_1032137585.uvl,16,15,31109930,true,1620514,25300051,3688706,127518,79171,2526
14,../model_20120202_114979109.uvl,22,19,32844847,true,1694847,26248527,4381750,164627,93339,2252
5,../model_20150310_1159520762.uvl,35,39,40316468,true,1678601,32880703,5049500,232538,124489,2739
9,../model_20200810_1407499848.uvl,35,35,94224890,true,1948014,87028341,4593103,187962,100465,2962
15,../model_20110722_419227445.uvl,25,25,44707017,true,1817287,37669521,4658620,139019,80794,2089
12,../model_20140629_1128400878.uvl,42,32,48208687,true,1882186,40294645,5012165,389073,201933,4154
4,../model_20190917_896971240.uvl,35,20,41266844,true,1681075,33733193,5032229,297729,165099,4034
3,../model_20120725_1460954667.uvl,97,81,61032424,true,2346889,51554746,5747304,454176,309767,3811
6,../model_20180222_1576024243.uvl,13,10,24032785,true,1475250,18878081,3322391,83265,44649,2076
13,../model_20171005_1407702877.uvl,28,28,31347257,true,1644238,24543003,4637477,147478,79633,2472
9,../model_20180618_656757926.uvl,11,11,33886750,true,1656821,27746266,3995296,130296,74764,3594
7,../REAL-FM-1.uvl,88,72,101128666,true,2788878,88426836,8079781,803321,448715,3088
0,../arcade_game_pl_fm.uvl,61,95,71968073,true,2357197,62251818,5984221,537320,329083,2727
15,../model_20140411_1148485857.uvl,12,23,49879105,true,1569802,44118473,3471494,302912,151115,3703
1,../model_20230615_743611401.uvl,24,19,39082440,true,1903808,31665461,4791938,144725,164288,2046
12,../model_20140914_1816201365.uvl,37,39,50056117,true,1732878,42272349,4960081,396242,353962,4206
8,../model_20221026_1860047321.uvl,103,93,82604770,true,2543375,69101740,8837550,1003446,578370,3893
2,../model_20161025_210874268.uvl,10,10,36539775,true,1552562,30595408,3977119,122067,77145,3877
4,../model_20150114_50814742.uvl,33,32,71909745,true,1923386,63476393,5322079,487352,329491,3186
3,../model_20101120_2091447559.uvl,20,20,39147406,true,1628591,32841215,4039439,175908,123774,3482
13,../model_20100624_2076952989.uvl,17,17,38958160,true,1678854,32337073,4277260,238274,130173,4007
10,../model_20160301_1978418899.uvl,24,32,133906592,true,1723853,127390993,3942890,357942,199066,3653
6,../model_20181005_1705175151.uvl,26,20,51886701,true,1692829,44770903,4702948,263077,134032,3907
5,../model_20200907_1678285822.uvl,63,63,115493976,true,1952510,38499161,4820140,557484,69180614,4300
15,../model_20160502_596671432.uvl,25,18,27597612,true,1489069,21132859,4503651,128287,64836,2629
11,../model_20121212_425431925.uvl,16,15,24506436,true,1760232,18728091,3670880,91397,50401,2120
9,../model_20200810_1943380085.uvl,26,22,28158786,true,1702995,22208039,3662490,155145,82493,2668
7,../model_20130106_749900457.uvl,21,15,25274783,true,1569496,19600536,3638459,113876,57311,2456
0,../model_20190513_1805648090.uvl,10,12,24875561,true,1736863,19154946,3585448,87104,50978,2112
12,../model_20161117_1407262512.uvl,21,16,41849492,true,1613079,35013147,4571645,192109,109002,4756
3,../model_20110718_866950306.uvl,20,19,28491362,true,1699703,23170881,3154344,109103,58867,2007
10,../model_20191016_1243022077.uvl,83,83,58644940,true,2177219,49222564,5502511,754243,439435,4055
13,../model_20120328_523540818.uvl,10,10,33164005,true,1400108,27390346,3929086,122681,74273,4037
5,../model_20121018_1639434192.uvl,17,15,33331163,true,1503327,26846590,4424244,187679,101226,4318
6,../model_20131114_87095598.uvl,57,61,56376457,true,1842215,46951066,6146776,565879,391399,3093
14,../model_20121123_1266693931.uvl,16,15,37570988,true,1783826,31040527,4176224,180187,97318,3497
9,../model_20141113_346832425.uvl,56,59,45472167,true,1923895,36791075,5798875,305264,166773,3233
12,../model_20140819_914542251.uvl,62,59,47154408,true,2073435,36410289,6421792,1484034,269817,3595
0,../model_20130522_1326579656.uvl,45,45,40132605,true,1711737,33435103,4177618,288714,184853,2741
15,../model_20190502_109355269.uvl,18,18,25448130,true,1530710,19456075,4062262,99142,57292,2544
11,../model_20230322_2049733851.uvl,24,22,31101026,true,1604916,24566406,4409001,130527,74846,2440
7,../model_20230322_497943934.uvl,40,27,53643010,true,1718652,46377511,4695466,358681,188412,3084
10,../model_20131112_1840652917.uvl,17,18,25962169,true,1540135,19677242,4275677,104083,56243,1918
13,../model_20221102_1308706395.uvl,17,12,28241140,true,1557037,22194626,4032997,116468,62577,1858
5,../model_20141030_1477913256.uvl,12,12,37160216,true,1579355,31286443,3749230,154971,87295,2951
14,../model_20120328_288933955.uvl,17,20,31719893,true,1529574,24032948,5496840,226311,126169,3787
6,../model_20160606_412121552.uvl,14,13,31408751,true,1494848,25432061,3965034,144204,79845,3733
8,../model_20200817_129447612.uvl,37,37,45031958,true,2010910,37547916,4781573,188738,104732,2568
1,../model_20180301_203291309.uvl,13,13,38254901,true,1757976,32080759,3894526,133473,79630,3692
15,../model_20160303_1635209528.uvl,16,15,25189749,true,1405288,19673797,3606690,110336,58131,2772
2,../model_20110401_868452735.uvl,14,10,25509008,true,1540139,19667276,3895044,97154,50278,3431
0,../model_20200901_93573304.uvl,38,29,35443121,true,1814437,28045774,4860190,232287,103759,2814
4,../model_20140613_1129301242.uvl,10,9,38999617,true,1491313,32444175,4610672,135337,77244,3754
12,../model_20190203_959278211.uvl,27,27,40307208,true,1487148,33180316,4737799,266000,146118,4134
11,../model_20160330_1784601624.uvl,25,22,48415188,true,1514113,41148732,4926308,238666,239674,4733
7,../model_20131112_1825068383.uvl,25,30,50558906,true,1710649,43623209,4360640,330561,190641,3778
9,../model_20190502_1338968023.uvl,34,39,51534731,true,1717747,43228399,5450432,391391,367398,3855
13,../model_20200901_1356822502.uvl,38,29,31648643,true,1685769,25695306,3623840,184373,92923,2491
10,../model_20130811_391981530.uvl,41,51,42547435,true,1672124,34678312,5357720,282400,144917,1984
6,../model_20100927_1382418986.uvl,10,12,29871931,true,1505159,24161098,3788601,86649,58215,2822
14,../model_20101110_1749898936.uvl,19,20,32825280,true,1661783,27247019,3278119,146659,172630,2869
5,../model_20160623_1415871890.uvl,13,11,31726806,true,1553232,25317794,4332346,141049,80973,2731
7,../model_20130619_405989942.uvl,10,10,27023101,true,1443791,21734442,3452079,106586,60284,4222
2,../model_20230322_604627146.uvl,22,18,26789820,true,1654018,20037707,4581982,118497,61532,2109
12,../model_20170320_149190356.uvl,50,56,40407511,true,1742862,32821570,4924940,293054,163600,2521
0,../model_20150305_15208156.uvl,30,34,33855613,true,1607627,26396326,5113375,265250,173639,2181
9,../model_20160329_1368375444.uvl,33,32,61493084,true,1687664,53711987,5095406,402174,212029,4024
4,../model_20130116_382639902.uvl,31,30,59694718,true,1771755,51778946,5135272,409298,223741,5282
11,../model_20171207_1015871671.uvl,18,34,139750640,true,1419400,133336585,4115931,372023,182835,3202
3,../model_20160330_1846251072.uvl,39,38,52164852,true,1959444,43145646,5012929,361498,1265436,3765
14,../model_20150423_1422172417.uvl,14,12,31403571,true,1572739,26240224,3172927,85765,44399,2363
13,../model_20180222_1895267586.uvl,22,25,37057898,true,1691352,30755936,4056959,148481,85127,2429
10,../model_20170517_1468714593.uvl,10,10,24112645,true,1477820,17620328,3669329,1031490,52182,2018
6,../model_20190730_1957937065.uvl,25,25,31581450,true,1770083,24927327,4170072,241666,86768,3163
5,../model_20160317_1483846003.uvl,46,46,42839864,true,1885017,35495802,4771296,233887,129496,2764
2,../model_20110826_1744501275.uvl,24,24,29619798,true,1713914,22795524,4551900,131330,73606,2235
7,../model_20200810_1274447969.uvl,33,31,30327467,true,1744847,24094199,3858307,175733,89131,2026
9,../model_20120110_1754443954.uvl,10,9,25003561,true,1582233,19713070,3301379,80515,44617,2049
0,../model_20131129_2135897376.uvl,10,10,36445277,true,1582125,31229038,3118373,139245,75538,2664
4,../model_20140422_1825362104.uvl,21,21,28949892,true,1723554,22445612,4306563,134520,83828,2665
11,../model_20180512_660942805.uvl,36,38,54340166,true,1778014,46610982,4951353,382271,307003,4133
3,../model_20150222_409043024.uvl,52,41,59334585,true,1895482,50538120,5800976,459572,289289,4598
10,../model_20120627_1512389149.uvl,11,10,28358964,true,1824464,22871836,3218182,95094,52902,2607
13,../model_20180411_122889136.uvl,26,23,36404815,true,1751719,29800898,4284204,141071,77916,3042
14,../model_20151111_460133826.uvl,40,41,60475155,true,1853758,52668823,5202619,224925,131646,2875
6,../model_20111031_386778867.uvl,25,13,35048940,true,1630011,28063959,4764228,185543,71639,2938
1,../model_20141119_1459706454.uvl,34,33,54924790,true,1984529,47447230,4647893,343924,193839,3814
8,../model_20160925_2087627141.uvl,47,44,76250749,true,2259470,65128133,5836277,586092,2005864,3558
5,../model_20130908_2094539725.uvl,81,81,81225650,true,2567187,70306492,7216359,375423,220138,2427
15,../model_20180227_1765307019.uvl,116,84,128295410,true,3288481,113762474,9155514,843773,505430,3603
7,../model_20120110_855603964.uvl,10,10,28667845,true,1677069,22769525,3697998,184715,52864,2381
0,../model_20171012_484328807.uvl,36,36,51694684,true,1718788,44123195,4989888,305018,173756,3619
4,../model_20131112_1315617761.uvl,58,62,115245836,true,2136672,105968042,6025458,420732,221998,4460
3,../model_20180305_2101436905.uvl,47,24,60754143,true,1830192,53869344,4240407,291242,157074,4424
10,../model_20200412_2136556876.uvl,12,12,42512740,true,1775506,36157332,4006451,203397,123972,4173
11,../model_20121102_443205816.uvl,26,18,107864202,true,1694158,101203978,4437455,141189,72624,2448
6,../model_20111027_966072474.uvl,10,10,38883447,true,1591037,32826107,3987423,123333,77847,3948
14,../model_20160330_218438641.uvl,23,15,42031194,true,1690812,35577028,4187491,230097,118922,3815
1,../model_20101116_1022976130.uvl,34,33,40752170,true,1909504,34330524,3872943,172977,96563,2680
8,../model_20160229_171128808.uvl,48,48,61842556,true,2037349,54405041,4451330,395622,246956,2231
12,../model_20180306_422218475.uvl,53,36,55297769,true,1856574,47881629,4442391,410601,240539,3349
5,../model_20120418_828883554.uvl,52,28,56386362,true,2018652,47366902,5875796,437651,223832,3279
15,../model_20221029_568257220.uvl,17,27,62354982,true,1596411,55185398,4906050,248694,114899,2729
7,../model_20190129_1004578234.uvl,18,19,37562377,true,1595078,31328795,4074397,206979,125528,3814
4,../model_20180611_1800915628.uvl,10,13,24496578,true,1630899,19146602,3247938,172453,54888,2922
3,../model_20151103_1678219280.uvl,19,19,42826802,true,1742839,36179567,4290663,199177,106198,3123
11,../model_20120512_712347860.uvl,13,12,24161047,true,1656683,18004770,4074015,87065,60503,2510
6,../model_20180306_73619671.uvl,48,30,56195952,true,1832076,49157719,4248505,295137,252464,3300
14,../model_20180729_701594854.uvl,22,25,43680157,true,1847103,37484159,3489127,278369,308044,5208
1,../model_20230423_1943321532.uvl,27,27,39357383,true,1732099,33306789,3736412,144856,85562,2705
2,../model_20230608_1658584159.uvl,24,24,35206352,true,1835312,28098508,4734982,131616,72432,2431
9,../model_20101111_1790887308.uvl,10,12,39269235,true,1801023,32914307,3873707,319852,100888,3275
8,../model_20150301_527193150.uvl,24,24,42439327,true,1770551,35340986,4595335,245286,143484,3504
10,../model_20180302_974887082.uvl,122,150,114390403,true,3665952,99377498,8839246,1094561,511011,3038
15,../model_20230323_1971213764.uvl,46,42,62028769,true,1933555,53061684,5907113,442559,243683,4058
7,../model_20111020_455520177.uvl,11,11,30331697,true,1490555,24180504,4175547,129738,78348,3090
12,../model_20161128_2006303576.uvl,96,66,95705101,true,2779216,83302337,7984375,433613,549778,3233
13,../model_20170821_744427680.uvl,15,23,37564166,true,1688696,32224767,3046999,225043,103528,2134
4,../model_20110406_353034837.uvl,40,35,47379134,true,1942073,40202708,4524403,198342,108584,2104
3,../model_20100415_947132043.uvl,31,37,56936631,true,1902850,48677539,5317777,424909,226871,4015
11,../model_20131112_1191150070.uvl,57,55,65236215,true,2057938,56744473,5478699,292141,228075,2661
6,../model_20100805_1484639410.uvl,31,35,46325476,true,1782211,37424127,4994028,327684,1430439,3737
1,../model_20180530_1810935889.uvl,11,13,41035916,true,1740984,34632105,4131516,170165,94365,3536
2,../model_20170310_195700687.uvl,47,44,56756894,true,1868553,49820139,4148560,384613,217897,3271
8,../model_20160121_1141972007.uvl,20,20,28344713,true,1635232,22923269,3269434,114907,73495,2547
10,../model_20150620_2057636397.uvl,13,10,33175565,true,1691180,27538357,3540164,82319,42753,2777
9,../model_20131112_1353790761.uvl,23,20,38446738,true,1608435,31712550,4476788,224990,126662,3400
7,../model_20160329_926312476.uvl,21,14,40360419,true,1691842,34355967,3798122,116647,61197,2945
0,../model_20190128_1522973155.uvl,23,28,47201453,true,1815456,40758410,3789251,313168,175775,3804
15,../model_20140310_1022041880.uvl,88,72,99415710,true,2515097,89079337,5930368,798313,463130,4627
13,../model_20101104_260803083.uvl,11,10,27318725,true,1713410,21234233,3980224,75366,41994,2052
3,../model_20140819_1738890661.uvl,10,10,37547495,true,1581723,31817255,3679475,121952,69154,3008
4,../model_20190922_729177560.uvl,21,21,44926032,true,1761073,38618259,3856672,219592,128663,4143
6,../model_20121123_2085968892.uvl,17,16,41836258,true,1655741,35291891,4254699,226103,101722,2690
1,../model_20130916_894347834.uvl,15,17,44173629,true,1596067,38030131,3967486,186366,105066,3727
5,../model_20111130_1614470655.uvl,77,70,80072506,true,2382426,69792605,6458808,667360,367483,3656
8,../model_20120422_1648870831.uvl,14,15,34366546,true,1655389,28651684,3494930,172040,99581,3405
10,../model_20170818_812208818.uvl,31,31,40351406,true,1777195,33047309,4901123,161610,90139,2017
9,../model_20120328_361613983.uvl,16,18,41896991,true,1524377,36222903,3539704,198462,125865,5242
11,../model_20160103_2012826523.uvl,94,55,105372632,true,2833943,93295111,7947421,413488,283230,2998
0,../model_20190430_348224224.uvl,33,25,39875336,true,1767774,33310630,4070593,250600,98994,3718
13,../model_20130916_1112744253.uvl,15,17,30804984,true,1669853,24597837,4021602,112785,89933,3436
14,../model_20110519_1142211980.uvl,14,12,26488626,true,1584526,20495975,3993233,87384,50492,2789
15,../model_20160227_1275602559.uvl,47,58,83047303,true,2091656,75239502,4549592,499299,224354,2107
4,../model_20130916_1467348272.uvl,16,18,29868482,true,1627362,23707087,4082685,110820,64210,2056
3,../model_20170718_2017313962.uvl,18,18,41207672,true,1713196,34664815,4215687,200559,109186,4297
6,../model_20121018_820869482.uvl,16,15,41464545,true,1632754,35038455,4201808,183333,106022,4085
1,../model_20221208_1038664369.uvl,28,21,48069237,true,1632776,40899111,4817597,247827,138796,2456
10,../REAL-FM-6.uvl,11,10,39082854,true,1595815,33559565,3384159,165101,94690,3923
11,../model_20121123_1668268132.uvl,13,13,40937386,true,1839728,34955917,3623813,180172,101229,3779
8,../model_20120328_1814590478.uvl,36,34,41431249,true,1799922,35565935,3425598,188029,101565,2679
2,../model_20170402_1978825740.uvl,263,264,206183278,true,9660135,178021740,13710289,1828903,1629966,3353
9,../model_20130307_609838668.uvl,176,161,134913904,true,4883895,116681270,11403283,824816,504387,2209
13,../model_20200128_1186233455.uvl,23,23,51307768,true,1741973,44345486,4459414,267361,148152,3718
3,../model_20130815_1890929461.uvl,56,62,70533490,true,1964780,63473487,4213791,352350,239170,2101
6,../model_20221004_622223252.uvl,26,26,50003748,true,1695234,43430812,4109656,263148,154802,4335
1,../model_20181119_2037159342.uvl,23,24,35726639,true,1583462,30071708,3306376,324060,160614,4056
12,../model_20120829_191972511.uvl,168,199,165427530,true,3905218,146093191,12411432,1345083,707367,2504
7,../model_20120328_1227899142.uvl,21,20,40964830,true,1723504,33878322,4496935,252829,137423,5038
10,../model_20160307_1341241097.uvl,12,9,32029887,true,1454203,27015766,3177121,87880,54350,2708
11,../model_20190328_829158427.uvl,14,16,43916622,true,1630664,37754734,3907150,209207,125599,3871
8,../model_20140925_285704903.uvl,20,17,34031593,true,1530009,27559704,4327814,196418,104156,3023
2,../model_20151122_103763227.uvl,47,20,36816546,true,1567225,30305097,4220697,204347,90012,2086
9,../model_20141109_1274255950.uvl,11,11,77183749,true,1593872,71825361,3361702,91414,47568,2449
3,../model_20160906_1914580505.uvl,31,28,35013516,true,1881578,28449775,3966328,232449,131189,4430
1,../model_20160226_1944186213.uvl,48,56,55953007,false,1837245,48701023,4734653,300921,165521,2237
5,../model_20190920_56721129.uvl,15,15,39546178,true,1889924,33632577,3484302,174965,95676,4210
13,../model_20150209_1183047948.uvl,29,47,72108068,true,1835667,64732948,4725867,303684,153256,2506
6,../model_20140824_1421620261.uvl,51,62,83399097,true,1901624,73307365,6469158,710555,538891,7368
10,../model_20131121_194495737.uvl,12,10,91020600,true,1529579,85290247,3822055,90445,47115,1769
11,../model_20160301_235863217.uvl,20,27,35198952,true,1573634,29620614,3456655,168603,91054,2290
8,../model_20150512_534005467.uvl,31,32,48268130,true,1804708,40708240,4793941,377518,203194,3684
7,../model_20190917_1855142600.uvl,38,33,48157184,true,1766458,40011855,5214842,371696,357573,4759
0,../model_20170420_1165511748.uvl,77,39,92671525,true,2469189,81219100,7545267,603912,313590,3405
14,../REAL-FM-13.uvl,12,11,31361229,true,1665952,25563419,3692008,96114,53535,2666
2,../model_20131122_913576973.uvl,23,23,26905048,true,1658174,20686719,4091428,128173,72664,2897
15,../miniset/stack_fm.uvl,17,13,43377133,true,1520898,37272847,4040767,182106,93668,3256
9,../model_20150713_1448325014.uvl,32,27,35599580,true,1818202,29185516,3976611,187473,98348,2079
4,../model_20150310_1642957582.uvl,29,32,47101295,true,1950718,39377786,4838323,366018,203807,3387
5,../model_20140614_1599125118.uvl,13,12,34652472,true,1627010,29028882,3477538,145056,90126,3582
1,../model_20160122_407616496.uvl,29,26,54998660,true,1913244,47705009,4515164,326328,176453,3747
10,../model_20140819_424669215.uvl,17,17,28463554,true,1695228,22258091,4053388,122446,73365,2117
8,../REAL-FM-16.uvl,26,29,32282944,true,1639725,26133724,3904553,173731,92250,2626
7,../model_20121212_1167666293.uvl,15,17,42125376,true,1715489,35836652,3960287,202647,120361,4144
11,../model_20160330_1632759327.uvl,19,13,41777027,true,1723055,35401070,4105199,143813,86775,3611
0,../model_20140428_1301432646.uvl,72,71,84296857,true,2241165,75454625,5072836,670128,466220,4014
2,../model_20130917_737900063.uvl,13,15,31559433,true,1755852,25600022,3718792,126065,61470,2369
4,../model_20160726_1855902901.uvl,12,13,25489567,true,1550077,20411281,3113851,121160,53035,2664
14,../model_20190917_1294871534.uvl,16,13,35229181,true,1742236,28731645,4163307,176120,95829,3367
9,../model_20190513_1749709644.uvl,20,23,36751340,true,1733778,30318751,4183370,145649,76996,2278
15,../model_20100904_226530663.uvl,38,38,43718289,true,1800802,34258929,5227525,369621,1678180,4020
12,../model_20190416_545039882.uvl,21,21,30925588,true,1739207,24191150,4448770,130635,85600,2608
1,../model_20221229_1000010819.uvl,17,17,33580895,true,1551338,28068799,3544340,103845,62597,2679
10,../model_20110826_1180494500.uvl,24,24,39188179,true,3055660,31386421,4078936,217001,117675,2733
0,../model_20170527_1802227256.uvl,11,13,42385770,true,1637803,36313165,3879772,183047,107264,3756
8,../model_20110214_751339643.uvl,56,128,114439417,true,2199509,102842665,6179670,1757929,1036813,4378
7,../model_20191012_1432325334.uvl,40,38,127079069,true,2047504,120038552,3887957,480887,290788,3845
2,../model_20120411_196667302.uvl,26,23,96720183,true,1911209,89225594,4788665,311423,161781,4019
3,../model_20170308_1789444441.uvl,28,28,39017772,true,1633027,31681636,4935224,247412,232268,3339
15,../model_20190228_1201197026.uvl,16,18,42004859,true,1824572,35309905,4238613,191258,125772,5852
9,../model_20171028_1906143627.uvl,13,14,40741731,true,1403382,34826979,3971121,193739,113648,3818
14,../model_20131210_413521746.uvl,13,14,30529083,true,1438456,24656508,4011448,115797,73094,2784
4,../model_20160812_1476754989.uvl,10,10,29564321,true,1508757,24203800,3474318,83968,45463,2451
13,../model_20190917_1598073515.uvl,16,16,39397988,true,1668975,33216577,3979266,177270,99600,3879
12,../model_20230615_1063099089.uvl,38,18,45205507,true,1682432,39051246,3839347,176393,87381,2612
6,../model_20160329_1092215724.uvl,17,22,40551970,true,1871785,34061493,4070701,161255,78391,1789
10,../model_20130224_1469220523.uvl,10,10,26256516,true,1459893,18976700,5389361,102685,79268,5862
8,../model_20160913_269001380.uvl,49,43,49847675,true,1777897,42307511,4832138,363050,171345,2404
0,../model_20140305_1485634182.uvl,28,29,32416269,true,1697969,27044335,3137508,165788,94728,2419
7,../model_20150228_222823272.uvl,37,43,61835501,true,1858910,53180530,6049128,249840,121827,2967
5,../model_20111129_1932950448.uvl,13,13,23935353,true,1527767,18472766,3491949,130262,70574,3720
12,../model_20160330_925748995.uvl,16,12,29978164,true,1665594,24316372,3539383,98010,54574,3248
14,../model_20190917_75070341.uvl,33,15,35720604,true,1759905,28599485,4542845,277340,152115,3669
2,../model_20130725_1929838118.uvl,41,27,45984885,true,1872051,38345584,4936815,339437,177671,5710
6,../model_20230422_2139223494.uvl,37,34,39570762,true,1782216,32296221,4756210,256986,103165,2988
13,../model_20110507_674768061.uvl,40,52,142867950,true,1941001,134876176,5072733,361067,218738,2468
10,../model_20230323_901833353.uvl,74,62,71295846,true,2030555,60974637,6856174,654782,382468,3640
11,../model_20120718_813832704.uvl,11,12,33927037,true,1734255,27843050,3976608,98288,51212,2655
8,../model_20190917_552843992.uvl,10,7,32065128,true,1623858,26283038,3880570,63307,34344,2449
0,../model_20200901_328439811.uvl,35,20,33260224,true,1711513,26877517,4058525,162930,148785,2412
5,../model_20160822_713171625.uvl,28,29,44751899,true,1913471,37909661,4351909,170371,97758,2239
7,../model_20121018_271963732.uvl,16,15,76566311,true,1602122,70992942,3519795,96586,53594,2463
14,../model_20160603_398155586.uvl,15,10,43180221,true,1610927,36926762,4172718,168039,83816,3808
1,../model_20130115_768867592.uvl,11,9,39643083,true,1812600,33258706,4068720,153926,83713,3489
12,../model_20230322_307237036.uvl,29,23,46937377,true,3072044,38531147,4612179,272494,149101,3846
2,../model_20200813_1618100589.uvl,28,28,44845959,true,3266481,37184509,3657746,275050,158355,5331
6,../model_20161128_1478224089.uvl,77,66,63380634,true,2364605,54002395,5928896,362672,204363,2947
13,../model_20160322_2014722365.uvl,54,54,57838497,true,1916863,49971111,4830645,427112,272385,3584
11,../model_20180222_1925875374.uvl,45,43,43315861,true,1869907,34670602,5976677,231700,121028,2397
10,../model_20150506_306101537.uvl,33,33,54995269,true,1749579,47488887,4935527,332177,195691,3802
0,../model_20151216_1220822165.uvl,15,15,26218765,true,1568506,20220455,3856375,216760,54706,2608
8,../model_20131112_1591180910.uvl,29,25,79416293,true,1712788,72352472,4766682,147326,81335,2297
7,../model_20121025_1656878048.uvl,26,26,29958117,true,1549366,22634323,5269890,137402,86125,2435
4,../model_20100830_561967343.uvl,32,31,34692578,true,1752295,27327416,4931990,198682,121136,2267
9,../model_20120201_865979127.uvl,28,36,63168376,true,1796001,55740347,4923928,269347,132176,1777
3,../model_20131206_656913635.uvl,13,15,31830735,true,1671224,25069767,4484256,194196,111158,3834
2,../model_20110216_608697455.uvl,14,18,39814019,true,1666252,33241301,4295358,203739,122249,4610
15,../model_20170316_174511349.uvl,16,17,121245225,true,1500398,114988119,4299889,134973,71306,2365
12,../model_20140310_1916029542.uvl,144,54,109445123,true,3391376,95430332,8639455,973026,502808,3816
13,../model_20170918_1157652981.uvl,48,29,67598512,true,1876054,59884420,5123355,257253,137511,2312
10,../movies_app_fm.uvl,13,10,34256739,true,1655080,28859750,3385964,81947,47593,2531
5,../DELL-LAPTOP-NOTEBOOK-FM.uvl,47,122,184796406,true,2418751,173792461,4531887,2368409,1229795,3757
11,../model_20190504_755268837.uvl,43,46,71002099,true,2013577,62015384,5664610,563460,305226,3629
8,../model_20170215_1278541927.uvl,41,39,36310620,true,1766014,28720430,5113172,207860,106165,2845
7,../REAL-FM-7.uvl,14,15,32589413,true,1698700,27362543,3006027,170522,92947,2503
4,../model_20160504_1687809818.uvl,30,28,40577568,true,1810141,33074720,4941813,253607,116000,3270
3,../model_20170228_1437582980.uvl,10,10,27709048,true,1675685,22244886,3374002,75303,45491,2928
9,../model_20150306_503606823.uvl,27,26,49257473,true,1780005,42262904,4508676,279842,152505,4003
15,../model_20141202_104116345.uvl,10,9,34715904,true,1539574,29795885,3002666,92764,48460,2330
2,../model_20141106_309720283.uvl,57,54,54820090,true,1994143,44609219,7258898,301145,167207,2913
12,../model_20111029_1654942500.uvl,37,27,43148023,true,1725367,36079687,4359489,399429,205899,3649
13,../model_20100324_1996898492.uvl,11,14,37746492,true,1655965,32000564,3350872,326695,108119,3656
10,../model_20121123_1807427529.uvl,17,18,34081176,true,1580678,27931005,4096374,116918,99188,4012
5,../model_20200817_1333981485.uvl,33,20,47617794,true,1760599,40097104,5032173,294531,144737,4149
11,../model_20160330_999254735.uvl,14,14,38658762,true,1605732,32446582,4102267,165049,96112,4364
1,../model_20150330_63301402.uvl,11,9,26830478,true,1671468,20957358,3827301,71592,38410,2639
14,../model_20140205_954857783.uvl,11,9,31681895,true,1615019,26291078,3353608,99171,55096,2940
8,../model_20151116_762410606.uvl,29,29,33781534,true,1722915,27355748,4181144,149381,80888,2661
9,../model_20230322_342259021.uvl,33,29,39570526,true,1840911,32110192,4957566,179403,104860,2986
15,../model_20170911_1850240044.uvl,13,13,26401542,true,1555612,19538495,4864919,88111,58181,2796
2,../model_20171005_1816009957.uvl,10,7,36950198,true,1590922,30992923,3845160,129841,70719,4124
6,../model_20120902_865058601.uvl,19,19,89866682,true,1765070,83242928,4394340,106105,58538,1997
13,../model_20150614_1325491211.uvl,24,26,33985467,true,1649702,27766026,3858149,277318,167081,4240
12,../model_20160905_338518821.uvl,25,25,46230800,true,1755265,38783215,4834455,313219,192589,4596
5,../model_20131129_1765219729.uvl,14,14,33311254,true,1713990,27089199,3978546,175884,100057,3537
11,../model_20200811_368165701.uvl,11,10,34547710,true,1642947,28179976,4235276,139314,73993,3209
10,../model_20150610_685576256.uvl,15,17,93726345,true,1443448,87388364,4295889,215695,121458,3286
0,../model_20180226_492552032.uvl,11,7,21102545,true,1908638,15804090,2942497,73137,36973,2886
2,../model_20150411_1026005127.uvl,10,12,23875307,true,1710408,18779883,3006304,84252,48607,2365
9,../model_20180509_988672632.uvl,27,18,30320930,true,1653961,24027029,3993645,236412,126143,3741
15,../model_20230120_1200060194.uvl,20,20,26243452,true,1598290,21029707,3167290,110468,72955,3043
13,../model_20130418_1158438101.uvl,19,12,28368219,true,1791595,22162465,3984882,111034,60488,2070
6,../model_20150523_372542452.uvl,47,35,40504243,true,1742389,32513436,5494556,246598,130684,2689
12,../model_20140824_2115796112.uvl,43,49,52367796,true,1734612,44077292,5302062,478496,340293,3755
5,../model_20200524_149606280.uvl,35,42,48948995,true,1543609,42286600,3967591,519953,268252,3357
11,../model_20111201_1252018702.uvl,61,40,66324234,true,2013436,54334086,8568758,566071,316293,4600
10,../model_20160506_174377233.uvl,40,22,53103056,true,1691972,46343447,4206902,347698,181655,3547
7,../model_20131202_1575628003.uvl,19,19,26872411,true,1631447,20814156,4013075,104414,59646,1996
0,../model_20190220_184230257.uvl,38,42,55961094,true,1839070,47930546,5287484,352987,138761,3226
4,../model_20120824_761159432.uvl,23,20,33474693,true,1726114,26868614,4211319,256980,136714,3984
3,../model_20200413_90255108.uvl,48,41,52386860,true,1735222,45527605,4370455,236941,118684,2787
9,../model_20130302_1361528923.uvl,10,11,37227234,true,1580231,31371996,3869453,91970,49128,1916
13,../model_20150703_1928436983.uvl,10,10,97035602,true,1719786,91817728,3106541,66806,39142,1840
6,../model_20130726_597280131.uvl,47,44,74315284,true,2005267,65295443,5646708,654430,287717,4334
12,../model_20120422_2100930135.uvl,25,27,33832183,true,1702041,27652812,3885140,168818,91759,2087
11,../model_20150310_1191030699.uvl,30,33,35281477,true,1750966,27802366,4860840,328235,170312,3634
10,../model_20170921_244476382.uvl,47,33,61433817,true,2103788,52369455,5719908,527200,272375,3591
5,../model_20190223_2034909826.uvl,88,28,94703496,true,2571323,82426976,8127115,634267,326789,3486
14,../model_20150715_75174593.uvl,17,16,27627557,true,1813499,22397113,2995513,111223,63354,2147
1,../model_20091009_1552375070.uvl,37,40,59304468,true,1798364,51974406,4815812,249244,130236,2012
7,../model_20230630_666266911.uvl,13,13,28733353,true,1593240,22677915,4026442,100836,57907,2955
0,../model_20100625_251719781.uvl,16,16,42731076,true,1905120,35957857,4350447,113545,70490,3050
9,../model_20100308_1032655961.uvl,15,16,28384443,true,1750237,23032965,3170143,120744,65376,2847
4,../model_20130821_1446947208.uvl,49,49,65476754,true,2119820,56567518,5578115,468204,286768,3517
8,../model_20120425_1998125226.uvl,71,71,112756501,true,2274733,104441875,5063090,376011,225207,3195
6,../model_20190929_1773228224.uvl,17,25,34399447,true,1657285,28147474,3954522,165444,161993,2586
12,../model_20200503_927740000.uvl,21,23,94804910,true,1455243,88069684,4541112,270429,143323,4049
11,../REAL-FM-11.uvl,67,65,64202970,true,2203033,55208418,5161064,659891,470018,5742
10,../REAL-FM-2.uvl,23,18,51445699,true,1775704,44258374,4655553,277188,146890,3830
1,../model_20190214_582844610.uvl,11,11,39978485,true,1551983,34173383,3756238,167661,94432,3609
14,../REAL-FM-20.uvl,44,34,39175273,true,1902290,30970729,5567436,204792,102851,2390
0,../model_20221229_2070974785.uvl,17,17,24753483,true,1654266,19190627,3441573,97038,56255,2809
7,../model_20161107_751073207.uvl,11,11,25501342,true,1710353,19240784,4159726,74243,44302,2697
2,../model_20151117_1411945431.uvl,22,22,39571741,true,1695954,32789020,4418935,214705,136299,3846
15,../model_20160125_1378351345.uvl,38,33,56013141,true,1742812,47669068,5424364,481528,283727,4184
8,../model_20110203_1382675896.uvl,14,14,38734823,true,1508573,32401057,4324545,159201,91237,3994
4,../model_20150411_1055039600.uvl,18,13,35853594,true,1520241,30185100,3577493,173731,90293,2839
9,../model_20160524_3029237.uvl,19,17,45857601,true,1615425,38816362,4871361,135617,75300,2434
6,../model_20100719_944437142.uvl,29,25,35833054,true,2059124,29292275,3859370,180486,154843,1935
11,../model_20171128_2320585.uvl,14,13,32524917,true,1470911,26212660,4330423,166853,87993,2885
12,../model_20150715_1425609053.uvl,12,10,36483040,true,1602831,30180628,4202760,139154,72045,3039
10,../model_20100904_330653656.uvl,10,10,27214998,true,1603314,21559153,3699301,69634,39735,2603
3,../model_20120110_1719396361.uvl,10,10,41724725,true,1790453,35352596,3866442,324885,99259,4313
1,../model_20190416_284413958.uvl,37,35,54610062,true,1948605,47314909,4372420,438287,185320,3232
7,../model_20160519_1235536625.uvl,34,33,65710431,true,1826256,57913079,4917606,509149,246395,3774
8,../model_20160919_825563014.uvl,11,10,27400724,true,1562596,21185850,4183734,121240,66818,3410
4,../REAL-FM-19.uvl,30,35,51339519,true,1747512,43763837,4843267,384792,214057,4874
2,../model_20170317_1165725.uvl,50,57,49529430,true,2118249,40864217,5630683,315911,158474,2121
15,../model_20150105_1168070568.uvl,17,12,33479601,true,1589824,27137691,4292599,100663,51670,3011
9,../model_20221009_1635938665.uvl,42,32,56479416,true,2003791,49067360,4397357,358089,211715,3243
13,../model_20140615_1417385367.uvl,35,30,59013536,true,1962690,50963548,5058412,348724,285428,4217
11,../model_20161125_1777261352.uvl,33,28,44291493,true,1779394,36150397,4695829,185657,1113618,2103
6,../model_20121018_1495134161.uvl,17,15,26534413,true,1657615,21115817,3310717,99835,53933,1853
12,../model_20170115_352040991.uvl,17,18,31127747,true,1609625,25896646,3187993,133793,58675,2794
1,../model_20140411_114609198.uvl,12,18,46944229,true,1476942,41155164,3491310,406923,141484,4408
3,../model_20150527_830434674.uvl,34,34,44601022,true,1764990,37011404,5141912,184387,139495,2942
5,../model_20190219_265960660.uvl,178,140,122458749,true,4602653,107763021,8128514,799889,551542,2368
8,../model_20110428_1131293346.uvl,13,13,22739658,true,1538945,17406661,3362303,93537,78372,3788
7,../model_20150521_1988107963.uvl,17,15,28586624,true,1424187,23075849,3608786,106820,58886,2597
2,../model_20160303_1645051071.uvl,17,15,30259092,true,1621471,24548210,3390549,221451,125594,4509
15,../model_20190922_1316746975.uvl,22,22,29395894,true,1632338,23041065,4059945,189194,116930,3861
4,../model_20131111_1434736548.uvl,34,34,51263114,true,1644118,44230122,4415307,376965,214152,4182
13,../model_20160329_864839294.uvl,22,21,48572436,true,1861273,41638045,4430251,229669,136933,4294
9,../model_20190221_1604245950.uvl,18,18,35648623,true,1693942,29223887,4110386,227089,126241,3719
11,../model_20230322_1548752135.uvl,45,32,50890569,true,1837666,44178403,4056498,237232,163009,3828
6,../model_20120710_919309758.uvl,19,8,41243693,true,1686874,35342985,3615970,169496,88959,3498
12,../model_20150304_173081072.uvl,20,27,53940014,true,1681221,47393795,4263027,182772,112468,2480
14,../model_20221122_1612835830.uvl,20,16,42839998,true,1895106,36677491,3616891,214984,113379,3812
0,../model_20190917_80747458.uvl,16,14,43347746,true,1848136,36730769,4165309,187333,99617,4433
3,../model_20160907_1816738180.uvl,10,8,37977242,true,1795367,32433775,3246208,128015,76399,4714
1,../model_20130725_608010428.uvl,12,12,40693368,true,1630828,34322907,4262959,135985,84778,4744
8,../model_20160520_681202886.uvl,11,10,36024987,true,1607955,30100544,3812084,139625,76177,3520
2,../model_20160329_1999221629.uvl,24,24,48130650,true,1923032,40725889,4696560,261021,154585,4256
4,../model_20170419_185164278.uvl,17,12,40332744,true,1597046,34823799,3378730,186956,94350,3595
15,../model_20200819_498504850.uvl,31,28,41091842,true,1770721,33462115,5202413,166400,89591,2248
7,../model_20170919_1425490791.uvl,47,42,85059382,true,2011132,75470998,6085030,653825,419297,4894
13,../model_20120328_593032745.uvl,19,18,35723961,true,1655793,29225335,4346875,124096,66469,2617
9,../model_20230322_1028761227.uvl,18,15,35151164,true,1645194,28508650,4360024,207452,114702,4049
10,../model_20120531_2078087379.uvl,17,20,28606930,true,1843747,23274903,3008362,126471,71266,2265
11,../model_20111220_1450733948.uvl,41,13,33218468,true,1690212,27127686,3754030,160836,81432,2015
12,../model_20221125_1235088379.uvl,25,15,31186725,true,1967420,25506381,3182209,151491,73011,2927
6,../model_20170706_1181552122.uvl,11,12,26158751,true,1537648,20322049,3874457,91023,49232,2526
1,../model_20140905_372428255.uvl,13,10,38320865,true,1825621,33127717,2880416,164849,83510,4557
15,../model_20110323_789959080.uvl,15,11,24554837,true,1464186,19541710,3121348,87219,46546,2028
4,../model_20171207_711618687.uvl,13,13,24791171,true,1516400,18991660,3911092,78533,45585,2683
13,../model_20180511_622669496.uvl,18,18,30466809,true,1460717,24200440,4257896,191534,106322,2831
7,../model_20140209_1802656178.uvl,26,13,53471589,true,1538525,46955570,4268623,274031,132768,3450
10,../model_20141114_653359930.uvl,32,41,36019222,true,1862927,28945383,4526874,241683,130124,2460
12,../model_20141103_771283347.uvl,10,10,26876969,true,1420670,21091419,3969514,92825,51183,2652
11,../model_20130621_2143921379.uvl,29,32,45601331,true,1614009,38386530,4908946,194215,167771,3366
6,../model_20101123_920943759.uvl,15,15,40714791,true,1595652,34318351,4208807,177053,110665,4426
5,../model_20130522_2044729096.uvl,31,26,54531283,true,1886922,47069191,4711413,312273,164600,4282
1,../model_20230322_1036375763.uvl,40,27,40807846,true,1556967,34030814,4601222,199843,99246,2158
9,../model_20170424_781699396.uvl,142,84,165669869,true,3000377,153814117,7166228,749384,339943,2884
4,../model_20180306_1553572984.uvl,47,47,44453766,true,1824959,37471666,4377072,255963,158088,3633
15,../model_20131112_1165253679.uvl,27,24,30622265,true,1745919,25027722,3329762,172457,81125,3036
13,../model_20121018_201916182.uvl,16,15,30926054,true,1575472,25756828,3240468,97080,55137,2592
7,../model_20120328_1309817018.uvl,14,14,37943398,true,1589552,32498296,3331196,154468,89731,3575
11,../model_20181104_43638915.uvl,10,8,26460372,true,1574493,20496024,4067353,65277,34584,1910
10,../model_20151102_2085331426.uvl,51,45,51737782,true,2007670,43286573,5637240,287918,170229,2410
6,../model_20130529_167247656.uvl,16,16,35949943,true,1473052,30071140,3888397,182663,96702,4197
0,../model_20161212_1631452800.uvl,23,25,54372500,true,1845914,47579514,4127768,300438,170675,3355
12,../model_20140209_576830157.uvl,27,33,60991777,true,1741834,53504605,4801353,349087,203259,4749
5,../model_20160906_802533043.uvl,21,24,42984624,true,1768840,36384573,4052142,293027,163630,4539
14,../model_20110525_1619420630.uvl,45,41,62547094,true,2161924,53981017,5198434,473892,255491,4021
9,../model_20140411_279155356.uvl,11,12,35145724,true,1498191,29469692,3711765,133878,81051,3784
3,../model_20200907_1296105910.uvl,35,21,59527749,true,1892109,52144090,4597283,327793,183339,4004
1,../model_20181118_1641295184.uvl,12,11,33342006,true,1561511,27255127,3915003,284637,84174,4114
2,../model_20170321_1279222212.uvl,10,10,38876851,true,1780063,32323437,4239309,161194,92513,3593
8,../model_20121123_1014773113.uvl,16,16,37928952,true,1804430,31624910,3887475,183077,116708,4380
4,../model_20131113_2067550021.uvl,42,46,56608103,true,1846770,48308289,5601174,275705,156322,3565
7,../model_20150509_1341412445.uvl,10,9,39540275,true,1793576,34278011,3020458,141294,76981,3697
10,../model_20100730_1366577700.uvl,32,37,36862684,true,1872311,30877267,3517133,201593,105448,1986
12,../model_20120328_794090001.uvl,22,22,34462225,true,1773556,28732269,3452393,124815,67887,2554
3,../model_20140411_1742095150.uvl,12,23,34334417,true,1605805,28938297,3203182,177594,97940,2016
0,../model_20200829_1325519775.uvl,22,22,28179487,true,1748142,21985836,3911325,129087,69855,3002
1,../model_20120424_1703152596.uvl,59,45,48146216,true,1868378,40080687,5262090,266035,178603,1855
9,../model_20160315_697003579.uvl,27,20,33176760,true,1604150,26710627,4344754,132785,79604,2753
2,../model_20121219_629525870.uvl,18,24,36900664,true,1614476,30690810,3875437,280281,132910,3978
14,../model_20140628_1177734570.uvl,29,32,45169008,true,1699055,38000094,4732766,234950,143998,2704
4,../model_20200901_40084439.uvl,26,26,39432662,true,1757166,32981930,4137961,152312,89070,2810
8,../model_20120822_650185552.uvl,25,23,42697248,true,1693977,35245236,4878652,329888,189136,4161
7,../model_20130410_2115212559.uvl,11,10,35134684,true,1457254,29089556,4105867,144570,74921,4218
12,../model_20170502_101132737.uvl,33,37,38953192,true,1730074,31691504,4811751,236367,124879,2265
10,../model_20160304_168615633.uvl,29,32,33972856,true,1877450,27790123,3543745,223681,174825,2983
0,../model_20130604_1500555803.uvl,13,13,28436081,true,1427488,22489813,4106353,83484,46981,2488
9,../model_20171016_2132568250.uvl,12,4,26645348,true,1534283,21163151,3603339,66469,35286,2174
15,../model_20150223_771673981.uvl,26,18,37012193,true,1630843,29514813,4940493,412319,131563,4223
1,../model_20141107_655975442.uvl,10,9,33581237,true,1465581,27918182,3758706,131595,77873,3309
3,../model_20130916_1894002979.uvl,16,16,35329266,true,1661146,29835964,3361219,108876,62098,2815
2,../model_20141023_437365215.uvl,35,38,45226482,true,2052596,36760691,5348362,404368,223447,4702
13,../model_20130122_92211527.uvl,11,14,46494405,true,1597323,40769654,3522329,210616,107998,3286
8,../model_20150305_94122420.uvl,31,31,41654689,true,1581616,34211095,4975501,323117,221820,3749
4,../model_20151123_702303189.uvl,40,44,61094402,false,1779376,53979501,4447829,449014,267417,4180
14,../model_20140819_1020837515.uvl,63,68,71487710,true,2098584,61740045,6184595,691569,392604,4244
7,../REAL-FM-5.uvl,17,27,57667181,true,1670065,50510141,4479769,488128,197295,3925
6,../model_20140402_1108338221.uvl,10,8,23280756,true,1472882,18378298,3076364,64713,35339,2550
11,../model_20230322_1814026223.uvl,20,18,29401088,true,1704744,24071420,2987283,214929,116971,4108
15,../model_20140902_941000321.uvl,13,11,24152271,true,1624597,18175071,3970978,82247,59250,2676
0,../model_20140428_1917957920.uvl,63,62,50496296,true,2218639,41105463,6317314,309505,171941,2455
13,../model_20121123_913179730.uvl,17,16,27205673,true,1871315,21461286,3396965,115782,66221,2639
8,../model_20221220_1576677705.uvl,14,10,33114117,true,1660931,27827576,3195359,101112,52619,2456
4,../model_20200901_2052923297.uvl,21,21,33949387,true,1718093,28128035,3615586,129035,74965,3650
3,../model_20140420_1899694432.uvl,55,54,129012095,true,2133078,120009526,5448631,569342,376585,3532
7,../model_20200517_1501498720.uvl,11,12,31727001,true,1640419,25737282,3882559,147560,85487,2906
5,../model_20170316_1430061931.uvl,60,253,218111705,true,3273978,204135942,6628673,2123086,1394084,3882
14,../model_20170312_968402737.uvl,49,33,50972538,true,1840139,42632498,5373650,466520,211358,2316
0,../model_20180110_870365297.uvl,10,11,29569201,true,1478771,24455214,2969115,296319,93372,3451
6,../model_20160106_443157632.uvl,13,13,30822162,true,1632550,24815470,3898886,128180,72931,2927
15,../model_20171016_1973576375.uvl,11,13,34320497,true,1595655,29642281,2724543,101119,58521,2568
13,../model_20160330_1306243394.uvl,21,21,27667667,true,1537000,21563583,4064705,118165,63526,2182
8,../model_20170904_444361354.uvl,46,33,40571086,true,1461511,33611984,4537289,358292,198580,3465
3,../model_20121018_1970318852.uvl,16,15,27201749,true,1450161,22446508,2937704,110444,53985,2539
4,../model_20121018_1186774722.uvl,16,15,28965742,true,1362454,23171074,4064023,98677,52180,2782
7,../model_20120111_1667229430.uvl,24,19,33679493,true,1493832,28063954,3661744,144789,75464,2394
14,../model_20160309_1721210506.uvl,14,11,34391181,true,1510300,29257399,3164005,144392,80686,2967
5,../model_20190510_899437477.uvl,13,11,35229507,true,1606297,29714570,3428660,147587,82470,4792
12,../model_20110124_2116036381.uvl,18,18,26382324,true,1717900,21122721,3102639,114721,61453,2122
10,../model_20100824_837146809.uvl,22,22,29607706,true,1813580,23017769,4272236,118397,69993,2386
9,../model_20230323_1102049462.uvl,17,17,25091481,true,1736490,18790538,4097862,101161,54782,2126
1,../model_20120124_94644767.uvl,12,12,24805365,true,1670871,19226973,3509353,79995,51505,2205
13,../model_20121018_242475712.uvl,16,15,28492323,true,1678526,22081241,4246658,114648,73909,3006
0,../model_20200901_1615961503.uvl,38,29,40300564,true,1731010,33186135,4399527,374320,214728,4714
6,../model_20120205_24117969.uvl,34,34,100064547,true,1547128,93474735,4410909,252131,108865,2755
2,../model_20150616_74187279.uvl,17,11,42140995,true,1901446,35498789,4123200,188803,97187,3603
8,../model_20170919_1946252337.uvl,48,29,58708358,true,1875649,50567964,5236226,462078,259246,4056
3,../model_20180304_290046860.uvl,48,28,57638904,true,2032195,49110901,5719153,293057,131669,2618
7,../model_20151202_1529785580.uvl,40,40,51708818,true,1895386,43642271,5157992,390253,232306,4627
5,../model_20160912_1428022317.uvl,49,57,70423183,true,1963115,62701855,4524952,576457,326734,3528
11,../model_20160913_600398973.uvl,48,38,109040208,true,2038883,102333906,3883109,371417,133366,2276
1,../model_20200128_1669015551.uvl,23,19,28133490,true,1729921,22497362,3381825,151118,66602,2317
13,../model_20150310_563618715.uvl,33,40,37537651,true,1664511,30435100,4723221,240699,122416,2609
0,../model_20111111_1026730216.uvl,37,29,30810979,true,1571554,24607309,3906724,185974,168545,2110
6,../model_20110715_945252556.uvl,32,32,30549354,true,1790333,24455246,3685880,161329,92843,2181
8,../model_20200425_1144751894.uvl,10,12,27371484,true,1502268,22167533,3282917,99989,56839,2808
2,../model_20230322_1573076538.uvl,17,16,30465661,true,1538695,24569276,3922904,101507,54680,2088
3,../model_20110704_555218409.uvl,11,11,32162115,true,1611047,24937485,5231636,79497,56719,2622
7,../model_20230322_1882971454.uvl,21,21,38582289,true,1552143,32260249,4181198,191672,117889,3434
5,../model_20150423_1415525319.uvl,27,21,39684660,true,1729335,32539804,4578365,273681,281954,4440
15,../model_20101124_661702924.uvl,15,15,43595272,true,1738660,38240589,3015698,228425,118222,3478
13,../model_20140425_366530615.uvl,11,10,23966759,true,1668862,18655435,3203487,95180,62311,2013
6,../model_20200403_1286696698.uvl,37,34,32531572,true,1706730,26325781,3754437,256658,96949,2503
0,../model_20230609_1502711362.uvl,22,22,27710413,true,1708101,20426053,4900540,220738,119822,3121
8,../model_20131112_1855381012.uvl,31,30,31584416,true,1456690,25346670,4224009,162237,90002,2610
4,../model_20160420_1926809017.uvl,12,5,24275084,true,1392198,18623661,3876432,96593,49267,4387
3,../model_20180511_935028612.uvl,20,23,35308068,true,1604373,28992359,4132373,231417,88353,2009
2,../model_20140306_1313194877.uvl,32,31,37362973,true,1585333,31357093,3794674,214126,98952,2954
7,../model_20200810_1781368898.uvl,21,20,37730704,true,1828524,31508543,3768351,224334,128031,3637
14,../model_20130809_353548541.uvl,57,52,58666759,true,2052928,49385261,6198825,377777,171485,2729
5,../model_20230322_208918165.uvl,40,27,49102315,true,1728522,41613752,5123695,211663,113237,2818
9,../model_20150302_1660900120.uvl,31,34,45356652,true,2241563,39026145,3492639,178346,95345,2679
15,../model_20121025_1453237615.uvl,20,20,34321565,true,1666265,28978411,3204899,111874,67088,2782
10,../model_20101208_1056693380.uvl,25,25,34389419,true,1802548,27557572,4471044,139801,78378,2863
12,../model_20150506_2068045691.uvl,20,20,25989861,true,1733248,19786775,3988331,124396,96262,2703
13,../model_20151124_1131991591.uvl,34,34,36968681,true,1901157,29730515,4721362,170054,95510,3038
8,../model_20130226_1908057354.uvl,16,14,29343386,true,1512929,23762641,3649061,125029,77094,2806
3,../model_20230323_1108197556.uvl,17,15,31205002,true,1618982,24721078,4223039,196910,119661,4450
7,../model_20160716_1943328700.uvl,18,17,28961718,true,1668456,23089781,3649024,164241,64565,3304
4,../model_20160519_1444507509.uvl,41,42,123017726,true,1864258,116381734,3820926,324483,203381,3393
14,../model_20200225_1125771038.uvl,43,40,111251364,true,1943586,104567029,3952231,240238,131207,3338
5,../model_20120201_899753062.uvl,27,31,51798653,true,1743966,44562705,4729578,288258,168178,2750
15,../model_20190416_886742925.uvl,12,12,20664536,true,1336201,15556439,3425321,74845,39412,2098
12,../model_20120920_383492576.uvl,11,12,24883037,true,1629941,18632979,4011304,228834,84905,3189
1,../model_20160330_387052519.uvl,21,13,29536045,true,1442536,21810750,5770963,160631,83396,4046
10,../model_20131112_64627122.uvl,13,12,32790947,true,1415714,27780171,3234626,85527,52392,3217
9,../model_20131112_1630582425.uvl,28,20,33613653,true,1893779,26920715,4217174,203915,133371,3698
13,../model_20130916_1983257725.uvl,16,15,31534577,true,1566354,26369614,3195635,96533,51031,2118
11,../model_20230426_159926820.uvl,59,43,42025539,true,2168910,34768096,4356539,269737,145056,2138
4,../model_20130414_861625706.uvl,15,15,31362300,true,1702175,25412142,3831597,89936,52034,2223
5,../model_20200320_13307140.uvl,10,10,20945883,true,1330650,15622448,3680368,65201,37210,2768
14,../model_20100415_240595643.uvl,31,32,36529802,true,1754368,30007840,4114851,181990,101429,2845
15,../model_20110216_1027109687.uvl,12,16,23709859,true,1596637,18676036,2993963,104305,56666,2012
12,../model_20200815_433256797.uvl,39,33,34271589,true,1644817,26762823,4883100,315436,284562,3808
9,../connector_fm.uvl,20,14,26609357,true,1630102,20242505,4266931,112202,54777,2280
10,../model_20140614_436006902.uvl,25,25,40629195,true,1610497,34555946,3618164,369425,192225,4033
1,../model_20170904_998227463.uvl,42,37,47001111,true,1686055,38695674,5651099,381190,251526,3232
6,../model_20140914_775838300.uvl,24,24,46123866,true,1602863,39973875,3847398,255260,140223,4742
0,../model_20150611_578706116.uvl,13,12,32727565,true,1576978,26704605,3961434,143227,53495,2811
13,../model_20130820_1465112187.uvl,49,49,58817153,true,1964393,50329493,5627594,298379,173487,3359
2,../model_20110330_919429247.uvl,25,27,38450386,true,1962749,31733794,4143964,163438,100144,2623
5,../model_20131112_817529963.uvl,40,40,54532789,true,1738939,48055609,3990189,214276,194988,2906
14,../model_20201010_633615094.uvl,12,11,24150162,true,1603778,18313672,3834545,86007,40103,2173
4,../model_20180512_810540422.uvl,23,23,97705297,true,2102333,90489772,4537479,153495,78300,2663
9,../model_20170918_2076946141.uvl,16,10,26271615,true,1631493,19994716,4198029,87867,46436,2403
3,../model_20140328_1965511118.uvl,10,10,27573115,true,1572445,21930705,3715527,66617,40079,2302
12,../model_20190122_546529784.uvl,18,18,31778770,true,1630108,25268805,4223089,218850,113619,3056
8,../model_20120609_84195762.uvl,26,21,34406722,true,1787763,27700398,4304917,203316,77990,3501
10,../model_20121018_1550648286.uvl,16,15,30515324,true,1659429,24330305,4094309,95113,50707,2292
1,../model_20130529_1187431770.uvl,16,16,42908019,true,1437076,35955918,4887590,193253,115623,3455
0,../model_20180222_786472237.uvl,12,7,29886333,true,1623786,19966374,7877250,81800,39549,3035
6,../model_20120328_663906927.uvl,28,25,42579075,true,1590596,35104693,5133212,277707,153328,3458
2,../model_20131203_151571988.uvl,54,51,64761549,true,2135055,55175161,6188775,555582,298782,4238
7,../model_20180927_642324190.uvl,51,46,136538807,true,1943336,127167455,6223733,484575,262307,3397
13,../model_20131122_1241273029.uvl,18,18,107483846,true,1766067,100981703,4167010,181733,85303,3155
14,../model_20170918_1996976409.uvl,33,33,53054672,true,1799200,46483934,3885263,325459,181716,3404
4,../model_20101117_2128796258.uvl,72,69,84658456,true,2488014,75047197,5786393,532949,261633,2865
9,../model_20120705_77954373.uvl,22,18,28970434,true,2075344,21834986,4541552,119810,60449,2057
10,../model_20140410_1285833987.uvl,11,21,30730983,true,1662285,25385618,3120335,159522,122880,3880
8,../model_20190917_1484600794.uvl,17,13,26529521,true,1416404,20967249,3700195,94388,50471,2199
0,../model_20140322_1340045027.uvl,10,10,24094492,true,1596885,18206756,3900714,67752,40251,2090
11,../model_20140820_1349433690.uvl,22,22,29913746,true,1723337,23128065,4551563,133915,80224,3807
3,../model_20160229_1734203468.uvl,48,29,45983308,true,1939069,37583328,5521186,277959,197832,3335
2,../model_20130529_552715089.uvl,17,16,31600515,true,1347015,25438388,4399028,109862,60034,2476
7,../model_20190915_1211977272.uvl,22,21,35542436,true,1690958,29269127,4098265,137314,70909,2011
6,../model_20190124_988857604.uvl,46,41,54314139,true,2067847,45927030,5475229,239543,150914,3841
1,../model_20180729_2071913647.uvl,24,29,102612787,true,1733909,96244395,3959750,289825,100793,2068
14,../model_20110127_1318390760.uvl,13,11,31768698,true,1667767,25230455,4395911,134752,46426,2114
4,../model_20130510_203163945.uvl,18,12,30244553,true,1544176,25139432,3168791,95314,48701,2466
15,../model_20120419_1397354511.uvl,20,20,36136390,true,1678529,30040741,3735513,246225,135510,3297
5,../model_20140917_195564800.uvl,16,16,27171530,true,1628666,21461859,3676870,110096,54220,2556
8,../model_20120423_1625073325.uvl,32,26,43935740,true,1912552,37507677,3912030,160366,83028,2549
10,../model_20120328_1974817485.uvl,13,8,26638174,true,1631995,20925443,3583596,133526,72159,3569
3,../model_20200121_827473084.uvl,17,17,28582283,true,1577031,22690029,3885789,108078,55875,3065
7,../model_20101020_1809093990.uvl,20,20,26223846,true,1697212,20587591,3461906,110664,61274,3045
2,../model_20140511_603377022.uvl,15,14,30497474,true,1679603,24187625,4206959,90923,49264,1898
14,../model_20200728_429027371.uvl,17,16,26498341,true,1431495,20270602,4222850,171510,96950,3762
1,../model_20160227_1389842098.uvl,48,51,51468574,true,1858578,43503803,4756375,577008,341220,4750
6,../model_20200819_710049424.uvl,28,25,43717808,true,1669846,37860993,3637534,151799,81742,1921
4,../model_20150527_1979644627.uvl,72,58,61103944,true,2242265,52669371,5166818,331450,215275,2119
12,../model_20140207_1303140975.uvl,12,12,36521669,true,1772941,30285532,3969494,138684,76545,3781
15,../model_20130123_686198065.uvl,40,40,58694708,true,1797766,52461897,3815220,212732,139437,2451
10,../model_20230322_1855764436.uvl,26,22,27208423,true,1504734,21308195,3821995,136545,152477,2211
8,../model_20190430_2137275351.uvl,37,35,42090444,true,1734279,34393489,5251252,201960,112482,3122
7,../model_20200128_745414394.uvl,23,19,31615400,true,1560819,25639712,3721636,212382,132535,3045
13,../model_20171021_192017753.uvl,17,15,29688336,true,1548416,23624035,4096784,118761,55829,2894
3,../model_20170618_724645944.uvl,13,14,35681345,true,1472469,29413004,4169733,190398,116727,3573
2,../model_20140430_1532303117.uvl,32,20,49290207,true,1758985,41592501,5063445,304313,159156,3734
1,../model_20120909_341305614.uvl,32,34,57021576,true,1872856,49352622,4926955,349562,211938,2844
14,../model_20140819_709073537.uvl,43,44,45532607,true,1915153,37082881,5538242,385325,194551,5276
6,../model_20190917_512190943.uvl,45,37,44129215,true,1898566,37098091,4482893,214316,113468,2010
12,../model_20181019_994429580.uvl,10,10,22852490,true,1366139,17183707,3914848,94209,48590,2808
15,../model_20160329_1152124785.uvl,21,20,27643476,true,1580064,21355623,4215738,117402,58134,2207
9,../model_20200128_23228584.uvl,23,23,38873452,true,1833150,33032677,3424645,161341,88372,2174
0,../model_20160308_190029672.uvl,33,32,40464300,true,1881925,33263540,4665607,179399,102897,2722
11,../model_20170414_1751865819.uvl,77,84,60833275,true,2257409,49906099,6715280,768599,596868,4374
8,../model_20140403_1688136935.uvl,45,42,47755557,true,1832804,38921749,5793798,446269,320565,3209
10,../model_20161207_285955518.uvl,54,46,66599846,true,2100218,57020095,6219033,488918,281369,4594
2,../model_20200810_1006372985.uvl,36,36,42613513,true,1912675,34743835,5273484,194540,105291,2628
13,../model_20141106_1014782772.uvl,17,17,104792413,true,1703053,99092599,3566673,102609,57951,2855
14,../model_20130121_710180273.uvl,10,11,38439123,true,1529683,32396761,4031405,156542,95813,3359
1,../model_20180917_1978871462.uvl,50,45,57086255,true,1953193,48450889,5379709,556104,285714,3924
6,../model_20180305_1393570452.uvl,48,43,79287534,true,1925981,71943747,4084968,667268,329588,3267
12,../model_20160329_268958808.uvl,47,54,40914141,true,1523981,33713720,4769000,416962,172583,2845
9,../model_20121123_1672558767.uvl,15,17,23808016,true,1493170,18624758,3197317,146584,60118,2710
0,../model_20120513_373795895.uvl,14,13,23796019,true,1386327,18179115,3795367,171045,49264,2808
15,../model_20150301_300492477.uvl,33,32,31192217,true,1489067,25104889,3847016,207245,173722,2868
5,../model_20160308_79396455.uvl,41,44,99634805,true,1951101,91635685,5313974,257386,137029,2894
10,../model_20110525_564104612.uvl,27,32,36408141,true,1701949,29732074,4233319,192845,185422,2724
1,../REAL-FM-17.uvl,25,24,30205079,true,1762404,24690207,3219041,173121,91798,2406
6,../model_20130703_1107240012.uvl,64,27,62582437,true,3806282,52712102,5220868,265522,128445,2756
4,../model_20110428_553405269.uvl,37,29,35372327,true,1813666,29143847,3720870,206007,101536,2337
15,../model_20170505_1428478521.uvl,24,26,28759416,true,1505091,23443508,3202094,155300,92668,2592
7,../model_20101111_156018899.uvl,12,11,25386858,true,1637369,19302791,4047912,78828,43785,2311
0,../model_20150428_2048110240.uvl,11,12,69446223,true,1502738,64171176,3309078,111910,60201,2346
9,../model_20110826_252647654.uvl,24,24,30835374,true,1736065,23630173,4916540,130769,74093,2752
3,../model_20140825_2017008690.uvl,58,59,44936821,true,1918150,36531525,5520661,322108,174925,2918
12,../model_20150208_2120373387.uvl,25,21,34584000,true,1677896,28690836,3684665,173148,83243,2901
5,../model_20140801_240918546.uvl,22,13,42241150,true,1861268,34146983,5555216,210384,119666,4573
10,../model_20110622_260389190.uvl,12,10,31236750,true,1538643,25413738,3840307,125741,47117,2518
1,../model_20171204_404453510.uvl,21,22,44283898,true,1597318,38099158,3899705,254076,153089,3887
6,../model_20121102_768518520.uvl,14,14,28553936,true,1508917,23159878,3552340,96223,48987,1880
7,../model_20100712_329430908.uvl,20,20,42803224,true,1586420,36264970,4303118,213169,125172,3935
4,../model_20140423_277886534.uvl,21,18,35451534,true,1836939,28905574,4162650,159494,69092,2844
12,../car_fm.uvl,14,12,31730846,true,1590186,26153070,3574708,94337,53983,2158
9,../model_20140422_2137156564.uvl,35,32,50052111,true,1878197,42446341,4936677,319867,158861,3071
11,../model_20221101_871584152.uvl,19,28,39575437,true,1586056,32874787,4388708,259707,195087,3246
10,../model_20121123_1445508018.uvl,16,16,25766064,true,1532984,19549342,4169794,120082,107766,4374
14,../model_20121018_436901160.uvl,16,15,31605055,true,1442177,25466584,4175082,151466,92056,3718
5,../model_20230505_1739075744.uvl,42,45,46433503,true,1904979,38717015,5002002,244953,136683,2980
1,../model_20150212_1516383976.uvl,12,8,34262139,true,1439874,28756048,3569896,160510,90674,4386
8,../model_20141205_2005181775.uvl,33,28,52933077,true,1744220,42988215,7314207,321387,179941,3965
13,../model_20140824_525404983.uvl,47,47,63372616,true,1862093,54509031,5814746,482111,289987,5022
6,../model_20120701_1498696792.uvl,11,11,34142007,true,1509081,27901172,4259208,150586,79725,4010
2,../model_20141104_1527188029.uvl,140,140,123185645,true,3799410,107412541,9916928,780433,463570,2957
15,../model_20200316_153170359.uvl,124,103,122271355,true,3381151,110294996,6822874,699448,507455,2145
7,../model_20150411_1378086632.uvl,15,9,28290807,true,1540438,22614284,3720652,112979,52102,2732
14,../model_20130722_443972122.uvl,12,12,22746582,true,1514516,17637986,3210612,77847,45317,2435
10,../model_20100322_955726153.uvl,20,20,25539680,true,1654114,20054473,3333165,123256,98003,2775
1,../model_20190922_718247414.uvl,12,10,22890470,true,1548961,17483921,3471555,84128,51765,2131
8,../model_20140819_2062208658.uvl,26,26,32128859,true,1511462,25097708,4834779,257542,144269,3125
13,../model_20160620_457730604.uvl,20,20,28549464,true,1619926,22343636,4048733,139848,72886,3304
2,../model_20110301_216655728.uvl,10,10,21684893,true,1290759,16964262,3099047,67610,39171,2257
15,../model_20151119_424700280.uvl,10,10,23805847,true,1407591,18417283,3680180,78687,46752,2423
6,../model_20171018_1720986032.uvl,130,107,82553733,true,3048674,70936008,6802083,796340,426693,2954
0,../model_20120408_404695779.uvl,70,66,55933231,true,2232664,46453824,6292313,341879,227974,2546
3,../model_20121123_638033800.uvl,14,13,24662817,true,1711990,18775781,3759225,84851,46463,2782
10,../model_20130916_1649901124.uvl,16,15,28593700,true,1594684,22833734,3777605,95364,52018,2660
14,../model_20180512_427876131.uvl,37,37,34676626,true,1515388,27346149,5144100,206255,106005,2763
1,../model_20110823_1386366267.uvl,15,14,28072267,true,1355039,22768000,3463761,111903,101901,3700
2,../model_20110116_381192414.uvl,60,61,51200838,true,1773999,43860066,4634980,341123,235583,2722
8,../model_20140508_536536644.uvl,36,34,47950010,true,1703116,41183245,4264499,271383,161554,4190
13,../model_20120829_28461699.uvl,11,13,90674497,true,1565951,85338051,3405287,86855,52475,1937
15,../model_20131112_2028027455.uvl,13,11,24195862,true,1404431,18545523,3872716,89149,43515,2197
6,../model_20150307_1251635490.uvl,35,36,48374778,true,1736418,41064926,4907342,224120,112993,2378
12,../model_20180512_276218752.uvl,36,38,40642840,true,1958245,31840686,5107283,200622,1118277,3740
4,../model_20110407_1283128166.uvl,51,52,42564331,true,1781232,35666208,4130911,382632,180204,2367
0,../model_20121019_1128529660.uvl,14,12,31866205,true,1550784,26367035,3573953,86984,45609,2081
14,../model_20131112_990013628.uvl,10,10,24995557,true,1534920,19033543,4087586,71610,40736,2705
3,../model_20150208_1225865238.uvl,42,34,79756943,true,1957565,70728490,5817386,569492,288949,5595
10,../model_20180514_381391194.uvl,20,20,37936142,true,1592382,31808075,4073426,116867,71266,2838
9,../model_20161118_228131771.uvl,66,79,87354762,false,2086600,77535783,6846769,441539,221939,2261
1,../model_20141108_202761108.uvl,10,8,36058137,true,1595047,30245728,3750986,121169,67488,3994
11,../model_20120314_1438691117.uvl,13,13,31621027,true,1771490,25149796,4179308,147528,87194,3184
2,../model_20160229_707006027.uvl,13,14,43272568,true,1761484,36812405,4098208,175960,109758,4637
5,../model_20110527_1847306763.uvl,63,106,110086616,true,2488718,98779077,6539650,1155702,654924,3365
15,../model_20120717_770767926.uvl,11,10,36712133,true,1625294,31700803,2929448,142948,80301,3491
6,../model_20120110_1256867454.uvl,10,10,23964989,true,1382707,19294585,2815705,178876,52606,2739
7,../model_20121219_1714348674.uvl,10,10,32376543,true,1605206,26777946,3515059,113437,69194,3442
4,../model_20170720_160368734.uvl,14,14,23505534,true,1513080,17225179,4277069,99585,55565,2972
1,../model_20091210_241985787.uvl,16,16,28840446,true,1608146,23410773,3348464,99736,62578,2195
3,../model_20110207_906076676.uvl,12,8,80626741,true,1704164,74488595,4006881,76673,39892,2948
11,../model_20170518_1713871521.uvl,15,16,45810066,true,1667394,39373998,4129736,212299,117497,3762
10,../model_20160304_1567363129.uvl,19,23,89864434,true,1653187,83524289,4062540,187747,88263,3694
9,../model_20170918_191476099.uvl,48,49,51725105,true,2077710,42267839,5271697,251200,1406369,2788
2,../model_20221015_510481451.uvl,12,14,40704608,true,1579990,34844511,3715807,180225,112838,3602
15,../model_20160329_304357596.uvl,23,15,37417066,true,1854068,29357857,5770438,117857,57984,2872
5,../model_20160911_493856736.uvl,45,29,54985937,true,2043449,46451138,5615252,288294,137432,2644
6,../model_20170313_788976149.uvl,12,9,70527968,true,1579553,65639323,2970303,73498,38166,2137
7,../model_20140109_637429284.uvl,11,9,25634206,true,1651344,20749898,2881102,71594,40980,2425
3,../model_20200513_1559879338.uvl,11,11,23603815,true,1727169,17773718,3730984,72277,40834,2421
4,../model_20160913_2142740300.uvl,48,48,110464672,true,1916914,101734815,5787226,371306,194129,2473
11,../model_20160329_1144142418.uvl,54,33,40914069,true,1938727,32333608,5890188,237010,119433,2205
8,../model_20120328_1373483522.uvl,13,14,24651641,true,1710713,18355821,4121525,98636,60342,2021
10,../model_20131112_1399418967.uvl,35,28,40137715,true,1736402,33168273,4400010,173621,271787,3037
13,../model_20141108_701198022.uvl,11,11,30064152,true,1770249,24437034,3465384,75258,42945,2403
9,../model_20110406_656545830.uvl,17,17,25940060,true,1585195,20470323,3409403,101577,56388,2523
5,../model_20200909_844580970.uvl,17,9,29279130,true,1651664,23217533,3910974,145560,53147,3269
15,../model_20120423_1196408273.uvl,16,11,35765245,true,1509788,30368137,3380116,154082,85316,3714
6,../model_20170517_1276361560.uvl,10,10,32048170,true,1523819,27102774,2954767,158854,47066,2164
7,../model_20190513_554652357.uvl,10,10,21276608,true,1323893,16618332,2991957,67058,38445,2062
12,../model_20110605_1465859222.uvl,17,17,24738990,true,1655581,19253180,3389881,98967,54996,2413
14,../model_20170518_711240246.uvl,36,36,34520227,true,1776489,27040972,5065967,181430,104361,2085
0,../model_20110207_1623721536.uvl,27,32,40289590,false,1846392,34232748,3445226,331982,234301,2886
3,../model_20180222_1790291836.uvl,22,19,39861044,true,1753459,33601454,3969301,129202,68410,3112
4,../model_20110130_639381749.uvl,12,12,28627866,true,1618940,22424077,4084584,159123,47089,2398
13,../model_20160329_578011837.uvl,23,18,31749760,true,1657606,25193475,4333314,128696,65732,2323
10,../model_20090801_1908323193.uvl,13,13,35523541,true,1515877,29327715,4211290,100386,60618,1963
5,../model_20120701_899073101.uvl,11,11,24306709,true,1516454,18916077,3475657,79399,41820,2187
15,../model_20160926_2009081259.uvl,54,54,48255051,true,2004126,39630763,5820038,274752,154136,2890
6,../model_20100326_770562654.uvl,27,19,39862672,true,1693254,32909834,4465495,279296,148364,3807
12,../model_20140324_1142291623.uvl,11,11,27917981,true,1595526,22637031,3314524,76545,46510,2311
7,../model_20130125_189285641.uvl,18,19,36496105,true,1668358,30152114,4260035,108197,61839,2228
1,../model_20121015_1348696629.uvl,10,8,34997392,true,1816165,29536211,3163477,138635,79096,3957
0,../model_20140514_1151327844.uvl,43,36,51139656,true,1867640,43883315,4670107,274439,137065,2880
3,../model_20091206_1647557456.uvl,10,10,26581379,true,1532591,21009895,3713747,66437,43706,2919
14,../model_20170505_1995894898.uvl,32,27,37645242,true,1730365,30361023,4792620,237911,215972,3396
10,../model_20131122_1877947099.uvl,15,13,25951000,true,1531911,20739555,3215157,96993,54557,2670
13,../model_20130916_1001858303.uvl,15,17,28660188,true,1480264,23382583,3376664,111766,68225,2303
15,../model_20141129_2117240468.uvl,12,14,38904071,true,1685952,32766925,3906171,178723,105585,3538
4,../model_20141102_1778359466.uvl,23,22,46888448,true,1711469,39814099,4635414,247954,141243,3525
2,../model_20221018_544175819.uvl,29,29,52258993,true,1968466,45625870,3896417,294639,173155,3874
5,../model_20120113_1803352101.uvl,43,27,57095191,true,1848782,47904535,5069971,1742672,220349,3904
14,../model_20131122_641443746.uvl,14,14,32881690,true,1498798,26282489,4708146,90166,53480,2857
1,../model_20150523_1701783178.uvl,23,23,34288155,true,1745512,27526816,4463392,122523,73363,2353
0,../model_20121106_1816491064.uvl,23,20,36047466,true,1858534,28992280,4532939,216413,123155,3643
3,../model_20120829_881090911.uvl,10,10,36078256,true,1458589,30207024,3954859,124031,66562,3958
8,../model_20190917_490456110.uvl,39,23,42449873,true,1802601,35383056,4670889,181109,93335,2538
13,../model_20140326_1693773444.uvl,13,14,34545818,true,1683351,28768680,3603458,128073,78294,3266
11,../model_20150304_617127008.uvl,56,66,61874626,true,2305422,51944005,6377475,423430,329365,3173
9,../model_20140423_1716161596.uvl,42,25,40395365,true,1957013,32271727,5453018,212418,114071,2256
10,../model_20190223_2023041805.uvl,19,22,50067128,true,1642680,43182054,4411133,336038,167130,3724
15,../model_20120528_1294065815.uvl,13,12,38193449,true,1461613,30514353,5700645,154420,95230,3582
4,../model_20130529_1911302663.uvl,16,16,34284054,true,1606616,28445120,3808379,118374,67027,2171
5,../model_20170704_1299892151.uvl,11,11,35706760,true,1514191,30157892,3589419,118479,87908,4274
2,../model_20141018_2078980023.uvl,87,86,81097414,true,2599452,71646828,5608162,422717,237749,1817
10,../model_20130916_552778902.uvl,16,17,25871341,true,1502187,20705527,3199617,107018,60843,2072
13,../model_20230323_58681865.uvl,17,15,23578071,true,1489892,17709729,3990915,95237,53268,2152
15,../model_20120412_1314362396.uvl,12,11,27777507,true,1466604,22078656,3853376,84148,59341,3740
0,../model_20150226_64791123.uvl,26,28,29124160,true,1666157,22143761,4757189,154240,79858,2175
11,../model_20180512_893377341.uvl,24,22,32416839,true,1447558,25717880,4552602,241223,109648,3065
3,../model_20100829_787258873.uvl,57,48,58663752,true,1796240,51220605,4479721,450707,246195,3293
4,../model_20150701_451946642.uvl,22,14,36008523,true,1601838,30553523,3350177,119528,73943,2528
5,../model_20131122_224574976.uvl,11,11,33165384,true,1512145,27607917,3717698,70342,39699,2033
2,../model_20091225_1547989376.uvl,29,30,55246504,true,1853739,48112575,4465969,324525,178062,3837
12,../model_20171020_786614820.uvl,12,10,37882500,true,1615960,32684505,3131736,136620,71970,2699
7,../model_20200810_903664942.uvl,25,27,49770049,true,1735196,43050068,4273859,296439,162926,4124
6,../model_20160329_2023954051.uvl,24,20,46991334,true,1706638,40315163,4362094,237305,114326,3197
10,../model_20180512_409172439.uvl,37,37,36313662,true,1706847,28798272,5073323,227556,131035,2329
0,../model_20091210_993249741.uvl,29,25,32218980,true,1692166,25180244,4703107,197009,83039,2499
15,../model_20190223_1275185141.uvl,10,7,29831078,true,1522749,24582594,3326557,111712,59445,3119
3,../model_20171029_714150136.uvl,10,10,27335871,true,1502846,22440139,2966100,104385,64094,4054
5,../model_20190304_818967793.uvl,29,28,45302274,true,1728647,38800769,3964781,281788,158050,3634
4,../model_20140614_1989695192.uvl,29,35,61552880,true,1794054,55573213,3473082,235445,123242,3053
2,../model_20141006_1946000492.uvl,14,10,39061404,true,1555544,33246128,3790490,149159,77001,2836
6,../model_20110926_400852996.uvl,36,36,38312854,true,1500164,31066549,4757476,338150,276430,3942
12,../model_20140614_81946339.uvl,22,24,30133638,true,1578508,23751052,4259879,153088,137647,2458
7,../model_20141129_6569546.uvl,25,21,50201638,true,1510245,43558603,4476897,155648,223274,2649
14,../model_20121017_2007593800.uvl,10,8,26903728,true,1512163,21803463,3140610,132597,70357,3496
8,../model_20140306_1994550432.uvl,12,9,26900517,true,1612503,21026687,3899620,81720,45296,2364
15,../model_20111027_1380540076.uvl,10,10,24955526,true,1510239,19610461,3365560,108407,66013,3711
4,../model_20120828_1516795545.uvl,13,13,38139671,true,1675051,32149789,3834273,151760,84819,2950
3,../model_20170916_132089042.uvl,48,60,65842216,true,2271791,56749840,5764406,401051,237261,2657
1,../model_20170405_957299568.uvl,142,211,171967358,true,4703026,155770510,7065803,2304639,1261671,4104
9,../model_20200907_1598312227.uvl,130,130,78122491,true,2874526,62644636,10037349,1228397,767522,3935
2,../model_20180122_1429516018.uvl,40,18,40882173,true,1599388,34636891,4019361,183757,93681,1906
8,../model_20230323_867226898.uvl,16,13,25393019,true,1616062,20210041,3144297,97039,51633,2105
14,../model_20120728_275737618.uvl,14,14,26624689,true,1623487,21242415,3330099,118282,48368,2677
13,../model_20230313_612090761.uvl,13,15,30572882,true,1596485,25319544,3224794,109788,61758,2706
6,../model_20200212_1763855182.uvl,12,12,25085668,true,1710769,19526364,3408955,110387,64948,3538
4,../model_20130807_1787614695.uvl,13,13,26119191,true,1559926,20286046,3882737,81298,46944,2677
15,../model_20140401_1527258088.uvl,13,20,79968657,true,1594957,25157291,3359196,177725,49371791,3090
11,../model_20140305_850513381.uvl,63,103,76241019,true,2489977,67505437,4728475,713740,416888,2951
3,../model_20130821_470005647.uvl,43,43,39205305,true,1831290,31300397,5343903,218720,160139,2411
1,../model_20160512_1688304541.uvl,31,25,49350777,true,1767300,42432324,4364918,283923,149947,4067
9,../model_20110925_62365838.uvl,23,23,45064294,true,1737451,39163197,3573389,237008,124759,4351
2,../model_20111201_372659565.uvl,61,38,50755363,true,1961558,41524064,6152844,500269,260084,3692
6,../model_20180705_2136123533.uvl,10,10,22779404,true,1506921,16889821,4001305,69060,42432,2700
8,../model_20230322_413432441.uvl,22,21,27108336,true,1540063,21409815,3674998,119014,66093,2062
13,../model_20171016_777651910.uvl,27,26,31182550,true,1756146,25379052,3371870,155536,176587,3234
15,../model_20170410_971411480.uvl,11,6,25576568,true,1497459,19283321,4379582,116630,61718,3484
5,../model_20121123_1692800929.uvl,16,16,28050840,true,1871375,21517652,4197730,103324,56717,1981
0,../model_20120510_220834497.uvl,53,44,44065205,true,1909540,35840503,5605676,259966,138942,2639
4,../model_20150611_1748318240.uvl,14,11,24974440,true,1564450,18889725,4101451,91718,49989,2024
11,../model_20140305_1745306436.uvl,20,12,27787140,true,1572036,21164600,4532110,112409,60447,2166
10,../model_20200815_41086763.uvl,31,28,33527846,true,1910016,26516159,4545604,193790,108376,2661
2,../model_20100325_298677687.uvl,10,9,25027984,true,1545803,19902836,3128724,125968,67081,3530
9,../model_20101115_2000504462.uvl,72,65,66646069,true,1963041,56689189,6690568,471281,357734,3266
7,../model_20141113_1414990983.uvl,46,46,58011086,true,1998242,50678909,4251014,430883,255954,4597
12,../model_20160813_60083737.uvl,10,10,34978513,true,1710374,29491233,3332430,118474,69373,3506
13,../model_20141119_1676144838.uvl,14,14,25358672,true,1657110,20126611,3145122,93805,48239,2374
15,../model_20130627_888588099.uvl,17,16,28780115,true,1601291,23827930,2973441,99488,52838,1736
4,../model_20171012_432118074.uvl,28,28,47239153,true,1647357,41442764,3571593,150626,82903,2557
10,../model_20100216_713947806.uvl,12,12,32019018,true,1587078,26353542,3689932,77898,52562,2322
5,../model_20130808_465499656.uvl,22,14,35360981,true,1593415,28783698,4401596,194377,65473,2958
11,../model_20160225_419189676.uvl,47,52,64114165,true,1901532,55290601,5628220,545108,294211,3782
0,../model_20160330_888130075.uvl,73,73,83358734,true,2261870,74723606,4770105,668373,429996,3802
9,../model_20141023_1082000051.uvl,37,49,46743059,true,1700943,39115354,5137092,288171,140044,2327
2,../model_20150228_41303449.uvl,33,33,39103118,true,1696341,32749972,3847803,332050,187315,2946
12,../model_20161213_651973816.uvl,21,25,48541176,true,1476914,42282093,4043652,311294,178852,4223
14,../model_20170702_979744088.uvl,21,21,46456289,true,1729520,39843409,4258819,216636,124821,4223
13,../model_20141018_811394530.uvl,23,22,41533742,true,1536405,35207718,4151090,223827,125154,4026
7,../model_20141017_1234330746.uvl,38,48,65344717,true,1864358,58109404,4203465,515842,289514,3908
10,../model_20120905_104354355.uvl,13,13,26329329,true,1497872,20538533,3942992,83846,49280,2292
11,../model_20121123_1047250318.uvl,16,17,30262526,true,1557043,24569321,3712120,111009,63663,2736
1,../model_20180409_394573881.uvl,10,10,27556522,true,1591975,21972821,3679173,69042,41275,2808
3,../model_20200120_1111265554.uvl,10,8,37073068,true,1477031,31306298,3872050,124317,67053,4088
5,../model_20160428_283258262.uvl,40,37,58599181,true,1809142,50792930,5154140,336252,206483,3923
0,../REAL-FM-8.uvl,17,17,34485117,true,1726270,28839432,3442835,109512,58575,2546
2,../model_20151201_896154285.uvl,24,21,39044133,true,1580797,33472619,3542026,147082,79866,2281
9,../model_20130916_302923469.uvl,16,17,75323481,true,1688381,69570134,3571489,133559,62271,2290
12,../model_20180611_848416665.uvl,10,13,25458073,true,1615669,19549158,3700835,251787,68624,3502
7,../model_20131129_1795005487.uvl,10,10,27729714,true,1549838,22525607,3183373,182249,46125,2852
6,../model_20140819_940483638.uvl,11,11,30206085,true,1742623,22999884,4962405,123232,71345,3320
8,../model_20190922_499979669.uvl,25,29,48286161,true,2001425,41719836,3800770,265558,163444,3744
14,../model_20150309_1544990511.uvl,39,42,60280996,true,1902669,53424675,3982719,405105,240331,4002
1,../model_20130302_379367837.uvl,10,11,37916548,true,1599655,31829454,3991921,142449,78466,3512
10,../model_20140209_1382642350.uvl,41,29,131098373,true,1964447,123869965,4478383,283975,111852,2288
5,../model_20160503_1174916821.uvl,42,44,63642000,true,1930338,53436875,7139518,466698,246489,3720
3,../model_20140826_2051139991.uvl,31,31,37254960,true,1725537,30181332,4641396,265508,111875,3878
0,../model_20190326_164569423.uvl,10,10,90732532,true,1525776,85743416,3072990,78912,36938,2141
2,../model_20150416_264061404.uvl,47,24,46786222,true,2126396,38258610,5700157,198030,104083,1799
6,../model_20150621_1174641946.uvl,36,32,43347024,true,1766242,35720036,5000886,320577,144764,3448
4,../model_20160504_814917052.uvl,26,20,39880374,true,1699871,33443485,4230710,137678,68996,2247
15,../model_20150222_2069201003.uvl,13,13,33447745,true,1595793,27130778,4199872,146306,82076,3564
8,../model_20160913_245590430.uvl,38,38,73244926,true,1951366,66561019,3843738,361624,230300,2808
12,../model_20190917_729866659.uvl,83,56,66798656,true,2249403,57469622,6114340,368721,177990,2393
1,../model_20130812_1882708509.uvl,41,51,48917174,true,1862386,41643168,4684142,276676,152125,2560
5,../model_20130725_1746580783.uvl,16,17,28411042,true,1502440,22391159,4064679,110674,62250,2428
10,../model_20230616_862941800.uvl,30,26,35341578,true,1740347,28658305,4328668,159141,87478,2351
3,../model_20120201_1444061231.uvl,38,37,74400823,true,2083728,65984889,5150937,520716,269349,3804
11,../model_20170402_765751837.uvl,329,359,308534632,true,11432051,276648483,15871674,2263565,1347149,2689
13,../model_20171213_638254090.uvl,11,10,87825103,true,1746022,82675603,3011552,72105,39768,2670
2,../model_20230323_425392427.uvl,33,29,34672772,true,1725330,27266138,5050400,168902,93160,2051
6,../model_20140824_1698583194.uvl,66,66,44813615,true,2012179,36773361,4926507,317777,206002,2298
4,../smart_home_fm.uvl,59,62,61283116,true,1992442,51595241,6179364,601349,448791,3849
15,../model_20180729_778045288.uvl,31,34,39398907,true,2031942,31692538,5001352,196714,107458,3671
12,../model_20190616_1868431112.uvl,40,31,48493461,true,1780610,41024040,5120403,187483,94504,2648
5,../model_20140710_2059561340.uvl,33,25,36979247,true,1895260,29728017,4688345,188350,95347,2195
10,../model_20110915_1159959623.uvl,10,8,36028483,true,1636688,30962695,3004336,123739,68723,3044
1,../model_20120328_1412454948.uvl,36,34,114499542,true,1910796,107011137,4902724,202917,101261,2132
3,../model_20141103_285596543.uvl,25,27,45974153,true,1680681,39181137,4406045,278588,155540,3542
14,../model_20120110_1094246588.uvl,10,10,27963633,true,1700936,22248032,3633357,87519,50443,2668
7,../model_20190526_2060834946.uvl,12,9,24642498,true,1624749,19424251,3043443,235897,61186,3059
13,../model_20190411_1457420991.uvl,18,27,39355185,true,1613714,32314511,4105143,911039,90469,2851
9,../model_20180306_832754487.uvl,49,53,72868526,true,1959182,64689042,5038865,449420,287701,2901
4,../model_20170219_358603289.uvl,62,62,55104437,true,2001333,47311175,4780799,304382,211783,2143
12,../model_20141129_264528063.uvl,13,14,39540667,true,1681051,33917433,3419152,159960,89437,3714
5,../model_20130418_1960440366.uvl,29,32,35082836,true,1726398,28702774,3997394,186553,107817,2691
10,../model_20140508_530056624.uvl,36,49,47735016,true,1923418,40301501,4631064,348563,166383,2142
1,../model_20131112_330151541.uvl,21,16,30860572,true,1712208,23424115,5155821,177293,96933,4277
3,../model_20130219_1778040846.uvl,40,38,41635544,true,1793894,33702277,5245526,353998,179709,3383
0,../model_20140403_1254324003.uvl,28,27,47911290,true,1764013,41851997,3628079,150887,165517,2540
14,../model_20131124_646639708.uvl,16,17,33456369,true,1479035,28225221,3187877,170376,102408,3055
7,../model_20131206_684654596.uvl,12,12,27492832,true,1609644,22133343,3192524,171741,97488,3617
9,../model_20150309_1129343473.uvl,33,38,36724677,true,1433683,30705898,3772875,244504,236666,3949
13,../model_20110601_1103941862.uvl,12,12,30398811,true,1469184,24647982,3743254,172019,100189,3282
4,../model_20110919_127780100.uvl,37,27,48808220,true,1783071,41836676,4276462,363155,201243,3206
8,../model_20180307_2144246090.uvl,49,39,69223155,true,2050958,61060204,4888912,581259,301252,4639
12,../model_20140427_1594857347.uvl,19,21,40723025,true,1733845,35389454,3129768,147800,77125,2267
5,../model_20200621_929471783.uvl,11,11,27588920,true,1561429,22017852,3608660,92041,52303,2256
2,../REAL-FM-4.uvl,290,310,230222917,true,8605337,203454642,14449619,1444989,1019409,2757
10,../model_20190920_579117949.uvl,13,17,34665692,true,1507630,28405541,4249660,119303,66663,1817
3,../model_20170926_289427240.uvl,11,8,27400923,true,1635640,21547888,3819777,81795,45321,2756
1,../model_20200901_164722413.uvl,11,10,39376951,true,1689190,33134473,4060746,137951,76687,3488
11,../model_20130309_1354780318.uvl,11,9,28393244,true,1661939,23506858,2868923,78452,41353,2437
6,../model_20230323_642188361.uvl,23,22,44765864,true,1680732,38159288,4402666,148226,70205,3344
15,../model_20221109_1435495840.uvl,14,15,26845635,true,1586562,21378636,3428266,151067,58798,2686
7,../model_20160225_2040495200.uvl,50,29,48567920,true,1860939,40125474,5455495,435737,242972,3333
13,../model_20190917_659690280.uvl,12,12,30744913,true,1601076,24063584,4654746,107981,45269,2676
4,../model_20180222_524224426.uvl,26,14,34660875,true,1881991,27677791,4583694,122432,62099,2223
8,../model_20120722_2065280700.uvl,13,9,41428520,true,1631688,35199543,4065258,166230,89649,3417
2,../model_20190108_414883666.uvl,17,17,26479802,true,1594954,20413556,4033423,92969,53876,1961
5,../model_20130916_156611854.uvl,17,15,31404809,true,1661714,25444239,3853826,94939,54484,2404
10,../model_20130916_667715515.uvl,16,16,24984728,true,1653991,19810160,3062351,106537,57109,2790
3,../model_20140530_1262796172.uvl,10,9,22187011,true,1381163,16742014,3682979,75096,38492,2374
1,../model_20161124_135805624.uvl,37,37,46874778,true,1748687,39204952,5220054,212194,105747,2061
11,../fame_dbms_fm.uvl,21,16,39536004,true,1570253,33958548,3477813,212317,106600,3710
15,../model_20170311_1316290182.uvl,48,48,76771509,true,2051973,69246663,4393517,415407,259781,2910
6,../model_20140326_183546394.uvl,11,11,100202853,true,1580361,94590877,3725269,69779,39381,3481
13,../model_20130116_1542765516.uvl,10,9,29732213,true,1658472,23730361,3898635,108715,55145,4343
4,../model_20171005_661289758.uvl,10,10,24707982,true,1523795,19402855,3430648,76919,41043,3486
7,../model_20150427_2103265175.uvl,56,54,63413285,true,2005355,53714126,6146913,684823,354083,4473
8,../model_20230322_928718925.uvl,20,16,39288825,true,1711714,32890039,4073049,180372,98947,2560
10,../model_20161122_1255346120.uvl,15,10,26703244,true,1521366,21503736,3287927,92900,50237,2214
2,../model_20190922_267709941.uvl,35,35,34641634,true,1807257,27791828,4254956,262775,130041,2249
3,../model_20160504_18344306.uvl,13,14,36060694,true,1703899,29935044,3956237,101939,58760,2120
5,../model_20131112_356575914.uvl,20,15,29583236,true,1692943,23854840,3391392,198514,101898,3825
0,../model_20150419_1225785874.uvl,11,9,30698448,true,1530696,24674002,4014286,116989,68563,3287
14,../model_20190513_110684557.uvl,10,10,30806413,true,1770824,24489068,4168724,88892,52937,2359
1,../model_20110310_1849309646.uvl,23,20,44458927,true,1778358,37236442,4738304,222397,135475,3010
9,../model_20170504_370000031.uvl,36,37,59227757,true,1932115,52472480,3912880,372587,203280,4900
13,../model_20180611_1140870617.uvl,10,13,39780976,true,1771533,33620129,3779283,282173,90925,3445
15,../model_20110823_553386338.uvl,21,21,43371022,true,1563859,36947052,4279765,190606,106465,3588
4,../model_20190916_779041735.uvl,41,23,51727773,true,1831979,44534126,4447427,335060,180732,3779
12,../model_20141129_1168519534.uvl,12,12,42445965,true,1667782,37060500,3031660,362692,98420,3613
8,../model_20170703_1893075315.uvl,20,16,32455895,true,1706589,25771822,4465719,122481,75175,2831
7,../model_20161123_1530983999.uvl,36,36,51514577,true,1830174,44709133,4005335,364904,203625,3698
2,../model_20200816_33425673.uvl,39,33,34859782,true,1846906,27270537,5055908,188479,97597,2311
0,../model_20201002_1982652571.uvl,15,15,25515468,true,1661908,20256976,3162503,92116,52667,2072
14,../model_20101024_1938793748.uvl,29,32,44335229,true,1789465,37935621,3803761,305699,130291,3195
1,../model_20170919_414938854.uvl,47,35,50340063,true,1932597,42198939,5469957,227863,121505,3162
3,../model_20181016_583005690.uvl,32,34,90949473,true,1809224,83726488,4760852,181958,97273,2236
9,../model_20100213_206550190.uvl,38,33,52439183,true,1868924,43943066,5499913,398854,304315,4310
15,../model_20140503_2024413965.uvl,16,14,35239976,true,1669958,29131516,3853198,179846,97393,4765
13,../model_20221031_340330235.uvl,35,35,48999352,true,1905115,41203851,5085188,293356,169103,4936
12,../model_20190913_1052617154.uvl,21,21,45033065,true,1819251,38789585,3752579,207121,126727,4127
4,../model_20190916_1777637747.uvl,10,10,32068769,true,1638698,25154480,4797936,121279,72304,3798
7,../model_20101109_1698100628.uvl,15,15,30399059,true,1540129,24966311,3480696,112950,51975,2621
8,../model_20150425_1862491910.uvl,80,77,89466333,true,2508808,77817389,7368565,754464,434335,3534
11,../model_20180304_1150769979.uvl,48,38,52419604,true,1932564,45752663,3982281,307087,150871,2579
2,../model_20140905_2124104947.uvl,10,9,23109452,true,1707680,17878128,3146809,67512,40615,2548
6,../model_20130311_1184229274.uvl,11,11,26439720,true,1584700,20700000,3833796,70508,39939,2224
14,../model_20141129_1031364.uvl,12,14,25396985,true,1781928,19314664,3766888,196064,56977,2026
3,../model_20170821_2117231347.uvl,28,42,54638334,true,1738574,47191034,4743485,443286,167211,3648
15,../model_20190514_850677966.uvl,25,29,36536230,true,1737230,29692996,4528390,161808,90576,2540
13,../model_20140209_738203734.uvl,51,55,58979522,true,1893464,51750557,4297199,493507,197469,2910
9,../model_20160519_1846923063.uvl,39,50,86148078,true,1966054,78666127,4632126,386324,177160,2882
7,../model_20140423_1890396897.uvl,36,31,41417400,true,1868602,35207794,3512303,358273,182750,2770
12,../model_20131202_1775789712.uvl,50,50,127936878,true,1900134,121349117,3911301,261305,175329,2067
8,../model_20160606_235281629.uvl,13,13,22267065,true,1591654,17373658,2907754,77967,44576,2367
10,../model_20190510_1232864614.uvl,12,9,22197398,true,1655213,17638609,2543369,79150,38288,2663
5,../model_20160229_490224198.uvl,49,39,41951056,true,1774638,35019164,4396508,268911,135336,2381
6,../model_20110712_1373520081.uvl,66,61,41256001,true,1796054,34513797,4116586,333672,154841,1811
14,../model_20130731_2029107317.uvl,76,68,45485909,true,1917332,38368472,4293527,337101,175605,2157
0,../model_20221017_1844403757.uvl,10,10,19815926,true,1938799,14769712,2834538,64413,34767,2137
1,../model_20100321_1548012375.uvl,18,18,60373195,true,2016009,55433058,2552552,92374,49179,1554
4,../model_20180214_1066016479.uvl,96,79,63782718,true,2377679,53560356,6554844,458159,310950,1946
2,../model_20160304_165509543.uvl,43,42,37217243,true,1661098,30549361,4156708,245180,170031,2510
11,../model_20170316_1293936491.uvl,48,53,39359377,true,1677541,32754758,4072086,261891,136727,2140
