index,filename,n_features,n_constraints,execution_time,result,clif_gen_time,clif_ast_time,bridge_solve_time,code_gen_time,generic_csp_model_time,concrete_csp_model_time
3,../model_20180913_1045465294.uvl,10,6,22167592,true,1407038,17041574,3340325,66091,34273,2671
8,../model_20160921_24535453.uvl,29,28,31552100,true,1589826,24765997,4683562,151096,78925,2608
1,../model_20131112_832913408.uvl,17,17,25886163,true,1584786,19736963,4063469,117792,57236,2807
14,../model_20110826_819334011.uvl,24,24,69464439,true,1363694,63549576,4003928,126050,67724,3065
10,../model_20160905_774306083.uvl,14,14,34928680,true,1681530,28842091,3970397,101255,52057,2711
12,../model_20140428_1043688075.uvl,56,55,52352422,true,1825983,44646466,4517086,560790,318471,4602
4,../model_20140503_110898123.uvl,16,16,28968085,true,1689958,21998152,4801298,117222,67968,4224
6,../model_20180513_39795521.uvl,22,22,33605777,true,1474368,26864838,4645846,209927,124527,4179
5,../model_20150414_2125272166.uvl,21,24,48301634,true,1713417,41837933,3992710,272756,141776,3639
7,../model_20091109_376438407.uvl,22,21,38818579,true,1503607,31622696,5004205,240243,126167,4372
11,../model_20230322_492815120.uvl,41,32,44631134,true,1768861,37810438,4362591,198326,104496,2516
5,../model_20141129_1141626102.uvl,12,12,24954193,true,1452620,19169616,3951149,74134,40816,2656
3,../model_20100308_1355834007.uvl,20,18,27096894,true,1713218,21689090,3205226,108564,56779,1935
1,../model_20170320_1505333083.uvl,47,25,36446663,true,1748989,29006114,4972771,202659,101830,2677
14,../model_20110826_1574631601.uvl,52,56,37970895,true,1666312,31251240,4143038,301675,184019,3685
12,../cfdp_library_fm.uvl,13,18,28016169,true,1546561,22905647,3098105,115882,63058,2697
7,../model_20200403_1474941211.uvl,14,12,25846411,true,1328418,20015963,4099707,107059,56425,2938
6,../model_20100106_985255768.uvl,20,11,31084141,true,1487265,25488715,3535764,173286,97829,3789
10,../model_20150527_2051574410.uvl,28,21,39536930,true,1679535,33436454,3932528,140103,74198,1962
11,../model_20181024_611767532.uvl,13,14,30505490,true,1474173,24762810,3741278,127547,107262,3959
4,../model_20160527_1098137653.uvl,20,20,40934317,true,1624886,34722183,3885852,245452,130697,3832
9,../model_20180612_712325117.uvl,15,15,26486382,true,1897310,21091723,3062005,89830,49255,2958
0,../REAL-FM-15.uvl,25,21,33158056,true,2083857,25751984,4688688,187786,99311,3543
15,../model_20121214_211817376.uvl,14,14,27236421,true,1567876,21243568,3993878,102104,54504,2413
2,../model_20131112_1592384504.uvl,32,32,34495909,true,1875531,27748549,4230774,164334,90925,3040
13,../model_20140421_782765396.uvl,19,19,30136182,true,1674517,23797472,4064196,179641,107824,4023
14,../model_20150621_2090653675.uvl,20,18,31591531,true,1571475,24827567,4664540,166512,70984,3023
3,../model_20121018_880874071.uvl,16,15,35963102,true,1579129,29011253,4803490,166883,104148,3756
12,../model_20221208_1116778716.uvl,22,15,31732942,true,1551969,24893691,4720709,172871,81782,2408
1,../model_20150120_214372699.uvl,40,39,48609448,true,1789434,40138271,5623289,405043,220856,4173
7,../model_20170926_1539445221.uvl,14,12,42394468,true,1541921,35413957,4833733,180335,102602,3038
5,../model_20140423_969548559.uvl,49,48,47661298,true,1999102,37831535,6565479,470321,267101,4100
11,../model_20190917_1882445879.uvl,16,12,39800226,true,1438340,33471375,4366258,165293,94153,5041
10,../model_20180514_1722608288.uvl,27,27,46031456,true,1630892,38286953,5311353,251620,182317,4156
8,../model_20160919_1142576711.uvl,20,20,30627660,true,1624873,25409318,3210397,110249,57992,2137
9,../model_20121018_1578042435.uvl,17,15,26952305,true,1673374,21995475,2887329,98394,50433,2012
0,../model_20110926_608554224.uvl,30,32,40544125,true,1891321,34052964,3932616,176403,95298,2238
1,../model_20120328_573707444.uvl,34,27,33625907,true,1717811,26663617,4429322,214103,214541,2807
5,../model_20120229_1103715736.uvl,14,13,28244365,true,1684279,22174513,3873333,91485,131804,2464
7,../model_20180512_316263333.uvl,41,36,39851725,true,1630820,32541105,4977967,199767,104228,2095
11,../model_20140227_661956564.uvl,47,43,42474295,true,1817796,35230046,4644674,234523,122675,2463
4,../model_20130908_1070185514.uvl,366,528,379551442,true,11410725,340257016,20523960,3491349,2047019,2922
10,../model_20170706_1588900401.uvl,30,26,47131411,true,1832676,40745767,3733637,297900,166953,4729
3,../model_20110516_1331478109.uvl,88,145,111269062,true,3048913,99085941,6873626,1054537,574081,2834
12,../model_20101112_864228137.uvl,137,138,100432317,true,3478403,88464696,6575577,807562,443337,3170
6,../model_20190917_595353381.uvl,13,12,74282725,true,1619719,68995987,3266500,87411,44714,2837
0,../model_20140410_1905141388.uvl,11,20,32172443,true,1692819,27154882,2834256,160397,78162,2577
9,../model_20120515_1862354569.uvl,15,15,88069836,true,1798248,82538714,3304545,99980,55187,2256
5,../model_20141212_523199394.uvl,15,13,24531725,true,1454790,19324849,3353097,90771,50365,2222
7,../model_20160531_990808801.uvl,14,13,24521038,true,1497577,19361995,3281386,86796,45843,2881
11,../model_20140630_1564361664.uvl,10,5,28339379,true,1445308,23416341,3135385,64444,32215,2556
8,../model_20221013_1054303307.uvl,66,56,49748303,true,2047846,39193497,7469855,313581,212231,3117
4,../model_20110525_928187171.uvl,14,14,25218883,true,1632744,19533508,3562757,147467,76314,3720
10,../model_20150309_670536624.uvl,22,28,38524640,true,1613110,33051747,3337345,196457,96646,2649
12,../model_20140408_1553357169.uvl,11,15,48637759,true,1527865,42577333,3903593,265011,129420,3565
15,../model_20170809_1734454576.uvl,15,14,26483936,true,1795306,20883400,3275181,134339,82471,3605
13,../model_20190915_1647283170.uvl,10,10,22973414,true,1895315,17768975,2950767,74952,37408,2175
2,../model_20130529_51708559.uvl,16,17,27006856,true,1781747,21818873,2981082,111082,58201,2744
9,../model_20131122_1083650489.uvl,15,15,29325969,true,1712798,23117514,3922056,130744,139981,3499
14,../model_20131202_1494824194.uvl,34,34,54838085,true,1857085,47207552,5121247,180488,103185,2372
4,../model_20130529_1165512118.uvl,10,10,26346535,true,1615976,20268321,4055956,72989,61448,3817
11,../model_20160329_925786350.uvl,31,29,43695525,true,1756448,36645823,4543681,300070,155261,4098
8,../model_20201007_667063467.uvl,72,63,62307199,true,1851101,52541995,6692203,368462,345624,3029
10,../model_20180306_1851656621.uvl,49,41,77872697,true,2025756,70663968,4253006,323107,154649,2575
12,../model_20141202_107430422.uvl,36,30,36535070,true,1622649,28636829,4860832,179064,871336,2886
5,../model_20230322_572568226.uvl,51,36,62628954,true,2091142,53748158,5651878,463318,226016,3916
13,../model_20130916_882364260.uvl,15,17,25884492,true,1771844,20695378,2975174,103055,56875,1770
15,../model_20230615_784426434.uvl,14,13,28387989,true,1690421,23355053,2961925,93005,50780,2497
14,../model_20100412_337845737.uvl,10,10,31081779,true,1433602,26183762,3131553,67638,37271,2151
2,../model_20140424_1672030888.uvl,65,45,69239734,true,2118808,59559872,6502506,368813,191340,2829
1,../model_20150505_1728564449.uvl,13,12,35096751,true,1760027,28689356,4189465,107663,60931,7047
9,../model_20190922_230985682.uvl,21,32,38593886,true,1723818,31985031,4231174,204671,160320,3155
4,../model_20140320_391816142.uvl,11,11,29438640,true,1447715,23481307,4072000,128428,72590,3294
8,../model_20130917_1805517149.uvl,13,15,37634210,true,1640031,31689190,3848627,123294,69040,3438
11,../model_20190413_1966613868.uvl,42,18,51598142,true,1791514,43579916,5351034,310824,160153,3047
3,../model_20160721_972954567.uvl,10,9,38434221,true,1763081,32096371,4093785,133789,70010,3933
10,../model_20170206_852070049.uvl,13,10,37303010,true,1534841,31393304,3889654,152114,78973,3190
5,../model_20140319_1506613330.uvl,16,12,42929847,true,1758768,36331492,4279676,170867,87635,4315
12,../model_20170510_174347414.uvl,15,13,106517070,true,1666606,100916884,3424990,155817,82685,3595
6,../model_20120113_1950870026.uvl,10,10,23628399,true,1769060,17594154,3886717,99568,45536,2607
15,../model_20170315_692595151.uvl,23,18,40589928,true,1750158,33790198,4376255,213656,113739,3838
14,../model_20180611_1112345807.uvl,10,13,23588283,true,1527594,18417366,3109963,191345,75435,2103
0,../model_20221010_1477134717.uvl,51,44,51472977,true,1912980,44085621,4747768,265258,140595,3360
2,../model_20141021_386995832.uvl,24,24,36021558,true,1775102,30189343,3540149,147910,81860,2672
7,../model_20190117_1837815772.uvl,14,12,40887136,true,1557628,34252993,4469751,180505,104185,4777
9,../model_20150616_314969910.uvl,26,27,35137738,true,1764494,27930797,4617731,298108,165697,3610
8,../model_20170301_235251685.uvl,14,13,24755301,true,1727861,19494716,3044656,150201,83503,4131
3,../model_20170322_711096381.uvl,10,10,37905043,true,1800909,31637745,4000557,124597,72693,3625
10,../model_20140209_34267674.uvl,44,41,73790014,true,2042029,65844739,5021625,299759,252233,3692
12,../model_20140301_728202228.uvl,49,45,50802678,true,1760577,42610125,5665880,235352,161275,2189
5,../model_20100416_811483774.uvl,16,9,25217746,true,1501191,19642652,3691925,122949,50987,2445
14,../model_20140423_813378270.uvl,48,44,44216663,true,1799771,36214278,5398800,247399,182716,2584
2,../model_20180815_1120231956.uvl,26,33,35678503,true,1864425,29426026,3789281,214978,107563,2696
9,../model_20190917_383002664.uvl,43,24,40889471,true,1684349,33960037,4591134,190713,100832,2646
7,../model_20191119_1702487696.uvl,24,24,28800935,true,1709246,22290713,4315063,134165,83721,2325
15,../model_20141111_2120296387.uvl,51,18,45555483,true,1962731,37632166,5212224,194881,91383,2354
8,../model_20190914_1323674619.uvl,61,57,57662271,true,2072400,50095291,4690846,292773,150599,1971
3,../model_20161018_1395239714.uvl,11,11,22141036,true,1338346,16565448,3917226,72903,39361,2329
10,../model_20160311_1359424486.uvl,50,50,57301740,true,1925677,50561292,4019023,243711,124459,1825
12,../model_20160330_149443721.uvl,30,43,69808320,true,1717972,62052402,4877433,530658,256208,3740
13,../model_20150720_1580995178.uvl,22,24,48259039,true,1887523,41485911,4020868,248444,249211,2939
5,../model_20160420_474055968.uvl,96,69,103084119,true,2532948,92576235,6204455,813100,510587,3689
1,../model_20200819_795623217.uvl,26,17,29745027,true,1889195,22868839,4426639,127070,148052,3482
14,../model_20180512_733862721.uvl,23,22,33005660,true,1580148,26326544,4553691,172944,80480,2793
2,../model_20170814_699386305.uvl,12,12,25069372,true,1325903,19249560,4068655,84981,85337,3236
15,../model_20130422_139902368.uvl,40,34,44673030,true,1690310,36957923,5247868,253160,116570,2844
11,../model_20140321_1655023261.uvl,14,14,30978904,true,1773489,24601259,4109252,147887,82987,3777
9,../model_20201011_1804341944.uvl,59,59,82150153,true,2131757,71230553,6983630,777413,574088,6477
4,../model_20100529_1010171189.uvl,22,15,134572825,true,1710699,127564358,4659922,228272,110878,4000
8,../model_20180306_177892963.uvl,45,37,72851475,true,1668005,65412214,4460772,588931,300794,4799
3,../model_20121018_1701181193.uvl,17,15,40479480,true,1635948,33907713,4355224,160011,87543,3500
7,../model_20200901_1590540568.uvl,38,33,66933756,true,1991079,56869822,7079819,446903,238595,3985
10,../model_20100822_281357717.uvl,15,16,45860584,true,1752626,40314763,3187823,242646,117985,3432
13,../model_20140524_520707568.uvl,11,9,22859565,true,1577931,17274872,3628364,71761,37460,2223
0,../model_20101119_1472596180.uvl,25,26,40083221,true,1783493,34164864,3572859,160261,87387,2133
6,../model_20150507_425070085.uvl,44,44,40306107,true,1997266,30646834,6960650,210732,112426,2260
1,../model_20131112_1617262618.uvl,30,25,50342118,true,1791675,43918691,3842452,261956,146658,4754
2,../model_20110318_225131257.uvl,15,15,39512450,true,1682181,33612664,3596402,209823,114864,4455
14,../model_20141106_687094706.uvl,65,61,55310210,true,1960335,47682086,4674673,312889,159477,2000
4,../model_20120328_810464459.uvl,17,17,29684015,true,1646759,24262861,3351506,106729,59159,2172
8,../model_20151106_857588743.uvl,21,25,36432138,true,1807816,30938079,2963922,284750,156592,3735
3,../model_20161209_758532997.uvl,13,5,23503680,true,1727673,18134096,3236415,98149,41980,3057
7,../model_20180512_143602565.uvl,37,37,46885638,true,1816060,40342589,3975157,193652,173144,2791
6,../model_20171202_671836466.uvl,14,14,23982000,true,1470733,18956216,3159090,83604,45708,2106
0,../model_20190915_38921055.uvl,10,10,21039474,true,1397464,16177646,3141259,68273,38460,2382
13,../model_20230322_1914329788.uvl,32,32,32472553,true,1721963,25504939,4513187,196402,151407,2704
1,../model_20180305_1565538092.uvl,50,39,47018057,true,1884004,38852620,5353497,326095,172673,2818
2,../model_20130916_330769314.uvl,17,18,25848198,true,1532878,20107487,3698590,152882,66557,2482
14,../model_20140614_1407759983.uvl,29,29,33922178,true,1666097,27573981,4093232,182233,92462,2089
4,../model_20171208_504832504.uvl,10,8,23565250,true,1403355,18398751,3437344,77202,47836,2880
3,../model_20120801_1784537083.uvl,12,11,34066293,true,1630157,28067933,3863433,159980,93823,5040
8,../model_20141029_1924517902.uvl,53,53,45113374,true,1993757,36981927,5158413,396611,144473,2440
7,../model_20230322_61558144.uvl,16,16,34435524,true,1559065,29582580,2923025,92455,51800,2766
5,../model_20110519_503436691.uvl,11,10,30593132,true,1611475,24818526,3827254,76942,40630,1989
6,../model_20130305_522520932.uvl,16,14,28598136,true,1624574,22749327,3744602,118747,64011,2467
12,../model_20221114_1363146415.uvl,39,43,60260373,true,1982035,53361885,4155840,252102,121220,1756
1,../model_20150616_1287606127.uvl,22,21,29955946,true,1554631,23644675,4230178,127783,77076,3124
13,../model_20140430_1345238885.uvl,17,17,34707132,true,1702954,29059433,3480564,101461,57121,2204
0,../model_20140728_1532422166.uvl,23,37,65640642,true,1737756,58743340,3987276,518563,256624,4059
15,../model_20160912_772295854.uvl,18,18,38508083,true,1657502,32203707,4209526,112637,65932,3127
2,../model_20190825_1083955002.uvl,12,10,38217680,true,1539986,30345776,5819618,153145,72805,4097
14,../model_20161101_1287284082.uvl,50,37,48697318,true,1655848,40345410,5570740,409691,233258,5388
3,../model_20130818_278315719.uvl,10,10,33013691,true,1454874,27842839,3344520,113930,65277,3589
9,../model_20120823_304633016.uvl,16,19,51968179,true,1700065,45119022,4416854,275766,141932,3931
11,../model_20140223_789634838.uvl,26,19,45762323,true,1834476,38384763,4805574,256683,128199,3856
4,../model_20160311_358715911.uvl,26,26,42480112,true,1630540,35197577,4836788,253956,252284,3231
7,../model_20180913_872907572.uvl,15,15,39750034,true,1743831,34012919,3421038,172723,100901,3710
10,../model_20170927_2140419024.uvl,87,69,67810915,true,2532373,56906164,7266989,508375,240025,2299
6,../model_20180708_1907991672.uvl,24,30,37865825,true,1957488,31480623,3658974,211196,195063,2643
0,../model_20230322_729074756.uvl,29,23,30211778,true,1754111,24209085,3693723,148785,74706,2779
15,../model_20140403_1425048263.uvl,12,12,80690674,true,1649887,74200630,4390664,88708,53681,2520
3,../model_20171108_1643056811.uvl,12,6,25587026,true,1537163,19655891,3975228,115175,41716,2264
14,../model_20170607_1389753102.uvl,13,14,27448150,true,1578108,21193333,4226373,98997,59501,2592
9,../model_20140615_1755551630.uvl,24,22,37083090,true,1922914,30332716,4149908,199536,122515,4324
4,../REAL-FM-12.uvl,14,14,29044329,true,1645497,22949438,3984328,109198,60307,3010
11,../model_20160721_1827988269.uvl,19,24,44800194,true,1898135,37395651,4689756,302830,181353,3576
2,../model_20130821_361829065.uvl,30,30,107470520,true,1723659,100599886,4426410,273581,156471,5517
7,../model_20121026_334751192.uvl,28,28,44059013,true,1643776,37262579,4378880,267877,164720,4165
10,../model_20111220_1184087779.uvl,15,9,24439431,true,1783589,19142100,3137147,91658,46690,2685
6,../model_20140613_2054294739.uvl,10,11,27044980,true,1571957,22051208,2969050,163474,48592,2378
8,../model_20130716_384525556.uvl,17,12,28015394,true,1615603,21965746,3945125,99105,56563,3037
0,../model_20110329_10104623.uvl,41,35,41996932,true,1970850,35217950,3978886,250154,137937,3055
15,../model_20130117_2075912065.uvl,13,14,39488936,true,1915054,32670550,4358538,139288,65551,3128
14,../model_20130916_1448418245.uvl,14,16,27282561,true,1545840,21742878,3504021,126176,60613,3130
3,../model_20141129_1642511009.uvl,34,37,48702384,true,1985899,41076333,4861545,255455,123791,2968
9,../model_20140823_1972464026.uvl,35,38,41930956,true,2053202,34182604,4860989,237986,218340,3150
11,../model_20141129_966803644.uvl,12,12,31165072,true,1478255,25107217,4195613,80972,48609,2608
4,../model_20110725_452580960.uvl,34,30,52451281,true,1823460,45131787,4602300,326181,174544,3626
2,../model_20200815_1845054862.uvl,39,32,44035937,true,1749818,36251569,5370705,194174,108267,2271
7,../model_20161118_1167269407.uvl,66,22,141420221,true,2160247,133482412,4967937,323209,141224,2614
5,../model_20150515_2045521211.uvl,25,26,37728653,true,1838595,31592156,3689668,174687,84814,1998
10,../model_20111027_668940289.uvl,29,29,56221278,true,1842918,47353351,6106404,364970,184751,3638
12,../model_20160329_736279509.uvl,14,14,39545310,true,1817372,33740512,3521032,134191,74873,3039
13,../model_20130426_1685243628.uvl,16,15,36426898,true,1785918,30040851,4039784,105249,52292,3108
1,../model_20120328_1357539597.uvl,18,17,33737803,true,1833694,27663744,3685085,157021,63291,2285
8,../model_20111214_733452875.uvl,15,15,35806333,true,1515140,27695838,4220870,1976512,106990,4316
14,../model_20110406_1047532859.uvl,29,28,45151592,true,1739250,37739340,4694315,428632,173762,3514
11,../model_20171109_1740328562.uvl,21,25,55432952,true,1817483,49061708,3812896,210394,197202,2920
0,../model_20190223_1159148955.uvl,103,70,92731232,true,2914348,81979601,6381657,553897,417450,2658
4,../model_20120915_487659597.uvl,20,17,35801716,true,1727296,30027440,3531252,132251,70210,3135
2,../model_20170310_2069806245.uvl,49,36,140341512,true,1824845,133057249,4578326,297411,151913,2969
7,../model_20140409_1370428339.uvl,24,28,58148270,true,1765569,51298797,4214911,405148,194152,4470
3,../model_20221031_379205114.uvl,158,208,192971909,false,5334986,177125711,7543432,1482452,1173315,3026
5,../model_20161003_680973994.uvl,53,58,44267757,true,1739348,37367178,4186303,317295,205473,2083
12,../model_20140306_1607259562.uvl,43,49,45779587,true,1711146,37805151,5463135,260061,148818,2785
1,../model_20170918_446567907.uvl,48,37,45279597,true,1882611,37768201,4680193,309860,220965,2688
10,../model_20170514_1578942718.uvl,40,44,60632748,false,1895145,52553588,5209931,502104,260849,4066
0,../model_20150624_1191374126.uvl,13,12,26816761,true,1642084,21810025,2951391,92857,49735,2549
11,../model_20160621_993334585.uvl,26,24,31392876,true,1730685,25808423,3300613,152430,141484,1966
2,../model_20180930_1153905679.uvl,27,27,34902195,true,1877597,27568293,4752937,226772,115862,3610
7,../model_20200810_956997411.uvl,39,36,40653551,true,1900682,32995350,4992273,234489,234644,2537
6,../model_20160712_1875218337.uvl,11,11,38371574,true,1804576,32219389,3891648,134594,71338,3568
3,../model_20110328_1177934440.uvl,18,20,47508962,true,1676729,40641630,4473108,263411,133837,4130
5,../model_20230322_1194175451.uvl,34,25,38381378,true,1619504,31104203,5055276,167635,85811,2439
1,../model_20230322_1299985155.uvl,31,20,51079002,true,1619783,43721222,4989890,278659,143292,3864
12,../model_20160330_469153666.uvl,13,13,29834644,true,1722995,24080830,3464412,161006,76943,3643
10,../model_20130105_1019508207.uvl,24,27,55493598,true,1652816,48544486,4537294,324991,170469,3332
15,../model_20120529_2101702978.uvl,35,46,56341616,true,2023663,48587530,4808498,337493,172414,2567
9,../model_20140605_572628146.uvl,11,11,35383038,true,1808205,29657776,3524962,72712,42555,2232
11,../model_20150109_425963323.uvl,37,23,53909520,true,1895286,46118965,5188618,183900,143250,2508
0,../stack_fm.uvl,17,13,42088973,true,1637525,35594797,4274895,186312,94476,3353
6,../model_20180512_419383167.uvl,36,38,55398602,true,1861102,47273894,5169663,393675,309964,3866
5,../model_20130529_1162054266.uvl,16,16,26844179,true,1577880,20894986,3918812,104097,58195,2250
3,../model_20200815_582760962.uvl,29,23,33948454,true,1846233,26665800,4868563,151761,76416,2646
2,../model_20091205_755658379.uvl,94,71,75399391,true,2643418,65695274,5695022,462927,324889,2805
13,../model_20181029_2093756359.uvl,18,18,48467619,true,1772523,41967239,3943995,233612,250619,3591
1,../model_20170528_1427439246.uvl,10,11,43068307,true,1862099,36930291,3765494,174004,95553,3915
14,../aircraft_fm.uvl,13,12,42291933,true,1651517,36178896,3947901,179341,87330,3621
8,../model_20170925_1698983864.uvl,19,19,43489460,true,1643527,37011415,4277478,203293,117136,4139
15,../model_20150625_1923523971.uvl,16,13,42707501,true,1483569,36782329,3940457,184243,97611,3453
0,../model_20181205_2097248492.uvl,19,24,54958991,true,1619946,49137961,3393811,331982,167122,2932
11,../model_20110809_1799855518.uvl,25,13,47304790,true,1626833,41435969,3586261,215890,106045,3484
7,../model_20170221_1848353506.uvl,210,161,174939973,true,6448701,155699981,9773380,1095534,765153,2430
3,../model_20150612_1719519345.uvl,14,12,39439433,true,1470288,34127554,3295682,157096,81574,4345
6,../REAL-FM-18.uvl,44,47,58764086,true,2122001,51109563,4372643,546933,268080,3693
2,../model_20100607_746327867.uvl,20,15,39344109,true,1630080,33652571,3448377,193261,129592,4770
13,../model_20160531_1105256806.uvl,25,30,46646791,true,1762234,40026126,4199837,205558,104364,1784
15,../model_20170512_1532934104.uvl,24,24,46217392,true,1561046,40360864,3585704,255356,146523,4592
1,../model_20170228_2078125436.uvl,34,26,57511033,true,1798421,49813812,4938645,452800,175374,3974
8,../model_20170215_1976164448.uvl,35,20,62692279,true,1812727,54552626,5353921,376301,205012,4416
14,../model_20150301_1821356180.uvl,28,33,138198400,true,1667986,50768664,84856195,379046,208530,3913
11,../model_20141023_1600573567.uvl,20,20,43874908,true,1595876,37211695,4448110,193822,111397,2688
0,../model_20120130_333619036.uvl,31,27,54849221,true,1819364,48433975,3763307,310638,162946,4191
7,../model_20230322_774285627.uvl,15,12,36148047,true,1775749,29985025,3885112,157010,91355,3328
3,../model_20160429_2024552354.uvl,12,12,28094284,true,1745711,22120722,3864554,75040,44253,2652
6,../model_20160426_744600320.uvl,21,20,45348686,true,1705109,37814265,5246837,235863,125438,3966
2,../model_20190805_1041162508.uvl,23,13,44360334,true,1708435,37987667,4039662,190109,105507,3449
10,../model_20160531_486171149.uvl,35,35,60937971,true,1984314,53449975,4514703,375406,230144,3401
12,../model_20170919_1393589103.uvl,48,45,93212253,true,2070458,84804280,4802976,749223,347439,3899
8,../model_20230613_1168762973.uvl,11,7,29173128,true,1611652,22905396,4181084,131933,64351,3534
1,../model_20161109_258969269.uvl,10,11,40932702,true,1653839,34646738,4085428,169004,93483,4078
9,../model_20170919_303553909.uvl,49,55,92302977,true,2262305,84245019,4123490,831675,484448,4130
14,../model_20170313_143405764.uvl,48,46,78562536,true,1801805,69547886,5663707,751581,485091,3512
5,../model_20171129_847069382.uvl,35,32,39897539,true,2044539,33108126,4095584,179050,101643,2756
7,../model_20150529_550903687.uvl,21,20,48488655,true,1518517,41970852,4353694,235457,131351,3062
3,../model_20120806_904481092.uvl,17,16,31132451,true,1541553,25367992,3731675,111049,64195,2299
2,../model_20180911_126281571.uvl,10,10,38683232,true,1398532,33042927,3647284,282385,89329,3335
0,../model_20140227_386614568.uvl,75,49,67746490,true,1990974,57914352,6858655,343606,226107,3061
10,../REAL-FM-14.uvl,18,16,31807302,true,1703843,25160782,4330499,196193,99594,4009
12,../model_20160309_77134368.uvl,18,17,40421121,true,1731700,33747023,4371526,177165,93940,3724
8,../model_20130422_1348727660.uvl,19,16,33246281,true,1791607,25579448,5347788,123814,69369,3064
14,../model_20180512_775268148.uvl,24,21,42113187,true,1645813,35511902,4356871,214976,70340,2937
9,../model_20121213_681234650.uvl,33,33,49839168,true,1899123,42503034,4886228,172984,95495,2016
1,../model_20160926_106687243.uvl,57,52,142226965,true,1736232,133773751,5456018,542405,276570,3907
5,../model_20131202_715513367.uvl,22,22,27876710,true,1603385,21241540,4522813,121245,67203,1955
7,../model_20170404_1821671055.uvl,13,14,37821891,true,1451334,31821763,4027432,175691,95626,3093
4,../model_20190904_400441788.uvl,625,500,428602898,true,25276585,366367784,29168713,3005230,1998911,3519
13,../model_20130529_2135483929.uvl,16,17,26536935,true,1607941,20334533,4128857,117990,77400,2866
3,../model_20131122_1573422851.uvl,15,13,25578720,true,1529307,19267107,4360765,92716,50412,2609
15,../model_20160125_59009200.uvl,37,35,56265980,true,1756820,49631133,4067391,290467,136081,3331
14,../model_20160330_1233914245.uvl,12,13,23768246,true,1544926,18770351,3023528,105848,55021,2564
12,../model_20170930_228024571.uvl,62,69,69161588,true,2384503,59806319,5852487,457905,266257,2743
9,../model_20191111_1176325905.uvl,16,14,33430181,true,1512335,28334342,3160484,95534,53833,2567
8,../model_20190917_1844149588.uvl,49,25,63766308,true,2001390,54804421,5992300,338209,170560,3907
1,../model_20121023_1328975384.uvl,14,14,39175533,true,1589584,32724578,4306422,166582,93405,3967
11,../model_20171029_1247758730.uvl,10,9,38199226,true,1826365,31765297,4124724,137471,70483,3585
4,../model_20131202_533920013.uvl,19,19,27938130,true,1953753,22223225,3244818,107382,61160,6023
13,../model_20140101_941325443.uvl,10,10,22966750,true,1330434,17648525,3672085,66029,38076,2719
5,../model_20160919_422339066.uvl,50,42,47987947,true,1888915,38583107,6248486,513685,282195,3781
6,../model_20230322_1887635433.uvl,32,32,39304264,true,1873360,32235244,4586449,164799,84879,2830
3,../model_20140615_1477062295.uvl,33,26,35462958,true,1659664,28812056,4270161,244823,96506,2880
7,../model_20200816_1246721801.uvl,18,16,43170761,true,1588618,36788313,4219481,204909,105359,3581
15,../model_20140604_731553244.uvl,14,14,33964744,true,1440809,28690403,3508036,84877,48181,2526
14,../model_20180613_78021145.uvl,15,16,27758218,true,1532212,21686974,4105216,98958,56286,2473
12,../model_20190921_1186818003.uvl,15,13,26791964,true,1591640,20505767,4124631,167562,89332,4139
1,../model_20190513_215044614.uvl,10,9,37575405,true,1489640,32292475,3321976,119541,65513,3524
9,../model_20180713_1002093829.uvl,23,17,45796674,true,1602956,39967629,3524771,269114,144838,4187
8,../model_20160123_368502373.uvl,10,9,37967685,true,1477111,31976322,4009398,140061,77793,4164
2,../model_20130908_1057721135.uvl,14,14,23541700,true,1610302,18045831,3469772,85536,49251,2725
4,../model_20130508_1842381745.uvl,16,14,40580099,true,1679960,34294130,4028943,183354,97699,3560
0,../model_20181103_2077285196.uvl,11,11,35117366,true,1837302,29078472,3731547,98495,81287,3966
13,../model_20131217_806985744.uvl,11,7,28930404,true,1552666,22923994,4063328,69090,37669,2249
5,../model_20230322_310895789.uvl,26,26,28712147,true,1676656,21508690,4857873,222882,77715,3061
7,../model_20190513_639238065.uvl,10,10,27544042,true,1502318,21513724,4151275,85439,49662,2391
6,../model_20131201_820966647.uvl,18,19,31656189,true,1610060,25189771,4340224,118708,79230,2692
3,../model_20170627_231083922.uvl,14,14,28781762,true,1528052,22767398,4052636,99842,54582,2249
15,../model_20150521_1423870525.uvl,16,16,39958642,true,1430891,33520802,4522878,169764,99752,3178
10,../model_20160329_174305764.uvl,44,49,178331794,true,2062724,170200927,4914181,601184,270507,3334
8,../model_20160824_2005849052.uvl,21,21,51161283,true,1620838,44217871,4706337,220080,122681,3685
1,../model_20110203_2097159983.uvl,18,18,94719886,true,1441345,88705063,4183267,100656,57620,2679
14,../model_20200919_469515687.uvl,20,18,29651702,true,1449389,23523630,4247458,115788,62094,2328
12,../model_20180306_1625675392.uvl,48,25,58903423,true,1874568,51265604,4879857,346242,187419,3574
9,../model_20140819_535519547.uvl,13,13,38563179,true,1479176,32860371,3698792,153302,85859,4140
4,../model_20180306_1110315637.uvl,39,19,37288048,true,1831444,31101355,3685700,175906,90583,2401
13,../model_20130122_243381566.uvl,14,14,39264941,true,1860625,33205639,3488817,291260,87567,3428
3,../model_20200811_1911664133.uvl,17,19,49405062,true,1626886,42406288,4701157,261033,138975,3783
7,../model_20160917_824197127.uvl,14,11,40154377,true,2589536,33055278,3983373,151814,79797,3459
6,../model_20121023_356761254.uvl,12,12,35675844,true,1522519,29423752,4244650,136959,77794,2846
5,../model_20160329_1691896941.uvl,28,38,49800660,true,1758067,41885340,5044351,484727,249295,3800
15,../model_20190916_233719618.uvl,10,10,36356397,true,1624500,30487638,3758090,127498,80510,3426
10,../model_20131122_23346211.uvl,15,13,38414310,true,1766304,32858298,3241118,168752,92765,3689
11,../REAL-FM-3.uvl,43,45,57602361,true,1935275,51157965,3710344,261100,169878,2627
1,../model_20141107_377655341.uvl,24,25,31008380,true,1618326,24941621,3733326,249017,152339,3532
9,../model_20190619_50728308.uvl,19,19,24841559,true,1507135,19457624,3410581,138623,67327,2727
8,../model_20160502_1352812691.uvl,38,32,42882432,true,1574254,35274106,5105847,323266,174259,2686
14,../model_20141029_1107505375.uvl,12,12,25236603,true,1600987,19319376,3959896,82319,46351,2436
3,../model_20160330_511669656.uvl,15,10,24246124,true,1529340,18988284,3325915,87492,43289,1954
5,../model_20180612_1244406232.uvl,33,33,42008189,true,1692417,34418180,5040262,308103,170688,3311
15,../model_20160329_160417479.uvl,20,17,99042680,true,1593942,92689505,4276606,115290,59308,2217
10,../model_20151119_825568988.uvl,19,19,38100493,true,1572740,31771259,4098294,231271,128937,3370
11,../model_20180403_1861855205.uvl,14,14,34076205,true,1779258,27786731,4029262,143015,91894,3990
9,../model_20160508_265400900.uvl,46,52,45538673,true,1718059,38341334,4434695,435502,213986,3772
14,../model_20110222_2078967171.uvl,48,51,50968893,true,1764871,43515309,4614409,443068,193789,3616
8,../model_20120731_787433291.uvl,43,40,53746663,true,1730267,45406040,5552660,435351,227318,3849
1,../model_20190522_227919886.uvl,20,21,41179847,true,1532381,34901215,4181800,156301,89839,2067
2,../model_20120110_139114401.uvl,10,10,38323019,true,1680766,32224722,3904886,163609,100018,3789
0,../model_20161128_2133107865.uvl,68,46,64376526,true,2350623,53816515,6741247,563923,341844,3933
3,../model_20130305_204544380.uvl,13,13,37479103,true,1730529,32101521,3219175,100668,52997,1934
5,../model_20200810_1487197226.uvl,29,29,31762826,true,1698668,24879248,4605916,150151,80216,2156
15,../model_20120109_1808102333.uvl,18,19,34084987,true,1681401,27671857,4198727,146820,94152,3349
12,../model_20170315_1174513943.uvl,18,18,43557411,true,1813826,37817751,3348447,193860,111986,3230
9,../model_20131125_731391866.uvl,18,19,32324335,true,1624195,25999730,4070533,176460,108754,3654
1,../model_20191126_842054213.uvl,21,23,47863682,true,1677349,40782008,4543727,260982,256996,3717
14,../model_20161101_1188178549.uvl,36,36,40876027,true,1755507,33165318,5184199,195849,183787,2060
8,../model_20130122_1064508817.uvl,12,17,42996709,true,1661912,34914959,5786131,223324,103644,3141
4,../model_20131112_605989901.uvl,25,18,48663401,true,1727841,41477043,4741958,241234,127178,3947
11,../model_20190824_1440931285.uvl,104,104,104016483,true,2907441,90051537,8675682,972672,704127,4653
0,../model_20230228_1021126902.uvl,11,11,39318075,true,1523536,33261837,4008791,142155,83264,4335
2,../model_20120522_87989914.uvl,35,47,68118854,true,2044880,59271373,5398957,618421,314771,3770
10,../model_20110704_328391695.uvl,172,145,142631420,true,4579623,120897710,14049303,1379688,762445,3020
13,../model_20091015_449909368.uvl,10,10,37742764,true,1628565,31483369,4176089,132847,73930,4229
6,../model_20120202_1596034358.uvl,10,11,37939554,true,1900186,31025135,4497532,144072,89003,4373
3,../model_20170916_973590519.uvl,48,39,87734913,true,1991935,78852740,5524469,621987,299468,4077
5,../model_20120329_788560154.uvl,55,49,69271669,true,1992292,62110971,4321122,254361,142084,2062
15,../model_20170517_1986241278.uvl,10,10,27942859,true,1601751,22061005,3895993,90594,48582,1848
7,../model_20170328_1485540940.uvl,451,428,494573192,true,22163880,442117524,23395664,2778118,1967609,3141
8,../model_20160608_755102753.uvl,12,12,22038832,true,1594534,16245766,3773939,76396,63423,2522
0,../model_20160221_544170906.uvl,11,10,23401481,true,1427893,16970687,3845293,836154,45536,2162
4,../model_20110306_314567479.uvl,14,14,26204723,true,1505410,19738479,4428170,130095,95315,4598
2,../model_20130324_1541392486.uvl,51,43,43448518,true,1756439,34602321,5908999,445874,303467,3172
11,../model_20160821_1946133193.uvl,14,14,31496959,true,1642316,25131915,4152039,178839,96591,3866
10,../REAL-FM-9.uvl,14,15,31318334,true,1455857,25503544,3751894,199448,106165,3546
13,../model_20190920_1330526555.uvl,10,10,37615471,true,1527418,31767666,3888944,127208,71907,4394
6,../model_20120328_1667195252.uvl,24,25,42679338,true,1578555,35962738,4565266,187393,91625,2480
5,../model_20160411_1158715394.uvl,11,11,35056054,true,1673140,29522838,3492223,71180,41374,2622
15,../model_20200128_1154759905.uvl,23,23,33103306,true,1818926,26819880,3913101,157243,85288,2455
7,../model_20190503_1463982406.uvl,41,45,44944807,true,1934305,36909645,5321137,229190,121817,2256
0,../model_20171010_332868283.uvl,12,11,21783399,true,1514218,16297223,3585861,75141,40004,1960
11,../model_20161012_1497804026.uvl,13,13,22575125,true,1325973,16714868,4153394,78671,44390,2423
2,../model_20180819_995624779.uvl,14,14,27313494,true,1429596,21572008,3892989,85736,51301,2135
8,../model_20220910_809454030.uvl,37,39,44754057,true,1898661,36299632,5326992,549293,248286,3967
10,../model_20200609_1715293706.uvl,12,12,37312642,true,1594230,30697091,4356342,239830,133311,4408
6,../model_20140225_1829795152.uvl,14,13,37646432,true,1503543,31675910,3953189,172389,98121,4613
13,../model_20171008_377237228.uvl,43,43,58239955,true,1689845,50553282,5308096,269185,150009,2982
4,../model_20160330_1356575467.uvl,10,10,105031261,true,1564906,99176551,3914734,70953,41528,1946
12,../model_20131109_2060894287.uvl,14,13,36453450,true,1779588,31030482,3151068,119724,66343,2939
15,../model_20181219_1343761699.uvl,20,14,39780789,true,1564183,34297252,3467225,140216,69161,2049
5,../model_20230322_242202942.uvl,19,19,44349020,true,1647367,38035012,4063775,201730,110888,3663
14,../model_20160315_505457800.uvl,28,28,30373696,true,1895204,23068534,4875689,145780,79039,2151
1,../model_20130916_2072761889.uvl,15,17,41149745,true,1800514,35473231,3256672,202647,114205,3955
9,../model_20131016_1224723724.uvl,11,13,27709178,true,1794210,22251400,3156768,85516,48055,2940
0,../model_20100831_1378118837.uvl,35,32,48468880,true,1928060,40141474,5445674,345691,172587,3258
8,../model_20130916_1980915056.uvl,15,17,36448863,true,1645388,30125878,4080352,180351,106619,3576
6,../model_20131128_2046989275.uvl,15,15,32684793,true,1786161,26450961,4026103,88134,49014,1990
4,../model_20150429_343028682.uvl,43,39,48976757,true,1967883,42253657,4121502,212073,111653,2300
13,../model_20140428_1127346099.uvl,72,71,72138706,true,2373933,62829702,4664538,597458,1283810,3854
3,../model_20111025_1408959776.uvl,13,13,38478653,true,1640960,32523128,3838947,154284,84906,3478
12,../model_20180126_2070362475.uvl,30,25,32265936,true,1755819,25962740,3956924,154789,86377,2103
15,../model_20130812_690840910.uvl,30,36,47627574,true,1647812,41740522,3598863,223314,190766,2686
5,../model_20150507_1665248699.uvl,15,14,39739728,true,1571460,33696182,3948115,176191,90941,3655
14,../model_20150320_593593000.uvl,13,13,24079607,true,1720296,18717895,3202130,98326,54896,2310
9,../model_20221025_2010292001.uvl,22,22,76004896,true,1583311,70172796,3793670,117548,59533,1883
8,../model_20160329_1491802197.uvl,20,17,34002989,true,1761173,27569814,4202356,119021,60895,2758
0,../model_20230322_2065877531.uvl,26,26,36863077,true,1909712,29838581,4498262,202574,72303,2910
6,../model_20120122_258977494.uvl,19,19,35077363,true,1560615,28941387,4010880,152415,164087,2056
13,../model_20131122_1558809462.uvl,26,26,33321493,true,1665351,26193009,4802478,265011,87073,2360
4,../model_20150305_837831991.uvl,39,42,54429352,true,1764010,46549173,5223945,362234,207324,3501
3,../model_20161128_844678202.uvl,39,31,45657491,true,1639492,39443725,4007841,210575,110456,2269
12,../model_20161107_2119549052.uvl,12,12,26722549,true,1693922,20932519,3692430,84045,43606,2606
15,../model_20120829_1418879889.uvl,10,10,24958376,true,1556247,19438145,3581823,90151,37468,1592
5,../model_20150223_339293957.uvl,26,25,48312762,true,1741965,40511200,5268245,303849,153141,2668
14,../model_20120904_1604580471.uvl,13,8,21538676,true,1530185,16498353,3161542,75446,35795,2692
7,../model_20101117_1571856147.uvl,10,10,28441861,true,1764656,23651760,2656263,64924,35742,1965
11,../model_20110826_1555954181.uvl,24,24,27729895,true,1717448,21476882,4009942,128024,69896,2448
9,../model_20160330_1191432205.uvl,19,19,24734301,true,1585676,19537177,3191257,109161,59566,2309
2,../model_20160111_1033692827.uvl,61,58,46542749,true,2060881,38055510,5385832,315551,235432,3037
10,../model_20121123_388334786.uvl,16,17,26486012,true,1527181,20745092,3802111,115486,63496,2431
0,../model_20131111_1486670620.uvl,21,18,30904915,true,1656538,24553617,4179344,124818,66912,2989
8,../model_20130911_2001583567.uvl,34,24,40107109,true,1641679,32521903,5153324,273583,174608,3683
13,../model_20170818_1523700786.uvl,31,31,37741630,true,1725055,31487531,4020431,167782,90327,2042
5,../model_20180222_1531590612.uvl,18,17,94491088,true,1595775,88163724,4259198,104916,54102,2583
15,../model_20180311_1112468126.uvl,29,29,86060005,true,1695473,78936998,4696686,285530,187577,3432
1,../model_20170310_906013336.uvl,47,33,62376267,true,2224261,55179068,3977996,368794,179766,3293
9,../model_20140509_978687642.uvl,10,10,22139925,true,1511169,16230751,3995361,74879,43112,2547
2,../model_20190919_887233558.uvl,17,17,27141246,true,1556507,20904888,4159563,107620,104510,4321
14,../model_20160229_1590940306.uvl,50,58,116913411,true,1705538,108744904,5603536,346937,230928,3033
8,../model_20190918_1569717148.uvl,17,17,32705030,true,1643628,26347894,4177040,170069,96838,3449
0,../model_20141116_913921823.uvl,44,41,43615375,true,1958502,35515328,5380892,230371,149463,3802
7,../model_20230322_1023477919.uvl,73,55,66703066,true,2154782,57748054,5644421,344174,249565,2779
13,../model_20171014_936370428.uvl,10,9,31891111,true,1534905,26124268,3820486,127681,73525,3557
10,../model_20161127_1823059506.uvl,69,257,249190742,true,3362219,235322900,6568734,2217519,1128369,2401
5,../model_20170131_61369545.uvl,39,39,52135619,true,1725198,44645881,4929876,309169,160208,3369
9,../model_20191115_635910941.uvl,37,28,46499398,true,1706217,40211915,3830589,183504,183978,3041
0,../model_20160308_993894457.uvl,10,9,25433097,true,1501373,20345073,3157133,118727,76583,3017
14,../model_20170320_772300106.uvl,48,48,40239339,true,2067918,32527730,4556614,422082,216323,3941
8,../model_20121123_1588832561.uvl,16,15,36209771,true,1594747,30642286,3448875,170182,91939,3081
13,../model_20171012_404282969.uvl,25,25,30694674,true,1481814,23901902,4684112,185965,99208,3635
6,../model_20131028_1719041666.uvl,19,19,30958555,true,1718492,24725261,4042363,107557,64770,2181
7,../model_20121018_1875808662.uvl,16,15,28894380,true,1383426,23232688,3851103,103685,62318,4014
4,../model_20190917_1679843058.uvl,11,11,29563856,true,1492688,23245903,4365004,118153,70698,4038
3,../model_20130220_406091727.uvl,43,48,58332376,true,2047518,49107295,5953006,502119,291767,4427
12,../model_20180222_1813103418.uvl,26,18,50899549,true,2234576,43275899,4712677,256192,125666,3687
11,../model_20160906_881197553.uvl,18,14,24914754,true,1770607,19651421,3025434,149938,88769,2652
5,../model_20200619_2057881785.uvl,37,39,87349784,true,1712087,81229436,3752827,233155,112894,2664
13,../model_20140629_1128400878.uvl,42,32,37313543,true,1965725,29418817,5196299,200805,100062,2081
4,../model_20121018_795335675.uvl,16,15,35550000,true,1479037,29510348,4063419,162013,85050,3951
7,../model_20190624_198695067.uvl,24,24,45919925,true,1735496,39784009,3706831,256673,148375,4012
2,../model_20170328_418838667.uvl,261,254,211304259,true,9181735,184685718,12923305,1928699,1204700,2755
3,../model_20140130_912999540.uvl,13,13,30437735,true,1449722,25632252,2958934,105666,59524,2630
6,../model_20091219_494647199.uvl,11,11,96605246,true,1492641,90824537,3794178,129810,75145,3801
15,../model_20140303_1487935744.uvl,23,14,45637839,true,1745962,39328797,3931785,203789,125168,3065
10,../model_20170321_1774846112.uvl,179,155,132958003,true,4903063,113281316,12225815,1209786,645834,3022
12,../model_20180407_489573335.uvl,109,126,96656513,true,3318406,85543929,6068912,625758,380727,2885
1,../model_20190916_1591625575.uvl,42,24,37121450,true,2020106,29820391,4581002,203772,93334,2397
3,../model_20151127_885194761.uvl,36,35,38130446,true,1571424,32110755,3738143,221673,118033,2655
6,../model_20161025_210874268.uvl,10,10,79238370,true,1308640,74469336,3093405,68204,40332,2113
4,../model_20091129_1734444143.uvl,12,13,23662983,true,1493250,18383576,3407022,83666,49590,2049
2,../model_20230615_743611401.uvl,24,19,27753339,true,1339434,21902276,4065808,130879,70334,3011
7,../model_20141030_1194865372.uvl,48,43,40401811,true,1604122,33749759,4320549,245568,141102,3237
5,../model_20230322_812446738.uvl,34,23,46992897,true,1607715,40553364,4084357,273746,146212,3416
10,../model_20140410_454790336.uvl,11,22,43128201,true,1591964,37171522,3865422,162392,79990,1563
1,../model_20150310_1159520762.uvl,35,39,44060741,true,1856267,37954475,3602005,226069,116771,2550
12,../model_20190917_1352548057.uvl,59,33,67668435,true,2060712,59928904,4572715,500458,248161,4260
9,../model_20140614_2029282468.uvl,54,54,43476886,true,2234113,34481679,5941370,282432,161391,2936
8,../REAL-FM-10.uvl,14,13,38492513,true,1701727,32255097,4045943,159474,85786,3561
0,../model_20200810_1407499848.uvl,35,35,47367996,true,2086062,40004411,4363587,333758,182725,3561
14,../model_20140326_801743865.uvl,13,19,48444337,true,1761768,41783161,4176928,276456,143888,3412
3,../model_20120202_114979109.uvl,22,19,52248041,true,1615155,45537638,4316959,302346,152994,3501
6,../model_20160629_1032137585.uvl,16,15,44482152,true,1712838,37609200,4573340,216973,115143,3634
2,../model_20190917_896971240.uvl,35,20,52892157,true,1733732,46419170,3901550,295772,149682,3610
12,../model_20171005_1407702877.uvl,28,28,48572082,true,1729328,42481133,3585633,279456,155854,3715
5,../model_20120725_1460954667.uvl,97,81,106750188,true,2426853,97134289,5553942,823006,257635,2176
1,../model_20180222_1576024243.uvl,13,10,34175370,true,1547793,28108321,4043744,139792,73098,3366
11,../REAL-FM-1.uvl,88,72,63071412,true,2492255,51863192,7551246,401476,207764,2927
14,../model_20180618_656757926.uvl,11,11,29327871,true,1532843,23154558,4154244,123000,69066,3598
8,../model_20121123_1266693931.uvl,16,15,40450175,true,1580110,34160388,4147640,173421,91661,3391
9,../arcade_game_pl_fm.uvl,61,95,97458429,true,2235811,85807587,7258994,1056433,565397,3797
13,../model_20160913_482611615.uvl,48,37,77190249,true,1942524,69379198,4676600,599920,300224,4035
3,../model_20140411_1148485857.uvl,12,23,41418788,true,1680195,35710115,3512163,171036,85030,2013
10,../model_20221026_1860047321.uvl,103,93,68858847,true,2890203,58643789,5860620,515128,315778,2094
2,../model_20150114_50814742.uvl,33,32,41951516,true,1905493,33973222,5022921,408891,259461,3895
6,../model_20140914_1816201365.uvl,37,39,39964034,true,1903981,33221997,4049819,222743,186343,2981
15,../model_20160301_1978418899.uvl,24,32,54485526,true,1690827,48309753,3660247,375004,204861,3568
1,../model_20100624_2076952989.uvl,17,17,30234957,true,1621021,24972281,3203745,122620,65977,2679
12,../model_20101120_2091447559.uvl,20,20,43354553,true,1762428,36954898,3997177,217552,111024,3021
14,../model_20130106_749900457.uvl,21,15,27161223,true,1603237,20752042,4288707,136988,57654,2343
11,../model_20200810_1943380085.uvl,26,22,30191302,true,1726134,23993492,3887253,148453,82187,2903
9,../model_20160502_596671432.uvl,25,18,39749096,true,1521965,33262948,4447181,134533,90336,3278
13,../model_20180301_203291309.uvl,13,13,36738186,true,2730254,29437486,4046875,147840,86795,3827
7,../model_20121212_425431925.uvl,16,15,28801345,true,1714209,23783576,2904951,98343,53085,2865
4,../model_20110722_419227445.uvl,25,25,38168877,true,1662390,32600861,3474999,133397,73732,2498
3,../model_20161117_1407262512.uvl,21,16,28860029,true,1720143,22585875,4006416,143827,68458,4158
6,../model_20140613_1129301242.uvl,10,9,30646970,true,1533228,25448891,3295215,72545,37533,2050
2,../model_20110401_868452735.uvl,14,10,40908029,true,1722798,34676379,3982301,156581,83929,4258
15,../model_20110718_866950306.uvl,20,19,42309203,true,1684352,35949023,4034276,210164,115703,3600
1,../model_20120328_523540818.uvl,10,10,21450210,true,1436995,16390113,3293914,66439,36922,2105
14,../model_20131114_87095598.uvl,57,61,50768015,true,2054865,42699899,5169302,302437,195932,2158
12,../model_20191016_1243022077.uvl,83,83,64014454,true,2002955,52616228,7569709,775547,454718,3705
11,../model_20121018_1639434192.uvl,17,15,42091466,true,1680003,35693847,4122052,191125,102420,3879
7,../model_20230322_497943934.uvl,40,27,53591148,true,1742968,47340132,3863501,190785,96880,2404
4,../model_20130522_1326579656.uvl,45,45,48106621,true,1940528,40451656,4946429,227082,130140,2912
6,../model_20140819_914542251.uvl,62,59,45225919,true,2139313,35004006,6266053,1169439,160694,2964
3,../model_20230322_2049733851.uvl,24,22,98080373,true,1873842,92004824,3505107,193788,179294,4093
15,../model_20131112_1840652917.uvl,17,18,37906660,true,1454296,31515037,4358717,191842,113468,3666
0,../model_20200907_1678285822.uvl,63,63,46171423,true,2043841,37000497,6100846,300699,196187,1987
2,../model_20160330_1846251072.uvl,39,38,53546207,true,1906703,45305794,5154127,424195,346315,4062
5,../model_20181005_1705175151.uvl,26,20,41430951,true,1767258,35405127,3576430,226130,106657,3754
8,../model_20190513_1805648090.uvl,10,12,26235587,true,1573400,20259966,4008924,91958,48640,1979
14,../model_20141030_1477913256.uvl,12,12,27426634,true,1600121,21241027,4178559,87779,44874,2133
1,../model_20221102_1308706395.uvl,17,12,28311925,true,1501172,22622547,3677787,155272,93694,2998
12,../model_20160606_412121552.uvl,14,13,40630818,true,1678646,34078491,4329836,166459,93635,3449
11,../model_20120328_288933955.uvl,17,20,129374824,true,1664658,123455528,3657987,228148,123023,3548
10,../model_20200817_129447612.uvl,37,37,45165199,true,2011209,37258287,4984821,322646,185151,3826
4,../model_20190203_959278211.uvl,27,27,32024224,true,1579528,25840142,3975911,144997,78005,73531
3,../model_20160303_1635209528.uvl,16,15,25181340,true,1319901,19270851,4168922,98923,54882,2373
7,../model_20190502_1338968023.uvl,34,39,37833618,true,1843089,30112478,4966842,350697,140813,2705
15,../model_20160330_1784601624.uvl,25,22,41689204,true,1690529,34579276,4580619,243024,243445,4156
6,../model_20200901_93573304.uvl,38,29,55600237,true,1905865,47229545,5546118,325065,191896,3979
0,../model_20131112_1825068383.uvl,25,30,55012773,true,1729251,47539180,4892739,344566,193817,3372
2,../model_20130811_391981530.uvl,41,51,74190518,true,1935730,65304574,5762762,530887,252730,3261
5,../model_20200901_1356822502.uvl,38,29,60067352,true,1980553,53171233,3967477,352655,185432,3891
13,../model_20141113_346832425.uvl,56,59,66220703,true,2212126,58656475,4434224,357406,211499,2612
9,../model_20190502_109355269.uvl,18,18,43574670,true,1702040,37798753,3513526,195856,118779,3656
12,../model_20160925_2087627141.uvl,47,44,70740443,true,2000346,62676439,5089211,323413,234388,2321
1,../model_20100927_1382418986.uvl,10,12,37765144,true,1663337,31391101,4206819,147443,92006,3374
14,../model_20101110_1749898936.uvl,19,20,50165822,true,1598402,43480188,4377883,273088,138232,4099
11,../model_20141119_1459706454.uvl,34,33,36063388,true,2016782,28363351,5041336,174369,86363,2032
4,../model_20230322_604627146.uvl,22,18,29480692,true,1708875,22997528,4335071,122541,62477,2696
3,../model_20150305_15208156.uvl,30,34,47451630,true,1897018,40033064,4567300,363759,296843,3697
7,../model_20130116_382639902.uvl,31,30,45491581,true,1887834,39422415,3488151,218219,113791,2782
10,../model_20180227_1765307019.uvl,116,84,192812624,true,2604756,179614443,9119301,618286,359284,2755
2,../model_20160329_1368375444.uvl,33,32,60830720,true,2009997,54837622,3349976,214414,109176,2089
5,../model_20180222_1895267586.uvl,22,25,39330011,true,1699676,33665522,3346302,172198,133628,3080
1,../model_20160317_1483846003.uvl,46,46,36527087,true,1603357,28146946,6116349,220559,116080,1890
13,../model_20190730_1957937065.uvl,25,25,30224706,true,1732772,23582153,4361200,144751,74771,2504
9,../model_20170517_1468714593.uvl,10,10,24426308,true,1432210,18588991,3913369,190441,60201,2926
12,../model_20150423_1422172417.uvl,14,12,29733243,true,1618688,23893287,3747843,145226,77937,3767
14,../model_20200810_1274447969.uvl,33,31,49812585,true,1744357,42677153,4669219,303317,158489,3189
11,../model_20110826_1744501275.uvl,24,24,34281922,true,1590917,28204155,3953645,149084,78014,2595
7,../model_20120110_1754443954.uvl,10,9,39914188,true,1643627,33799691,3966283,144825,75199,4019
3,../model_20131129_2135897376.uvl,10,10,25848509,true,1447117,19962391,3333570,784100,78770,4129
4,../model_20180306_422218475.uvl,53,36,76131241,true,2045009,68617553,4205791,545522,261363,3384
10,../model_20140422_1825362104.uvl,21,21,30689209,true,1654974,23933760,4602047,119630,67617,2287
8,../model_20160623_1415871890.uvl,13,11,26960703,true,1744479,20903660,3894290,99079,77641,2330
5,../model_20180512_660942805.uvl,36,38,36895415,true,2126518,29096725,4906408,200913,179759,2721
2,../model_20150222_409043024.uvl,52,41,59703712,true,1994691,52415034,4551440,259472,139998,3396
1,../model_20151111_460133826.uvl,40,41,54502848,true,2018409,47113986,4741679,208531,112691,2069
12,../model_20111031_386778867.uvl,25,13,39820024,true,1649556,33134966,4517845,125010,63641,2198
13,../model_20180411_122889136.uvl,26,23,45671042,true,1722852,39018645,4168276,270514,139290,3904
9,../model_20120627_1512389149.uvl,11,10,34513983,true,1551231,29161930,3374743,95204,47868,2360
11,../model_20230608_1658584159.uvl,24,24,39119924,true,1749748,33069424,3766339,132064,76014,2971
0,../model_20130619_405989942.uvl,10,10,30285306,true,1847568,25184085,2933332,68267,39441,2349
14,../model_20130908_2094539725.uvl,81,81,90418522,true,2443133,80756655,5699691,739362,406996,3550
15,../model_20170320_149190356.uvl,50,56,48650845,true,2051190,41514684,3949813,520152,282505,3379
6,../model_20171207_1015871671.uvl,18,34,58011652,true,1800733,52462071,3116868,213590,106568,2380
8,../model_20121102_443205816.uvl,26,18,34936403,true,1700920,28149321,4431614,243528,132451,3952
10,../model_20131112_1315617761.uvl,58,62,72756328,true,1918988,63873567,5759225,594416,316577,3037
12,../model_20160330_218438641.uvl,23,15,43680274,true,1495229,38033669,3524907,231836,114256,3658
13,../model_20111027_966072474.uvl,10,10,20773902,true,1313194,15654172,3497612,64609,35169,1989
1,../model_20170821_744427680.uvl,15,23,35569906,true,1613830,30342553,3054450,217695,101039,2097
11,../model_20160229_171128808.uvl,48,48,63635135,true,1804519,56524670,4438515,396445,185974,2519
6,../model_20190128_1522973155.uvl,23,28,41679392,true,1821793,36456420,2886507,162799,86132,3074
15,../model_20190129_1004578234.uvl,18,19,28174534,true,1580839,23173105,2963978,109465,63712,2010
0,../model_20120418_828883554.uvl,52,28,44751507,true,2234449,37448894,4095882,412234,214058,3282
14,../model_20221029_568257220.uvl,17,27,51642949,true,1444463,45199271,3997199,479931,235681,4129
8,../model_20180611_1800915628.uvl,10,13,27250999,true,1436361,20978399,3042193,1466171,97255,3254
10,../model_20151103_1678219280.uvl,19,19,36061105,true,1590320,30241608,3778544,107293,57760,2773
13,../model_20120512_712347860.uvl,13,12,38311505,true,1507459,32944665,3444364,141505,82508,3308
1,../model_20180306_73619671.uvl,48,30,69936617,true,1871097,62685628,4420476,406888,200925,2829
11,../model_20180729_701594854.uvl,22,25,49122905,true,1655619,43330785,3431461,271783,139775,3598
4,../model_20120110_855603964.uvl,10,10,23544633,true,1562001,17784546,3651350,201590,68532,2751
3,../model_20101111_1790887308.uvl,10,12,40655751,true,1709256,34340084,3950452,307541,94237,3944
15,../model_20150301_527193150.uvl,24,24,45819002,true,1546745,37837044,5749608,238972,137896,3646
7,../model_20171012_484328807.uvl,36,36,54328372,true,1895688,45986878,5520026,356249,193419,4224
6,../model_20230423_1943321532.uvl,27,27,49673135,true,1820056,41970255,5112122,259579,148332,3531
14,../model_20111130_1614470655.uvl,77,70,85524862,true,2483796,74591745,6757553,732631,417321,4083
8,../model_20230323_1971213764.uvl,46,42,63421638,true,2054862,54819597,5824318,236810,133208,2356
10,../model_20111020_455520177.uvl,11,11,37092995,true,1673105,30707906,4325639,77431,48461,1977
2,../model_20200412_2136556876.uvl,12,12,37996114,true,1669367,32380631,3526914,97187,45351,2733
12,../model_20180302_974887082.uvl,122,150,237957290,true,3379791,220976113,10307409,1495877,1010635,3607
0,../model_20161128_2006303576.uvl,96,66,178260869,true,2927556,165943912,8006793,445745,281593,2678
5,../model_20180305_2101436905.uvl,47,24,66981420,true,2060169,59441398,4549441,390740,198705,3625
9,../model_20101116_1022976130.uvl,34,33,38980946,true,1914953,32422356,4002114,184609,109524,2338
11,../model_20131112_1191150070.uvl,57,55,63204217,true,2159787,55036283,5073137,288968,154134,2056
13,../model_20110406_353034837.uvl,40,35,49908052,true,2015011,43829336,3455541,196062,99126,2034
4,../model_20100805_1484639410.uvl,31,35,35964642,true,1686210,30095914,3452538,194929,110404,70825
14,../model_20160121_1141972007.uvl,20,20,32592745,true,1711417,26479065,3853713,185628,103727,4122
8,../model_20150620_2057636397.uvl,13,10,39621331,true,1639665,34348644,3175437,142333,81271,3981
2,../model_20160329_926312476.uvl,21,14,30433220,true,1782691,23756242,4403679,114907,53164,2568
0,../model_20101104_260803083.uvl,11,10,23763307,true,1489601,18422954,3513710,75421,41251,2172
5,../model_20190922_729177560.uvl,21,21,29921184,true,1512750,24485431,3514670,138250,61155,1992
9,../model_20140819_1738890661.uvl,10,10,36577863,true,1468489,30669970,4019590,124369,67356,3204
4,../model_20130916_894347834.uvl,15,17,28238804,true,1619020,22728478,3444370,105569,58890,2476
13,../model_20121123_2085968892.uvl,17,16,25083019,true,1567108,19249939,3815492,108695,54653,2865
8,../model_20120422_1648870831.uvl,14,15,35507800,true,1703843,30241189,3142763,113736,56721,2052
11,../model_20160103_2012826523.uvl,94,55,71018321,true,2520195,59138418,8131199,410127,211104,2827
12,../model_20120829_191972511.uvl,168,199,123482300,true,4838698,105308852,10788712,1144103,727590,2702
2,../model_20170818_812208818.uvl,31,31,36279592,true,1783006,29775015,3883001,310543,166078,3428
0,../model_20120328_361613983.uvl,16,18,31561677,true,1603402,25652103,3850794,108824,62003,2451
5,../model_20120328_1227899142.uvl,21,20,37931238,true,1507611,31466633,4398784,141945,74253,2027
9,../model_20190430_348224224.uvl,33,25,55727397,true,1785007,48128870,5020762,326712,171276,4092
1,../model_20100415_947132043.uvl,31,37,48040295,true,1993173,40468136,4843583,212289,108978,2684
3,../model_20110519_1142211980.uvl,14,12,84860713,true,1571583,17772786,65117287,86082,44273,2651
13,../model_20130916_1112744253.uvl,15,17,34160075,true,1659088,27957224,4003902,177081,102814,3430
15,../model_20180530_1810935889.uvl,11,13,41887642,true,1836974,35486934,4015021,168416,98479,3423
6,../model_20131112_1353790761.uvl,23,20,40846484,true,1805907,32766069,5596564,212962,113273,3627
7,../model_20170310_195700687.uvl,47,44,74490090,true,2120847,65834991,5080875,676456,324287,3964
4,../model_20160227_1275602559.uvl,47,58,165877783,true,1917959,157066396,5636163,574854,245309,2313
2,../model_20221208_1038664369.uvl,28,21,48817165,true,1815415,41798065,4496752,236151,148444,4509
0,../model_20190920_56721129.uvl,15,15,29129606,true,1960290,22814013,3916470,100683,53836,2952
14,../model_20170402_1978825740.uvl,263,264,218401611,true,9719150,190794601,12977032,2570818,1031777,2881
5,../model_20120328_1814590478.uvl,36,34,47782240,true,1718727,39745739,5398269,332031,195045,3600
9,../REAL-FM-6.uvl,11,10,28522761,true,1547058,22213921,4243444,143910,87007,3088
10,../model_20140310_1022041880.uvl,88,72,147141883,true,2171995,136134261,7138746,701633,365924,3151
3,../model_20121123_1668268132.uvl,13,13,25135619,true,1573506,19402016,3721770,95872,58425,3612
13,../model_20170420_1165511748.uvl,77,39,51916766,true,2309728,43759851,4868078,329313,142101,3105
15,../model_20200128_1186233455.uvl,23,23,33665806,true,1575517,27927101,3623960,159084,81857,3031
7,../miniset/stack_fm.uvl,17,13,25994974,true,1421222,20710726,3438993,101508,51727,2583
4,../model_20150310_1642957582.uvl,29,32,39841659,true,1719564,32429595,4692180,318959,306105,4415
1,../model_20130307_609838668.uvl,176,161,118453884,true,4857263,101531239,9746620,802476,542651,2287
2,../model_20130815_1890929461.uvl,56,62,65550926,true,1990400,57651691,4916357,389046,242360,2644
9,../model_20190328_829158427.uvl,14,16,25791289,true,1434427,20501981,3382776,120553,66374,2807
10,../model_20140925_285704903.uvl,20,17,35635144,true,1685725,29764884,3601567,179957,93555,2251
12,../model_20121018_820869482.uvl,16,15,26664802,true,1681713,20208018,4358135,97521,49839,3109
8,../model_20170718_2017313962.uvl,18,18,33634916,true,1758932,27909855,3502417,105273,56562,2185
13,../model_20141109_1274255950.uvl,11,11,28478735,true,1564209,23077222,3362763,79442,46450,2174
3,../model_20151122_103763227.uvl,47,20,35283238,true,1843664,28604255,4151660,182477,87473,2350
15,../model_20150209_1183047948.uvl,29,47,43975980,true,1442141,37119099,4634733,291000,154683,2822
11,../model_20130916_1467348272.uvl,16,18,34504934,true,1677690,28132936,4165953,155540,66922,2823
7,../model_20160906_1914580505.uvl,31,28,38203408,true,1811268,32189195,3651499,172906,92138,2763
2,../model_20190416_545039882.uvl,21,21,34510654,true,1598878,27801902,4471476,197419,123716,4010
1,../model_20160226_1944186213.uvl,48,56,50856529,false,1789391,42351744,5789530,444539,305908,5470
4,../model_20140824_1421620261.uvl,51,62,128072375,true,2081129,119524867,5270998,553906,303899,3430
10,../model_20131121_194495737.uvl,12,10,38295178,true,1582276,33261063,3050632,93914,55486,1916
9,../model_20190917_1855142600.uvl,38,33,50779542,true,1684804,44569572,3754238,273881,106427,2195
6,../REAL-FM-13.uvl,12,11,25251295,true,1683421,20118953,3027798,92968,51073,3946
3,../model_20131122_913576973.uvl,23,23,31423046,true,1715692,25712967,3463696,123965,67421,2848
7,../model_20140614_1599125118.uvl,13,12,27604748,true,1555879,22769726,2946624,81331,42856,2415
15,../model_20170308_1789444441.uvl,28,28,49682859,true,1681925,43735708,3637273,150508,189308,2679
1,../model_20160329_1092215724.uvl,17,22,33346587,true,1596030,27392122,3867591,163059,79607,2638
4,../model_20140819_424669215.uvl,17,17,25930548,true,1454005,20906098,3171820,109321,57891,2682
2,../model_20190917_1598073515.uvl,16,16,29353093,true,1719279,23057064,4131888,93203,50977,2156
0,../model_20221004_622223252.uvl,26,26,34975938,true,2010521,27463391,4618017,244499,282656,4332
14,../model_20181119_2037159342.uvl,23,24,43636095,true,1810780,37561272,3636579,257904,90810,2250
5,../model_20160307_1341241097.uvl,12,9,39448817,true,1739579,33057217,4142311,149978,76079,3789
10,../model_20160330_1632759327.uvl,19,13,28595317,true,1552658,23012793,3486463,157836,57518,2906
9,../REAL-FM-16.uvl,26,29,46913085,true,1657520,39807564,4630259,308017,180816,3138
3,../model_20140428_1301432646.uvl,72,71,48288519,true,2216014,39088027,6094496,348973,221670,2264
7,../model_20190917_1294871534.uvl,16,13,37242916,true,1698977,31976829,3050303,179314,93425,4593
15,../model_20130917_737900063.uvl,13,15,27268918,true,1704862,22194024,2961385,116586,63926,2568
1,../model_20100904_226530663.uvl,38,38,34546686,true,1706848,26960723,5032641,311928,266545,3599
5,../model_20110826_1180494500.uvl,24,24,30316934,true,1550754,23942193,4316991,135640,77244,2967
4,../model_20190513_1749709644.uvl,20,23,32622436,true,1576250,26490738,3956230,157974,116661,3801
2,../model_20160726_1855902901.uvl,12,13,27444609,true,1653803,21330866,4026539,87915,50373,2505
0,../model_20111129_1932950448.uvl,13,13,26282027,true,1659342,20641594,3577065,83369,47023,2230
14,../model_20221229_1000010819.uvl,17,17,33907784,true,1592925,28012023,3856345,98754,61933,3049
9,../model_20191012_1432325334.uvl,40,38,46672173,true,1934691,38332859,5346336,434009,229526,3516
10,../model_20110214_751339643.uvl,56,128,165012901,true,2722476,153369076,5792368,1780718,969202,3264
11,../model_20160122_407616496.uvl,29,26,34913376,true,1856360,27312212,4883626,313730,174453,4502
13,../model_20150713_1448325014.uvl,32,27,37627225,true,2108931,30195688,4630328,201131,112209,2369
12,../model_20160301_235863217.uvl,20,27,32177108,true,1638143,26257102,3689853,166934,80816,1799
8,../model_20150512_534005467.uvl,31,32,36027235,true,1694501,28813957,4806000,265008,99470,2238
7,../model_20170527_1802227256.uvl,11,13,36526671,true,1768800,29838542,4405318,167120,97295,3625
3,../model_20120718_813832704.uvl,11,12,29966965,true,1493182,24544064,3555529,84239,54256,2784
1,../model_20160812_1476754989.uvl,10,10,28352813,true,1434673,22531981,4009678,106791,55406,3138
4,../model_20171028_1906143627.uvl,13,14,28556839,true,1674477,22287571,4129010,108012,57061,2122
14,../model_20130115_768867592.uvl,11,9,41271742,true,1875405,34795059,4078618,156266,93089,3776
15,../model_20120411_196667302.uvl,26,23,123821784,true,2796399,114913921,5309641,323486,162099,3511
5,../model_20131210_413521746.uvl,13,14,137702925,true,1682663,131612896,3816020,205205,106835,4073
9,../model_20130224_1469220523.uvl,10,10,23626281,true,1607693,17787228,3864898,66514,37360,2553
10,../model_20140305_1485634182.uvl,28,29,52962355,true,1750168,46797905,3582111,322322,174907,3479
6,../model_20121212_1167666293.uvl,15,17,37169552,true,1844090,30998935,3854862,104827,59520,2216
8,../model_20131206_656913635.uvl,13,15,34246618,true,1709107,28286555,3806919,107611,61478,3092
13,../model_20150228_222823272.uvl,37,43,112708460,true,1911166,106091143,3884103,284240,140100,2649
3,../model_20100830_561967343.uvl,32,31,43419894,true,1762548,36967267,4069747,165401,90498,2473
7,../model_20120201_865979127.uvl,28,36,48198912,true,2028507,40453495,4532816,530346,254462,2992
1,../model_20110507_674768061.uvl,40,52,51742675,true,2227421,44412082,4246027,351071,179666,2661
14,../model_20170316_174511349.uvl,16,17,33413096,true,1874452,25626581,5355296,196036,98430,3483
15,../model_20160330_925748995.uvl,16,12,27625549,true,1468218,21744904,4043224,106128,53270,3018
4,../model_20190917_75070341.uvl,33,15,34176799,true,1796649,26910569,4873910,155252,78269,3316
5,../model_20230422_2139223494.uvl,37,34,45003270,true,2018590,37602627,4755563,197506,182905,2863
9,../model_20230323_901833353.uvl,74,62,69755005,true,1817665,59573246,6905178,651631,396568,4052
10,../model_20190917_552843992.uvl,10,7,99811274,true,66178685,29625365,3572408,116071,61592,3315
6,../model_20200901_328439811.uvl,35,20,34353405,true,1667137,26874838,4541992,164609,858698,2454
2,../model_20190228_1201197026.uvl,16,18,30440204,true,1658940,24110960,4180798,126977,98555,3933
13,../model_20160822_713171625.uvl,28,29,35524365,true,1605839,28875438,4438969,176569,98389,2899
8,../model_20121018_271963732.uvl,16,15,29475466,true,1545451,22988998,4379502,166406,95419,3646
3,../model_20230322_307237036.uvl,29,23,35897898,true,1716916,28176142,5214516,284771,150307,3866
1,../model_20200813_1618100589.uvl,28,28,44637865,true,1903269,37200042,4724918,301204,157279,3333
0,../model_20230615_1063099089.uvl,38,18,48642417,true,1856773,40832297,5263534,191569,91926,2587
4,../model_20150506_306101537.uvl,33,33,48148720,true,1766791,41086234,4654878,174421,103455,2359
15,../model_20160322_2014722365.uvl,54,54,54058624,true,1983427,44927807,6243615,295784,160988,2790
14,../model_20161128_1478224089.uvl,77,66,80091426,true,2096755,69176062,7733137,375462,219893,2695
5,../model_20180222_1925875374.uvl,45,43,47477863,true,1819296,38633572,5941346,458391,239744,4180
9,../model_20131112_1591180910.uvl,29,25,34004185,true,1602016,27799636,4038583,191251,99763,3428
10,../model_20151216_1220822165.uvl,15,15,22802511,true,1535302,17061632,3797130,86180,46743,1881
12,../model_20130725_1929838118.uvl,41,27,60619254,true,1970756,53744903,4013649,361272,186174,3669
11,../model_20160913_269001380.uvl,49,43,65496148,true,1973267,58304112,4241954,355401,168901,2269
2,../model_20121025_1656878048.uvl,26,26,31551426,true,1821294,25712113,3263648,186824,226991,4430
1,../model_20110216_608697455.uvl,14,18,27421260,true,1664083,21300099,3983886,118674,64011,2109
14,../movies_app_fm.uvl,13,10,23038193,true,1522024,17409162,3674026,87613,42779,2200
5,../model_20180226_492552032.uvl,11,7,24521298,true,1611898,19037884,3493443,71681,37570,2786
4,../model_20170918_1157652981.uvl,48,29,56734679,true,2004760,48838205,5132177,237661,121497,2657
15,../model_20190504_755268837.uvl,43,46,121241784,true,1773784,112875267,5295946,543555,336466,3754
10,../REAL-FM-7.uvl,14,15,25588620,true,1658168,19295542,4071493,181473,92850,3104
7,../model_20160603_398155586.uvl,15,10,32164552,true,1752274,26960792,3039014,92453,44961,2499
11,../model_20150306_503606823.uvl,27,26,33943741,true,1426559,27800883,4195437,177056,91830,2676
9,../model_20170215_1278541927.uvl,41,39,39113219,true,1658154,31133557,5572927,259091,162752,3276
12,../model_20160504_1687809818.uvl,30,28,51274178,true,1631166,45031832,3858547,279522,163769,3714
14,../model_20141202_104116345.uvl,10,9,28769055,true,1448300,23745920,3198515,102231,54440,2712
2,../model_20170228_1437582980.uvl,10,10,97907227,true,1593836,92971630,2992897,67295,40771,3767
1,../model_20141106_309720283.uvl,57,54,49457360,true,2047484,40706027,5781049,300289,190368,3348
4,../model_20100324_1996898492.uvl,11,14,42056815,true,1933459,35868291,3698981,186061,100565,2642
5,../model_20111029_1654942500.uvl,37,27,55286195,true,1744304,48513319,3971676,423828,214524,4344
15,../model_20121123_1807427529.uvl,17,18,36491312,true,1540905,30413510,3945698,204363,115291,3868
9,../model_20131202_1575628003.uvl,19,19,28125777,true,1649253,22821408,3216813,111006,65468,2169
7,../model_20160330_999254735.uvl,14,14,24217568,true,1628635,18636636,3506115,97764,53116,3034
12,../model_20120824_761159432.uvl,23,20,31633228,true,1639307,24947865,4479814,151480,78120,2606
10,../model_20200817_1333981485.uvl,33,20,33294978,true,1654297,25323897,5689248,159146,80628,2654
3,../model_20140205_954857783.uvl,11,9,26196988,true,1835638,19893812,4061347,88150,46123,2912
6,../DELL-LAPTOP-NOTEBOOK-FM.uvl,47,122,187891484,true,2359883,177538948,5501508,1387918,663732,4026
11,../model_20151116_762410606.uvl,29,29,37011842,true,1794154,29634781,4754487,284707,152188,3301
1,../model_20170911_1850240044.uvl,13,13,29022474,true,1411579,22645201,4480290,144514,76016,3687
8,../model_20150330_63301402.uvl,11,9,28207330,true,1676550,21501180,4538931,123929,71333,4870
0,../model_20120902_865058601.uvl,19,19,43507451,true,1788660,36374136,4699486,194568,117924,3736
2,../model_20230322_342259021.uvl,33,29,48036768,true,1786446,39923792,5455306,316770,174919,4242
14,../model_20200413_90255108.uvl,48,41,67409032,true,1998147,55912494,8330952,434846,245468,3954
13,../model_20140310_1916029542.uvl,144,54,126592118,true,3691618,109515133,11132834,1041725,553392,3090
15,../model_20150614_1325491211.uvl,24,26,45460038,true,1875331,38434095,4401881,269371,144090,2871
9,../model_20150610_685576256.uvl,15,17,27610548,true,1691920,22491540,2916813,123230,58637,2662
3,../model_20150715_75174593.uvl,17,16,29868176,true,1494661,24398754,3501876,111609,63048,2878
11,../model_20180509_988672632.uvl,27,18,34198340,true,1761083,27211705,4645669,141030,71152,2126
10,../model_20091009_1552375070.uvl,37,40,39076755,true,1773422,32563892,4016947,233591,121645,2336
6,../model_20120425_1998125226.uvl,71,71,53311496,true,2416936,42625370,7038063,407063,316031,4406
8,../model_20150411_1026005127.uvl,10,12,24023239,true,1746564,18330777,3524168,89922,52881,2182
1,../model_20230120_1200060194.uvl,20,20,97289417,true,1581811,91373769,3698551,205004,112745,2916
2,../model_20130418_1158438101.uvl,19,12,43445597,true,1797288,36974612,4061716,190801,103381,3603
0,../model_20150523_372542452.uvl,47,35,50944457,true,1988401,43541007,4591496,263763,146803,3045
13,../model_20200524_149606280.uvl,35,42,50698464,true,1746167,43359270,4854606,277359,136640,2467
15,../model_20111201_1252018702.uvl,61,40,58277047,true,2211887,51107915,4163074,286448,153515,3433
9,../model_20160506_174377233.uvl,40,22,31910490,true,1700511,25733283,3886777,174580,83875,2636
10,../model_20130302_1361528923.uvl,10,11,27581976,true,1595975,21858735,3590593,217819,80526,3261
4,../model_20171005_1816009957.uvl,10,7,28533951,true,1726680,22890752,3574406,65057,33105,2327
5,../model_20160905_338518821.uvl,25,25,33216412,true,1863167,26431442,4350636,169623,73637,2321
11,../model_20151117_1411945431.uvl,22,22,30731587,true,1632070,23611658,4822250,221850,105754,3280
8,../model_20150703_1928436983.uvl,10,10,21796676,true,1576565,16032840,3816591,68946,39439,2746
1,../model_20130726_597280131.uvl,47,44,51097721,true,1879728,42513306,5555379,533676,164625,3009
2,../model_20120422_2100930135.uvl,25,27,37066671,true,1556470,31508323,3494473,177021,98743,2618
0,../model_20190223_2034909826.uvl,88,28,72881185,true,2072664,63489994,6203832,328566,162950,2767
13,../model_20150310_1191030699.uvl,30,33,53767540,true,1716579,46258002,4818703,341674,299779,3313
15,../model_20170921_244476382.uvl,47,33,69819667,true,2013475,62891889,4038348,300759,146441,2168
7,../model_20131129_1765219729.uvl,14,14,35031271,true,1765608,28964141,3850876,104877,59721,2190
12,../model_20200811_368165701.uvl,11,10,29040332,true,1729150,23378248,3544331,75197,36882,2450
4,../model_20130821_1446947208.uvl,49,49,36122702,true,1940240,29127665,4312166,248937,130001,2717
9,../model_20230630_666266911.uvl,13,13,29827661,true,1585289,23856645,3988031,99206,54325,1803
11,../model_20100308_1032655961.uvl,15,16,33550468,true,1586321,27700886,3799470,149348,67554,3517
8,../model_20140615_1417385367.uvl,35,30,39876926,true,1796313,33123264,4291453,174652,93028,1841
14,../model_20140824_2115796112.uvl,43,49,44142931,true,2022721,36641899,4205826,473875,360401,3532
1,../model_20190929_1773228224.uvl,17,25,41631593,true,1833996,34613021,4356671,346827,184587,4158
2,../model_20200503_927740000.uvl,21,23,32873267,true,1666875,26390186,4260463,146714,76344,2603
13,../REAL-FM-2.uvl,23,18,37694507,true,1701505,31351931,3961608,230706,122051,3778
0,../REAL-FM-11.uvl,67,65,68655225,true,2009030,60579953,4895004,454360,254450,2528
4,../model_20161107_751073207.uvl,11,11,21400598,true,1540928,16306847,3148305,104243,40966,2374
3,../model_20190220_184230257.uvl,38,42,42457545,true,1900114,34315963,5331773,390308,136529,2206
15,../model_20190219_265960660.uvl,178,140,105177969,true,4703725,89382159,8221800,819255,1137529,2634
6,../model_20160125_1378351345.uvl,38,33,38571314,true,1916749,31932977,3999682,230954,109111,2628
8,../model_20150411_1055039600.uvl,18,13,27554430,true,1647407,22097140,3348989,101856,53921,2394
9,../model_20221229_2070974785.uvl,17,17,28486361,true,1684834,23303574,3020307,159603,94951,3477
14,../model_20110203_1382675896.uvl,14,14,24599222,true,1626358,19195766,3362276,86349,48786,2354
2,../model_20150715_1425609053.uvl,12,10,25422855,true,1582671,19291585,4087697,119989,69108,4676
7,../REAL-FM-20.uvl,44,34,48515113,true,2022284,40985826,4440607,390709,169708,3939
13,../model_20171128_2320585.uvl,14,13,38798074,true,1626798,32485926,4150627,160551,86598,2980
5,../model_20120110_1719396361.uvl,10,10,35544087,true,1536187,30106615,3496606,84770,46839,2686
10,../model_20100625_251719781.uvl,16,16,31238931,true,1784779,25319643,3729103,92382,53477,2565
3,../model_20221122_1612835830.uvl,20,16,28373620,true,1557572,21849409,4442834,147235,53882,3002
6,../model_20190917_80747458.uvl,16,14,32440064,true,1445930,27293119,3269400,100324,58385,2498
14,../model_20160919_825563014.uvl,11,10,23174303,true,1372699,17999296,3508667,73018,38375,1951
15,../model_20160519_1235536625.uvl,34,33,47461576,true,1789470,39892406,4972837,364091,142177,2963
9,../model_20150105_1168070568.uvl,17,12,26479551,true,1470518,20665319,3912613,95238,49486,2387
8,../model_20170317_1165725.uvl,50,57,47009951,true,1922083,38755008,5444907,302647,158929,2839
2,../REAL-FM-19.uvl,30,35,55561962,true,1576833,48170949,4846927,397889,203717,3436
13,../model_20121018_1495134161.uvl,17,15,41120571,true,1690374,35556177,3363410,189586,106200,3393
7,../model_20221009_1635938665.uvl,42,32,55417286,true,1748660,47837510,4947508,397913,206013,3712
3,../model_20120531_2078087379.uvl,17,20,29075838,true,1868774,23561066,3141107,120782,67369,2190
12,../model_20190214_582844610.uvl,11,11,35793210,true,1752354,30641220,2974076,96438,50032,1883
14,../model_20140411_114609198.uvl,12,18,31948857,true,1572575,26334520,3563085,146952,88170,2283
10,../model_20170115_352040991.uvl,17,18,29767226,true,1529201,24337719,3487408,107859,57841,2045
5,../model_20161125_1777261352.uvl,33,28,35450009,true,1684374,28184314,4935362,219270,104764,3245
6,../model_20150527_830434674.uvl,34,34,39031810,true,1676010,31586550,5019427,213627,174775,3566
15,../model_20150521_1988107963.uvl,17,15,36854702,true,1499103,30250978,4486008,191886,106010,4510
11,../model_20160524_3029237.uvl,19,17,41394106,true,1666418,34331281,4742997,220137,120137,3702
1,../model_20100719_944437142.uvl,29,25,54674450,true,1596964,48045396,4127893,326284,318106,3630
9,../model_20110428_1131293346.uvl,13,13,31699404,true,1569343,25962315,3642111,132186,81591,3433
8,../model_20131111_1434736548.uvl,34,34,52606328,true,2029562,45198400,4337128,346015,334541,4501
0,../model_20100904_330653656.uvl,10,10,37304158,true,1783070,31648389,3445770,113762,81308,3710
7,../model_20190221_1604245950.uvl,18,18,48449023,true,1559015,42381430,3836459,248216,136201,3764
12,../model_20230322_1548752135.uvl,45,32,49240075,true,1858505,41610065,4930860,282709,115616,3071
4,../model_20190416_284413958.uvl,37,35,43041091,true,1888908,35654979,4747255,189875,180234,2388
6,../model_20160907_1816738180.uvl,10,8,23377676,true,1590662,17907594,3450418,111051,63939,3638
5,../model_20130725_608010428.uvl,12,12,28028034,true,1518772,21444784,4532331,155502,80018,4493
11,../model_20160520_681202886.uvl,11,10,31835869,true,1760787,26416294,3291752,78145,44726,2327
8,../model_20200819_498504850.uvl,31,28,33759684,true,1734981,27181236,4219029,226345,107446,4066
9,../model_20160329_1999221629.uvl,24,24,33857504,true,1564593,27113234,4648477,134367,78373,2362
0,../model_20170419_185164278.uvl,17,12,36302429,true,1618429,31308659,2914933,103565,115770,2784
15,../model_20130522_2044729096.uvl,31,26,147212433,true,1572995,140931548,4076589,206208,110950,4825
1,../model_20170919_1425490791.uvl,47,42,76966552,true,2011159,68057564,5431122,643096,385294,3913
7,../model_20120328_593032745.uvl,19,18,39913029,true,1658927,32881251,4742952,206936,110092,3819
12,../model_20230322_1028761227.uvl,18,15,25826452,true,1621345,20058044,3708260,101513,53879,2574
6,../model_20170706_1181552122.uvl,11,12,29612022,true,1710303,24370848,3102641,97231,53492,2737
4,../model_20111220_1450733948.uvl,41,13,37773182,true,1785502,29945530,5398496,163054,77469,2810
5,../model_20221125_1235088379.uvl,25,15,30766620,true,1766458,25134667,3326184,134572,69759,2386
13,../model_20190922_1316746975.uvl,22,22,31304851,true,1587749,24519030,4581061,212332,114469,4147
2,../model_20160303_1645051071.uvl,17,15,33588392,true,1667197,27990420,3449831,115630,65632,2825
11,../model_20110525_1619420630.uvl,45,41,45501994,true,1822045,38538628,4215820,275917,250836,3287
0,../model_20140905_372428255.uvl,13,10,27180093,true,1464408,21377381,3936557,130817,74934,3903
1,../model_20170321_1279222212.uvl,10,10,34029175,true,1644174,28264959,3744187,111434,48110,2025
15,../model_20121123_1014773113.uvl,16,16,32986736,true,1624565,27635513,3177421,190158,109478,4322
7,../model_20171207_711618687.uvl,13,13,41895960,true,1759976,35991044,3622934,143565,83409,3874
3,../model_20160329_864839294.uvl,22,21,29692550,true,1674346,24043870,3482456,121356,64796,2476
14,../model_20120710_919309758.uvl,19,8,29497770,true,1791265,23161257,4044137,101714,72650,3804
6,../model_20140209_1802656178.uvl,26,13,38540152,true,1750965,32226634,3885930,260202,95231,4017
4,../model_20180511_622669496.uvl,18,18,34639875,true,1686050,28087692,4393676,101609,53246,1972
12,../model_20110323_789959080.uvl,15,11,40453166,true,1480020,34409499,4041690,169064,86753,3918
10,../model_20150304_173081072.uvl,20,27,42519799,true,1807583,36200394,3900166,183130,102365,2886
0,../model_20101123_920943759.uvl,15,15,41942523,true,1614831,35929655,3927679,168884,96082,3413
7,../model_20180306_1553572984.uvl,47,47,39731805,true,1894949,33362121,3768370,266755,126133,2606
15,../model_20131112_1165253679.uvl,27,24,49728987,true,1802269,42818289,4351342,272528,141617,2636
1,../model_20230322_1036375763.uvl,40,27,60304623,true,1823123,52340489,5152150,365812,196410,3430
5,../model_20170424_781699396.uvl,142,84,97963541,true,3435875,84983307,6866433,1200702,670078,4063
3,../model_20121018_201916182.uvl,16,15,27319466,true,1526432,21675475,3723996,101914,84607,4111
12,../model_20181104_43638915.uvl,10,8,36927377,true,1653144,30522329,4288918,119186,65455,3797
4,../model_20140209_576830157.uvl,27,33,47740470,true,1849008,41575466,3710797,222695,107938,2688
6,../model_20151102_2085331426.uvl,51,45,44640720,true,1725901,37352932,4674972,296533,152937,2345
10,../model_20130529_167247656.uvl,16,16,29939491,true,1598280,23706701,4153334,114917,62878,2823
8,../model_20161212_1631452800.uvl,23,25,36643593,true,1763623,30314156,3845023,269485,97920,2644
0,../model_20160906_802533043.uvl,21,24,40362112,true,1598282,34542091,3526934,270607,146045,3742
7,../model_20181118_1641295184.uvl,12,11,29624640,true,1558104,23547075,4035000,111666,79863,3191
9,../model_20200907_1296105910.uvl,35,21,59257384,true,1830028,51116477,5415098,345129,191378,3596
15,../model_20140411_279155356.uvl,11,12,36675929,true,1554548,30589998,4048230,148464,87884,3950
1,../model_20131113_2067550021.uvl,42,46,53800291,true,1754417,46417716,4693241,427597,218758,3514
3,../model_20130122_92211527.uvl,11,14,45729662,true,1705684,40211712,3230513,224427,111528,3397
5,../model_20150223_771673981.uvl,26,18,122486727,true,1575894,116648724,3627679,263286,127222,4001
10,../model_20140402_1108338221.uvl,10,8,28639671,true,1585210,23263567,3407323,71225,37293,2921
12,../model_20150509_1341412445.uvl,10,9,90334271,true,1643264,84833496,3378587,144023,83065,3872
2,../model_20130621_2143921379.uvl,29,32,38224756,true,1747080,31082825,4758999,196134,107089,2799
13,../model_20141114_653359930.uvl,32,41,44665286,true,1956565,36836909,5140898,242694,129832,2430
11,../model_20141103_771283347.uvl,10,10,41254742,true,1773760,35550782,3426135,142128,83707,3394
7,../model_20120328_794090001.uvl,22,22,32854191,true,1674661,26020727,4609096,150091,73142,3113
8,../model_20200829_1325519775.uvl,22,22,44068702,true,1639736,36965892,4763812,238501,131385,4100
15,../model_20160315_697003579.uvl,27,20,45940532,true,1784079,39869594,3572422,247781,128893,3380
9,../model_20140628_1177734570.uvl,29,32,60264914,true,1842088,52462746,4911407,443749,213187,3705
1,../model_20140411_1742095150.uvl,12,23,51476138,true,1754667,45126624,3837373,317083,157036,4377
0,../model_20170316_1430061931.uvl,60,253,265591488,true,2989401,254119808,4463939,2559358,950415,2814
5,../model_20121219_629525870.uvl,18,24,31438868,true,1607761,25165201,4152651,168868,80103,2060
3,../model_20120424_1703152596.uvl,59,45,58634468,true,2026328,49705372,5990579,279123,182514,2848
14,../model_20120328_1309817018.uvl,14,14,36756322,true,1817769,30319815,4169074,89438,49706,2335
12,../model_20200901_40084439.uvl,26,26,33184166,true,1849373,26799122,3899103,219235,85751,2746
2,../model_20130410_2115212559.uvl,11,10,29770766,true,1566153,24335517,3451006,116798,66753,4452
10,../model_20120822_650185552.uvl,25,23,55741378,true,1860562,48260761,4768626,331319,166567,3715
7,../model_20130916_1894002979.uvl,16,16,26048755,true,1685094,19794282,4069882,117474,77366,2756
11,../model_20160304_168615633.uvl,29,32,37907591,true,1876068,31309736,4032537,204376,106114,3101
9,../model_20171016_2132568250.uvl,12,4,31423847,true,1720691,25330547,3960592,73539,57165,2782
15,../model_20141107_655975442.uvl,10,9,28442390,true,1524531,23002611,3538917,80678,45556,2705
8,../model_20130604_1500555803.uvl,13,13,34523065,true,1629540,28154371,4317572,90087,51253,2520
1,../model_20141023_437365215.uvl,35,38,61306566,true,1869642,54402559,3961494,435592,231113,3737
5,../model_20151123_702303189.uvl,40,44,47533036,false,1788567,39272295,5500014,500858,266886,3980
4,../model_20230322_1814026223.uvl,20,18,28479397,true,1872266,22853724,3244589,114146,57052,2016
0,../model_20140819_1020837515.uvl,63,68,101969892,true,2138314,92311138,6550382,334693,166899,2451
14,../REAL-FM-5.uvl,17,27,45872270,true,1630825,39236226,3440443,209859,1054185,3404
6,../model_20100730_1366577700.uvl,32,37,59725211,true,1835725,51873582,5031483,365527,223978,3744
7,../model_20230323_1102049462.uvl,17,17,29270868,true,1614764,24140484,3093177,99889,60090,3051
3,../model_20150305_94122420.uvl,31,31,100430447,true,1773717,93290732,4744502,212926,109862,4002
9,../model_20120124_94644767.uvl,12,12,36466054,true,1588444,30861277,3545439,141125,81837,2920
15,../model_20140420_1899694432.uvl,55,54,54367812,true,2055592,45460549,5012373,292512,1205309,2011
8,../model_20150616_74187279.uvl,17,11,28224370,true,1566878,22251847,4009207,101563,54460,2369
1,../model_20121123_913179730.uvl,17,16,33983693,true,1654767,27861361,3909918,195643,103246,3742
5,../model_20221220_1576677705.uvl,14,10,23602152,true,1639581,18810793,2762145,108420,51291,2214
14,../model_20200517_1501498720.uvl,11,12,24542787,true,1709025,18973229,3426491,93596,54769,2129
6,../model_20160106_443157632.uvl,13,13,28648533,true,1597626,22544016,4007357,134048,72124,3062
4,../model_20200901_2052923297.uvl,21,21,27415437,true,1586878,22124433,3269577,113777,60477,2669
13,../model_20170502_101132737.uvl,33,37,51529753,true,1871116,42337153,6243031,454557,236600,4030
0,../model_20170312_968402737.uvl,49,33,52682588,true,1980733,43710259,5653536,550459,257531,3498
3,../model_20171016_1973576375.uvl,11,13,42711015,true,1677622,37009604,3498894,182043,103341,4049
9,../model_20180110_870365297.uvl,10,11,38649126,true,1737865,33592781,2915288,102343,58167,2479
1,../model_20121018_1186774722.uvl,16,15,28599323,true,1550649,22659713,3996050,99368,51649,1923
8,../model_20170904_444361354.uvl,46,33,46163857,true,1670548,37585399,5868605,419691,221509,3518
15,../model_20160330_1306243394.uvl,21,21,88524603,true,1565436,81955937,4499338,120302,66621,2423
5,../model_20121018_1970318852.uvl,16,15,29509604,true,1620025,23713905,3776429,95276,51490,2150
6,../model_20190510_899437477.uvl,13,11,24120946,true,1774661,18281462,3643991,82488,45531,3490
12,../model_20110124_2116036381.uvl,18,18,32506201,true,1655466,26910417,3468033,112177,62759,2101
4,../model_20160309_1721210506.uvl,14,11,28580375,true,1702214,22568655,3870132,94837,49981,2364
14,../model_20120111_1667229430.uvl,24,19,33284649,true,1602797,26548509,4540766,178021,92081,2500
10,../model_20140428_1917957920.uvl,63,62,49158528,true,1929862,38375928,6314118,613906,1423489,5022
0,../model_20120205_24117969.uvl,34,34,49353178,true,1513146,41463164,5480519,318296,179487,4784
2,../model_20100824_837146809.uvl,22,22,35519124,true,1755140,28628403,4677715,122731,75287,2166
13,../model_20200901_1615961503.uvl,38,29,52259961,true,1821110,44418211,5112343,308248,187334,4597
11,../model_20140902_941000321.uvl,13,11,41752596,true,1698123,35284176,4242329,157720,81547,3355
15,../model_20160420_1926809017.uvl,12,5,36671169,true,1502126,30500307,4257525,125151,67362,3223
8,../model_20180304_290046860.uvl,48,28,96709135,true,1697134,87208466,6855950,375571,187191,2887
1,../model_20170919_1946252337.uvl,48,29,118031470,true,1856871,42022643,73336842,247390,131873,1816
7,../model_20160913_600398973.uvl,48,38,45960014,true,1977204,38436657,4772776,259366,133262,2720
6,../model_20101208_1056693380.uvl,25,25,27694809,true,1685183,21860724,3573585,180374,73487,2025
12,../model_20130809_353548541.uvl,57,52,44879680,true,1832935,37283146,4894000,295656,161902,2280
4,../model_20160912_1428022317.uvl,49,57,49276846,true,1968439,42270444,4089409,330110,176376,2299
14,../model_20150506_2068045691.uvl,20,20,29300123,true,1617797,22880485,4313044,117601,70640,2502
0,../model_20200128_1669015551.uvl,23,19,37755412,true,1704844,31319908,4200248,130927,66727,2110
10,../model_20150302_1660900120.uvl,31,34,42465629,true,1746338,35439972,4550833,244261,109651,3201
13,../model_20111111_1026730216.uvl,37,29,37927413,true,1946230,29836343,5117381,315020,295092,4867
11,../model_20110715_945252556.uvl,32,32,37814282,true,1576992,30715545,4751622,278275,124249,3560
2,../model_20150310_563618715.uvl,33,40,59665950,true,1790798,51609074,5164169,455629,260901,3542
15,../model_20230322_1573076538.uvl,17,16,26778812,true,1529303,20494155,4127641,197277,105184,3999
8,../model_20200425_1144751894.uvl,10,12,27248664,true,1475115,21618973,3760359,98900,75774,2385
1,../model_20110704_555218409.uvl,11,11,35829482,true,1550336,29692486,4172769,121781,64295,3083
3,../model_20101124_661702924.uvl,15,15,33496092,true,1669352,27987445,3468613,115097,60794,2026
9,../model_20121018_242475712.uvl,16,15,38330195,true,1728695,32322335,3888303,97314,51388,2067
7,../model_20230322_1882971454.uvl,21,21,30762525,true,1786964,24108918,4295114,119707,92668,2862
6,../model_20150423_1415525319.uvl,27,21,37192475,true,1825826,30003309,4767108,142226,72594,2763
14,../model_20140425_366530615.uvl,11,10,26398128,true,1664909,20050320,4108021,197186,53087,2753
10,../model_20200403_1286696698.uvl,37,34,48022162,true,1637166,40685771,4949343,257911,137102,3557
0,../model_20230609_1502711362.uvl,22,22,43860639,true,1662032,36521994,5023519,235154,133109,4038
4,../model_20160330_387052519.uvl,21,13,39108535,true,1729837,32159453,4588964,191406,97640,3364
2,../model_20180511_935028612.uvl,20,23,36761607,true,1769003,29185792,4882034,454370,145477,3605
11,../model_20140306_1313194877.uvl,32,31,50558063,true,1907574,42681657,5102079,294430,168705,3964
13,../model_20131112_1855381012.uvl,31,30,145818341,true,2116142,137961196,4941602,317182,172462,3930
15,../model_20200810_1781368898.uvl,21,20,28217118,true,1641683,21194359,4926226,118230,59274,1986
1,../model_20121025_1453237615.uvl,20,20,26748769,true,1564160,21508473,3228838,113731,67009,2830
8,../model_20230322_208918165.uvl,40,27,38616493,true,2202180,30774545,4908390,201172,98649,2618
5,../model_20151202_1529785580.uvl,40,40,38928800,true,1716415,32522867,3908442,228312,123390,2372
3,../model_20151124_1131991591.uvl,34,34,42003700,true,1853281,35850765,3642700,181781,99035,2242
9,../model_20140914_775838300.uvl,24,24,40990159,true,1821326,34067845,4462850,220721,125746,3542
6,../model_20130226_1908057354.uvl,16,14,45176330,true,1751417,39978232,3023060,116867,64223,2517
4,../model_20160716_1943328700.uvl,18,17,27378467,true,1764419,22106851,3037652,108920,59643,2508
2,../model_20200225_1125771038.uvl,43,40,52274923,true,1627656,43351625,6565793,237742,120204,3104
11,../model_20120201_899753062.uvl,27,31,71911082,true,1922961,65148364,3689646,537047,255360,3578
13,../model_20131112_1630582425.uvl,28,20,49125545,true,1778978,42044345,4556608,259405,138869,3877
5,../model_20130916_1983257725.uvl,16,15,31149811,true,1771053,24762441,4183696,100859,54255,2900
1,../model_20131112_64627122.uvl,13,12,30092860,true,1490801,24278454,3914527,82414,47023,2610
8,../model_20120920_383492576.uvl,11,12,29220476,true,1606962,23369547,3891847,80246,47650,2167
15,../model_20190416_886742925.uvl,12,12,23871890,true,1448337,18871717,3161491,76471,44307,2663
3,../model_20120609_84195762.uvl,26,21,35415767,true,1599222,28869481,4463069,134782,70935,2544
6,../model_20180927_642324190.uvl,51,46,42245822,true,1726362,33784703,5617403,440087,229194,3120
4,../model_20130414_861625706.uvl,15,15,40574944,true,1655464,34833103,3620919,165576,92632,3460
12,../model_20230426_159926820.uvl,59,43,45787063,true,2246125,36317891,6285199,302938,127299,1981
11,../model_20200320_13307140.uvl,10,10,27982085,true,1442706,22083566,3995683,123125,68862,4809
2,../model_20100415_240595643.uvl,31,32,55074433,true,1687252,47301405,5149398,357518,201350,3819
13,../model_20110216_1027109687.uvl,12,16,30737107,true,1544465,25278343,3538419,104304,56600,2528
8,../model_20140614_436006902.uvl,25,25,51094464,true,1743387,45475805,3242865,200290,99407,2155
5,../model_20200815_433256797.uvl,39,33,45799066,true,1890500,38746690,4244603,360489,174895,2845
1,../model_20170904_998227463.uvl,42,37,38803984,true,1790260,31875783,4391790,216482,124080,2914
15,../connector_fm.uvl,20,14,38714059,true,1605779,33039104,3587365,115424,64930,2347
6,../model_20140820_1349433690.uvl,22,22,26876469,true,1508627,21186742,3685846,121810,69142,2195
7,../model_20150611_578706116.uvl,13,12,24242329,true,1770983,18009590,4049770,81004,41390,2099
4,../model_20180512_810540422.uvl,23,23,43650093,true,1852857,37499943,3647368,229422,124940,3216
10,../model_20230323_1108197556.uvl,17,15,38768841,true,1583822,32482819,4127862,184598,92460,3612
0,../model_20110330_919429247.uvl,25,27,47594510,true,1741417,41515227,3600423,287645,167834,4206
14,../model_20160519_1444507509.uvl,41,42,74267588,true,2055959,67353176,3996687,333967,176534,2809
13,../model_20190122_546529784.uvl,18,18,43252906,true,1820600,36933594,3909114,224937,116910,3784
2,../model_20120419_1397354511.uvl,20,20,32376098,true,1602908,25627320,4442312,242072,138253,3826
5,../model_20121018_1550648286.uvl,16,15,28348007,true,1600366,23213656,3099077,93858,53937,1811
15,../model_20120328_663906927.uvl,28,25,34833276,true,1690238,28943113,3520393,224524,87894,2418
6,../model_20180222_786472237.uvl,12,7,29971104,true,1574158,24802075,3150374,113191,62932,3681
8,../model_20170918_2076946141.uvl,16,10,23684477,true,1599951,17602245,4074631,83849,42044,2419
1,../model_20130529_1187431770.uvl,16,16,25516161,true,1582507,19766543,3729136,105833,56833,2788
9,../model_20140328_1965511118.uvl,10,10,30262617,true,1606057,24959430,3333470,66904,36680,2872
7,../model_20131122_1241273029.uvl,18,18,37461081,true,1777868,31085102,4169220,103116,58518,2733
0,../model_20170918_1996976409.uvl,33,33,39529423,true,1621589,32295039,4765784,292237,183832,4315
4,../model_20131203_151571988.uvl,54,51,52695544,true,1801778,45685172,4336587,290747,153290,3115
13,../model_20120705_77954373.uvl,22,18,35004965,true,1641603,29414216,3489238,122745,63418,2983
14,../model_20101117_2128796258.uvl,72,69,86751634,true,2276483,76643191,6486049,535581,265206,64705
2,../model_20160229_1734203468.uvl,48,29,44333315,true,1765051,37309613,4505333,236033,117798,2292
3,../model_20130820_1465112187.uvl,49,49,40995928,true,2041231,32764454,5521662,234924,132678,2638
5,../model_20190917_1484600794.uvl,17,13,29227789,true,1551984,22875816,4261898,143775,75733,3446
6,../model_20140410_1285833987.uvl,11,21,44790886,true,1578636,38665281,3787854,184987,264532,2912
8,../model_20140322_1340045027.uvl,10,10,25071276,true,1501114,19273439,3885765,104118,59035,3725
1,../model_20180729_2071913647.uvl,24,29,38152294,true,1673516,31547618,4116412,305575,166053,2663
9,../model_20190124_988857604.uvl,46,41,47529114,true,1731380,38833718,5943380,411400,233640,3664
7,../model_20130529_552715089.uvl,17,16,40110529,true,1516461,34292690,3691851,201733,110498,4433
11,../model_20201010_633615094.uvl,12,11,40879050,true,1747105,33216274,5350933,163334,88194,5777
12,../model_20131112_817529963.uvl,40,40,48553666,true,1706012,40689547,5232687,351042,196232,4647
4,../model_20171021_192017753.uvl,17,15,40991571,true,1517055,34588564,4356828,197934,104695,3936
0,../model_20190915_1211977272.uvl,22,21,125842914,true,1518182,120026343,3691644,202685,103685,3112
13,../model_20110127_1318390760.uvl,13,11,34984011,true,1784501,28499795,4198668,153771,70888,3413
2,../model_20120328_1974817485.uvl,13,8,39697514,true,1696221,34082934,3422255,140641,78965,3202
14,../model_20130510_203163945.uvl,18,12,127232129,true,1603258,120887650,4216253,180028,94184,3250
3,../model_20120423_1625073325.uvl,32,26,33671516,true,1836036,26631014,4688516,168285,91518,2629
1,../model_20200121_827473084.uvl,17,17,31822602,true,1530180,25916000,4007706,99916,58429,2106
5,../model_20200128_23228584.uvl,23,23,30838883,true,1841864,24794207,3610507,161989,87693,2501
6,../model_20160308_190029672.uvl,33,32,38039116,true,1905658,30481273,4982843,217248,95908,3016
9,../model_20140511_603377022.uvl,15,14,35719360,true,1704390,29366118,4098503,151969,89946,3375
10,../model_20140917_195564800.uvl,16,16,25429471,true,1581402,20152822,3272162,95075,53708,2748
8,../model_20170414_1751865819.uvl,77,84,65107438,true,2691651,53809207,7343224,465357,328354,2778
12,../model_20160227_1389842098.uvl,48,51,51484958,true,2015878,44517075,4166010,282470,210855,3561
11,../model_20200819_710049424.uvl,28,25,51930238,true,1877603,45029095,4328349,271262,136790,4001
13,../model_20130123_686198065.uvl,40,40,53921819,true,1916571,47165588,3896827,344621,193703,3370
2,../model_20160308_79396455.uvl,41,44,51247699,true,1854962,43212292,5125419,438818,225552,2973
15,../model_20140207_1303140975.uvl,12,12,36224523,true,1804305,30310147,3617500,140883,75451,3184
14,../model_20190430_2137275351.uvl,37,35,35505069,true,1866277,28125565,4813317,223792,176645,3368
5,../model_20200128_745414394.uvl,23,19,33175152,true,1629821,27327624,3526751,225939,124077,3447
6,../model_20140430_1532303117.uvl,32,20,44782054,true,1808438,38522277,3695590,296617,155250,3836
9,../model_20140819_709073537.uvl,43,44,53781526,true,1828889,47343934,3934943,239659,129296,2035
10,../model_20120909_341305614.uvl,32,34,115513062,true,1836765,107988698,4830516,218708,266996,2647
8,../model_20190917_512190943.uvl,45,37,38299623,true,1718373,31572586,4215237,244636,116463,3028
12,../model_20110428_553405269.uvl,37,29,36797855,true,1907838,30257729,3913038,225776,105830,3097
11,../model_20181019_994429580.uvl,10,10,24398674,true,1645611,18916222,3436196,86197,61050,3701
13,../model_20160329_1152124785.uvl,21,20,36026952,true,1710314,29995138,3805815,123599,66661,2482
2,../model_20161207_285955518.uvl,54,46,49946646,true,1708256,42057615,5091161,436101,241337,3497
14,../model_20101111_156018899.uvl,12,11,25002786,true,1389140,20216052,3036843,79345,45071,2783
10,../model_20180917_1978871462.uvl,50,45,45676055,true,2040879,38358465,4199527,437632,255975,4339
4,../model_20200728_429027371.uvl,17,16,32878354,true,1786487,27260676,3422986,100355,52292,2800
6,../model_20140825_2017008690.uvl,58,59,72167887,true,2124938,61540972,7265619,570550,308342,4084
7,../model_20101020_1809093990.uvl,20,20,43696792,true,1951512,36827742,4276663,218451,115073,3195
5,../model_20141106_1014782772.uvl,17,17,83009591,true,1644985,77674474,3200576,150925,89998,3796
8,../model_20130121_710180273.uvl,10,11,28100219,true,1614582,22672583,3344863,112792,78557,3277
13,../model_20150301_300492477.uvl,33,32,44237414,true,1867371,37013676,4694963,190331,104649,3304
11,../model_20160329_268958808.uvl,47,54,52456196,true,1935023,43877374,5762640,293433,149238,2601
12,../model_20180305_1393570452.uvl,48,43,138400953,true,1927150,129222197,5962681,518545,297570,4153
2,../model_20121123_1672558767.uvl,15,17,43627042,true,1602608,36911323,4526414,205544,110683,3925
0,../model_20150527_1979644627.uvl,72,58,87797393,true,2467993,77195347,6599593,596088,440215,4213
1,../model_20230322_1855764436.uvl,26,22,28779568,true,1703151,23122637,3405610,142470,72608,2152
14,../model_20120513_373795895.uvl,14,13,22450099,true,1596605,16958719,3420112,192044,46572,2813
3,../model_20170618_724645944.uvl,13,14,24086904,true,1561396,19203605,2906400,99054,53550,2758
4,../model_20141205_2005181775.uvl,33,28,55116283,true,1769909,48892660,3677423,322097,164372,3259
13,../REAL-FM-17.uvl,25,24,30724810,true,1602664,24232343,4287642,167946,81339,2567
12,../model_20150208_2120373387.uvl,25,21,31271900,true,1363987,24739382,4526131,279265,143690,3702
11,../model_20130703_1107240012.uvl,64,27,45537950,true,1912435,36240350,6467224,281417,135563,2353
0,../model_20110826_252647654.uvl,24,24,28977666,true,1549022,23604628,3390801,134541,74896,2777
2,../model_20150428_2048110240.uvl,11,12,33158343,true,1436022,27386005,3945600,98892,57092,2045
15,../model_20140403_1688136935.uvl,45,42,44674939,true,2129715,37926818,3651512,347265,289940,3184
1,../model_20170505_1428478521.uvl,24,26,31222464,true,1505632,24614381,4350417,280257,156441,2930
14,../model_20140801_240918546.uvl,22,13,37313993,true,1524382,30982100,4353234,117166,93421,2767
3,../model_20110622_260389190.uvl,12,10,27686474,true,1512024,22761665,3071505,82161,44972,2499
9,../model_20200810_1006372985.uvl,36,36,42691974,true,1867688,36062093,4100796,195317,143464,2042
4,../model_20171204_404453510.uvl,21,22,38704108,true,1552057,31214903,5356298,226458,118601,3339
13,../model_20121102_768518520.uvl,14,14,34933593,true,1680817,29838664,3032626,81139,51254,2113
12,../model_20140423_277886534.uvl,21,18,26479480,true,1691734,21217589,3112584,120901,62317,2738
0,../model_20100712_329430908.uvl,20,20,26133971,true,1540863,20275521,3904558,111536,59202,1829
2,../model_20120408_404695779.uvl,70,66,61010499,true,2167448,50359207,6885712,646477,437441,3887
15,../model_20140422_2137156564.uvl,35,32,40737766,true,1643490,34550988,3906345,200039,106624,2061
14,../car_fm.uvl,14,12,38670886,true,1703093,32446626,3964047,161995,88075,3411
3,../model_20230505_1739075744.uvl,42,45,58176777,true,1831477,49688518,5672801,425079,244039,3626
4,../model_20150212_1516383976.uvl,12,8,38682563,true,1424828,33116287,3722532,96049,82242,2295
11,../model_20200316_153170359.uvl,124,103,109798580,true,3196818,92965001,7592783,2029100,3233626,3918
9,../model_20121123_1445508018.uvl,16,16,110076737,true,1528326,104128275,4019677,99066,56208,2363
6,../model_20110525_564104612.uvl,27,32,43994814,true,1705834,37196386,4113078,338821,305291,3178
5,../model_20140824_525404983.uvl,47,47,47608891,true,1897068,38816240,5722584,468629,251452,3890
8,../model_20121018_436901160.uvl,16,15,37566282,true,1723112,31636829,3621649,171145,92121,4664
10,../model_20221101_871584152.uvl,19,28,69804967,true,1919516,62186100,4459624,499132,394784,5657
12,../model_20150411_1378086632.uvl,15,9,37018709,true,1737594,31143824,3584854,159416,95291,4247
7,../model_20141104_1527188029.uvl,140,140,109411258,true,3744309,97017286,6890078,737780,479955,2633
2,../model_20180512_276218752.uvl,36,38,45172702,true,1807808,37310632,5134398,336910,183866,6256
0,../model_20110407_1283128166.uvl,51,52,48112610,true,1839153,39739115,5778379,261064,147268,2704
15,../model_20161118_228131771.uvl,66,79,52729066,false,2349401,45127135,4291053,567791,204593,2265
5,../model_20160620_457730604.uvl,20,20,26410578,true,1496268,20312913,3933241,209208,120686,4371
9,../model_20190922_718247414.uvl,12,10,22899648,true,1563105,17569153,3391029,73605,37217,1771
6,../model_20140819_2062208658.uvl,26,26,26654077,true,1611440,20883372,3603351,142800,73906,2522
10,../model_20110301_216655728.uvl,10,10,26142053,true,1541025,20880502,3275223,119689,66648,3150
8,../model_20171018_1720986032.uvl,130,107,81518041,true,3421550,66866964,9655224,724269,348635,3243
11,../model_20110527_1847306763.uvl,63,106,110713788,true,2484056,101361813,4769896,1028698,509944,4169
7,../model_20121219_1714348674.uvl,10,10,35117700,true,1494770,29642821,3647392,71656,60705,2478
1,../model_20121123_638033800.uvl,14,13,23498426,true,1666182,18706762,2737350,111002,48833,2253
0,../model_20130916_1649901124.uvl,16,15,25047219,true,1419397,18862669,4255245,157290,82230,3242
15,../model_20110823_1386366267.uvl,15,14,32741237,true,1709489,26905933,3681317,100501,58143,2597
2,../model_20180512_427876131.uvl,37,37,41243220,true,1566555,34939307,4042431,198501,187114,2455
5,../model_20140508_536536644.uvl,36,34,40174216,true,1796570,31583552,6115161,236923,129723,2995
10,../model_20131112_2028027455.uvl,13,11,26170670,true,1828078,19244912,4699736,91901,50158,2288
9,../model_20120829_28461699.uvl,11,13,24813632,true,1534523,19108806,3754871,99003,59525,2241
13,../model_20120701_1498696792.uvl,11,11,25396937,true,1551452,18837979,4685703,68605,40635,2494
6,../model_20110116_381192414.uvl,60,61,49293122,true,1729026,40326895,5881317,468729,408153,3755
11,../model_20121019_1128529660.uvl,14,12,27221642,true,1504471,21861328,3431597,90751,45417,2597
8,../model_20150307_1251635490.uvl,35,36,52311760,true,1848725,44397208,5099509,344034,283151,3431
7,../model_20150208_1225865238.uvl,42,34,57380103,true,1807481,50180180,4212017,563132,238636,3473
1,../model_20180514_381391194.uvl,20,20,37963400,true,1540421,31553504,4254351,207186,113828,3809
0,../model_20131112_990013628.uvl,10,10,37709339,true,1650180,32006201,3575017,126290,68374,3441
15,../model_20141108_202761108.uvl,10,8,32428455,true,1586328,27213272,3174657,114860,62699,3268
2,../model_20160229_707006027.uvl,13,14,30838888,true,1624575,24667253,4122046,92349,55414,2542
14,../model_20120314_1438691117.uvl,13,13,26130429,true,1675973,19880054,4112447,97432,72875,3279
3,../model_20100322_955726153.uvl,20,20,38214002,true,1777569,31852183,3928090,218497,124327,3947
4,../model_20130722_443972122.uvl,12,12,39022015,true,1755239,33366419,3395348,139734,81842,3409
13,../model_20120110_1256867454.uvl,10,10,24636028,true,1587255,18827173,3617472,247011,84456,2454
10,../model_20141108_701198022.uvl,11,11,27176073,true,1546411,21812679,3429298,71063,44071,2771
5,../model_20120328_1373483522.uvl,13,14,25949456,true,1693624,20524462,3272646,106222,66350,1918
6,../model_20110605_1465859222.uvl,17,17,35542106,true,1652913,30138645,3286976,101790,56097,2749
12,../model_20151119_424700280.uvl,10,10,39617051,true,1592081,33504672,4059850,149016,78517,3704
11,../model_20110207_1623721536.uvl,27,32,61377199,false,1865912,54724802,3807061,421646,353768,3847
8,../model_20170720_160368734.uvl,14,14,37192076,true,1596999,30921127,4247571,91963,53999,2544
15,../model_20170918_191476099.uvl,48,49,47466449,true,2149399,39165668,4052142,248843,1433601,2324
0,../model_20160304_1567363129.uvl,19,23,48220975,true,1803647,41413692,4240066,284331,148700,4558
2,../model_20091210_241985787.uvl,16,16,35556810,true,1754378,30237401,3126622,93832,51403,2452
14,../model_20170518_1713871521.uvl,15,16,43877779,true,1794373,38259502,3231557,219129,124641,3593
3,../model_20221015_510481451.uvl,12,14,33240407,true,1552369,27643370,3658803,96338,57758,2618
4,../model_20160911_493856736.uvl,45,29,54135191,true,2094678,46701435,4519381,277027,159170,2578
5,../model_20140109_637429284.uvl,11,9,27220822,true,1662219,21518535,3695771,77675,39806,2156
13,../model_20160329_304357596.uvl,23,15,44496094,true,1824733,37593332,4399341,221895,114962,3205
10,../model_20170313_788976149.uvl,12,9,23571090,true,1528313,17714954,3902818,78962,40650,2865
8,../model_20160329_1144142418.uvl,54,33,49219465,true,1891993,40688255,5824590,317174,135644,2858
11,../model_20200513_1559879338.uvl,11,11,38311516,true,1622650,32196386,4011995,133620,83299,3862
0,../model_20110406_656545830.uvl,17,17,26623602,true,1419594,20715851,4018678,99404,67704,2626
14,../model_20120423_1196408273.uvl,16,11,24164172,true,1432183,19032909,3277723,87761,45942,2103
15,../model_20131112_1399418967.uvl,35,28,56448037,true,1543285,50030945,4040821,303612,189320,3691
2,../model_20221018_544175819.uvl,29,29,45330684,true,1620495,38168089,4792607,284964,157079,3488
3,../model_20200909_844580970.uvl,17,9,42781464,true,1547535,36945278,3764269,169635,86736,3517
4,../model_20170517_1276361560.uvl,10,10,26086586,true,1443702,20754911,3479486,92545,53983,2282
9,../model_20120717_770767926.uvl,11,10,35715456,true,1752409,29343456,4116388,131610,76841,3532
5,../model_20190513_554652357.uvl,10,10,29219560,true,1645445,23107824,3958501,134160,91951,3743
10,../model_20110130_639381749.uvl,12,12,35523727,true,1599175,30001482,3416186,145525,83798,4083
13,../model_20180222_1790291836.uvl,22,19,48411445,true,1594343,41605489,4513924,277710,126665,3876
7,../model_20170518_711240246.uvl,36,36,50889444,true,1872988,44553537,3727851,188911,189211,2908
1,../model_20110207_906076676.uvl,12,8,27886847,true,1787608,22400557,3256010,112074,44192,2424
8,../model_20150304_617127008.uvl,56,66,81714206,true,1999686,73971979,4605685,575107,266122,2599
11,../model_20190917_490456110.uvl,39,23,126979538,true,1702131,119379547,5147842,300732,153329,3670
0,../model_20090801_1908323193.uvl,13,13,27283868,true,1536088,20103984,5214481,144847,75480,2966
14,../model_20160329_578011837.uvl,23,18,31392815,true,1738806,24427144,4655843,188454,69573,2941
2,../model_20120701_899073101.uvl,11,11,24146200,true,1657662,18183377,3948925,74461,42138,2357
3,../model_20160926_2009081259.uvl,54,54,60495116,true,1930954,52412661,5049421,322442,344173,3639
4,../model_20100326_770562654.uvl,27,19,41963760,true,1820905,35913878,3647016,160436,85870,2154
15,../model_20140423_1716161596.uvl,42,25,124423866,true,1814546,116466724,5449351,189883,128888,2453
5,../model_20140324_1142291623.uvl,11,11,36950780,true,1593563,31043483,3815525,127535,78013,3783
12,../model_20121015_1348696629.uvl,10,8,26856062,true,1707488,21054810,3626599,121312,67265,3794
6,../model_20160913_2142740300.uvl,48,48,81210310,true,1998980,71736840,6135124,532026,363105,4099
7,../model_20091206_1647557456.uvl,10,10,36837257,true,1653923,31441036,3317155,122628,68097,3614
10,../model_20170505_1995894898.uvl,32,27,137928746,true,1825937,130746717,4441897,338770,179148,3971
1,../model_20141102_1778359466.uvl,23,22,102491275,true,1781208,30100478,69863463,253932,141087,4138
11,../model_20131122_1877947099.uvl,15,13,33469826,true,1725877,28415432,2921224,105033,49487,3024
15,../model_20150523_1701783178.uvl,23,23,27694323,true,1718784,22017056,3394839,128669,71472,2073
2,../model_20160329_2023954051.uvl,24,20,29555592,true,1844909,23001045,4181339,127783,65440,2891
12,../model_20120829_881090911.uvl,10,10,25329420,true,1654466,20324697,3008133,69320,38085,1766
3,../model_20171020_786614820.uvl,12,10,25559944,true,1523587,19612202,4000858,93292,53571,3421
14,../model_20120113_1803352101.uvl,43,27,93901342,true,2128329,85942101,5090403,215055,181830,2738
5,../model_20121106_1816491064.uvl,23,20,34977936,true,1769047,28208739,4445150,154719,66696,2901
6,../model_20131122_641443746.uvl,14,14,23533172,true,1514057,17860016,3783894,86691,48062,2242
7,../model_20190223_2023041805.uvl,19,22,46883002,true,1624099,41502430,3046506,297025,144718,2718
1,../model_20120528_1294065815.uvl,13,12,21491348,true,1498725,16716115,2962620,84298,44400,2730
11,../model_20130529_1911302663.uvl,16,16,42523945,true,1556785,37192419,3260380,198935,106831,3796
2,../model_20170704_1299892151.uvl,11,11,22721690,true,1578815,17488401,3288104,68534,38984,1904
3,../model_20121017_2007593800.uvl,10,8,21658388,true,1378145,16214610,3719142,66518,36995,2208
9,../model_20130125_189285641.uvl,18,19,26290384,true,1546132,20555437,3747728,112311,66337,2132
14,../model_20150226_64791123.uvl,26,28,42955231,true,1518386,36277652,4599787,165803,88977,2188
13,../model_20140514_1151327844.uvl,43,36,71059343,true,2105446,62350057,5490800,473071,215057,3676
6,../model_20140306_1994550432.uvl,12,9,27209703,true,1559695,21217414,3947181,134915,68579,3644
5,../model_20100829_787258873.uvl,57,48,73993302,true,2052317,64280442,6348779,537588,289011,3675
7,../model_20230323_58681865.uvl,17,15,32059077,true,1778283,25717763,4168047,105456,52222,2266
8,../model_20130916_1001858303.uvl,15,17,31144483,true,1768612,24700530,4186229,132555,63895,2323
12,../model_20170405_957299568.uvl,142,211,269329304,true,4302872,179140091,82464800,1307517,1251929,3145
1,../model_20180512_893377341.uvl,24,22,52311084,true,1659390,45358477,4505590,280703,153401,3456
3,../model_20120412_1314362396.uvl,12,11,37734020,true,1686075,31457373,4065146,149327,80222,4110
2,../model_20130916_552778902.uvl,16,17,41880129,true,1723489,35472617,4102963,181204,103175,3236
4,../model_20200810_903664942.uvl,25,27,53355824,true,1849026,46753650,4004232,297222,161533,3559
0,../model_20141129_2117240468.uvl,12,14,41418035,true,1803711,35020955,4014750,177261,101561,3541
13,../model_20091225_1547989376.uvl,29,30,31062440,true,1665373,25137371,3628233,172840,98262,2163
10,../model_20140326_1693773444.uvl,13,14,27995516,true,1819862,22029920,3725011,106431,56562,2573
6,../model_20180512_409172439.uvl,37,37,56095101,true,1805505,48140466,4098326,378770,1321735,4361
7,../model_20091210_993249741.uvl,29,25,48278907,true,1748486,41360611,4643541,155780,86263,2649
5,../model_20230313_612090761.uvl,13,15,36365422,true,1726524,30473378,3599649,206349,110370,3586
12,../model_20190223_1275185141.uvl,10,7,22784613,true,1523565,17429224,3453000,76693,43655,1922
8,../model_20140305_850513381.uvl,63,103,75975135,true,2295858,65632678,6570880,613933,395243,2613
15,../model_20141018_2078980023.uvl,87,86,56149053,true,2579072,47192444,5129624,398944,215634,2035
4,../model_20141006_1946000492.uvl,14,10,39077359,true,1685043,33313896,3576767,148541,77181,3629
13,../model_20141129_6569546.uvl,25,21,30142946,true,1836077,24399790,3331929,141809,72351,2202
10,../model_20110926_400852996.uvl,36,36,36062861,true,1682803,29410040,4145627,223611,210546,2480
5,../model_20111027_1380540076.uvl,10,10,27109975,true,1277357,21354325,4116033,98237,46555,3205
6,../model_20200815_41086763.uvl,31,28,42297573,true,1637107,35540004,4628930,163990,83127,3173
7,../model_20120510_220834497.uvl,53,44,135273901,true,1602484,128274496,4372346,455779,253072,4103
8,../model_20121123_1692800929.uvl,16,16,40664511,true,1675101,35152726,3239199,198252,105708,3386
12,../model_20170916_132089042.uvl,48,60,87257159,true,1916907,78963382,5407908,398047,186050,2276
9,../model_20150701_451946642.uvl,22,14,28471513,true,1697987,22195319,4090729,111802,59863,2264
14,../model_20131122_224574976.uvl,11,11,21724406,true,1589915,16044777,3717738,72935,40672,2112
15,../model_20120828_1516795545.uvl,13,13,38957409,true,1563703,33371424,3535618,140921,81028,3906
13,../model_20200212_1763855182.uvl,12,12,30407720,true,1737628,24821715,3493421,81728,43541,2210
4,../model_20180122_1429516018.uvl,40,18,61945461,true,1854658,54126625,5315300,201719,137072,2461
11,../model_20200907_1598312227.uvl,130,130,79549877,true,3149709,67680516,6925718,628497,390443,2212
10,../model_20160813_60083737.uvl,10,10,35366624,true,1547347,29620484,3729146,121480,74602,3667
6,../model_20120728_275737618.uvl,14,14,41906742,true,1668550,35798786,3914730,154294,86625,3242
5,../model_20141113_1414990983.uvl,46,46,118187248,true,1754355,109795176,5525313,485239,232708,3776
7,../model_20230323_867226898.uvl,16,13,41793971,true,1812235,35193564,4185809,189381,101397,3564
1,../model_20171029_714150136.uvl,10,10,34848353,true,1731369,28878170,3774129,125136,67692,3190
8,../model_20140401_1527258088.uvl,13,20,33047109,true,1588372,27498311,3444474,147799,166396,2524
0,../model_20140614_81946339.uvl,22,24,31527487,true,1727038,25647302,3368971,229219,260625,3599
2,../model_20190304_818967793.uvl,29,28,32964649,true,1656910,26168352,4574387,154100,80606,2050
3,../model_20140614_1989695192.uvl,29,35,42585179,true,1795636,35222662,4580419,430399,228284,3795
14,../model_20160512_1688304541.uvl,31,25,37129213,true,1855468,30857534,3849164,170135,90230,2931
9,../model_20130821_470005647.uvl,43,43,116471554,true,1758913,108139397,5521913,427184,243038,4105
15,../model_20110925_62365838.uvl,23,23,37883634,true,1743375,31638372,3947163,195419,83430,3079
13,../model_20111201_372659565.uvl,61,38,72590113,true,2022667,65692400,4082471,274012,207727,3173
6,../model_20180705_2136123533.uvl,10,10,25452604,true,1572062,19770184,3640078,120825,75964,4258
5,../model_20150611_1748318240.uvl,14,11,24259253,true,1496868,19205623,3125534,101969,47345,2562
7,../model_20170410_971411480.uvl,11,6,27661616,true,1533189,21832273,3935666,71768,36507,2402
1,../model_20140305_1745306436.uvl,20,12,38324315,true,1623599,31615017,4518322,174032,73809,2850
2,../model_20180409_394573881.uvl,10,10,22505704,true,1483935,17654713,3026922,66453,37403,2307
8,../model_20200120_1111265554.uvl,10,8,34262648,true,1600635,29479756,2767765,119237,65612,3365
3,../model_20100325_298677687.uvl,10,9,21847485,true,1492222,16903210,3072361,66254,35392,1935
14,../model_20140819_940483638.uvl,11,11,22636336,true,1601593,17578653,3064899,73680,41988,2947
15,../model_20141119_1676144838.uvl,14,14,23939709,true,1556137,17921664,3987839,109306,79333,3324
13,../model_20130627_888588099.uvl,17,16,29062210,true,1573563,23972551,3103412,104064,57916,2383
6,../model_20130808_465499656.uvl,22,14,46614191,true,1629223,41187539,3260629,211865,106471,3864
7,../model_20171012_432118074.uvl,28,28,34854461,true,1852665,27875510,4566128,146926,78331,1850
1,../model_20160225_419189676.uvl,47,52,40719486,true,1619915,34175070,4098748,289910,147490,3036
12,../model_20130807_1787614695.uvl,13,13,32200456,true,1618076,26946000,3214328,131854,54791,3796
5,../model_20160330_888130075.uvl,73,73,71905867,true,2362175,61673426,6490426,585762,390818,3833
8,../model_20150228_41303449.uvl,33,33,40132727,true,1964800,33894404,3609766,191782,96467,1978
3,../model_20141023_1082000051.uvl,37,49,61647247,true,1899936,54347130,4433625,381678,196613,2520
4,../model_20230322_413432441.uvl,22,21,27333375,true,1725863,21802222,3295007,124150,66562,2393
15,../model_20161213_651973816.uvl,21,25,53213093,true,1668769,46939454,3803705,328529,178374,4614
13,../model_20141018_811394530.uvl,23,22,32932783,true,1540350,26807234,4058226,128173,73404,2978
10,../model_20171016_777651910.uvl,27,26,33369857,true,1890297,27361231,3553476,152294,74816,2822
6,../model_20150222_2069201003.uvl,13,13,35349385,true,1560842,29054450,4227875,142875,81463,3657
11,../model_20170702_979744088.uvl,21,21,37333975,true,2201725,31072445,3436642,213348,136060,3639
7,../model_20160504_814917052.uvl,26,20,49044073,true,1800571,42722318,3686525,244030,257649,2747
1,../model_20120905_104354355.uvl,13,13,39880022,true,1680086,33663248,4027434,145163,81934,3924
12,../model_20160428_283258262.uvl,40,37,40236864,true,1853342,33061938,4623073,212993,102294,2733
5,../model_20121123_1047250318.uvl,16,17,33691820,true,1593035,28349983,3154045,181695,104923,4300
3,../model_20130916_302923469.uvl,16,17,31461409,true,1696655,25262385,4056582,111108,57609,1923
0,../model_20101115_2000504462.uvl,72,65,70346293,true,2393367,60361722,6400165,389480,247650,2509
4,../model_20151201_896154285.uvl,24,21,31936667,true,1746808,25466392,4208991,151631,80975,2918
9,../model_20190922_499979669.uvl,25,29,36875386,true,1928305,30396634,3966362,166514,99426,2310
10,../model_20171213_638254090.uvl,11,10,28281683,true,1498052,22892856,3406007,134133,68938,4106
15,../model_20180611_848416665.uvl,10,13,26930919,true,1350090,21648229,3511337,174709,54461,2605
11,../model_20140209_1382642350.uvl,41,29,59561969,true,1865114,52295788,4286332,463542,237690,4204
1,../model_20130302_379367837.uvl,10,11,23862513,true,1563497,18553712,3352789,78520,43809,2740
12,../model_20140826_2051139991.uvl,31,31,34852812,true,1702669,28910693,3645820,172224,102754,2839
2,../model_20100216_713947806.uvl,12,12,27029040,true,1606154,21912905,3192948,79795,45531,2330
5,../model_20160503_1174916821.uvl,42,44,62991774,true,1926843,54692842,5277453,457322,256079,3655
3,../model_20190326_164569423.uvl,10,10,37151427,true,1654378,31018581,3998151,131426,71079,3501
14,../model_20141017_1234330746.uvl,38,48,71040713,true,1939944,63345840,4513137,548627,289829,3315
0,../model_20150416_264061404.uvl,47,24,58527212,true,1751086,50604493,5586921,204237,102194,3157
10,../model_20190526_2060834946.uvl,12,9,42200427,true,1725588,36012060,3950778,153416,78352,3231
15,../model_20150621_1174641946.uvl,36,32,53900426,true,1860804,45642753,5515469,356331,181317,3880
4,../model_20180306_832754487.uvl,49,53,90057573,true,2204305,80763018,5957512,474184,220216,2113
11,../model_20160913_245590430.uvl,38,38,70838112,true,1955690,62904069,5093251,358404,163431,3008
9,../model_20190917_729866659.uvl,83,56,88534644,true,2433557,78073490,6834134,377480,219401,3390
1,../model_20120110_1094246588.uvl,10,10,28351720,true,1649272,22260009,3926892,152872,89086,3096
8,../REAL-FM-8.uvl,17,17,42904406,true,1764030,37179976,3354314,205764,109980,3105
12,../model_20130812_1882708509.uvl,41,51,69421277,true,2053317,61868274,4184954,552172,313058,3800
14,../model_20140403_1254324003.uvl,28,27,41026620,true,1743795,33904494,4626187,238159,137626,4792
3,../model_20120201_1444061231.uvl,38,37,57375899,true,1927898,50613414,4003198,290310,172483,2133
6,../model_20131129_1795005487.uvl,10,10,29618378,true,1603318,23966856,3684833,87389,49395,2150
13,../model_20150309_1544990511.uvl,39,42,61301123,true,2012293,52957198,5222622,423717,227222,4062
10,../model_20140824_1698583194.uvl,66,66,64684347,true,2156674,54088675,6577420,314347,1071734,3898
7,../model_20170402_765751837.uvl,329,359,303381368,true,14259307,266605439,17470393,2265993,1698207,3414
4,../model_20180729_778045288.uvl,31,34,38883329,true,1684415,32408314,4122882,192412,122122,2597
15,../smart_home_fm.uvl,59,62,60155322,true,2205344,50638679,6181936,409044,240580,2600
11,../model_20180307_2144246090.uvl,49,39,75496720,true,2075539,67888163,4530398,321789,341761,3403
9,../model_20190616_1868431112.uvl,40,31,46810716,true,1798807,40449745,3955772,199550,105164,1954
12,../model_20110915_1159959623.uvl,10,8,22557124,true,1493978,17377704,3290684,85967,45883,2851
8,../model_20140710_2059561340.uvl,33,25,46015770,true,1720272,39847313,3834897,183484,89550,1995
6,../model_20190411_1457420991.uvl,18,27,33576344,true,1708053,28164877,3054658,258530,92429,2076
7,../model_20170219_358603289.uvl,62,62,52915202,true,2133934,43647878,6089841,305693,235025,2975
10,../model_20230323_642188361.uvl,23,22,29143906,true,1624179,22507252,4457220,131198,92850,2693
15,../model_20141129_264528063.uvl,13,14,75690942,true,1519508,70204431,3557547,90208,51616,2584
11,../model_20130418_1960440366.uvl,29,32,45879945,true,1767286,39374210,3710711,357285,296761,3899
9,../model_20140508_530056624.uvl,36,49,84124449,true,1733991,75847787,5156596,708790,328923,3620
12,../model_20131112_330151541.uvl,21,16,35193860,true,1719425,28415256,4452500,178705,112291,3865
5,../model_20130725_1746580783.uvl,16,17,45626208,true,1755962,39014380,4269844,204024,113514,3745
2,../model_20230616_862941800.uvl,30,26,31107242,true,2013392,24839111,3673845,177679,82410,2803
8,../model_20130219_1778040846.uvl,40,38,107280288,true,1803497,100822396,3660219,360937,205769,4935
0,../model_20230323_425392427.uvl,33,29,39443802,true,2050252,33089495,3646222,189112,93081,2536
6,../model_20131124_646639708.uvl,16,17,37765636,true,1606090,31893485,3690384,181267,101765,3509
7,../model_20131206_684654596.uvl,12,12,26747466,true,1633326,20892067,3836273,132890,60659,2840
10,../model_20110601_1103941862.uvl,12,12,41570394,true,1573004,35365627,3943422,306925,98894,3916
11,../model_20110919_127780100.uvl,37,27,47464591,true,1898461,41038146,3772704,278978,110835,2493
13,../REAL-FM-4.uvl,290,310,201323580,true,9792857,168012676,19615402,1480733,956186,2728
1,../model_20120328_1412454948.uvl,36,34,57654091,true,2009522,50502515,4102395,357352,291917,3322
9,../model_20140427_1594857347.uvl,19,21,51348031,true,1653543,44997096,3905412,331525,138684,3472
5,../model_20190920_579117949.uvl,13,17,30378758,true,1592427,24625004,3649529,203430,92819,4660
12,../model_20200621_929471783.uvl,11,11,31370559,true,1536264,26297430,3105041,113108,53205,2421
2,../model_20200901_164722413.uvl,11,10,25573286,true,1573899,19812617,3812128,76418,43108,2254
3,../model_20130309_1354780318.uvl,11,9,24377185,true,1556871,18846642,3649938,73140,39627,2041
8,../model_20170926_289427240.uvl,11,8,34673746,true,1640427,28166213,4380510,119545,66019,3546
14,../model_20141103_285596543.uvl,25,27,46825121,true,1887918,39517668,4608905,285512,165350,3850
4,../model_20221109_1435495840.uvl,14,15,38370217,true,1796387,32204609,3811201,200132,111617,3708
0,../model_20150419_1225785874.uvl,11,9,114853442,true,1811340,108823946,3769357,117595,65542,3152
10,../model_20170504_370000031.uvl,36,37,53020278,true,1823315,45439002,4844246,382322,197209,3426
11,../model_20190917_659690280.uvl,12,12,28919131,true,1594491,24080506,2792062,136009,82169,3904
13,../model_20180222_524224426.uvl,26,14,31666301,true,1635382,24990774,4500032,132740,76678,2945
1,../model_20120722_2065280700.uvl,13,9,39150736,true,1627035,33043371,4004199,140161,49019,2178
9,../model_20141129_1168519534.uvl,12,12,41114889,true,1647935,35072587,3826106,186741,104974,4531
12,../model_20190108_414883666.uvl,17,17,40067523,true,1686646,34589867,3188459,177712,101149,4237
2,../model_20130916_667715515.uvl,16,16,43995020,true,1694553,37631766,4094860,198743,115643,3698
8,../model_20161124_135805624.uvl,37,37,39311230,true,1906591,31494329,5083027,222015,187602,3552
4,../model_20140326_183546394.uvl,11,11,30086924,true,1551072,24424519,3702178,71229,48815,2279
14,../fame_dbms_fm.uvl,21,16,45619338,true,1644079,37899244,5589891,115085,62060,3109
0,../model_20170311_1316290182.uvl,48,48,66563819,true,2200037,56708062,5984432,761610,446758,3695
15,../model_20150309_1129343473.uvl,33,38,61135198,true,2016453,53072212,5021767,401678,238033,4399
11,../model_20130116_1542765516.uvl,10,9,29546201,true,1624694,24593938,2941515,74619,42782,2591
10,../model_20150427_2103265175.uvl,56,54,59936505,true,1944745,51027296,6016740,298071,209594,2070
13,../model_20171005_661289758.uvl,10,10,28425117,true,1730900,22631435,3691760,67299,37315,2800
1,../model_20230322_928718925.uvl,20,16,42539911,true,1630333,37155184,3234863,206535,105163,3515
12,../model_20131112_356575914.uvl,20,15,33534072,true,1650625,27139777,4147062,177911,91462,3054
2,../model_20161122_1255346120.uvl,15,10,36226332,true,1637210,30142745,3947305,143051,79447,2671
9,../model_20190922_267709941.uvl,35,35,41430175,true,1666607,33986538,4953335,319834,165042,3903
6,../model_20190513_110684557.uvl,10,10,35789937,true,1886075,29817187,3598314,139588,77154,3800
8,../model_20160504_18344306.uvl,13,14,30044314,true,1708628,24167080,3670730,110680,88855,3778
7,../model_20160225_2040495200.uvl,50,29,51041684,true,2080781,41465968,6376806,435136,229349,3923
0,../model_20110823_553386338.uvl,21,21,42266249,true,1715211,36442936,3488471,226434,122698,3530
15,../model_20130311_1184229274.uvl,11,11,37512877,true,1484859,31787261,3794809,133776,75464,2845
11,../model_20180611_1140870617.uvl,10,13,36900227,true,1651616,31599995,3147530,170981,51149,2220
10,../model_20190916_779041735.uvl,41,23,50402079,true,1803956,42538230,5406068,193272,98282,2351
13,../model_20161123_1530983999.uvl,36,36,47260279,true,2017068,40721640,3859270,182457,99653,2539
1,../model_20170703_1893075315.uvl,20,16,44031731,true,1890851,37343401,4259565,152957,69797,2869
5,../model_20130916_156611854.uvl,17,15,24121438,true,1668277,19127529,2855852,106782,56433,2497
6,../model_20160229_490224198.uvl,49,39,61424918,true,1878169,53251233,5360426,417908,227854,3134
9,../model_20181016_583005690.uvl,32,34,55098993,true,1686862,48495850,4061067,314213,188413,2598
3,../model_20140530_1262796172.uvl,10,9,30148069,true,1763659,24427368,3624431,70730,40523,2547
2,../model_20200816_33425673.uvl,39,33,107307918,true,1837671,101370613,3520973,190923,93054,2655
10,../model_20140503_2024413965.uvl,16,14,40848386,true,1719073,34717348,3838472,184377,96241,3959
15,../model_20100213_206550190.uvl,38,33,53003190,true,1631321,45264879,5128773,439324,218359,3361
11,../model_20221031_340330235.uvl,35,35,54530380,true,2053342,48057262,3682977,185040,170761,3104
0,../model_20170919_414938854.uvl,47,35,48921300,true,1949107,40478057,5732751,216866,111573,2525
13,../model_20190916_1777637747.uvl,10,10,34076828,true,1416589,28803989,3478991,121333,66519,3231
1,../model_20190913_1052617154.uvl,21,21,43709711,true,1625882,37015509,4504117,231600,119761,3057
5,../model_20150425_1862491910.uvl,80,77,61559027,true,2434726,52967188,5088059,367163,185622,2217
3,../model_20140905_2124104947.uvl,10,9,36511183,true,1415612,29729471,4993646,126922,65256,2593
9,../model_20221017_1844403757.uvl,10,10,34499073,true,1528990,29011572,3535199,120995,65674,3179
4,../model_20110310_1849309646.uvl,23,20,42580140,true,1748555,36305896,3921373,232846,122837,4240
6,../model_20101109_1698100628.uvl,15,15,35551917,true,1732616,29712892,3727186,90057,55026,2947
2,../model_20141129_1031364.uvl,12,14,41574015,true,1570506,35532150,3926936,176794,99120,3381
14,../model_20180304_1150769979.uvl,48,38,69957811,true,2066497,62848491,4107550,309848,190807,3292
10,../model_20100321_1548012375.uvl,18,18,38700871,true,1784502,32065025,4248493,185957,101589,3485
0,../model_20190514_850677966.uvl,25,29,53221627,true,1709326,45753256,4904328,326343,177001,4041
11,../model_20160519_1846923063.uvl,39,50,90006499,true,1964192,82788845,3846595,662317,337609,3696
15,../model_20170821_2117231347.uvl,28,42,140769525,true,1980252,134216457,3797556,328484,144303,2980
13,../model_20140209_738203734.uvl,51,55,65275591,true,1888996,57746836,4700382,386042,183374,2618
12,../model_20190510_1232864614.uvl,12,9,38852818,true,1623424,32611597,4145959,143120,74145,3327
8,../model_20201002_1982652571.uvl,15,15,39650059,true,1870775,33839881,3438749,167181,94931,3715
1,../model_20131202_1775789712.uvl,50,50,145536354,true,2069532,138568465,3990431,412148,217796,3061
5,../model_20180214_1066016479.uvl,96,79,82421269,true,2852259,72498332,5103976,529754,1016358,2788
7,../model_20101024_1938793748.uvl,29,32,32888014,true,1867525,26152070,4144357,218758,161285,3693
4,../model_20170316_1293936491.uvl,48,53,40751399,true,1946145,33874899,4084270,298968,202619,2537
9,../model_20160606_235281629.uvl,13,13,23243019,true,1688594,17540996,3645499,81587,46980,2290
3,../model_20140423_1890396897.uvl,36,31,35671941,true,1779839,29807046,3414200,215751,121783,2035
2,../model_20110712_1373520081.uvl,66,61,46440599,true,1907273,39097979,4586856,324985,172875,2956
14,../model_20130731_2029107317.uvl,76,68,51385741,true,2055310,41268147,6756238,326745,163147,2067
6,../model_20160304_165509543.uvl,43,42,37997586,true,2307636,30945541,3905200,239119,116114,1754
