index,filename,n_features,n_constraints,execution_time,result,clif_gen_time,clif_ast_time,bridge_solve_time,code_gen_time,generic_csp_model_time,concrete_csp_model_time
3,../model_20180913_1045465294.uvl,10,6,21613370,true,1578227,17911958,1727282,102304,53560,3739
1,../model_20131112_832913408.uvl,17,17,22891886,true,1568589,19179658,1664930,100581,57093,2891
4,../model_20140503_110898123.uvl,16,16,25100423,true,1455752,21594069,1626717,115812,62209,2593
10,../model_20160905_774306083.uvl,14,14,22091975,true,1455716,18554041,1680751,83208,49114,2900
8,../model_20160921_24535453.uvl,29,28,28852567,true,1464365,25328692,1547997,150534,81611,2788
12,../model_20140428_1043688075.uvl,56,55,38715498,true,1658805,34263180,2029405,287378,155811,3478
2,../model_20131112_1592384504.uvl,32,32,40099593,true,1797993,35791869,1834590,239341,129923,4627
15,../model_20121214_211817376.uvl,14,14,25022857,true,1391569,21603687,1570112,129931,53766,2855
6,../model_20180513_39795521.uvl,22,22,40770135,true,3140946,35231467,1721207,223062,125942,4130
14,../model_20110826_819334011.uvl,24,24,31218830,true,1586768,27407689,1685370,130541,72639,3018
12,../cfdp_library_fm.uvl,13,18,40118616,true,1485444,36624971,1444834,205021,111078,4056
2,../model_20160527_1098137653.uvl,20,20,44153581,true,1549445,40181836,1691912,356083,129494,4023
15,../model_20100106_985255768.uvl,20,11,43744829,true,1574057,39834096,1689463,214008,100478,3900
8,../model_20150527_2051574410.uvl,28,21,47018696,true,1507852,43183818,1641926,249441,134850,4216
6,../model_20141129_1141626102.uvl,12,12,35737037,true,1737012,31820653,1661035,133160,82678,3802
14,../model_20200403_1474941211.uvl,14,12,29182986,true,1506524,25656310,1516809,135925,64938,3383
7,../model_20091109_376438407.uvl,22,21,34889190,true,1458918,30843486,1965457,230528,127335,3693
5,../model_20150414_2125272166.uvl,21,24,27705527,true,1580992,23874273,1653071,220261,89673,2621
13,../model_20140421_782765396.uvl,19,19,41338376,true,1531231,37470076,1746032,190725,109469,4463
0,../REAL-FM-15.uvl,25,21,51598735,true,1729529,47187913,1873653,293800,150931,4032
9,../model_20180612_712325117.uvl,15,15,73123167,true,1520722,34922000,36110959,164899,90701,3838
11,../model_20230322_492815120.uvl,41,32,45340093,true,1763936,40690048,1900491,373218,198068,4128
12,../model_20181024_611767532.uvl,13,14,23075341,true,1468934,19584741,1631791,98615,58427,2862
15,../model_20121018_880874071.uvl,16,15,37404250,true,1724909,33414440,1698187,159925,102879,3531
14,../model_20221208_1116778716.uvl,22,15,30118575,true,1431500,26384064,1756415,168339,60688,2071
2,../model_20140423_969548559.uvl,49,48,35195169,true,2051739,30589705,1742238,233581,181406,2586
8,../model_20150621_2090653675.uvl,20,18,34857595,true,1680735,30782744,1770076,197169,115356,3642
3,../model_20100308_1355834007.uvl,20,18,26867050,true,1705837,22940122,1767029,127044,63749,2045
6,../model_20150120_214372699.uvl,40,39,56421439,true,1605940,51975398,1859617,369604,210700,3996
1,../model_20160919_1142576711.uvl,20,20,39342306,true,1669023,35330703,1708659,199677,125707,4239
7,../model_20170926_1539445221.uvl,14,12,28774966,true,1536518,25122609,1697802,87892,48895,2642
10,../model_20170320_1505333083.uvl,47,25,36141903,true,1683378,31756347,2013378,197301,102150,2039
13,../model_20180514_1722608288.uvl,27,27,43641982,true,1688478,39390939,1801319,265119,155159,4096
4,../model_20110826_1574631601.uvl,52,56,48277429,true,2044990,43469014,1876918,264027,151813,2005
0,../model_20190917_1882445879.uvl,16,12,39247415,true,1469161,35423600,1809865,174210,109403,3887
11,../model_20110926_608554224.uvl,30,32,47951359,true,1642019,43584674,1850844,333873,175673,4120
12,../model_20121018_1578042435.uvl,17,15,39253912,true,1710774,35182325,1772568,179472,97231,3056
2,../model_20190915_1647283170.uvl,10,10,33322500,true,1768003,29378585,1724428,116416,69123,3178
14,../model_20130529_51708559.uvl,16,17,26195467,true,1468393,22322611,1830543,199536,113417,3316
9,../model_20130908_1070185514.uvl,366,528,365618954,true,14653665,339721419,4222515,3120999,2074806,3470
8,../model_20131202_1494824194.uvl,34,34,50247964,true,1824693,45755394,1772898,328806,178979,3535
1,../model_20120328_573707444.uvl,34,27,38790402,true,1988739,34369366,1688378,191577,175410,2836
7,../model_20180512_316263333.uvl,41,36,53778016,true,1776311,49060651,1965956,372691,215236,3988
4,../model_20170706_1588900401.uvl,30,26,49415911,true,1707273,45078051,1774630,313591,171147,4044
6,../model_20110516_1331478109.uvl,88,145,139204393,true,2894657,132469802,2094766,807966,473785,2850
11,../model_20120515_1862354569.uvl,15,15,28468067,true,1528495,24672868,1707089,176819,101979,4298
13,../model_20140227_661956564.uvl,47,43,47178913,true,2073064,42509246,1809493,216103,123295,2353
0,../model_20221013_1054303307.uvl,66,56,57432944,true,2157966,52482380,1853483,288162,160830,2416
12,../model_20140410_1905141388.uvl,11,20,39454439,true,1629044,35374657,1615630,277256,287335,3713
14,../model_20141212_523199394.uvl,15,13,36988238,true,1406595,33430731,1644188,161825,94755,3528
9,../model_20160531_990808801.uvl,14,13,25531766,true,1575035,21856577,1682550,84544,47028,2353
8,../model_20140630_1564361664.uvl,10,5,32847821,true,1543857,29128069,1741942,104184,58253,4195
7,../model_20150309_670536624.uvl,22,28,50848457,true,1863969,46384628,1779689,319813,177127,3970
15,../model_20170809_1734454576.uvl,15,14,38028256,true,1658694,34056922,1755635,169216,90847,3832
4,../model_20160721_972954567.uvl,10,9,33834216,true,1607405,30077311,1694880,118267,67275,3560
6,../model_20140408_1553357169.uvl,11,15,28691985,true,1619419,25005551,1591590,137600,67008,2818
11,../model_20120113_1950870026.uvl,10,10,25949989,true,1428992,22762183,1414802,76790,46163,2424
10,../model_20120229_1103715736.uvl,14,13,33245616,true,1524201,29502296,1787757,146205,83790,4016
0,../model_20131122_1083650489.uvl,15,15,32571560,true,1665149,28771120,1517602,146329,202821,3863
13,../model_20221010_1477134717.uvl,51,44,49690203,true,1976605,44605915,1947662,406367,300356,4634
3,../model_20101112_864228137.uvl,137,138,121727574,true,3842164,114159949,2121850,602262,390277,2454
5,../model_20190917_595353381.uvl,13,12,29178112,true,1692137,25235485,1856113,80024,45980,2175
14,../model_20190117_1837815772.uvl,14,12,37011776,true,1572856,33231265,1709188,146464,79659,3609
9,../model_20160329_925786350.uvl,31,29,44878180,true,1794304,40880862,1563153,161603,93054,2583
7,../model_20130529_1165512118.uvl,10,10,20118536,true,1863689,16276252,1573504,104940,41223,2889
2,../model_20150505_1728564449.uvl,13,12,23439918,true,1601638,19469903,1895892,130878,74174,3735
8,../model_20201007_667063467.uvl,72,63,46480344,true,1795759,41839521,1809074,310407,244806,2603
4,../model_20141202_107430422.uvl,36,30,39253132,true,2914397,33792186,1839397,167506,162665,2341
6,../model_20130916_882364260.uvl,15,17,36841265,true,1472237,33329635,1625391,100617,57734,2635
1,../model_20110525_928187171.uvl,14,14,37211991,true,1599313,33232929,1861262,151116,86881,3289
15,../model_20180306_1851656621.uvl,49,41,73663976,true,2065032,68763225,1863180,374067,160838,3173
11,../model_20140424_1672030888.uvl,65,45,60470925,true,2339894,55174754,1960883,326575,174576,2623
13,../model_20100412_337845737.uvl,10,10,22132876,true,1527665,18533661,1690053,79950,38042,2430
0,../model_20190922_230985682.uvl,21,32,52367759,true,1685298,48123227,1697227,352642,176969,3317
5,../model_20190413_1966613868.uvl,42,18,44691580,true,1578097,40841015,1670908,162178,83995,2149
14,../model_20130917_1805517149.uvl,13,15,39532304,true,1515979,35703247,1685613,216017,114879,3565
9,../model_20170206_852070049.uvl,13,10,38405047,true,1606964,34583245,1684683,151069,84483,4024
2,../model_20140319_1506613330.uvl,16,12,23392717,true,1631596,19879599,1466137,85474,47750,2753
8,../model_20150720_1580995178.uvl,22,24,25306212,true,1610541,20763746,1637028,124622,902354,2715
4,../model_20170315_692595151.uvl,23,18,25378498,true,1554974,21564541,1763296,118415,70098,2414
6,../model_20180611_1112345807.uvl,10,13,31406763,true,1580732,27774067,1648440,88466,53805,3076
1,../model_20141021_386995832.uvl,24,24,29749963,true,1457693,26137147,1657344,131876,77591,2789
12,../model_20230322_572568226.uvl,51,36,45351230,true,1893966,40597129,2012123,333139,119799,1956
15,../model_20200819_795623217.uvl,26,17,45354446,true,1570077,41082958,1941883,219847,235335,3769
13,../model_20100529_1010171189.uvl,22,15,38784906,true,1524932,33930776,2879457,114902,58842,2226
5,../model_20140321_1655023261.uvl,14,14,35457455,true,1583023,31589851,1799690,152944,84757,3459
10,../model_20230615_784426434.uvl,14,13,29518118,true,1663580,25750370,1709821,93799,49574,2137
3,../model_20140320_391816142.uvl,11,11,32656289,true,1509205,29013069,1673648,126634,75184,3905
14,../model_20170322_711096381.uvl,10,10,21206575,true,1547732,17819681,1482042,64738,37216,2994
9,../model_20140209_34267674.uvl,44,41,48498778,true,1874394,43949572,1723154,455516,187463,2678
2,../model_20100416_811483774.uvl,16,9,38746841,true,1625900,34874422,1716095,153501,82011,3152
4,../model_20150507_425070085.uvl,44,44,53037467,true,1773460,48901698,1730509,208770,128129,2950
8,../model_20140301_728202228.uvl,49,45,40526486,true,1977040,35944965,1917027,220949,160678,2509
6,../model_20141111_2120296387.uvl,51,18,36968018,true,1862985,32617917,1769081,213439,91349,2939
15,../model_20180815_1120231956.uvl,26,33,56015323,true,1629900,51427654,1970058,390687,294211,3560
12,../model_20101119_1472596180.uvl,25,26,48794824,true,1703172,44542517,1822921,292969,165818,3988
13,../model_20191119_1702487696.uvl,24,24,42440770,true,1712285,37892189,2103673,240888,148277,3700
11,../model_20150616_314969910.uvl,26,27,28188947,true,1543805,24504463,1618016,153227,86703,3296
5,../model_20190917_383002664.uvl,43,24,42056392,true,1774124,37907365,1768228,179267,98623,3045
10,../model_20190914_1323674619.uvl,61,57,41585921,true,2094380,36604250,2052069,301684,166176,3333
0,../model_20170301_235251685.uvl,14,13,23116832,true,1593247,19361421,1686274,112588,73276,3572
14,../model_20160311_1359424486.uvl,50,50,60353627,true,1954020,55036574,2188193,441858,258714,3960
9,../model_20160330_149443721.uvl,30,43,42300833,true,1695851,38193750,1702935,276838,128579,2849
4,../model_20180512_733862721.uvl,23,22,30090132,true,1641418,26184902,1595051,210741,166380,3523
8,../model_20170814_699386305.uvl,12,12,33131399,true,1341127,29920983,1534385,69688,42846,2614
2,../model_20160420_474055968.uvl,96,69,67932665,true,2602165,61340525,1944848,381867,1031509,2345
12,../model_20130422_139902368.uvl,40,34,44701619,true,1849221,40424713,1740349,184653,98295,3142
6,../model_20201011_1804341944.uvl,59,59,66929945,true,2091802,62109588,1863375,268652,148900,2305
13,../model_20180306_177892963.uvl,45,37,76532150,true,1928096,71468414,1854996,573734,300111,4179
7,../model_20170510_174347414.uvl,15,13,22449110,true,1674133,18653784,1722122,85674,47089,2372
11,../model_20121018_1701181193.uvl,17,15,25822095,true,1546989,22268326,1606729,92790,52888,2153
10,../model_20221114_1363146415.uvl,39,43,36150057,true,1654309,32080208,1746289,214701,120259,2913
1,../model_20140423_813378270.uvl,48,44,54256807,true,2053087,49021836,2121941,347898,280687,3562
0,../model_20140524_520707568.uvl,11,9,20675382,true,1342397,17396018,1594815,70716,36886,2509
3,../model_20161018_1395239714.uvl,11,11,19571592,true,1821791,15852793,1531288,67076,40335,2064
14,../model_20110519_503436691.uvl,11,10,30248482,true,1384171,27043059,1478421,70107,42387,2417
9,../model_20131112_1617262618.uvl,30,25,48835643,true,1631773,44600501,1779417,294784,164028,4841
8,../model_20110318_225131257.uvl,15,15,28600260,true,1783119,25061496,1362414,111019,64172,2637
2,../model_20160912_772295854.uvl,18,18,25524608,true,1641515,21919304,1520577,95498,55665,2687
6,../model_20120823_304633016.uvl,16,19,55726890,true,1573971,51970502,1616426,199026,72447,2710
12,../model_20140223_789634838.uvl,26,19,45414252,true,1574122,41607676,1740815,150527,71153,2202
13,../model_20120328_810464459.uvl,17,17,25322474,true,1490517,21811089,1599442,96876,56657,2180
11,../model_20161209_758532997.uvl,13,5,21605272,true,1510920,17977296,1750292,65886,36935,2554
15,../model_20200901_1590540568.uvl,38,33,59629616,true,1758079,55046381,1849642,354866,215928,3810
10,../model_20180512_143602565.uvl,37,37,32026456,true,1889365,27867569,1559271,176728,149556,2621
0,../model_20230322_1914329788.uvl,32,32,37851126,true,1723668,33858227,1690390,159335,89176,2700
5,../model_20100822_281357717.uvl,15,16,46277422,true,1605386,42156166,1884053,240681,125833,4416
3,../model_20190915_38921055.uvl,10,10,21997993,true,1747132,18210546,1601926,104772,67220,3269
14,../model_20171202_671836466.uvl,14,14,34141191,true,1737013,30072062,1911863,82126,47802,2427
9,../model_20180305_1565538092.uvl,50,39,66362738,true,2003221,61641766,1773469,432122,148031,2435
8,../model_20130916_330769314.uvl,17,18,22871390,true,1689124,19211811,1573144,99083,62180,2940
2,../model_20140614_1407759983.uvl,29,29,34002034,true,1595579,30244450,1551240,178290,93152,2172
15,../model_20130305_522520932.uvl,16,14,42827747,true,1558967,39074373,1572974,209510,114766,4404
11,../model_20230322_61558144.uvl,16,16,37612370,true,1616009,33735701,1711510,170879,95265,3639
10,../model_20140728_1532422166.uvl,23,37,46116476,true,1592312,41877349,1844905,320711,153532,2727
4,../model_20141106_687094706.uvl,65,61,58436640,true,2187156,53143472,2207034,317299,172654,2620
0,../model_20140430_1345238885.uvl,17,17,24363633,true,1494933,20684926,1682381,163257,98944,3949
7,../model_20151106_857588743.uvl,21,25,47052257,true,1808677,42585243,1822711,256315,262180,4339
5,../model_20150616_1287606127.uvl,22,21,31498002,true,1557800,27389971,1919031,218445,120205,3941
3,../model_20190825_1083955002.uvl,12,10,20539635,true,2540339,16027611,1574785,71075,41185,2196
1,../model_20170927_2140419024.uvl,87,69,68956382,true,2407903,63293863,2143685,364490,216219,3201
14,../model_20161101_1287284082.uvl,50,37,44016165,true,1464016,40419159,1433817,219439,163058,3577
8,../model_20130818_278315719.uvl,10,10,18567560,true,1630198,15182158,1401985,61686,37210,2234
9,../model_20160311_358715911.uvl,26,26,26686846,true,1714846,22709934,1629351,169753,132453,2601
11,../model_20150515_2045521211.uvl,25,26,27987983,true,1427083,24301974,1716820,164979,85343,3170
15,../model_20180913_872907572.uvl,15,15,23082325,true,1632606,19429363,1615260,83856,47477,1822
4,../model_20160329_736279509.uvl,14,14,23904799,true,1411587,20417072,1697903,81830,47022,3056
6,../model_20171208_504832504.uvl,10,8,20879061,true,1558794,17282224,1679919,66368,36619,2480
10,../model_20180708_1907991672.uvl,24,30,40537606,true,1455394,36405144,1707955,361952,304430,3945
12,../model_20141029_1924517902.uvl,53,53,46263566,true,1967048,41622438,1885728,238997,134715,2468
13,../model_20120801_1784537083.uvl,12,11,25387407,true,1597082,21607813,1795450,69900,40799,2190
7,../model_20130426_1685243628.uvl,16,15,38329607,true,1574451,34521508,1670248,167660,101929,4787
3,../model_20140403_1425048263.uvl,12,12,20232152,true,1552396,16686008,1643568,71898,45692,2056
5,../model_20230322_729074756.uvl,29,23,28111360,true,1561391,24325466,1612572,141159,75149,2545
1,../model_20130821_361829065.uvl,30,30,27880231,true,1699521,23972030,1625078,149823,81593,2307
14,../model_20170607_1389753102.uvl,13,14,28741141,true,1823764,24935081,1570068,88574,54584,3158
8,../model_20171108_1643056811.uvl,12,6,35347484,true,1739213,31442197,1693184,112665,62645,3437
9,../model_20140615_1755551630.uvl,24,22,30708696,true,1640564,26548225,1793839,224288,124856,3797
11,../model_20160721_1827988269.uvl,19,24,46012002,true,1623901,42333050,1417448,137437,199198,3092
15,../REAL-FM-12.uvl,14,14,24068256,true,1642966,20559581,1425527,95926,58266,2283
2,../model_20130716_384525556.uvl,17,12,38106168,true,1517950,34377432,1703633,162271,94602,3907
10,../model_20140613_2054294739.uvl,10,11,23361841,true,1510134,19372174,1844761,92352,51495,2961
13,../model_20130117_2075912065.uvl,13,14,43828373,true,1693059,39777749,1750136,214110,113337,3760
12,../model_20110329_10104623.uvl,41,35,54612302,true,1850857,49786792,1960032,411416,208531,4061
7,../model_20141129_1642511009.uvl,34,37,52856210,true,1854739,48509054,1717807,258694,150581,2795
5,../model_20140823_1972464026.uvl,35,38,31786843,true,1703235,27604648,1725018,286896,211820,2851
0,../model_20120328_1357539597.uvl,18,17,27219635,true,1575523,23414037,1675280,189358,110412,4076
8,../model_20200815_1845054862.uvl,39,32,35367611,true,1457244,31366746,1740066,293559,158211,3832
9,../model_20161118_1167269407.uvl,66,22,66595091,true,2079741,61109499,1945552,592909,358652,4323
15,../model_20160712_1875218337.uvl,11,11,20595770,true,1388554,17368545,1475958,65686,40005,2149
11,../model_20111027_668940289.uvl,29,29,42197732,true,1733482,38141504,1689533,193958,90089,2694
2,../model_20111214_733452875.uvl,15,15,35698153,true,1442785,32043517,1609276,261890,92476,3603
13,../model_20120529_2101702978.uvl,35,46,56444852,true,1841983,52082617,1687788,311613,147508,2243
10,../model_20190223_1159148955.uvl,103,70,99810856,true,2317711,93133005,2126871,935308,601300,3770
12,../model_20110406_1047532859.uvl,29,28,38155475,true,1650129,34248628,1576153,229761,100123,2204
4,../model_20121026_334751192.uvl,28,28,31288057,true,1606625,27500192,1614984,142273,84352,3020
6,../model_20111220_1184087779.uvl,15,9,23961188,true,1524562,20469792,1539499,86942,52946,2461
0,../model_20171109_1740328562.uvl,21,25,37245899,true,1618593,33587636,1493537,181541,92749,2106
3,../model_20130916_1448418245.uvl,14,16,21691051,true,1357326,18303506,1619150,97527,56032,2062
8,../model_20120915_487659597.uvl,20,17,43246508,true,1618319,39366587,1652988,219768,128655,4112
14,../model_20141129_966803644.uvl,12,12,28437133,true,1803414,24583605,1646700,75025,47151,2109
9,../model_20170310_2069806245.uvl,49,36,63053909,true,1798502,58007770,2125554,480438,254276,3694
15,../model_20140409_1370428339.uvl,24,28,30785884,true,1665958,26730345,1707820,241108,105370,2821
11,../model_20161003_680973994.uvl,53,58,43244257,true,2070183,38262181,1865791,365675,217243,2541
10,../model_20181029_2093756359.uvl,18,18,28894155,true,1571777,25184886,1579470,126754,147018,2342
4,../model_20170925_1698983864.uvl,19,19,24628309,true,1405734,21224444,1543406,101779,56064,2716
6,../aircraft_fm.uvl,13,12,29474418,true,1558570,25730503,1785791,81058,45050,2645
12,../model_20170918_446567907.uvl,48,37,73392056,true,1795172,69220708,1636882,278222,140332,2333
0,../model_20160621_993334585.uvl,26,24,28042032,true,1392855,24495566,1666536,132967,119430,3782
3,../model_20150624_1191374126.uvl,13,12,23591360,true,1485364,19949607,1729475,88868,49453,2214
5,../model_20140605_572628146.uvl,11,11,22551920,true,1503649,19102171,1554496,69098,57625,2497
15,../model_20110328_1177934440.uvl,18,20,25749289,true,1370690,22264516,1674654,122209,70347,2118
9,../model_20200810_956997411.uvl,39,36,55465509,true,1680651,51254409,1689630,272957,157908,3721
14,../model_20180930_1153905679.uvl,27,27,34265765,true,1591542,30202237,1762458,248464,153094,3386
1,../model_20110725_452580960.uvl,34,30,34849119,true,1767592,30635423,1841084,157783,86259,2072
7,../model_20221031_379205114.uvl,158,208,211203117,false,4934855,199010448,2571063,2848474,1536180,5124
10,../model_20160330_469153666.uvl,13,13,35326279,true,1601194,31288190,1900984,158449,146268,3364
4,../model_20230322_1299985155.uvl,31,20,50096203,true,1732849,45897355,1785635,172265,132627,4645
2,../model_20170514_1578942718.uvl,40,44,53289060,false,1925511,48465847,2015135,441259,247077,4233
0,../model_20150109_425963323.uvl,37,23,51963690,true,1794401,47730013,1707841,289117,153289,4267
3,../model_20091205_755658379.uvl,94,71,83529556,true,2694307,76763831,2210848,794718,523885,3955
15,../model_20180512_419383167.uvl,36,38,30181570,true,3008716,24749520,1708630,187812,172166,2883
1,../model_20170528_1427439246.uvl,10,11,21153347,true,1645034,17626876,1473262,84834,50590,2517
7,../model_20170919_1393589103.uvl,48,45,85295805,true,1957751,79815654,2077905,684393,329553,3304
10,../model_20160531_486171149.uvl,35,35,59531429,true,1846690,55256193,1703762,286967,186829,2462
5,../model_20170221_1848353506.uvl,210,161,142164599,true,6847540,127907467,2946501,2126646,1173944,4433
4,../model_20150625_1923523971.uvl,16,13,26964497,true,1654338,23398193,1480862,93351,51473,2186
11,../model_20230322_1194175451.uvl,34,25,53038973,true,1599029,48655030,2007248,301694,162054,4532
2,../model_20170919_303553909.uvl,49,55,55072127,true,1698551,50455562,1736599,441788,287801,2648
0,../model_20110809_1799855518.uvl,25,13,43944765,true,1777613,39676260,1818272,199190,109062,4000
6,../model_20130105_1019508207.uvl,24,27,42111022,true,1599900,38236091,1708462,155576,85375,2702
12,../stack_fm.uvl,17,13,34251430,true,1677804,30251638,1788695,150361,81029,3730
13,../model_20140306_1607259562.uvl,43,49,59694608,true,1842164,54714218,1971523,487171,268672,3536
3,../model_20181205_2097248492.uvl,19,24,53079495,true,1524071,48855816,1913574,335355,171249,3881
15,../REAL-FM-18.uvl,44,47,97665997,true,1814123,93261377,1783583,264751,178639,2782
1,../model_20171129_847069382.uvl,35,32,52986107,true,1704023,48524759,1820227,419253,179845,4238
7,../model_20150612_1719519345.uvl,14,12,37052711,true,1625202,33199120,1712176,155283,86586,3637
10,../model_20100607_746327867.uvl,20,15,43134430,true,1662990,39157785,1697566,196083,107345,3833
9,../model_20200815_582760962.uvl,29,23,35321267,true,1775386,31278000,1704929,135236,72269,2631
14,../model_20130529_1162054266.uvl,16,16,70325554,true,1730131,66254974,1793791,168602,72792,3785
11,../model_20170215_1976164448.uvl,35,20,80542429,true,2009129,75977871,1734631,284600,147674,2934
2,../model_20150301_1821356180.uvl,28,33,32926811,true,1757442,28807620,1667831,181486,162494,3184
0,../model_20170512_1532934104.uvl,24,24,29522611,true,1590700,25792733,1693077,120980,70475,2775
6,../model_20120130_333619036.uvl,31,27,61461964,true,1631573,57492467,1779174,154202,86563,2093
15,../model_20160426_744600320.uvl,21,20,37249062,true,1757829,33328632,1632896,120634,71959,3655
1,../model_20190805_1041162508.uvl,23,13,29059163,true,1787872,25211165,1612399,114055,66146,3116
7,../model_20130529_2135483929.uvl,16,17,26171658,true,1607762,22700792,1453595,107771,60625,2309
8,../model_20190904_400441788.uvl,625,500,367225071,true,25125938,330532171,4360067,2858474,2041508,2838
10,../model_20160125_59009200.uvl,37,35,37595895,true,1790987,33436269,1700140,212221,113507,2798
9,../model_20161109_258969269.uvl,10,11,32279401,true,1814652,28368663,1676874,94565,54620,3194
14,../model_20230613_1168762973.uvl,11,7,34071325,true,1584889,30509418,1607861,64610,34630,2857
2,../model_20171029_1247758730.uvl,10,9,24022004,true,1725431,20398384,1536055,65518,37459,2956
4,../model_20170228_2078125436.uvl,34,26,77710223,true,1839994,43472791,1641381,250985,30124961,3609
5,../model_20160531_1105256806.uvl,25,30,55435787,true,1507075,51010083,1945285,487360,192085,4561
6,../model_20150529_550903687.uvl,21,20,25972594,true,1376993,22439983,1590522,204298,75732,2659
0,../model_20140227_386614568.uvl,75,49,70872348,true,1869652,39372366,1886677,27046534,165201,2618
12,../model_20141023_1600573567.uvl,20,20,42600709,true,1665866,38571605,1746824,202953,121803,4167
15,../model_20120806_904481092.uvl,17,16,39884928,true,1467146,36088310,1745321,196440,111161,3776
1,../model_20230322_1887635433.uvl,32,32,35934844,true,1606235,32207072,1546108,154531,87267,2460
3,../model_20160429_2024552354.uvl,12,12,22176096,true,1461855,18592854,1740991,79483,65376,2198
7,../model_20180911_126281571.uvl,10,10,36892370,true,1435336,33106257,1748386,284505,90969,4174
10,../model_20160309_77134368.uvl,18,17,24271664,true,1506609,20733167,1627053,94845,53257,2541
9,../model_20130422_1348727660.uvl,19,16,26431702,true,1733689,22402235,1715793,176562,102803,3242
14,../model_20160926_106687243.uvl,57,52,40753039,true,1708884,36586985,1588918,254773,139358,2416
2,../model_20121213_681234650.uvl,33,33,32636551,true,1839683,28552213,1639015,154657,84171,2534
5,../model_20131202_715513367.uvl,22,22,29002496,true,1769723,25086487,1649164,114401,64418,2423
6,../model_20170404_1821671055.uvl,13,14,35058975,true,1571579,31447681,1614057,101929,56003,2287
0,../model_20131122_1573422851.uvl,15,13,37458138,true,1475377,33698910,1778488,163198,95012,4244
11,../model_20170313_143405764.uvl,48,46,59831272,true,2073850,55157412,1672366,363091,210169,3119
12,../model_20130908_1057721135.uvl,14,14,26049854,true,1821766,21855362,1860160,135083,83105,4201
15,../model_20181103_2077285196.uvl,11,11,35220598,true,1492667,31441891,1767727,159866,91235,3965
1,../model_20160329_174305764.uvl,44,49,63313776,true,2156836,58606215,1714864,281300,148762,2530
13,../model_20230322_774285627.uvl,15,12,22331047,true,1588750,18604170,1733018,119986,48152,2907
7,../model_20190917_1844149588.uvl,49,25,60777258,true,1529018,56339680,1839210,387622,234463,5411
9,../model_20191111_1176325905.uvl,16,14,27930629,true,1617211,24400586,1482678,85458,50862,2057
10,../model_20160330_1233914245.uvl,12,13,29898802,true,1524959,26400241,1548929,97481,54144,2264
3,../model_20170930_228024571.uvl,62,69,112715479,true,2192183,106991585,1921540,737004,378807,3822
14,../model_20121023_1328975384.uvl,14,14,35993118,true,1471649,32180725,1852519,149594,85519,3440
2,../model_20160919_422339066.uvl,50,42,70395359,true,1992464,64818489,2358421,504498,270352,3992
5,../model_20200816_1246721801.uvl,18,16,40549913,true,1625674,36637528,1712823,189103,103545,3420
0,../model_20140101_941325443.uvl,10,10,23072870,true,1364281,19803357,1559104,102653,54993,3905
4,../model_20180512_775268148.uvl,24,21,30548549,true,1599316,26545616,1669616,318123,124874,3642
11,../model_20140615_1477062295.uvl,33,26,49802579,true,1849856,45568309,1757959,173558,88959,2229
15,../model_20180613_78021145.uvl,15,16,38383678,true,1663273,34714578,1548396,113339,98539,3536
1,../model_20190921_1186818003.uvl,15,13,38162691,true,1811806,34116155,1656823,165728,95788,3304
3,../model_20130508_1842381745.uvl,16,14,34110382,true,1482494,30612817,1558029,134152,65055,3399
10,../REAL-FM-3.uvl,43,45,67180492,true,1855461,62274867,1797407,490818,348693,4048
8,../model_20230322_310895789.uvl,26,26,48148043,true,1452489,44708653,1493133,133684,136102,2767
2,../model_20131201_820966647.uvl,18,19,24282409,true,1466803,20881474,1479114,160859,86077,3679
5,../model_20170627_231083922.uvl,14,14,37407254,true,1689018,33573239,1592421,173846,99363,3772
0,../model_20190513_639238065.uvl,10,10,20165474,true,1471487,16950087,1409964,72299,44157,2548
4,../model_20150521_1423870525.uvl,16,16,23136540,true,1651051,19555312,1527837,91189,73758,2878
11,../model_20200919_469515687.uvl,20,18,25882891,true,1848240,21907402,1614855,129678,70456,3167
6,../model_20131202_533920013.uvl,19,19,36192654,true,1628946,32171675,1746391,184228,117694,4220
15,../model_20180306_1625675392.uvl,48,25,34492596,true,1701297,30418476,1649643,190229,139664,2234
1,../model_20110203_2097159983.uvl,18,18,38184771,true,1549915,34392851,1597028,198547,110767,3213
12,../model_20140604_731553244.uvl,14,14,35110481,true,1563449,31339443,1791182,82437,48251,2146
3,../model_20140819_535519547.uvl,13,13,21476058,true,1377808,18119231,1581996,108813,45049,2244
10,../model_20160824_2005849052.uvl,21,21,37539733,true,1518027,33900895,1466218,208495,125372,3661
8,../model_20120110_139114401.uvl,10,10,25570032,true,1531242,22028298,1577614,154510,47984,2159
13,../model_20180713_1002093829.uvl,23,17,33800391,true,1700678,29726047,1819554,149593,85277,2933
7,../model_20160123_368502373.uvl,10,9,20147361,true,1449310,16612351,1733999,69851,41136,2628
9,../model_20190513_215044614.uvl,10,9,20123829,true,1512070,16606709,1620551,72804,40408,2991
2,../model_20180306_1110315637.uvl,39,19,41368188,true,1673862,37383993,1722694,161906,87332,2611
14,../model_20131217_806985744.uvl,11,7,20807160,true,1537972,17365632,1577666,63465,33965,2695
0,../model_20130122_243381566.uvl,14,14,29952859,true,1538114,26138466,1713747,248192,87556,3933
5,../model_20161128_2133107865.uvl,68,46,46080699,true,1891788,41398888,1830222,271981,172032,2550
11,../model_20160917_824197127.uvl,14,11,38511722,true,1607756,34616607,1748895,155838,85992,3378
1,../model_20190916_233719618.uvl,10,10,19544709,true,1466926,16179961,1585208,62320,37342,1913
15,../model_20200811_1911664133.uvl,17,19,45783149,true,1811396,41288845,1980279,262037,134941,3909
3,../model_20160502_1352812691.uvl,38,32,37053988,true,1686157,32669858,1858367,284011,165120,4374
12,../model_20131122_23346211.uvl,15,13,36772863,true,1642175,32849252,1740831,160335,86592,4255
13,../model_20141029_1107505375.uvl,12,12,19461438,true,1379444,16190639,1512823,68985,42361,2470
10,../model_20141107_377655341.uvl,24,25,39999538,true,1767376,36073648,1558378,142114,100376,3302
8,../model_20170315_1174513943.uvl,18,18,29808939,true,1538201,26092129,1712551,105338,57000,2759
7,../model_20190619_50728308.uvl,19,19,36760361,true,1579086,32967963,1578247,97995,56536,2019
2,../model_20091015_449909368.uvl,10,10,21057111,true,1700925,17355610,1607369,73277,42550,2314
9,../model_20131112_605989901.uvl,25,18,39719286,true,1681276,35973306,1522555,124200,64709,2856
14,../model_20160330_511669656.uvl,15,10,28801420,true,2831079,23951822,1588901,84196,46487,2777
4,../model_20160329_1691896941.uvl,28,38,38808519,true,1571937,34470281,1834558,388735,228024,4102
1,../model_20160329_160417479.uvl,20,17,25245958,true,1862688,21323880,1577005,110636,62546,2323
6,../model_20121023_356761254.uvl,12,12,26572279,true,1418064,23003087,1695594,135353,79408,4242
15,../model_20151119_825568988.uvl,19,19,41726965,true,1653950,37613764,1799757,219679,122521,2966
3,../model_20180403_1861855205.uvl,14,14,35553922,true,1639499,31607865,1778129,154798,85582,3975
12,../model_20190522_227919886.uvl,20,21,47771046,true,1800614,43499953,1714632,279162,143147,3514
10,../model_20120731_787433291.uvl,43,40,53174544,true,1862217,48618938,1942977,228191,146091,2667
8,../model_20110222_2078967171.uvl,48,51,42984921,true,1900385,38541227,1785554,321804,155394,2495
7,../model_20130305_204544380.uvl,13,13,24499796,true,1647384,20907979,1507615,95138,54367,2639
9,../model_20120109_1808102333.uvl,18,19,30781073,true,1505501,27350647,1499394,121061,71449,3107
2,../model_20200810_1487197226.uvl,29,29,35242933,true,1621730,31260000,1806920,146193,83702,2600
14,../model_20110704_328391695.uvl,172,145,114228144,true,4473258,104434464,2498542,732343,1124073,3442
5,../model_20120202_1596034358.uvl,10,11,36313252,true,1597090,32348583,1889455,136593,79736,3627
1,../model_20131125_731391866.uvl,18,19,29036424,true,1479124,25289543,1722382,173470,102932,3614
15,../model_20130122_1064508817.uvl,12,17,44007804,true,1768845,39865677,1751425,232042,127088,4264
11,../model_20180612_1244406232.uvl,33,33,86975219,true,1549418,82389210,2156299,324244,190352,5339
4,../model_20190824_1440931285.uvl,104,104,84463486,true,2864505,76656254,2626181,927790,704575,4005
12,../model_20120522_87989914.uvl,35,47,44994576,true,1738930,40252113,1780221,561677,374884,3928
3,../model_20191126_842054213.uvl,21,23,26190671,true,1600056,22246846,1755480,219550,81238,2775
10,../model_20230228_1021126902.uvl,11,11,24121406,true,1563050,20265790,1857463,129546,76230,3798
7,../model_20120329_788560154.uvl,55,49,69584025,true,1891399,64356213,2121108,489091,294448,3905
9,../model_20170517_1986241278.uvl,10,10,34377375,true,1657763,30579574,1742720,84678,50286,2810
2,../model_20131109_2060894287.uvl,14,13,41420914,true,1584685,37465924,1754976,200308,103388,4039
13,../model_20160508_265400900.uvl,46,52,67447859,true,1899949,62521364,1814193,507869,278084,3779
14,../model_20131016_1224723724.uvl,11,13,27765386,true,1514639,24309998,1498285,153390,49148,2197
5,../model_20130916_2072761889.uvl,15,17,30154712,true,1659132,26547723,1477470,121988,57529,2218
11,../model_20110306_314567479.uvl,14,14,22198720,true,1559452,18527936,1687508,141667,47014,2077
15,../model_20160608_755102753.uvl,12,12,34480559,true,1898447,30530917,1611626,133445,76361,3835
1,../model_20160315_505457800.uvl,28,28,30747261,true,1650988,26818353,1723241,147225,94706,2478
4,../model_20160821_1946133193.uvl,14,14,27181528,true,1565287,23639796,1470849,173251,52243,1970
12,../model_20160221_544170906.uvl,11,10,21472950,true,1571210,17848831,1559109,160958,52118,2395
6,../model_20161101_1188178549.uvl,36,36,54521312,true,1639281,49772609,2069821,471507,226512,4404
10,../REAL-FM-9.uvl,14,15,39441970,true,1727162,35522688,1644816,193659,112603,3806
3,../model_20130324_1541392486.uvl,51,43,44286244,true,1898796,39814426,1788379,229476,123985,2335
0,../model_20170328_1485540940.uvl,451,428,427543336,true,17328860,395570338,4428998,5283974,2857271,4686
13,../model_20160411_1158715394.uvl,11,11,34562335,true,1463431,31085192,1572547,118842,77092,4089
2,../model_20111025_1408959776.uvl,13,13,35103808,true,1549716,31454542,1587614,137740,86448,3973
8,../model_20170916_973590519.uvl,48,39,66311870,true,1799819,61042214,2200536,584648,297815,3576
14,../model_20200128_1154759905.uvl,23,23,32742459,true,1600308,29059258,1529576,152592,86089,2514
5,../model_20190503_1463982406.uvl,41,45,60191589,true,1878282,55456538,1865252,425159,252579,3265
15,../model_20171010_332868283.uvl,12,11,25244330,true,1567875,21685428,1617386,74613,45030,2607
1,../model_20160330_1356575467.uvl,10,10,27736518,true,1405269,24420823,1518493,105804,60450,3519
4,../model_20180819_995624779.uvl,14,14,33581875,true,1555579,29689385,1810630,146033,98583,3960
6,../model_20200609_1715293706.uvl,12,12,24237312,true,1495163,20990574,1352844,93599,58500,2047
10,../model_20171008_377237228.uvl,43,43,44785121,true,1837542,40113009,1876787,324020,206202,4387
0,../model_20230322_242202942.uvl,19,19,65967527,true,1494541,62498854,1518213,110244,54283,2403
13,../model_20181219_1343761699.uvl,20,14,29018247,true,1757816,25294128,1443300,135916,78533,3032
7,../model_20190920_1330526555.uvl,10,10,20280621,true,1497240,16862022,1561723,65047,39306,2413
9,../model_20120328_1667195252.uvl,24,25,28192638,true,1683260,24530565,1515864,125412,76217,2192
8,../model_20100831_1378118837.uvl,35,32,28769887,true,1678322,24888310,1566557,167291,93599,2154
14,../model_20110826_1555954181.uvl,24,24,26798590,true,1731599,22765583,1772469,125596,71700,2945
15,../model_20130916_1980915056.uvl,15,17,27523202,true,1384539,24207161,1490612,105717,65164,2982
1,../model_20121123_388334786.uvl,16,17,25024334,true,1429072,21689838,1544418,106705,61436,2341
4,../model_20131128_2046989275.uvl,15,15,21627628,true,1517524,17924048,1706764,149029,48938,2624
6,../model_20140428_1127346099.uvl,72,71,45295363,true,2054269,40286363,1878085,340228,267854,2934
10,../model_20150429_343028682.uvl,43,39,38685381,true,1709613,34163173,1825738,383190,219737,3579
11,../model_20220910_809454030.uvl,37,39,46393352,true,1793074,41881571,1929739,266176,131509,2114
12,../model_20161012_1497804026.uvl,13,13,37416153,true,1568288,33487196,1894089,147738,82524,3497
0,../model_20180126_2070362475.uvl,30,25,26916227,true,1630529,23062586,1699173,137671,75814,2264
13,../model_20130812_690840910.uvl,30,36,49750541,true,1611409,45274517,1892694,376770,221675,4384
7,../model_20150507_1665248699.uvl,15,14,37057597,true,1525182,33306385,1776164,159133,90773,3636
14,../model_20221025_2010292001.uvl,22,22,40322348,true,1691302,36356753,1670675,221922,125752,3443
8,../model_20170310_906013336.uvl,47,33,56789678,true,1686182,52474182,1797118,266621,183919,2347
2,../model_20101117_1571856147.uvl,10,10,19496061,true,1761874,15922273,1452679,67131,40530,2444
15,../model_20230322_2065877531.uvl,26,26,30535419,true,1683445,26620396,1682766,133258,85571,2939
5,../model_20160111_1033692827.uvl,61,58,45693425,true,2097542,40742111,1860310,305918,224106,2463
10,../model_20131122_1558809462.uvl,26,26,27587747,true,1558639,23507762,1713667,220656,236679,4180
6,../model_20150305_837831991.uvl,39,42,36387970,true,1755497,32338667,1554553,219625,134198,3155
11,../model_20161128_844678202.uvl,39,31,33360991,true,1790758,29243551,1658829,186141,102375,2366
12,../model_20161107_2119549052.uvl,12,12,20967935,true,1438281,17660179,1503628,73234,43272,2559
0,../model_20120829_1418879889.uvl,10,10,34369912,true,1407231,30740805,1810682,116020,72033,4399
13,../model_20150223_339293957.uvl,26,25,47955757,true,1597679,43653424,1870179,309758,167882,4292
7,../model_20120904_1604580471.uvl,13,8,20917178,true,1330901,17589363,1642824,76540,39023,2902
14,../model_20160330_1191432205.uvl,19,19,24563481,true,1682972,20808831,1584139,106299,59453,2570
8,../model_20130911_2001583567.uvl,34,24,31168803,true,1659005,27106153,1805062,154240,84822,2871
3,../model_20140225_1829795152.uvl,14,13,37931823,true,1549218,34118858,1765601,158566,93710,4127
2,../model_20131111_1486670620.uvl,21,18,33802781,true,1854843,29791331,1564911,173799,94300,3093
9,../model_20150320_593593000.uvl,13,13,36852758,true,1673608,32829441,1843708,160109,104462,4243
6,../model_20130220_406091727.uvl,43,48,64296180,true,1700081,58377478,2049431,473525,1329102,4053
10,../model_20190917_1679843058.uvl,11,11,35981138,true,1402257,32433837,1749043,126586,77750,3979
1,../model_20160329_1491802197.uvl,20,17,22283005,true,1560328,18757670,1539239,104628,57911,2780
4,../model_20120122_258977494.uvl,19,19,34925832,true,1709286,30824425,1636070,229240,269134,4532
12,../model_20180311_1112468126.uvl,29,29,33675403,true,1852142,29833250,1474325,148498,99500,2460
11,../model_20180222_1813103418.uvl,26,18,61719276,true,1774735,57707227,1712593,123886,70536,3061
0,../model_20180222_1531590612.uvl,18,17,27302714,true,1747456,23526312,1586120,97806,53448,2045
13,../model_20160229_1590940306.uvl,50,58,47015786,true,1826389,42411606,1752874,412638,170463,2880
8,../model_20140509_978687642.uvl,10,10,20662430,true,1409095,17578332,1327145,66726,56661,2781
14,../model_20160906_881197553.uvl,18,14,28018333,true,1517704,24633845,1405065,94681,57351,2783
9,../model_20141116_913921823.uvl,44,41,55172774,true,1728288,50562181,1868996,394071,212082,3918
6,../model_20190918_1569717148.uvl,17,17,25566981,true,1586536,22144021,1444702,86566,51313,2178
10,../model_20171014_936370428.uvl,10,9,33039594,true,1339057,29541801,1724237,122242,68765,3979
2,../model_20161127_1823059506.uvl,69,257,268315292,true,3183484,258722993,2055249,2309603,1453444,2907
4,../model_20140303_1487935744.uvl,23,14,25169575,true,1405891,21499503,1791652,101929,55227,2757
15,../model_20131028_1719041666.uvl,19,19,40307879,true,1708533,36195642,1768237,199989,109660,4363
12,../model_20190916_1591625575.uvl,42,24,34036988,true,1684814,30033386,1685067,169807,89372,2309
5,../model_20170818_1523700786.uvl,31,31,46869468,true,1616532,42447911,1991163,297285,167158,3673
11,../model_20191115_635910941.uvl,37,28,43342219,true,1720138,39457103,1562274,168288,148490,1996
8,../model_20121123_1588832561.uvl,16,15,36659320,true,1600793,32911669,1563165,176827,98928,3373
9,../model_20121018_1875808662.uvl,16,15,23084256,true,1563454,19473747,1609928,95459,55130,3692
3,../model_20190919_887233558.uvl,17,17,21887611,true,1514030,18456742,1518948,90642,56296,2077
7,../model_20230322_1023477919.uvl,73,55,47353985,true,2014277,42294251,1978611,302953,215579,2723
2,../model_20200619_2057881785.uvl,37,39,49930594,true,1825136,44317032,2707194,452428,230870,3825
12,../model_20140326_801743865.uvl,13,19,35060608,true,1479982,31387439,1705270,140561,76135,2419
0,../model_20170328_418838667.uvl,261,254,174015578,true,8510529,158591329,2807250,1761305,921494,3047
15,../model_20200810_1407499848.uvl,35,35,39409647,true,1743965,35314306,1609908,259008,101144,2608
4,../model_20140614_2029282468.uvl,54,54,60481138,true,2117137,55116005,1944407,516649,309456,4292
11,../model_20140629_1128400878.uvl,42,32,33470451,true,1552980,29828790,1558046,180816,96499,2531
1,../model_20170131_61369545.uvl,39,39,36390406,true,1847181,31913993,1790032,268780,181513,3841
8,../model_20091219_494647199.uvl,11,11,24100183,true,1537171,20663235,1535013,95147,42337,2125
9,../model_20190624_198695067.uvl,24,24,36686703,true,1654588,33047323,1514456,122558,68414,2839
14,../model_20160308_993894457.uvl,10,9,20860947,true,1468125,17385083,1666547,67826,57971,3464
13,../model_20170320_772300106.uvl,48,48,44680331,true,1782180,39559565,2292040,393780,234304,4210
3,../model_20121018_795335675.uvl,16,15,21884536,true,1391454,18511075,1570087,94946,49039,3131
15,../model_20091129_1734444143.uvl,12,13,20045648,true,1409646,16610837,1634652,81028,51055,2087
5,../model_20160913_482611615.uvl,48,37,41597078,true,1644127,37606573,1647346,275900,143284,2859
6,../model_20171012_404282969.uvl,25,25,42799310,true,1880712,37457825,2751058,252298,145771,3655
12,../REAL-FM-1.uvl,88,72,51250628,true,2023626,45253512,2974544,363208,236871,2315
4,../model_20141030_1194865372.uvl,48,43,40494920,true,1874104,35457877,2076915,418945,227963,3599
8,../model_20161025_210874268.uvl,10,10,18923069,true,1527292,15568944,1472185,60738,35266,2509
14,../model_20140410_454790336.uvl,11,22,38259002,true,1599833,34566097,1573427,159171,87203,2801
9,../model_20160301_1978418899.uvl,24,32,34905439,true,1622381,30170447,1589346,201259,106251,2295
10,../model_20170321_1774846112.uvl,179,155,124411598,true,5325937,114432722,2207624,930664,568430,2372
3,../model_20150310_1159520762.uvl,35,39,36873277,true,1571408,32951517,1696302,210419,115807,2498
13,../model_20190917_1352548057.uvl,59,33,39662374,true,1996200,34909848,1925779,227555,113333,2111
7,../model_20140130_912999540.uvl,13,13,31909546,true,1423869,28368910,1701213,147910,82977,3057
15,../model_20120202_114979109.uvl,22,19,28882386,true,1572691,25184892,1617676,148975,88743,2994
5,../model_20160629_1032137585.uvl,16,15,27973840,true,1384250,24279315,1698613,192352,114557,4183
6,../model_20110722_419227445.uvl,25,25,24928971,true,1478763,21305409,1668719,123168,67865,2677
12,../model_20190917_896971240.uvl,35,20,40851691,true,1474174,35476617,3293695,154960,98791,2754
0,../model_20230322_812446738.uvl,34,23,29658233,true,1713266,25592147,1777733,152642,79977,1948
11,../model_20230615_743611401.uvl,24,19,25483203,true,1628675,21435409,1767151,193870,141311,3437
2,../model_20180407_489573335.uvl,109,126,78018427,true,3329528,70969730,1909895,701990,349162,3014
8,../model_20120725_1460954667.uvl,97,81,85769919,true,2699083,79011812,2289001,742294,400160,3881
13,../model_20121123_1266693931.uvl,16,15,38796846,true,1551625,34930232,1772499,168675,87481,3875
3,../arcade_game_pl_fm.uvl,61,95,136146132,true,1935975,130820186,2051425,518192,329070,2494
15,../model_20180618_656757926.uvl,11,11,22704742,true,1492363,19088629,1732692,72537,46886,3367
12,../model_20150114_50814742.uvl,33,32,38524501,true,1853856,33823519,1982009,340457,158262,2855
5,../model_20140411_1148485857.uvl,12,23,65230875,true,1538792,61321716,1647371,319348,157728,3924
14,../model_20221026_1860047321.uvl,103,93,66640683,true,2349122,60456308,2265593,559669,406468,4269
6,../model_20140914_1816201365.uvl,37,39,56296597,true,1726623,51616091,1861951,374863,316569,3439
0,../model_20101120_2091447559.uvl,20,20,23838129,true,1631965,20144325,1592820,101078,57920,2907
7,../model_20200907_1678285822.uvl,63,63,46398470,true,2021704,41671870,1798042,281717,184865,2004
4,../model_20121212_425431925.uvl,16,15,34827192,true,1636732,30928193,1735339,153932,90411,3749
11,../model_20100624_2076952989.uvl,17,17,40371685,true,1574397,36372777,1800160,211613,120846,3504
2,../model_20181005_1705175151.uvl,26,20,35940495,true,1647919,32183471,1571443,123778,67723,1970
8,../model_20200810_1943380085.uvl,26,22,43432954,true,1538717,39587327,1725242,231150,126965,3774
1,../model_20151127_885194761.uvl,36,35,56718789,true,1765614,52453333,1812758,228152,134762,2741
13,../model_20130106_749900457.uvl,21,15,23908186,true,1687095,20140811,1580256,118411,59471,3122
9,../model_20180222_1576024243.uvl,13,10,20794054,true,1575157,17052141,1763562,72889,40641,2707
10,../model_20171005_1407702877.uvl,28,28,32347221,true,1741714,28454215,1644606,143531,88356,2478
3,../model_20190513_1805648090.uvl,10,12,34985274,true,1611354,31151842,1719933,149816,85790,3716
14,../model_20200817_129447612.uvl,37,37,32110040,true,1641258,28171552,1578251,174591,157674,2818
6,../model_20110401_868452735.uvl,14,10,24416334,true,1630096,20696809,1597659,126633,79056,4348
0,../model_20140613_1129301242.uvl,10,9,23149107,true,1469184,19872981,1448473,67199,36626,2881
2,../model_20131114_87095598.uvl,57,61,37955754,true,1929476,33521545,1683290,282998,195389,2314
11,../model_20191016_1243022077.uvl,83,83,60706363,true,2319834,55674696,1695850,382700,255514,2042
8,../model_20121018_1639434192.uvl,17,15,21891715,true,1355027,18306864,1715609,160726,91917,3883
1,../model_20190502_109355269.uvl,18,18,39010804,true,1629507,34965489,1826333,178032,106474,3998
13,../model_20141113_346832425.uvl,56,59,48676093,true,2058325,43892367,1820979,286853,198279,2694
9,../model_20230322_497943934.uvl,40,27,44239609,true,1736490,40159267,1660063,179069,89783,2850
10,../model_20130522_1326579656.uvl,45,45,33214052,true,1707923,28995675,1778059,207124,125792,2402
3,../model_20230322_2049733851.uvl,24,22,36016800,true,1855515,31874579,1756119,126116,70857,2210
14,../model_20140819_914542251.uvl,62,59,66634887,true,2006460,61291278,1997029,585627,302305,4180
0,../model_20131112_1840652917.uvl,17,18,41668961,true,1779559,37485602,1779528,202057,120561,4228
6,../model_20160330_1846251072.uvl,39,38,51865774,true,1595429,47277321,1878961,347771,356226,4333
15,../model_20160502_596671432.uvl,25,18,37791331,true,1942845,33587852,1810236,127131,70924,2464
5,../model_20161117_1407262512.uvl,21,16,37203425,true,1635355,33426333,1667993,115443,63295,2276
12,../model_20180301_203291309.uvl,13,13,35095318,true,1567315,31416252,1652897,135898,85767,3814
2,../model_20221102_1308706395.uvl,17,12,36665241,true,1623926,32745298,1745855,205780,108415,4047
11,../model_20141030_1477913256.uvl,12,12,22273373,true,1493697,18748241,1651641,104539,45318,1890
7,../model_20110718_866950306.uvl,20,19,22323375,true,1413863,19105866,1427051,107444,60574,2032
8,../model_20160606_412121552.uvl,14,13,26377382,true,1519336,23061509,1436279,83230,46800,2472
3,../model_20160303_1635209528.uvl,16,15,21155001,true,1486469,17760399,1479332,90722,50930,2736
14,../model_20160330_1784601624.uvl,25,22,29350838,true,1491578,25763333,1553956,122900,136474,2411
0,../model_20131112_1825068383.uvl,25,30,38301244,true,1495485,34430160,1692517,199282,152207,2321
6,../model_20130811_391981530.uvl,41,51,45069297,true,1811016,40917951,1635490,276481,136802,2733
15,../model_20200901_1356822502.uvl,38,29,31625578,true,1673044,27870060,1476577,182362,95146,2113
5,../model_20160623_1415871890.uvl,13,11,30407293,true,1506936,27012705,1469756,88467,55035,4330
12,../model_20101110_1749898936.uvl,19,20,45290809,true,1445901,40409925,1811232,245051,1100574,3341
2,../model_20100927_1382418986.uvl,10,12,21530930,true,1540452,17927688,1672171,74401,46508,2280
7,../model_20141119_1459706454.uvl,34,33,52733873,true,1568557,48750782,1752365,179638,108001,2774
11,../model_20160925_2087627141.uvl,47,44,84926807,true,1951413,80337132,1748306,271480,177886,2104
1,../model_20120328_288933955.uvl,17,20,34002228,true,1599454,30453818,1455469,153294,83764,2233
4,../model_20120328_523540818.uvl,10,10,19962737,true,1393422,16658220,1605039,63919,38684,1877
3,../model_20230322_604627146.uvl,22,18,42005322,true,1619332,37985223,1726264,215425,117871,4144
9,../model_20190203_959278211.uvl,27,27,26063477,true,1617948,22291846,1600419,138262,78272,58821
0,../model_20130116_382639902.uvl,31,30,58628040,true,1747744,53816053,1854233,561478,280330,4377
14,../model_20150305_15208156.uvl,30,34,81242551,true,1829128,77135355,1629937,175136,102939,2982
6,../model_20170320_149190356.uvl,50,56,54566303,true,1953138,49697565,1834605,436367,190289,3173
15,../model_20171207_1015871671.uvl,18,34,42147512,true,1742782,38241007,1563099,200783,104813,2385
12,../model_20160329_1368375444.uvl,33,32,35461180,true,1730752,31533387,1591250,203826,109234,2541
2,../model_20180222_1895267586.uvl,22,25,43599862,true,1639323,39392555,1748129,254929,232740,4032
11,../model_20190730_1957937065.uvl,25,25,27558704,true,1649004,23835217,1584102,135473,82051,2342
1,../model_20150423_1422172417.uvl,14,12,23704984,true,1481651,20215575,1631131,82247,52566,2659
3,../model_20200810_1274447969.uvl,33,31,27965985,true,1857280,23818373,1662252,160947,90812,2514
4,../model_20160317_1483846003.uvl,46,46,34850593,true,1935848,30371762,1816653,219747,126907,2389
9,../model_20110826_1744501275.uvl,24,24,36558082,true,1468649,32920482,1606047,177878,87441,3387
8,../model_20180227_1765307019.uvl,116,84,155455417,true,2984322,148766237,2085151,559580,361744,2191
14,../model_20131129_2135897376.uvl,10,10,23216475,true,1445071,18909183,1558723,1001718,48752,2566
6,../model_20120110_1754443954.uvl,10,9,35986030,true,1573326,32133771,1842452,137205,79686,3878
15,../model_20140422_1825362104.uvl,21,21,31234416,true,1507216,27594479,1646906,109390,63170,2663
0,../model_20180306_422218475.uvl,53,36,57561309,true,1913869,52968304,1706921,371452,138975,2141
13,../model_20190502_1338968023.uvl,34,39,39880806,true,1762172,35747888,1742174,200909,112312,2247
10,../model_20200901_93573304.uvl,38,29,56225631,true,1932310,51487068,1952431,291268,173682,4548
12,../model_20150222_409043024.uvl,52,41,56219072,true,1822978,51847662,1848414,240028,130487,2162
2,../model_20180512_660942805.uvl,36,38,50610414,true,1745783,45954505,1931408,367891,203107,4135
5,../model_20130619_405989942.uvl,10,10,30691489,true,1653914,26946892,1627685,118819,71530,4284
11,../model_20151111_460133826.uvl,40,41,55279522,true,1720400,50842339,1833411,401490,220749,3925
7,../model_20170517_1468714593.uvl,10,10,31559666,true,1768965,27848969,1541896,150060,45731,2640
4,../model_20111031_386778867.uvl,25,13,46312427,true,1586763,42175010,1815593,212058,280290,4459
14,../model_20101111_1790887308.uvl,10,12,38042379,true,1652229,33159152,1717469,1168675,96621,3827
9,../model_20130908_2094539725.uvl,81,81,101062979,true,2566932,94599389,2219128,707334,388290,3875
6,../model_20120110_855603964.uvl,10,10,36519520,true,1587474,32727814,1591828,269263,85957,4081
15,../model_20171012_484328807.uvl,36,36,49514711,true,1844344,44831814,1903512,355618,188955,3888
13,../model_20121102_443205816.uvl,26,18,39788196,true,1697834,35902069,1667565,129209,74631,2817
0,../model_20131112_1315617761.uvl,58,62,54072830,true,2346876,48741386,1994579,325912,198043,2357
12,../model_20200412_2136556876.uvl,12,12,31895488,true,1448795,28383719,1704557,75515,45049,2349
2,../model_20170821_744427680.uvl,15,23,39651358,true,1469422,35901102,1542015,315777,161528,4127
10,../model_20180305_2101436905.uvl,47,24,77800910,true,1768644,73648156,1634613,184494,127200,2611
5,../model_20160330_218438641.uvl,23,15,27268026,true,1819264,22899293,1929652,176190,92101,3537
7,../model_20101116_1022976130.uvl,34,33,47953433,true,1955853,43593460,1647253,238746,133622,4059
4,../model_20160229_171128808.uvl,48,48,71894256,true,2099456,66833481,1840461,400153,295835,2782
1,../model_20180411_122889136.uvl,26,23,41128512,true,1689728,37177249,1741261,129314,76479,2198
3,../model_20120627_1512389149.uvl,11,10,41166855,true,1690325,37198408,1770191,155426,91600,4102
14,../model_20120418_828883554.uvl,52,28,41632355,true,1833007,37082457,1827608,291672,182580,3341
6,../model_20190129_1004578234.uvl,18,19,34716754,true,1632603,30980479,1630996,106183,61901,2580
15,../model_20190128_1522973155.uvl,23,28,31445110,true,1678108,27362834,1778950,210014,87742,2494
8,../model_20230608_1658584159.uvl,24,24,44820214,true,1742703,40491681,1905732,225708,136831,3706
13,../model_20180611_1800915628.uvl,10,13,81302287,true,1510098,34666422,44585683,166723,94330,4107
0,../model_20151103_1678219280.uvl,19,19,40168111,true,1680157,36067245,1797853,199051,106772,3553
5,../model_20180729_701594854.uvl,22,25,46345473,true,1669623,42159683,1762010,276559,162255,4032
12,../model_20180302_974887082.uvl,122,150,102566319,true,3491068,95189616,2070047,765447,458377,2985
11,../model_20111027_966072474.uvl,10,10,34167589,true,1715531,30317522,1669114,117390,68171,3579
7,../model_20230423_1943321532.uvl,27,27,38965018,true,1813346,34361949,1493147,137710,802399,3635
4,../model_20150301_527193150.uvl,24,24,40231199,true,1616111,36420531,1703766,123247,91937,2514
3,../model_20111130_1614470655.uvl,77,70,71326080,true,2269189,65357386,2131760,627933,364784,4355
14,../model_20230323_1971213764.uvl,46,42,52878279,true,1696865,48250991,1863669,423710,235372,3841
6,../model_20111020_455520177.uvl,11,11,35749328,true,1675117,31944362,1636307,120526,75335,4232
1,../model_20161128_2006303576.uvl,96,66,109153001,true,2621889,103270317,1903158,396869,320142,3207
8,../model_20100415_947132043.uvl,31,37,44060658,true,1674871,40105764,1623814,208746,135645,2596
0,../model_20100805_1484639410.uvl,31,35,38868795,true,1686390,34735899,1773388,187921,173111,2720
9,../model_20221029_568257220.uvl,17,27,46833834,true,1659129,42806615,1726165,233779,121029,3022
13,../model_20131112_1191150070.uvl,57,55,50691121,true,1944808,45929708,1883171,290539,160353,2970
5,../model_20110519_1142211980.uvl,14,12,23771241,true,1600607,20228877,1579705,83962,48443,2548
2,../model_20120512_712347860.uvl,13,12,36734123,true,1447062,33112820,1731046,141589,79118,4943
10,../model_20180306_73619671.uvl,48,30,37255549,true,1682375,31742488,3009261,245829,129696,2569
12,../model_20180530_1810935889.uvl,11,13,35599279,true,1557855,31666106,1866458,138626,89992,3528
7,../model_20131112_1353790761.uvl,23,20,27326343,true,1579801,23399592,1858741,118644,69936,2747
4,../model_20160121_1141972007.uvl,20,20,35833307,true,1455675,31912705,1831596,196875,114891,3441
3,../model_20150620_2057636397.uvl,13,10,21777043,true,1569650,18076247,1707503,106563,42728,2288
6,../model_20160329_926312476.uvl,21,14,25156350,true,1651788,21403536,1625957,102943,54550,2912
14,../model_20140310_1022041880.uvl,88,72,61856991,true,2491210,56015018,2256635,372607,207195,2611
9,../model_20140819_1738890661.uvl,10,10,27484612,true,1622889,23847860,1592114,110570,68326,3869
15,../model_20110406_353034837.uvl,40,35,36077826,true,1655374,32035133,1727208,183275,104898,2191
5,../model_20121123_2085968892.uvl,17,16,59622391,true,1466739,56232240,1522028,91498,53305,1808
12,../model_20120422_1648870831.uvl,14,15,31802691,true,1662417,28121790,1568427,103829,62039,2805
13,../model_20160103_2012826523.uvl,94,55,90901898,true,2666673,85002010,1991939,487400,315850,4016
1,../model_20120829_191972511.uvl,168,199,146829917,true,4356199,137226192,2473898,1040662,691774,2254
4,../model_20120328_361613983.uvl,16,18,28353932,true,1359692,25031088,1523253,114435,72303,3987
7,../model_20170818_812208818.uvl,31,31,45746057,true,1709020,41297978,1943177,256936,165098,4015
3,../model_20120328_1227899142.uvl,21,20,36178003,true,1477500,32108751,1949460,243288,130637,3943
11,../model_20170310_195700687.uvl,47,44,51759957,true,1882980,46352843,2057730,695557,341224,4356
6,../model_20190430_348224224.uvl,33,25,29295582,true,1819979,25194071,1651800,158185,92430,2824
15,../model_20170718_2017313962.uvl,18,18,37381188,true,1507394,33769411,1613560,178048,104276,3468
9,../model_20130916_1112744253.uvl,15,17,29555929,true,1598784,25648503,1738972,181210,104086,4056
8,../model_20101104_260803083.uvl,11,10,22939348,true,1577865,19457158,1540070,68952,40085,1990
5,../model_20130916_1467348272.uvl,16,18,39055766,true,1642846,35015602,1759273,201813,124669,4617
10,../model_20170402_1978825740.uvl,263,264,212828882,true,9686289,195118390,2700675,2413141,1483084,3153
12,../model_20121018_820869482.uvl,16,15,26573832,true,1506919,23148804,1435520,147208,65663,4127
13,../model_20221208_1038664369.uvl,28,21,26788041,true,1604835,23114326,1584951,134773,74030,2608
2,../model_20130916_894347834.uvl,15,17,22778897,true,1579827,19329003,1469869,99620,65448,2793
4,../model_20120328_1814590478.uvl,36,34,33200241,true,1797330,28870173,1778181,174773,159590,2608
11,../model_20121123_1668268132.uvl,13,13,20952393,true,1627541,17411443,1497743,89688,51442,2275
6,../model_20170420_1165511748.uvl,77,39,66008780,true,2307809,60606573,1885930,463973,166890,3050
9,../REAL-FM-13.uvl,12,11,39001504,true,1583525,35196316,1699083,161928,89625,4066
15,../model_20200128_1186233455.uvl,23,23,83103012,true,1621937,78907088,1847798,279583,154526,4045
3,../model_20130307_609838668.uvl,176,161,165652520,true,4783727,155414358,2814807,1010799,598182,2941
8,../miniset/stack_fm.uvl,17,13,36949977,true,1654248,33214107,1589519,131882,95660,3761
5,../model_20150310_1642957582.uvl,29,32,29956641,true,1630585,25723366,1943327,187380,110430,2809
10,../model_20130815_1890929461.uvl,56,62,69506519,true,2004860,64829401,1761431,330913,228786,2498
12,../model_20221004_622223252.uvl,26,26,44817730,true,1746320,40266118,1978341,258677,278521,5637
14,../model_20160227_1275602559.uvl,47,58,74286522,true,2174395,68568546,1979761,781776,363311,3067
13,../model_20181119_2037159342.uvl,23,24,47180323,true,1639036,43554136,1508907,162130,84843,2613
0,../model_20190922_729177560.uvl,21,21,40930811,true,1731560,36702357,1886618,207762,123047,4400
4,../model_20190328_829158427.uvl,14,16,34810207,true,1531573,30866479,1809639,202997,117558,3724
1,../model_20190920_56721129.uvl,15,15,37399027,true,1764421,33355371,1746862,149647,100241,4252
7,../REAL-FM-6.uvl,11,10,23726748,true,1610499,20132787,1611552,88244,59360,2785
11,../model_20140925_285704903.uvl,20,17,23673533,true,1465496,20133147,1619712,109798,71884,2655
9,../model_20141109_1274255950.uvl,11,11,20761986,true,1615282,17303233,1497582,75351,44052,2638
5,../model_20160226_1944186213.uvl,48,56,39533124,false,1952369,35313088,1619246,292422,161097,2249
12,../model_20190917_1855142600.uvl,38,33,32424552,true,1735587,28395439,1584041,172522,154336,2348
10,../model_20190416_545039882.uvl,21,21,24604186,true,1464509,21150847,1501125,103451,62461,2219
14,../model_20131121_194495737.uvl,12,10,37823455,true,1479765,34225736,1642397,158855,87566,3951
13,../model_20160301_235863217.uvl,20,27,30082336,true,1656618,26051892,1654320,300803,162049,4509
0,../model_20150512_534005467.uvl,31,32,32530392,true,1669831,28643407,1531285,192433,204911,2863
4,../model_20131122_913576973.uvl,23,23,24646493,true,1369230,21219323,1642522,119813,78284,2740
1,../model_20150713_1448325014.uvl,32,27,41310488,true,1708579,37207345,1734678,182550,95329,2926
11,../model_20160122_407616496.uvl,29,26,27682598,true,1461478,24021999,1586959,168779,88774,2325
7,../model_20170308_1789444441.uvl,28,28,27018429,true,1411435,23564368,1527722,139513,86877,3364
2,../model_20160307_1341241097.uvl,12,9,59523090,true,1611457,55500133,1928106,132912,75236,4406
9,../model_20140614_1599125118.uvl,13,12,23430913,true,1306231,20111199,1650912,83279,49343,2711
5,../model_20190917_1598073515.uvl,16,16,38135318,true,1544498,34075271,1744306,298908,98367,4082
6,../model_20151122_103763227.uvl,47,20,58351665,true,1991619,53398413,2041231,343560,174823,4367
3,../model_20160906_1914580505.uvl,31,28,46977055,true,1690286,42652052,1809363,295847,166150,4049
0,../model_20121212_1167666293.uvl,15,17,27384701,true,1465007,23539996,1851287,167705,105301,3802
13,../REAL-FM-16.uvl,26,29,49933526,true,1653553,45621862,1818585,298062,204707,4730
11,../model_20130917_737900063.uvl,13,15,25031092,true,1575485,21786398,1274564,107781,58924,2358
2,../model_20190513_1749709644.uvl,20,23,24025198,true,1510115,20686663,1401878,120058,70668,2304
9,../model_20160726_1855902901.uvl,12,13,20384623,true,1399195,17137449,1402897,87591,77992,4006
5,../model_20111129_1932950448.uvl,13,13,19947717,true,1363638,16696865,1489698,129319,70036,3728
6,../model_20221229_1000010819.uvl,17,17,22302382,true,1292247,19320280,1255973,112239,51858,2251
3,../model_20110826_1180494500.uvl,24,24,28425078,true,1522842,24992017,1431504,116962,65855,2175
0,../model_20191012_1432325334.uvl,40,38,33724281,true,1478689,29782712,1673088,236615,169673,3282
12,../model_20160329_1092215724.uvl,17,22,49082131,true,1643162,44773374,1922234,297398,152964,4276
13,../model_20110214_751339643.uvl,56,128,95229482,true,2223502,89279274,1924817,856581,496730,2178
10,../model_20140819_424669215.uvl,17,17,38249573,true,1614401,34179626,1921226,142060,100782,3651
15,../model_20150209_1183047948.uvl,29,47,64461531,true,1913728,59417369,1903847,547598,287722,4108
11,../model_20120718_813832704.uvl,11,12,19715208,true,1278047,16574304,1508021,74507,44049,1828
14,../model_20160330_1632759327.uvl,19,13,26011457,true,1717347,22243809,1565605,104867,73397,2108
8,../model_20140824_1421620261.uvl,51,62,50048197,true,2032823,44872827,2214194,318616,175016,2202
9,../model_20120411_196667302.uvl,26,23,34982376,true,1597405,31073335,1753399,154375,113764,2198
1,../model_20190917_1294871534.uvl,16,13,38071650,true,1705623,34096155,1709275,161609,95182,4183
4,../model_20140428_1301432646.uvl,72,71,76582096,true,2348492,70352523,2227061,651838,450110,4481
5,../model_20160812_1476754989.uvl,10,10,37542293,true,1409522,33806473,1873494,143314,83090,3855
6,../model_20131210_413521746.uvl,13,14,39916955,true,1515936,36266519,1597024,194412,108052,3965
3,../model_20171028_1906143627.uvl,13,14,23468552,true,1775706,19745089,1515928,96130,54353,2070
0,../model_20190228_1201197026.uvl,16,18,35394095,true,1624998,31660142,1590776,169916,75238,3960
10,../model_20130224_1469220523.uvl,10,10,26755898,true,1469959,23399208,1544962,63792,38155,2191
13,../model_20130115_768867592.uvl,11,9,22856962,true,1529347,19262166,1679796,75859,46044,2297
15,../model_20140305_1485634182.uvl,28,29,30282199,true,1621532,26406335,1612946,164438,112928,2333
9,../model_20131206_656913635.uvl,13,15,36388696,true,1554724,32737148,1572119,129370,110806,4845
11,../model_20160913_269001380.uvl,49,43,50402690,true,1944056,45695925,1839677,337012,157036,2637
8,../model_20130725_1929838118.uvl,41,27,51369055,true,1753220,47010882,1816629,349706,163392,3878
4,../model_20100830_561967343.uvl,32,31,37729655,true,1718902,33842950,1586336,156447,85549,2382
2,../model_20170527_1802227256.uvl,11,13,37696165,true,1301670,34075494,1819192,168475,100509,3898
5,../model_20110507_674768061.uvl,40,52,62538501,true,1877747,57533028,2081023,436418,207858,3158
6,../model_20190917_75070341.uvl,33,15,28563381,true,1672137,24550344,1724478,164087,78681,2594
7,../model_20100904_226530663.uvl,38,38,33637071,true,1689308,29374985,1844824,184883,176043,2810
0,../model_20160330_925748995.uvl,16,12,35069103,true,1514023,31300700,1717483,151141,86031,4113
10,../model_20230422_2139223494.uvl,37,34,41074314,true,1706112,35645098,1854701,334445,1166743,4096
15,../model_20190917_552843992.uvl,10,7,33719836,true,1595566,30100654,1584274,106404,60700,3349
13,../model_20230323_901833353.uvl,74,62,67057560,true,2497460,60067525,1988246,536483,1380050,3481
9,../model_20200901_328439811.uvl,35,20,39994353,true,1648138,35683998,1773329,289483,245891,3247
8,../model_20160822_713171625.uvl,28,29,30718995,true,1744264,26720248,1580243,175675,160867,2503
11,../model_20121018_271963732.uvl,16,15,38314014,true,1576717,34389789,1768047,180360,98793,3968
12,../model_20230615_1063099089.uvl,38,18,39219064,true,1722534,34941822,1776541,255156,139779,2997
14,../model_20150228_222823272.uvl,37,43,52325989,true,1973880,47794092,1781734,250179,196508,4383
4,../model_20230322_307237036.uvl,29,23,40390760,true,1569765,36452196,1728283,222489,117825,2754
5,../model_20200813_1618100589.uvl,28,28,46044392,true,1708022,41627222,1896329,283832,160409,4245
1,../model_20120201_865979127.uvl,28,36,51265243,true,1566138,46811870,1861499,483578,243849,3413
6,../model_20161128_1478224089.uvl,77,66,59111348,true,2360413,54048307,1830205,323556,179704,2455
7,../model_20160322_2014722365.uvl,54,54,51743372,true,1839009,47024816,1783360,420774,254457,3768
0,../model_20150506_306101537.uvl,33,33,51081321,true,1813274,46583283,1807570,310226,180568,3976
3,../model_20170316_174511349.uvl,16,17,42830553,true,1423875,38977107,1843874,216435,120707,4193
10,../model_20180222_1925875374.uvl,45,43,59279590,true,2125145,54256089,1918049,401707,259639,4396
13,../model_20151216_1220822165.uvl,15,15,32726156,true,1642254,28795091,1742689,156735,98528,4076
15,../model_20131112_1591180910.uvl,29,25,48363584,true,1827754,43821717,1912810,271517,158194,4256
8,../model_20121025_1656878048.uvl,26,26,30063998,true,1695727,25918556,1653893,315283,126650,3917
12,../model_20150330_63301402.uvl,11,9,29635457,true,1486288,25970676,1712681,123762,71993,4381
9,../DELL-LAPTOP-NOTEBOOK-FM.uvl,47,122,204691277,true,2250420,196711652,2183748,2111756,1039220,4383
14,../model_20140310_1916029542.uvl,144,54,76931202,true,3344801,69551608,2256638,626026,314555,3012
2,../model_20160603_398155586.uvl,15,10,36699999,true,1706660,32849836,1615583,152793,85129,4189
1,../model_20170918_1157652981.uvl,48,29,60861545,true,1957120,56336968,1803573,225934,120444,2145
6,../model_20190504_755268837.uvl,43,46,55009927,true,1723158,50708007,1775955,278448,147096,3071
0,../model_20180226_492552032.uvl,11,7,33957453,true,1698072,30216123,1599566,103743,61253,3858
3,../model_20170215_1278541927.uvl,41,39,45768783,true,2147006,40970489,1735236,317932,177009,3991
10,../REAL-FM-7.uvl,14,15,24576769,true,1473558,21020589,1604203,129175,111440,2487
13,../model_20160504_1687809818.uvl,30,28,33153614,true,1716480,29225670,1655225,154374,119141,3371
15,../model_20150306_503606823.uvl,27,26,35323991,true,1572560,31431513,1619976,186651,178822,3064
8,../model_20170228_1437582980.uvl,10,10,19929098,true,1569592,16415833,1584414,64004,37578,2613
12,../model_20141106_309720283.uvl,57,54,69105469,true,2263394,63551702,2118091,447123,257259,3746
9,../model_20141202_104116345.uvl,10,9,23503832,true,1687627,19940692,1531883,80435,44423,2136
11,../model_20140205_954857783.uvl,11,9,37004135,true,1541826,33420426,1659371,80187,46125,2435
14,../model_20111029_1654942500.uvl,37,27,41353078,true,1806215,37150649,1694242,249955,106398,2915
4,../model_20110216_608697455.uvl,14,18,43167967,true,1685893,39159410,1653776,204867,120603,3555
5,../model_20120902_865058601.uvl,19,19,32732452,true,1808826,28924687,1598834,102426,60917,2928
6,../model_20200817_1333981485.uvl,33,20,48008085,true,1679203,44159681,1668072,147438,83720,2788
3,../model_20151116_762410606.uvl,29,29,26474138,true,1562563,22942208,1491492,138535,80413,2731
7,../movies_app_fm.uvl,13,10,24803454,true,1674319,20896989,1747664,130808,71645,3213
10,../model_20131202_1575628003.uvl,19,19,23074693,true,1402649,19699976,1566487,97630,60278,2637
12,../model_20170911_1850240044.uvl,13,13,20728412,true,1564002,17373224,1388915,77464,44916,2267
9,../model_20171005_1816009957.uvl,10,7,19552281,true,1262888,16295726,1602257,107213,57771,3608
11,../model_20160905_338518821.uvl,25,25,27428399,true,1306440,23242037,2371390,126252,72212,2265
14,../model_20150614_1325491211.uvl,24,26,35089796,true,1484055,31562758,1525964,151599,89019,3075
4,../model_20150610_685576256.uvl,15,17,21982725,true,1398861,18520048,1637361,110768,66398,3316
5,../model_20131129_1765219729.uvl,14,14,22733461,true,1549679,19008160,1622320,176973,99906,2880
6,../model_20200811_368165701.uvl,11,10,34233450,true,1601390,30617855,1560194,131559,70209,3460
2,../model_20100324_1996898492.uvl,11,14,35336936,true,1390485,32003893,1557523,92390,55491,2016
1,../model_20121123_1807427529.uvl,17,18,28638620,true,1670295,24812110,1699805,104678,64628,2981
3,../model_20091009_1552375070.uvl,37,40,58541278,true,1464572,54487199,1832917,228053,128586,2450
7,../model_20150715_75174593.uvl,17,16,26689046,true,1374741,23222982,1597021,155845,69457,3736
0,../model_20160330_999254735.uvl,14,14,30972013,true,1890610,26719217,1942860,82070,50071,2855
10,../model_20120425_1998125226.uvl,71,71,69819090,true,2234043,64588939,2051405,310577,184038,2132
9,../model_20230120_1200060194.uvl,20,20,38104832,true,1498955,34406224,1669153,172229,102451,3618
11,../model_20150411_1026005127.uvl,10,12,36329587,true,1576085,32485133,1763208,150883,81824,3733
8,../model_20230322_342259021.uvl,33,29,48203394,true,1890637,43920218,1756373,165756,90615,2351
15,../model_20200413_90255108.uvl,48,41,63620916,true,1974763,58435479,2092607,432249,246143,3579
5,../model_20140824_2115796112.uvl,43,49,59871054,true,1827236,54669446,2203419,457404,281293,3681
4,../model_20130418_1158438101.uvl,19,12,43148869,true,1664690,39082217,1770733,206139,111206,4167
6,../model_20200524_149606280.uvl,35,42,67548965,true,1970195,62696841,1727887,508824,258321,4019
1,../model_20160506_174377233.uvl,40,22,31268805,true,1645173,27069963,1910805,197703,88176,2298
2,../model_20111201_1252018702.uvl,61,40,58816650,true,1904310,53509950,2115337,526395,295415,4346
3,../model_20190220_184230257.uvl,38,42,67263109,true,1795743,62566872,1778463,521978,274608,4180
0,../model_20130302_1361528923.uvl,10,11,21797511,true,1431415,18517084,1514691,105817,50911,2489
10,../model_20160125_1378351345.uvl,38,33,33568745,true,1548802,29500631,1813133,216662,115578,2808
11,../model_20130726_597280131.uvl,47,44,40104095,true,2003993,35526565,1770047,263650,142571,2069
8,../model_20120422_2100930135.uvl,25,27,31119290,true,1519461,27442296,1610767,163741,98931,2697
12,../model_20180509_988672632.uvl,27,18,28704085,true,1582373,24787137,1798500,157591,88508,2920
13,../model_20120824_761159432.uvl,23,20,48919126,true,1817404,44558099,1820174,268652,145511,3643
15,../model_20190223_2034909826.uvl,88,28,57214232,true,2331781,52252060,1760404,298296,156737,2616
6,../model_20230630_666266911.uvl,13,13,40447524,true,1504408,36553108,1798505,183706,107577,4397
14,../model_20150523_372542452.uvl,47,35,66384690,true,1934562,61348590,1999914,462046,234728,3471
1,../model_20100625_251719781.uvl,16,16,39415400,true,1524100,35723873,1636969,154680,95934,3265
4,../model_20170921_244476382.uvl,47,33,61222611,true,1958707,56770657,1725711,261147,132049,1935
2,../model_20120110_1719396361.uvl,10,10,21012497,true,1499589,17489798,1539038,165764,47976,2205
0,../model_20100308_1032655961.uvl,15,16,38974392,true,1437090,35241652,1726539,204583,111639,3685
10,../model_20140615_1417385367.uvl,35,30,51948995,true,1659727,47572484,1864731,312374,167311,2927
7,../model_20151117_1411945431.uvl,22,22,38118925,true,1722206,34180991,1708030,112186,67049,2340
8,../model_20200503_927740000.uvl,21,23,28477450,true,1600615,24664547,1578813,237637,96467,3808
9,../model_20150703_1928436983.uvl,10,10,33916846,true,1502705,30198670,1722070,122707,77132,4099
12,../REAL-FM-11.uvl,67,65,59066852,true,2044478,53952765,1960250,345928,239373,2947
14,../model_20190214_582844610.uvl,11,11,25581019,true,1422859,22172051,1640297,97603,63606,3062
1,../model_20161107_751073207.uvl,11,11,19293600,true,1517679,15920770,1488731,67528,42111,2631
4,../model_20221229_2070974785.uvl,17,17,38310062,true,1518605,34495505,1759721,176796,110514,3762
5,../model_20150310_1191030699.uvl,30,33,30576703,true,1630932,26550213,1719893,214550,186518,3046
2,../model_20160524_3029237.uvl,19,17,43131409,true,1652798,39161808,1661279,214309,124906,3741
0,../model_20150411_1055039600.uvl,18,13,38782967,true,1598414,34927725,1650736,188424,103371,4466
10,../model_20110203_1382675896.uvl,14,14,20552642,true,1486181,17109457,1560015,78701,47736,2330
7,../model_20100719_944437142.uvl,29,25,32485288,true,1878719,28192470,1531776,282591,262061,3942
3,../model_20130821_1446947208.uvl,49,49,46320475,true,2699151,40443225,2070423,445793,222596,4205
9,../model_20171128_2320585.uvl,14,13,22500371,true,1391177,19193731,1552088,82367,44938,2646
12,../model_20100904_330653656.uvl,10,10,22891114,true,1449423,19710162,1417512,61497,37678,2574
11,../model_20190929_1773228224.uvl,17,25,37408597,true,1582780,33314494,1824176,272946,148190,2660
1,../model_20221122_1612835830.uvl,20,16,29531358,true,1598187,25578688,1759236,191115,107100,3924
14,../model_20190416_284413958.uvl,37,35,33832280,true,1508749,29485855,1863504,333750,293774,3641
13,../REAL-FM-2.uvl,23,18,32766789,true,1661811,28671598,1817531,222299,77596,2668
4,../model_20190917_80747458.uvl,16,14,23594249,true,1690626,19912023,1572720,88882,51036,2467
6,../model_20160519_1235536625.uvl,34,33,48615181,true,1930457,43505938,2039805,514728,258723,3865
2,../model_20150105_1168070568.uvl,17,12,28507888,true,1641699,24786238,1604832,98384,69053,4792
5,../model_20170317_1165725.uvl,50,57,54723450,true,1912386,49056115,2279723,553694,302795,4465
0,../model_20160919_825563014.uvl,11,10,21612439,true,1581700,18070656,1575455,70950,42307,2946
10,../REAL-FM-19.uvl,30,35,69103689,true,1364284,65056856,1713847,413613,226069,3763
7,../model_20221009_1635938665.uvl,42,32,43287595,true,1553185,39380698,1695301,186622,100847,2838
15,../model_20190219_265960660.uvl,178,140,102025700,true,4458825,92813907,2453136,757320,509377,2404
9,../model_20161125_1777261352.uvl,33,28,41755062,true,1898805,36052688,1901268,307739,1210664,3967
11,../model_20120531_2078087379.uvl,17,20,41029534,true,1606770,37173544,1646291,221971,123469,4127
12,../model_20170115_352040991.uvl,17,18,29893942,true,1823385,25947720,1634460,150639,58408,2420
14,../model_20140411_114609198.uvl,12,18,37417612,true,1454347,33947253,1526640,201113,69382,3153
8,../model_20150715_1425609053.uvl,12,10,36242870,true,1745138,32123176,1902703,125520,73620,3859
4,../model_20110428_1131293346.uvl,13,13,29048093,true,1707824,25214576,1714680,73258,43018,2339
6,../model_20131111_1434736548.uvl,34,34,35973370,true,1853968,31630702,1807581,188318,107264,2515
5,../model_20190922_1316746975.uvl,22,22,35561323,true,1701486,31851800,1518092,115782,65710,2365
2,../model_20160303_1645051071.uvl,17,15,54016929,true,1641477,50395657,1579963,106226,58305,2186
0,../model_20190221_1604245950.uvl,18,18,31052752,true,1728657,27344716,1502851,117477,67695,2838
10,../model_20160329_864839294.uvl,22,21,32647258,true,1715779,27390440,2883439,218067,125548,3535
15,../model_20120710_919309758.uvl,19,8,35933670,true,1646164,32193421,1661237,90220,45682,2553
3,../model_20121018_1495134161.uvl,17,15,51998518,true,1508839,48513913,1532530,92787,51518,2052
9,../model_20150304_173081072.uvl,20,27,31878789,true,1544008,28071579,1664316,169438,99153,2373
12,../model_20160907_1816738180.uvl,10,8,26695619,true,1556848,23239472,1549981,60451,34307,2365
8,../model_20160520_681202886.uvl,11,10,28543198,true,1753585,24733935,1659667,87276,46021,3071
11,../model_20130725_608010428.uvl,12,12,58213343,true,1797041,54299214,1668107,124382,76291,3477
14,../model_20130522_2044729096.uvl,31,26,39116914,true,1825008,34948036,1698518,156417,111889,3381
6,../model_20160329_1999221629.uvl,24,24,25716724,true,1434103,21986572,1694648,212540,118388,3097
1,../model_20150527_830434674.uvl,34,34,51420604,true,1807138,46746032,1948462,313075,191019,4311
5,../model_20200819_498504850.uvl,31,28,45335425,true,1693894,41246228,1796038,155959,86341,2908
4,../model_20170919_1425490791.uvl,47,42,114673540,true,2024725,109809519,1878185,347684,176928,3153
13,../model_20150521_1988107963.uvl,17,15,29484731,true,1751268,25622850,1634683,110467,55314,2981
0,../model_20120328_593032745.uvl,19,18,71893740,true,1799657,67733554,1848233,147223,58156,2456
10,../model_20230322_1028761227.uvl,18,15,27205759,true,1754682,23421999,1561904,99845,61230,3709
3,../model_20170706_1181552122.uvl,11,12,26443647,true,1658178,22424939,1793990,152426,125605,4323
7,../model_20230322_1548752135.uvl,45,32,36260458,true,1739770,31760016,1784526,426251,224287,3429
9,../model_20221125_1235088379.uvl,25,15,35204563,true,1764428,31248043,1622562,156249,68744,3180
12,../model_20110525_1619420630.uvl,45,41,39095156,true,1927347,34386933,1799356,376825,179836,3206
14,../model_20140905_372428255.uvl,13,10,35091985,true,1535558,31311299,1739764,139442,75070,3866
8,../model_20161212_1631452800.uvl,23,25,29639932,true,1838688,25356401,1698064,348238,120381,2620
11,../model_20200907_1296105910.uvl,35,21,29590310,true,1623948,25681117,1604747,195488,90160,3286
1,../model_20170321_1279222212.uvl,10,10,35579338,true,1506212,31933684,1751766,83683,49928,2389
6,../model_20121123_1014773113.uvl,16,16,39419513,true,1665581,35303372,1855902,184750,110187,4293
4,../model_20110323_789959080.uvl,15,11,38061652,true,1454424,34388225,1723403,159055,86227,4298
13,../model_20140209_1802656178.uvl,26,13,32723382,true,1691773,28734854,1770573,134567,72421,2270
0,../model_20180511_622669496.uvl,18,18,38143080,true,1772510,33910581,1863157,181363,107255,3909
2,../model_20170419_185164278.uvl,17,12,24135036,true,1772376,20317718,1621869,89742,49087,2687
7,../model_20130621_2143921379.uvl,29,32,53167287,true,1769009,48515400,1988420,350440,185885,3949
15,../model_20111220_1450733948.uvl,41,13,45393351,true,1919170,40994543,1837823,162343,74558,2244
9,../model_20141103_771283347.uvl,10,10,26787413,true,1566281,23338900,1488248,86495,47770,2776
12,../model_20101123_920943759.uvl,15,15,37201438,true,1587134,33268772,1797042,157777,90572,3585
8,../model_20131112_1165253679.uvl,27,24,32781314,true,1650651,28934424,1610919,139710,110194,3573
6,../model_20120328_1309817018.uvl,14,14,33389029,true,1459359,29883294,1688749,120682,52489,2502
14,../model_20230322_1036375763.uvl,40,27,56800388,true,1704486,52565591,1758172,319361,182184,3727
11,../model_20180306_1553572984.uvl,47,47,56891462,true,1947083,51844345,2004248,437522,237769,3444
4,../model_20151102_2085331426.uvl,51,45,44884029,true,1951355,40228168,1770737,328874,153894,4238
13,../model_20140209_576830157.uvl,27,33,42786107,true,1775773,38797387,1620016,215822,109803,2136
0,../model_20181104_43638915.uvl,10,8,22162512,true,1506848,18731195,1601720,65127,37721,2260
2,../model_20130529_167247656.uvl,16,16,39973930,true,1648808,36134493,1607590,175866,106308,3358
15,../model_20181118_1641295184.uvl,12,11,21003945,true,1366674,17540942,1692601,129055,47178,2561
7,../model_20160906_802533043.uvl,21,24,27709705,true,1621076,24007184,1569336,143732,76910,3124
9,../model_20140411_279155356.uvl,11,12,26852182,true,1447371,23292433,1657925,130228,82476,4210
3,../model_20141114_653359930.uvl,32,41,38111158,true,1626950,33973597,1734806,294424,118745,2407
8,../model_20150223_771673981.uvl,26,18,32150460,true,1589786,28474207,1593122,120761,67176,2619
10,../model_20170424_781699396.uvl,142,84,105591633,true,3456826,96696931,3369812,672289,494685,2956
14,../model_20150509_1341412445.uvl,10,9,22166392,true,1498491,18606295,1690737,71483,43810,2911
6,../model_20130122_92211527.uvl,11,14,27388889,true,1354258,24020090,1581712,129975,65608,2543
4,../model_20100730_1366577700.uvl,32,37,36531989,true,1712680,32025303,1874713,388067,176504,3556
13,../model_20140402_1108338221.uvl,10,8,32852727,true,1473907,29245366,1731757,118649,66492,4352
0,../model_20200829_1325519775.uvl,22,22,41284386,true,1716496,37110408,1800577,216268,122643,3130
1,../model_20121018_201916182.uvl,16,15,37271812,true,1699576,33307204,1703177,160984,96444,3599
2,../model_20170316_1430061931.uvl,60,253,215661570,true,2525188,206870926,2157415,2573682,1031578,2573
15,../model_20120328_794090001.uvl,22,22,23754905,true,1560503,20172331,1524438,113283,65103,2379
5,../model_20171207_711618687.uvl,13,13,66360401,true,1651032,62588016,1716223,77250,59493,2378
9,../model_20160315_697003579.uvl,27,20,43541016,true,1702453,39760338,1642080,130372,72090,2018
3,../model_20140411_1742095150.uvl,12,23,50596746,true,1606530,46585093,1657585,322709,162322,3956
8,../model_20120424_1703152596.uvl,59,45,58938988,true,2073665,54239798,1728142,250680,177502,2692
10,../model_20121219_629525870.uvl,18,24,29653406,true,1531229,25833964,1702179,206454,86083,2636
14,../model_20120822_650185552.uvl,25,23,33066228,true,1699418,29124015,1721573,158499,81983,2527
6,../model_20200901_40084439.uvl,26,26,44306496,true,1676333,39991608,1898279,249686,147534,4538
12,../model_20131113_2067550021.uvl,42,46,37236332,true,1895137,32983714,1572034,221047,123337,2155
13,../model_20170502_101132737.uvl,33,37,38364250,true,1658872,34297723,1647955,272654,157805,2301
1,../model_20130916_1894002979.uvl,16,16,41446291,true,1737401,37440988,1690273,205710,117217,4265
11,../model_20230322_1814026223.uvl,20,18,73667791,true,1608306,69864137,1683519,109329,71310,2891
2,../model_20171016_2132568250.uvl,12,4,24576217,true,1456984,21211878,1535126,63851,34709,2725
15,../model_20130604_1500555803.uvl,13,13,27779603,true,1726993,23701538,1837318,146821,76950,4015
5,../model_20141107_655975442.uvl,10,9,20668868,true,1338172,17210226,1732203,73141,44345,2655
9,../model_20141023_437365215.uvl,35,38,33754682,true,1780024,29840650,1548918,202556,113901,2345
7,../model_20140628_1177734570.uvl,29,32,52993226,true,1802155,48908396,1599535,222542,113604,3379
10,../model_20150305_94122420.uvl,31,31,27688691,true,1594117,23924745,1618510,159815,91668,2174
8,../model_20151123_702303189.uvl,40,44,36686716,false,1787797,32692340,1688200,232533,133068,2810
14,../REAL-FM-5.uvl,17,27,45748196,true,1516046,41156704,1585931,192531,1045023,2301
3,../model_20140819_1020837515.uvl,63,68,79142374,true,2281363,73889010,1867571,372363,239598,4053
12,../model_20100824_837146809.uvl,22,22,43612277,true,1594219,39448367,1906710,220688,123672,4256
1,../model_20230323_1102049462.uvl,17,17,36632911,true,1671268,32852457,1597824,167374,97635,4110
13,../model_20140428_1917957920.uvl,63,62,72231221,true,2235768,67228251,1903711,289008,220774,3002
11,../model_20140902_941000321.uvl,13,11,35394053,true,1627213,31507817,1730842,141380,80158,4052
4,../model_20130410_2115212559.uvl,11,10,34146171,true,1562446,30201280,1866483,128093,89936,4408
0,../model_20160304_168615633.uvl,29,32,34220879,true,1679681,30131916,1702977,187118,178752,2354
2,../model_20120124_94644767.uvl,12,12,35865433,true,1637369,32052122,1684898,127133,77100,7512
5,../model_20150616_74187279.uvl,17,11,40374417,true,1597482,36607464,1607031,161322,86876,3999
15,../model_20140420_1899694432.uvl,55,54,49023715,true,1922572,44415548,1793857,337919,164636,3027
9,../model_20121123_913179730.uvl,17,16,28455074,true,1315653,25298283,1487137,100871,60673,2837
10,../model_20200901_2052923297.uvl,21,21,26066943,true,1683227,22357838,1536106,109495,92151,2744
8,../model_20170312_968402737.uvl,49,33,67992472,true,1844879,63647167,1749735,253486,171940,2345
12,../model_20160913_600398973.uvl,48,38,60241634,true,2036524,55264540,1901084,442552,277716,4085
6,../model_20110124_2116036381.uvl,18,18,27322456,true,1700158,23205075,1807950,215041,127023,4344
1,../model_20171016_1973576375.uvl,11,13,58869085,true,1405528,55615882,1479747,91270,51760,2256
13,../model_20180110_870365297.uvl,10,11,35929929,true,1549780,32034080,1732105,254006,87598,2797
4,../model_20170904_444361354.uvl,46,33,52949744,true,1797149,48645760,1791368,202392,108140,2290
0,../model_20121018_1186774722.uvl,16,15,24994823,true,1683831,21102574,1667778,143114,84674,3635
2,../model_20121018_1970318852.uvl,16,15,37767238,true,1648950,33863364,1683105,176956,99506,3918
15,../model_20190510_899437477.uvl,13,11,21192969,true,1554143,17820048,1520935,74022,42385,2237
5,../model_20120111_1667229430.uvl,24,19,30666125,true,1735562,26639459,1583292,249404,126538,4341
9,../model_20160309_1721210506.uvl,14,11,21616712,true,1460557,18120208,1677588,81085,44033,3097
10,../model_20200901_1615961503.uvl,38,29,32430811,true,1777881,28249663,1736820,177844,101540,2729
8,../model_20120205_24117969.uvl,34,34,28998216,true,1687544,25124323,1607812,157639,90823,2091
7,../model_20221220_1576677705.uvl,14,10,27345349,true,1748177,23609030,1524034,113040,57339,2923
3,../model_20160106_443157632.uvl,13,13,31181633,true,1693125,27209037,1794902,124801,78164,3309
14,../model_20200517_1501498720.uvl,11,12,30016426,true,1551858,26366119,1688376,85925,50469,2391
6,../model_20121018_242475712.uvl,16,15,36885727,true,1639670,33272625,1536703,99434,78590,2359
4,../model_20160420_1926809017.uvl,12,5,20853714,true,1396157,17469664,1653444,63575,34227,2038
1,../model_20170919_1946252337.uvl,48,29,59626551,true,1958857,54557437,2005758,443492,218541,3664
13,../model_20180304_290046860.uvl,48,28,55053390,true,1765870,50328364,1862380,423698,228535,4425
0,../model_20151202_1529785580.uvl,40,40,57573721,true,1775517,53234971,1726626,283186,137261,3886
11,../model_20160330_1306243394.uvl,21,21,26088107,true,1723311,22203926,1653567,121983,72083,1881
5,../model_20150506_2068045691.uvl,20,20,29752784,true,1649544,25955997,1666094,108678,76699,2481
15,../model_20160912_1428022317.uvl,49,57,49430832,true,1662965,44769754,1851944,445029,267236,3796
10,../model_20150302_1660900120.uvl,31,34,52945979,true,1741129,48587386,1808096,337183,187584,3995
8,../model_20200128_1669015551.uvl,23,19,44845054,true,1668675,40720245,1750515,218007,123355,3405
3,../model_20111111_1026730216.uvl,37,29,31813979,true,1652647,27932748,1625045,167890,156302,3005
14,../model_20110715_945252556.uvl,32,32,49932481,true,1693414,45615475,1774139,310334,182810,3798
4,../model_20200425_1144751894.uvl,10,12,30325043,true,1402796,26934766,1614636,97839,54028,2163
6,../model_20230322_1573076538.uvl,17,16,32897853,true,1607762,29188507,1583140,144871,71067,3124
1,../model_20110704_555218409.uvl,11,11,33591104,true,1564211,29936587,1616206,123051,69802,3349
13,../model_20230322_1882971454.uvl,21,21,65015504,true,1625459,61066021,1750120,173757,101875,3309
12,../model_20101124_661702924.uvl,15,15,32497398,true,1896055,28283660,1696581,202858,107885,3859
0,../model_20150423_1415525319.uvl,27,21,36447293,true,1493577,32330486,1906700,250341,139154,4063
5,../model_20160330_387052519.uvl,21,13,30595630,true,1625467,26839419,1694169,103685,64464,2411
15,../model_20140425_366530615.uvl,11,10,36936787,true,1564166,33213910,1635942,241949,84080,3769
10,../model_20230609_1502711362.uvl,22,22,36126831,true,1697066,32094570,1744225,215011,121874,3245
9,../model_20101208_1056693380.uvl,25,25,43426979,true,1816269,39020271,1878691,246463,133428,4179
8,../model_20200403_1286696698.uvl,37,34,47549637,true,1896583,42212613,1832969,175316,1032961,2296
3,../model_20131112_1855381012.uvl,31,30,34537245,true,1659166,30678160,1698257,148287,83453,2361
6,../model_20200810_1781368898.uvl,21,20,40397721,true,1654269,36608643,1635222,114429,69091,2214
4,../model_20180511_935028612.uvl,20,23,44723718,true,1671204,40555444,1689599,357099,143475,3524
7,../model_20150310_563618715.uvl,33,40,46428793,true,1813878,42275003,1671776,212731,116636,2727
14,../model_20140306_1313194877.uvl,32,31,42080279,true,1759741,37692233,1759668,305271,181277,4168
1,../model_20230322_208918165.uvl,40,27,33221319,true,2596689,28326190,1634219,178974,137959,2470
12,../model_20151124_1131991591.uvl,34,34,81356352,true,1710661,77045636,1816672,311533,177074,4031
15,../model_20130226_1908057354.uvl,16,14,24680500,true,1660684,20887688,1551360,109237,64427,2818
5,../model_20150611_578706116.uvl,13,12,22831399,true,1425629,19330947,1709919,79318,43941,2563
10,../model_20160519_1444507509.uvl,41,42,54526489,true,2027315,50002501,1673318,307579,153590,2475
9,../model_20230323_1108197556.uvl,17,15,22626009,true,1631538,19048149,1513499,91413,50206,2191
8,../model_20110330_919429247.uvl,25,27,30216998,true,1836441,26095087,1700835,159441,88730,2852
11,../model_20230426_159926820.uvl,59,43,42773703,true,2253040,37426664,2166013,268667,161490,3091
2,../model_20130809_353548541.uvl,57,52,84709167,true,1992172,79735833,2102978,285903,141209,2786
14,../model_20190416_886742925.uvl,12,12,31487476,true,1543511,26778557,2814407,74993,44644,2594
6,../model_20200225_1125771038.uvl,43,40,63565207,true,1790120,58951265,1805276,449763,258272,4314
7,../model_20131112_1630582425.uvl,28,20,39103888,true,1762808,35258109,1516922,131945,71845,2331
1,../model_20131112_64627122.uvl,13,12,27846865,true,1553133,24237469,1651244,85801,45416,2579
12,../model_20120920_383492576.uvl,11,12,29572292,true,1391401,26418299,1403935,130848,49653,2313
13,../model_20121025_1453237615.uvl,20,20,22641095,true,1575785,19080427,1619422,101254,60650,2202
0,../model_20140914_775838300.uvl,24,24,32770378,true,1743150,28928238,1565112,123367,72873,2461
10,../model_20140328_1965511118.uvl,10,10,28199793,true,1622936,24695485,1524950,63681,41699,2451
9,../model_20180927_642324190.uvl,51,46,38398397,true,1949924,33810344,1778481,277374,168061,3484
8,../model_20130414_861625706.uvl,15,15,26548310,true,1438033,23116940,1594597,82967,48393,2979
2,../model_20200320_13307140.uvl,10,10,27206480,true,1524775,23541395,1712865,105394,56275,3380
11,../model_20100415_240595643.uvl,31,32,34060410,true,1624324,30037275,1786729,180778,95340,2967
14,../model_20110216_1027109687.uvl,12,16,33114195,true,1594982,29262620,1706125,196810,108638,3893
7,../model_20170904_998227463.uvl,42,37,47889086,true,1766632,43831875,1593728,193205,111766,2359
6,../model_20200815_433256797.uvl,39,33,44836942,true,1678899,40556771,1717439,346976,184843,3573
1,../model_20140614_436006902.uvl,25,25,39255897,true,1686787,35152064,1615776,308907,166103,3504
3,../model_20160716_1943328700.uvl,18,17,25962134,true,1667841,22222463,1631636,100538,56740,2537
12,../connector_fm.uvl,20,14,32379276,true,1416287,28817341,1676383,136343,55537,2738
4,../model_20120201_899753062.uvl,27,31,57390402,true,1679179,53306162,1651569,272629,135895,3018
13,../model_20130820_1465112187.uvl,49,49,58294904,true,1957300,53007302,2170543,433862,276653,4331
10,../model_20180512_810540422.uvl,23,23,25417494,true,1595067,21629833,1687239,125353,75241,1992
15,../model_20130916_1983257725.uvl,16,15,26858869,true,1571786,23047719,1683166,165251,95602,3552
5,../model_20120609_84195762.uvl,26,21,43693371,true,1673173,39599830,1740347,234631,135072,3815
8,../model_20201010_633615094.uvl,12,11,24770403,true,1610772,21059502,1678045,120204,69129,4114
11,../model_20190122_546529784.uvl,18,18,23693228,true,1724617,19965950,1570103,111200,81144,2733
14,../model_20170918_2076946141.uvl,16,10,25019891,true,1546299,21575984,1534658,82767,46967,2500
6,../model_20130529_1187431770.uvl,16,16,31884240,true,1531592,28359134,1565071,109546,63128,2599
7,../model_20121018_1550648286.uvl,16,15,34355874,true,1430980,31039156,1545536,87430,49802,2583
3,../model_20180222_786472237.uvl,12,7,22633091,true,1569294,19328923,1371661,65358,35178,1992
12,../model_20131122_1241273029.uvl,18,18,22322467,true,1596379,18666623,1585803,96572,54725,2442
4,../model_20131203_151571988.uvl,54,51,36982282,true,1808739,32608411,1685108,279652,189644,3170
13,../model_20140917_195564800.uvl,16,16,29562890,true,1829746,25451416,1712698,165899,96914,3464
0,../model_20140820_1349433690.uvl,22,22,29332090,true,1691120,25242890,1824287,192435,112874,4695
5,../model_20120705_77954373.uvl,22,18,26722399,true,1402950,23108024,1747865,112039,63709,2242
10,../model_20170918_1996976409.uvl,33,33,32058821,true,1779576,28010910,1646443,160607,90191,2095
15,../model_20101117_2128796258.uvl,72,69,101704060,true,2193591,95277847,2933295,475270,452799,4079
11,../model_20190917_1484600794.uvl,17,13,36048428,true,1689907,32374665,1585359,94327,49007,2137
9,../model_20131112_817529963.uvl,40,40,47258286,true,1730442,42770369,1801211,366963,210174,3417
14,../model_20140207_1303140975.uvl,12,12,24169516,true,1349024,20816946,1580731,90260,44005,2703
6,../model_20140410_1285833987.uvl,11,21,48876898,true,1409104,44911542,1761756,290808,271777,3986
2,../model_20120419_1397354511.uvl,20,20,36523938,true,1726318,31442175,2833903,132054,78553,2020
3,../model_20180729_2071913647.uvl,24,29,50380343,true,1761088,45971240,1838187,317860,173322,3840
12,../model_20190124_988857604.uvl,46,41,53278709,true,1915281,48824701,1783108,217383,119882,3023
4,../model_20130529_552715089.uvl,17,16,28063622,true,1695748,24284131,1617091,104694,58647,2155
1,../model_20120328_663906927.uvl,28,25,66466229,true,1590929,62619000,1650119,201517,88105,2352
13,../model_20190915_1211977272.uvl,22,21,41452061,true,1588788,37985677,1424800,121489,92240,2744
10,../model_20130510_203163945.uvl,18,12,35240846,true,1617930,31642848,1525196,94708,51222,2691
0,../model_20171021_192017753.uvl,17,15,24577396,true,1670062,20838643,1623373,90511,51213,2190
5,../model_20110127_1318390760.uvl,13,11,23327980,true,1680901,19560320,1691859,77177,46192,2341
15,../model_20120328_1974817485.uvl,13,8,36346435,true,1420485,32680270,1787258,132972,73323,3393
9,../model_20200128_23228584.uvl,23,23,46378798,true,1580559,42811415,1500356,145307,78724,2195
14,../model_20160308_190029672.uvl,33,32,30526574,true,1633353,26473640,1700127,194337,157070,3506
8,../model_20160229_1734203468.uvl,48,29,51167244,true,1885995,46460052,2045237,344143,121092,2318
3,../model_20140511_603377022.uvl,15,14,38179809,true,1476813,34328386,1807842,169018,104835,4079
7,../model_20140322_1340045027.uvl,10,10,33228752,true,1477905,29564124,1815968,114115,70888,3844
6,../model_20170414_1751865819.uvl,77,84,85439232,true,2376799,78911570,2258284,774158,523680,4049
12,../model_20101020_1809093990.uvl,20,20,24552694,true,1430850,20890466,1603325,204035,118190,3385
1,../model_20160227_1389842098.uvl,48,51,64520215,true,1903271,59822901,1858955,361926,145990,2218
13,../model_20200728_429027371.uvl,17,16,41804566,true,1829621,37691785,1692932,182168,109419,4268
0,../model_20130123_686198065.uvl,40,40,33161285,true,1752790,29106093,1608751,184698,112761,2155
5,../model_20160308_79396455.uvl,41,44,39451482,true,1927588,34900367,1795451,253706,172173,3279
10,../model_20150527_1979644627.uvl,72,58,60704223,true,2198870,55280937,2069949,411738,220432,2837
9,../model_20230322_1855764436.uvl,26,22,28302325,true,1470184,24000512,2105537,242554,137224,3983
15,../model_20190430_2137275351.uvl,37,35,48621172,true,1690371,44482223,1750930,182777,167170,2429
14,../model_20170618_724645944.uvl,13,14,71111965,true,1608519,67150784,1785272,176571,104748,4039
8,../model_20200128_745414394.uvl,23,19,41136283,true,1667319,36997971,1842226,189909,107429,3450
3,../model_20140430_1532303117.uvl,32,20,33975238,true,1582099,30128768,1704381,151843,84007,2355
11,../model_20120423_1625073325.uvl,32,26,45002301,true,1841730,40513253,1815408,290531,163805,4283
6,../model_20120909_341305614.uvl,32,34,40999954,true,1717979,36866204,1864668,169010,101484,2846
2,../model_20200121_827473084.uvl,17,17,35137382,true,1557636,31149229,1840668,177443,112639,4050
12,../model_20190917_512190943.uvl,45,37,38395216,true,1916539,34115084,1630561,203538,113580,2819
1,../model_20110428_553405269.uvl,37,29,43901664,true,2080424,39357367,1759713,193337,112737,1999
4,../model_20200819_710049424.uvl,28,25,30661020,true,1610531,26890395,1601400,138077,76782,2471
13,../model_20181019_994429580.uvl,10,10,35006621,true,1607779,31113683,1820509,128601,78522,4159
0,../model_20160329_1152124785.uvl,21,20,29527641,true,1691041,25743237,1597306,116714,64199,2783
10,../model_20140403_1688136935.uvl,45,42,64932946,true,1853056,60336030,1667346,400838,301081,4075
5,../model_20161207_285955518.uvl,54,46,57960437,true,1784222,53062919,2025355,477239,275712,3610
15,../model_20141106_1014782772.uvl,17,17,27676929,true,1718321,23677675,1692404,173533,104013,4736
11,../model_20130121_710180273.uvl,10,11,38786156,true,1487402,34824082,1941313,168093,94288,4324
3,../model_20180917_1978871462.uvl,50,45,92270767,true,1812788,88084890,1724658,232109,133196,3013
12,../model_20150301_300492477.uvl,33,32,38154027,true,1839056,34098977,1585929,189139,170130,2384
6,../model_20180305_1393570452.uvl,48,43,72912621,true,1850927,68389236,1778789,361225,182215,2817
2,../model_20160329_268958808.uvl,47,54,39784650,true,1994854,34947558,1907024,309060,188766,2779
1,../model_20121123_1672558767.uvl,15,17,31133059,true,1587567,27540344,1553561,131868,87352,2884
7,../model_20140819_709073537.uvl,43,44,37886417,true,2172908,33317050,1638530,212737,137668,2730
0,../model_20141205_2005181775.uvl,33,28,36662332,true,1832868,32197277,1771372,296359,169580,3904
10,../model_20110525_564104612.uvl,27,32,65181284,true,1519880,61346972,1630142,191060,171417,3138
15,../model_20140824_525404983.uvl,47,47,38596754,true,1735646,34318673,1802758,224386,127558,2338
9,../model_20101111_156018899.uvl,12,11,35099125,true,1569167,31219031,1844952,135136,79883,3279
11,../model_20121018_436901160.uvl,16,15,28084836,true,1783643,24301763,1566836,92523,52474,2716
5,../model_20141104_1527188029.uvl,140,140,140612191,true,3818535,131862385,2028143,612210,1422802,3310
8,../model_20200810_1006372985.uvl,36,36,51726153,true,1964346,46734951,2121601,345005,199815,4250
6,../model_20150208_2120373387.uvl,25,21,49527630,true,1505720,45687658,1793354,160530,92441,2916
2,../model_20150428_2048110240.uvl,11,12,37008133,true,1449634,33387948,1707432,162590,96065,4467
12,../model_20130703_1107240012.uvl,64,27,47530987,true,1680071,42569649,2101402,466524,265512,3996
1,../model_20110826_252647654.uvl,24,24,35080599,true,1554611,31116633,1933011,122320,72130,2564
7,../model_20170505_1428478521.uvl,24,26,42635094,true,1752984,38705407,1611374,153391,111994,2638
4,../model_20120513_373795895.uvl,14,13,36072298,true,1689438,32250075,1764072,81925,46852,2944
0,../model_20140801_240918546.uvl,22,13,37529895,true,1628052,33650728,1644816,188315,103722,4487
13,../model_20221101_871584152.uvl,19,28,44469238,true,1738906,40355317,1702701,243054,126375,2622
10,../model_20110622_260389190.uvl,12,10,34943636,true,1616266,31119181,1720727,129103,73988,3190
15,../model_20171204_404453510.uvl,21,22,43221181,true,1630749,38980202,1935249,248494,145790,3500
9,../model_20121102_768518520.uvl,14,14,29412615,true,1658673,25522315,1724779,133616,82920,3693
8,../model_20100712_329430908.uvl,20,20,27517469,true,1574704,23891619,1608184,107019,63693,2955
2,../model_20140422_2137156564.uvl,35,32,57622728,true,1611725,53210562,1917770,358046,190511,3712
12,../model_20121123_638033800.uvl,14,13,36144190,true,1589013,32229599,1783416,157507,87763,4079
6,../model_20120408_404695779.uvl,70,66,47288518,true,1736893,42331832,2014520,432339,288918,3782
1,../car_fm.uvl,14,12,27449957,true,1611306,23904288,1522600,87150,50965,2451
3,../REAL-FM-17.uvl,25,24,38552207,true,1726808,34627902,1684502,164973,85157,2413
14,../model_20140825_2017008690.uvl,58,59,57738648,true,1933549,52848389,2109224,270289,151715,2667
4,../model_20121123_1445508018.uvl,16,16,37942682,true,1885408,33832405,1648513,166498,97492,3499
13,../model_20120701_1498696792.uvl,11,11,30744421,true,1434344,27580351,1400308,66685,41211,2103
10,../model_20150411_1378086632.uvl,15,9,26570687,true,1619184,23069703,1478249,87738,47763,2901
15,../model_20110407_1283128166.uvl,51,52,53143754,true,2035767,48543300,1706229,249263,145392,2766
9,../model_20180512_276218752.uvl,36,38,41092577,true,1692130,37203294,1576488,193719,173030,2209
8,../model_20161118_228131771.uvl,66,79,60278777,false,2175006,55521719,1774640,396623,214843,2506
2,../model_20120314_1438691117.uvl,13,13,23828147,true,1515568,20391611,1523805,85208,49977,2426
12,../model_20100322_955726153.uvl,20,20,39473651,true,1612750,35799638,1527287,115607,99739,3053
6,../model_20130722_443972122.uvl,12,12,27819583,true,1512788,24293261,1648199,73852,42168,2363
3,../model_20190922_718247414.uvl,12,10,22866211,true,1463353,19330200,1653990,116463,63642,3606
11,../model_20140423_277886534.uvl,21,18,40925755,true,1639951,36825205,1805151,204305,112754,3706
14,../model_20140819_2062208658.uvl,26,26,39686495,true,1628993,35494851,1923209,216502,133725,3196
1,../model_20110527_1847306763.uvl,63,106,86881538,true,2340404,79821985,3268945,599113,353776,2662
4,../model_20160620_457730604.uvl,20,20,42110313,true,1406835,38364386,1729740,206745,115332,3808
7,../model_20230505_1739075744.uvl,42,45,55323013,true,1827731,51026621,1720817,216681,133869,2381
0,../model_20150212_1516383976.uvl,12,8,25288976,true,1589568,21479830,1779788,121633,48493,3577
5,../model_20200316_153170359.uvl,124,103,73489328,true,2936857,66638181,2244554,584541,314316,3221
10,../model_20110301_216655728.uvl,10,10,27662624,true,1615224,23685804,1894990,102980,66489,4278
13,../model_20171018_1720986032.uvl,130,107,75923777,true,2617581,68942163,2531386,712251,341250,3008
15,../model_20151119_424700280.uvl,10,10,34820734,true,1565624,31323044,1544451,81805,59597,3072
9,../model_20121219_1714348674.uvl,10,10,28103711,true,1418516,24837947,1508156,63969,48227,2783
8,../model_20180512_427876131.uvl,37,37,29598028,true,1555561,25066207,1592960,173957,869119,2947
14,../model_20131112_2028027455.uvl,13,11,27295625,true,1434426,23803484,1686504,78049,46440,2550
11,../model_20110116_381192414.uvl,60,61,56843272,true,2260699,51691982,1911038,299198,197604,2435
4,../model_20121019_1128529660.uvl,14,12,23893137,true,1678862,20072416,1685512,137268,58359,3044
1,../model_20150307_1251635490.uvl,35,36,37288436,true,1717365,33298135,1599932,174485,167034,2669
7,../model_20150208_1225865238.uvl,42,34,69478369,true,2089590,64742693,1838693,270000,135864,2188
5,../model_20131112_990013628.uvl,10,10,24850790,true,1685155,21099720,1652880,72088,63496,4039
10,../model_20141108_202761108.uvl,10,8,23661375,true,1409881,20539789,1396350,64833,33204,1901
0,../model_20180514_381391194.uvl,20,20,25602652,true,1387179,22129626,1614036,123723,64276,3246
13,../model_20160229_707006027.uvl,13,14,20738997,true,1611786,17176566,1480651,148402,49143,2265
15,../model_20120328_1373483522.uvl,13,14,23203896,true,1534603,19664849,1586776,92981,51377,2265
9,../model_20141108_701198022.uvl,11,11,22074472,true,1425985,18731445,1575530,69092,44244,2312
8,../model_20120717_770767926.uvl,11,10,19869893,true,1432446,16418640,1628066,71160,44050,2817
2,../model_20130916_1649901124.uvl,16,15,26826923,true,1553002,23230546,1585033,153575,49982,2233
4,../model_20110207_1623721536.uvl,27,32,44353148,false,1687424,40514982,1608408,196276,179051,2518
3,../model_20120829_28461699.uvl,11,13,33584678,true,1743033,29632634,1709590,152949,90262,3453
7,../model_20170518_711240246.uvl,36,36,54333873,true,1760659,48581154,1877304,332425,1443005,3816
5,../model_20110207_906076676.uvl,12,8,21821347,true,1674501,18182794,1527756,92364,54825,3935
10,../model_20160304_1567363129.uvl,19,23,27515929,true,1680469,23660020,1680317,157584,77312,2830
13,../model_20091210_241985787.uvl,16,16,63336631,true,1589745,59788178,1511202,86387,81811,3332
15,../model_20170518_1713871521.uvl,15,16,31244278,true,1683862,27737834,1389766,105052,59404,2195
0,../model_20170918_191476099.uvl,48,49,52603924,true,1814798,47778946,1868041,371244,316725,3574
9,../model_20221015_510481451.uvl,12,14,23261895,true,1866356,19428262,1560002,86158,51408,1997
8,../model_20160911_493856736.uvl,45,29,39845139,true,2051599,35492708,1568277,238707,182650,3228
2,../model_20160329_304357596.uvl,23,15,67991322,true,1755457,64245751,1534955,110567,62779,2724
4,../model_20170313_788976149.uvl,12,9,31643513,true,1609412,28244940,1399802,69147,39097,2126
3,../model_20140109_637429284.uvl,11,9,28453899,true,1567947,25110211,1456635,66281,36001,2121
14,../model_20120110_1256867454.uvl,10,10,24442488,true,1612534,20076684,1620681,841675,46319,2286
5,../model_20121015_1348696629.uvl,10,8,21501266,true,1393892,18166809,1557781,72868,42177,2725
10,../model_20200513_1559879338.uvl,11,11,20302328,true,1370773,17067932,1520988,72944,50395,2937
11,../model_20110605_1465859222.uvl,17,17,37140920,true,1495411,33144526,1934693,171701,98892,3680
7,../model_20160913_2142740300.uvl,48,48,58698389,true,1654955,54284431,1806324,355321,191673,2477
1,../model_20170720_160368734.uvl,14,14,37186734,true,1478223,33153480,2052618,155162,90083,4133
6,../model_20140508_536536644.uvl,36,34,37457313,true,2003031,32676740,2049245,220239,115414,3148
12,../model_20110823_1386366267.uvl,15,14,35929745,true,1557426,31966127,1813303,177897,103080,4007
15,../model_20131112_1399418967.uvl,35,28,31805082,true,1771075,27059332,1664835,186316,774301,4168
13,../model_20160329_1144142418.uvl,54,33,35300517,true,1957988,30456939,1845008,396354,161483,3846
0,../model_20110406_656545830.uvl,17,17,37145591,true,1690947,33449498,1551001,91668,53801,2581
8,../model_20120423_1196408273.uvl,16,11,33288800,true,1415199,29694092,1709452,137093,80711,3521
2,../model_20200909_844580970.uvl,17,9,26135061,true,1658870,22304635,1672189,136028,60049,3933
4,../model_20170517_1276361560.uvl,10,10,29275486,true,1484911,25812684,1598339,80388,44807,2615
14,../model_20180222_1790291836.uvl,22,19,34872494,true,1874842,30916512,1570053,112843,71763,2405
5,../model_20110130_639381749.uvl,12,12,35220158,true,1803885,31062071,1902353,139834,82284,3902
11,../model_20090801_1908323193.uvl,13,13,33695296,true,1549760,30161598,1621364,76295,46681,2176
12,../model_20120701_899073101.uvl,11,11,23364184,true,1822640,19684649,1516060,66007,44321,2695
6,../model_20140423_1716161596.uvl,42,25,36742350,true,1818607,32774380,1568576,176555,92687,2908
7,../model_20150304_617127008.uvl,56,66,46193356,true,2059359,41290273,1797245,353393,234624,2529
15,../model_20160926_2009081259.uvl,54,54,42406622,true,2092134,37679751,1762287,242652,175434,2720
0,../model_20130125_189285641.uvl,18,19,23613613,true,1551584,20016558,1553529,136151,68294,3288
13,../model_20100326_770562654.uvl,27,19,58241859,true,1523620,54596441,1628719,141215,74118,2929
8,../model_20140324_1142291623.uvl,11,11,20413761,true,1509207,17064061,1466654,66952,39399,2902
9,../model_20221018_544175819.uvl,29,29,47447823,true,1731542,43139370,1774506,274308,167176,4017
2,../model_20170505_1995894898.uvl,32,27,37505597,true,1431339,33963457,1520481,174900,180605,2713
14,../model_20091206_1647557456.uvl,10,10,22036279,true,1524831,18679594,1479778,66248,41834,2577
4,../model_20140514_1151327844.uvl,43,36,68790638,true,1927592,63761374,1887833,496921,258294,4371
5,../model_20141102_1778359466.uvl,23,22,36059339,true,1517107,32040769,1844434,219909,132429,4443
3,../model_20190513_554652357.uvl,10,10,26569217,true,1742091,22927788,1529110,67594,42455,2373
11,../model_20130916_1001858303.uvl,15,17,39381210,true,1686622,35407918,1690849,188143,109156,4026
12,../model_20131122_1877947099.uvl,15,13,38571175,true,1532536,34791139,1782424,173185,97833,3949
7,../model_20141129_2117240468.uvl,12,14,39302281,true,1520221,35495991,1740455,165375,100474,4100
15,../model_20160329_2023954051.uvl,24,20,43693630,true,1677787,39557071,1821515,197645,108700,3603
6,../model_20120113_1803352101.uvl,43,27,60908571,true,1902542,56565314,1724767,198226,108112,2628
0,../model_20171020_786614820.uvl,12,10,24292055,true,1479261,20863413,1594609,72988,40618,1912
1,../model_20160329_578011837.uvl,23,18,36820785,true,1722894,32880826,1740251,127470,71928,2660
10,../model_20190917_490456110.uvl,39,23,65967448,true,3048106,60557659,1666680,236009,154581,4591
8,../model_20150523_1701783178.uvl,23,23,35326131,true,1737607,30999230,1904136,223877,135917,4274
2,../model_20120829_881090911.uvl,10,10,35410621,true,1660573,31710227,1586552,119164,73138,3904
14,../model_20131122_641443746.uvl,14,14,33482741,true,1628938,30020624,1457414,81756,48804,2645
5,../model_20140326_1693773444.uvl,13,14,27545662,true,1731624,23532668,1689222,190224,109118,3990
4,../model_20190223_2023041805.uvl,19,22,53997142,true,1538537,48762582,2915914,334216,167156,4290
3,../model_20120528_1294065815.uvl,13,12,31712943,true,1651454,28252825,1456924,76025,42132,1991
11,../model_20130529_1911302663.uvl,16,16,29835939,true,1676886,25968104,1596118,185960,106287,3749
15,../model_20121017_2007593800.uvl,10,8,19839312,true,1403606,16586184,1572449,61876,35230,2906
0,../model_20150226_64791123.uvl,26,28,30107111,true,1575222,26240812,1743204,159649,101809,2525
12,../model_20141018_2078980023.uvl,87,86,54603497,true,1940378,49387197,1878015,605339,228115,2910
8,../model_20230323_58681865.uvl,17,15,39876872,true,1560825,35834075,1891250,178771,101895,4347
13,../model_20200810_903664942.uvl,25,27,43181836,true,1680327,39398423,1652233,140874,81992,2523
6,../model_20170405_957299568.uvl,142,211,182259126,true,4576758,173068254,2140149,1211380,693733,2520
2,../model_20180512_893377341.uvl,24,22,46515141,true,1672148,42388377,1671501,268836,155222,4034
4,../model_20120412_1314362396.uvl,12,11,28182997,true,1707621,23170757,2899704,73617,39826,1870
11,../model_20131122_224574976.uvl,11,11,34738192,true,1289195,31462935,1555539,125566,75494,3876
3,../model_20150701_451946642.uvl,22,14,36362220,true,1780059,32410938,1658268,126920,68520,3615
15,../model_20091225_1547989376.uvl,29,30,35678833,true,1731488,31700826,1636779,161564,90681,2758
12,../model_20230313_612090761.uvl,13,15,40487911,true,1718680,36465403,1725598,195747,110698,3933
7,../model_20170704_1299892151.uvl,11,11,20793630,true,1653759,17341680,1439458,66177,39589,2432
8,../model_20091210_993249741.uvl,29,25,46362945,true,1775966,42428735,1567351,146229,79750,2895
6,../model_20190223_1275185141.uvl,10,7,19917948,true,1567415,16396886,1582256,66572,38009,2141
10,../model_20140306_1994550432.uvl,12,9,30096741,true,1610269,26427030,1624565,82095,53583,2946
13,../model_20140305_850513381.uvl,63,103,82334989,true,2447378,75263135,2310272,1111863,664746,4094
1,../model_20100829_787258873.uvl,57,48,42932110,true,2156766,38111302,1812489,250449,135551,2672
2,../model_20171029_714150136.uvl,10,10,32607356,true,1574561,29109313,1476414,101622,67535,4340
4,../model_20140614_1989695192.uvl,29,35,57609898,true,1669444,53210357,1801870,408082,229801,4168
3,../model_20141006_1946000492.uvl,14,10,24060308,true,1669262,20494157,1495166,78489,43974,2352
9,../model_20121106_1816491064.uvl,23,20,33576743,true,1604776,29570907,1940893,120485,72187,2534
5,../model_20130916_552778902.uvl,16,17,28240570,true,1563567,24370076,1723957,166926,92746,4683
15,../model_20140614_81946339.uvl,22,24,46263014,true,1603182,41974240,1888941,249155,245878,3700
14,../model_20200907_1598312227.uvl,130,130,75354490,true,3815421,67690237,1979984,643258,395875,3084
7,../model_20110926_400852996.uvl,36,36,36282725,true,1844401,31908711,1860682,181252,104638,2225
8,../model_20200815_41086763.uvl,31,28,33383683,true,1807793,29090294,1759176,289401,157175,3808
0,../model_20180512_409172439.uvl,37,37,29273677,true,1577602,25362140,1709320,204816,170492,2161
10,../model_20111027_1380540076.uvl,10,10,34184897,true,1629623,30602333,1589769,65333,40883,2814
1,../model_20121123_1692800929.uvl,16,16,38246228,true,1706964,34373014,1562418,191685,109849,3808
13,../model_20170916_132089042.uvl,48,60,78503933,true,2033300,73525794,1917437,391063,227596,2862
2,../model_20120828_1516795545.uvl,13,13,26897181,true,1643937,23036755,1808989,79884,50534,2375
3,../model_20200212_1763855182.uvl,12,12,34369417,true,1608247,30565615,1681628,141337,85244,4868
9,../model_20160813_60083737.uvl,10,10,20705981,true,1419532,17390591,1558118,65890,58083,3407
5,../model_20141113_1414990983.uvl,46,46,35738286,true,1819805,31338691,1787237,222517,131676,2280
15,../model_20120728_275737618.uvl,14,14,37642726,true,1554076,33866250,1701518,159090,91837,3501
11,../model_20190304_818967793.uvl,29,28,48878734,true,1639970,44747133,1741122,291010,167336,3507
7,../model_20140401_1527258088.uvl,13,20,56161589,true,1624157,52368739,1618588,143327,79459,2725
8,../model_20130807_1787614695.uvl,13,13,23137843,true,1578734,19277488,1854262,125961,58340,4124
0,../model_20130821_470005647.uvl,43,43,67250135,true,1793410,62883560,1765885,206238,180452,2424
10,../model_20160512_1688304541.uvl,31,25,30436669,true,1651685,26473338,1772373,141485,78601,2065
12,../model_20141129_6569546.uvl,25,21,44654308,true,1577505,40648568,1707603,253094,142877,3640
1,../model_20110925_62365838.uvl,23,23,43697760,true,1703911,39523508,1728819,229500,144345,3491
6,../model_20120510_220834497.uvl,53,44,53966938,true,2085076,49013715,1913560,272132,225006,3863
2,../model_20230322_413432441.uvl,22,21,34266512,true,1460603,30429877,1729038,209734,124873,4298
9,../model_20171016_777651910.uvl,27,26,33863002,true,1956531,29327833,1860332,221054,138413,3635
3,../model_20170702_979744088.uvl,21,21,35212900,true,1634109,31102850,1847126,193552,115341,3849
5,../model_20180705_2136123533.uvl,10,10,22598330,true,1717992,19038699,1497427,65996,50051,3725
4,../model_20180122_1429516018.uvl,40,18,51691440,true,1712997,47306643,1837729,355144,179691,4336
15,../model_20150611_1748318240.uvl,14,11,29006659,true,1688524,25352156,1575551,79094,43373,2946
7,../model_20140305_1745306436.uvl,20,12,41443345,true,1582234,37561069,1739337,194423,108560,3684
0,../model_20180409_394573881.uvl,10,10,33427432,true,1590259,29732143,1666036,113943,66180,3893
14,../model_20230323_867226898.uvl,16,13,21765043,true,1515204,18445084,1429519,86405,47972,2254
12,../model_20100325_298677687.uvl,10,9,21193749,true,1551302,17773733,1514356,71085,56097,2969
10,../model_20101115_2000504462.uvl,72,65,45210537,true,1716024,40826171,1732763,344246,222380,3089
2,../model_20141119_1676144838.uvl,14,14,37044172,true,1669862,33071144,1789484,143030,91119,4011
3,../model_20130808_465499656.uvl,22,14,27559991,true,1749483,23736689,1659930,104789,57175,2976
9,../model_20130627_888588099.uvl,17,16,48417831,true,1423097,45187075,1413324,91849,53248,2559
13,../model_20111201_372659565.uvl,61,38,40133308,true,1958456,35579639,1735264,245987,136517,2223
4,../model_20171012_432118074.uvl,28,28,30575876,true,1716792,26784922,1562607,139204,80093,2670
15,../model_20160225_419189676.uvl,47,52,44507401,true,1849033,40114737,1726650,259061,145979,2774
7,../model_20100216_713947806.uvl,12,12,24119441,true,1708088,20379849,1627062,79203,51002,2181
5,../model_20160330_888130075.uvl,73,73,81691100,true,2265074,75887575,2074580,627688,444783,3548
0,../model_20150228_41303449.uvl,33,33,34377471,true,1968815,30154192,1671900,180294,104189,2802
11,../model_20170410_971411480.uvl,11,6,32505024,true,1530949,28954846,1610207,111585,62835,3818
8,../model_20200120_1111265554.uvl,10,8,31897105,true,1517555,28286459,1698925,113436,62053,3345
2,../model_20141018_811394530.uvl,23,22,26446582,true,1628614,22557422,1680026,185515,68860,2293
1,../model_20140819_940483638.uvl,11,11,25244289,true,1770218,21315931,1744005,109828,73623,2923
3,../model_20150222_2069201003.uvl,13,13,20627351,true,1527298,17119330,1573351,80444,81462,3406
9,../model_20160504_814917052.uvl,26,20,27344038,true,1637540,23713709,1538557,126473,69036,2478
13,../model_20120905_104354355.uvl,13,13,22037356,true,1438567,18506421,1727281,79387,51200,2171
6,../model_20190922_499979669.uvl,25,29,31414280,true,1935908,27284886,1618196,154628,87122,2309
4,../model_20160428_283258262.uvl,40,37,35459557,true,1676527,31391715,1710259,194641,111373,2631
15,../model_20121123_1047250318.uvl,16,17,33532370,true,1592393,29973490,1551584,106827,63538,2243
7,../REAL-FM-8.uvl,17,17,24729043,true,1710669,20981593,1573139,102912,60683,1978
11,../model_20180611_848416665.uvl,10,13,32264569,true,1490067,28584550,1628708,274087,94134,4053
8,../model_20150309_1544990511.uvl,39,42,41435387,true,1887137,36964174,1611687,248988,121462,2942
2,../model_20171213_638254090.uvl,11,10,43719725,true,1377824,40304828,1686575,81035,40598,2423
14,../model_20141023_1082000051.uvl,37,49,74122806,true,1846126,68996916,2005281,608806,306283,4197
12,../model_20141017_1234330746.uvl,38,48,51486699,true,1785242,47346021,1717070,261783,138688,2107
3,../model_20140209_1382642350.uvl,41,29,56172226,true,1729301,52147136,1664357,258106,110207,2926
10,../model_20161213_651973816.uvl,21,25,45681847,true,1477444,42038671,1667928,155998,85602,2083
1,../model_20131129_1795005487.uvl,10,10,24093830,true,1664062,20259022,1745872,84548,48031,2440
4,../model_20160503_1174916821.uvl,42,44,95974609,true,1875405,90890530,2136864,422601,229485,4164
15,../model_20190326_164569423.uvl,10,10,26268844,true,1478902,22729434,1650782,110519,67551,4008
7,../model_20150416_264061404.uvl,47,24,49276891,true,1919044,44781996,1825118,187329,102620,2073
5,../model_20130916_302923469.uvl,16,17,27998281,true,1662043,24182521,1714170,104530,57632,2795
0,../model_20151201_896154285.uvl,24,21,27063486,true,1391833,23354044,1753432,208140,85351,3089
2,../model_20190526_2060834946.uvl,12,9,36953570,true,1629960,33093587,1734012,144929,83725,4061
11,../model_20180306_832754487.uvl,49,53,60018711,true,2078958,55039882,1814301,425714,209867,3260
12,../model_20160913_245590430.uvl,38,38,50253860,true,3151390,44572658,1606647,360796,162670,2275
3,../model_20120110_1094246588.uvl,10,10,23696123,true,1470435,19666383,1567854,691197,45752,2269
8,../model_20190917_729866659.uvl,83,56,106252514,true,2126329,99960655,2536128,660919,353604,4367
10,../model_20130812_1882708509.uvl,41,51,63960105,true,1762491,59729846,1726298,259761,141241,2993
1,../model_20230616_862941800.uvl,30,26,30264128,true,1689874,26361012,1609487,151655,85909,2991
9,../model_20170402_765751837.uvl,329,359,276819275,true,10783443,254002630,3880850,4083320,2329985,4939
4,../model_20130725_1746580783.uvl,16,17,27398966,true,1556368,23628152,1774353,99787,58599,2573
6,../model_20140826_2051139991.uvl,31,31,30906098,true,1611042,27174076,1594399,151774,89070,2475
15,../model_20120201_1444061231.uvl,38,37,46090869,true,2088008,41589090,1634436,252619,135974,2943
13,../model_20130302_379367837.uvl,10,11,35330298,true,1578238,31268207,1978884,131090,80220,4138
5,../model_20230323_425392427.uvl,33,29,37777659,true,2736079,32625887,1778575,164154,92748,2399
0,../model_20140824_1698583194.uvl,66,66,59016733,true,2125011,54009869,1763910,299399,295154,2545
11,../model_20180729_778045288.uvl,31,34,49626955,true,1844489,45129935,1763008,330550,190811,4146
3,../model_20190616_1868431112.uvl,40,31,53505674,true,1782712,48893735,1880879,347964,193940,3866
12,../model_20180307_2144246090.uvl,49,39,72724885,true,1834883,67752526,1907772,528142,265405,3566
8,../model_20120328_1412454948.uvl,36,34,35619002,true,2003095,31338719,1651715,174537,97143,58795
10,../model_20140710_2059561340.uvl,33,25,50025614,true,1915554,45711332,1754501,177050,94659,2973
14,../model_20150621_1174641946.uvl,36,32,56327879,true,2023963,51538108,1891209,377581,205570,4943
4,../model_20130309_1354780318.uvl,11,9,35604027,true,1557615,31667329,1829282,130194,70930,4291
6,../model_20190411_1457420991.uvl,18,27,81106291,true,1555392,76962965,1758926,344272,261571,3955
13,../model_20230323_642188361.uvl,23,22,27305639,true,1685374,23339313,1703433,189437,70452,2301
7,../model_20140403_1254324003.uvl,28,27,33018352,true,1727310,29138248,1588304,142587,81666,2031
11,../model_20141129_264528063.uvl,13,14,26123577,true,1829654,22386800,1492392,86208,53850,2538
0,../model_20221109_1435495840.uvl,14,15,40915917,true,1599343,37002615,1685977,204914,119225,4305
8,../model_20131112_330151541.uvl,21,16,25328501,true,1596133,21630358,1636076,104769,58520,2430
3,../model_20130418_1960440366.uvl,29,32,31729951,true,1550032,27941110,1586702,174925,152742,2068
12,../model_20140508_530056624.uvl,36,49,48049537,true,1818520,43193455,1856797,482680,304839,3902
10,../model_20130219_1778040846.uvl,40,38,58470721,true,1824543,53858739,1816409,378318,205116,4018
14,../model_20131124_646639708.uvl,16,17,36240705,true,1602835,32554448,1680548,101758,61147,2546
2,../smart_home_fm.uvl,59,62,49797920,true,2309016,44617569,1882284,291730,215421,2792
4,../model_20131206_684654596.uvl,12,12,36493644,true,1563198,32824252,1585825,159707,95780,3821
1,../model_20110915_1159959623.uvl,10,8,22079991,true,1709489,18083721,1817288,122941,70846,4152
9,../model_20141103_285596543.uvl,25,27,34458660,true,1761335,30321515,1782581,194864,94895,2657
13,../model_20150309_1129343473.uvl,33,38,55824481,true,1838117,51250689,1809529,383596,224837,3521
6,../model_20110601_1103941862.uvl,12,12,36750416,true,1530649,32940384,1742596,177703,91374,3657
7,../model_20110919_127780100.uvl,37,27,42531659,true,1525241,38143776,1953579,366400,197535,3622
0,../model_20200621_929471783.uvl,11,11,30119528,true,1728009,26355647,1607888,88022,53374,2313
8,../model_20190920_579117949.uvl,13,17,41068237,true,1788917,36978403,1657814,220883,121810,4033
5,../model_20170219_358603289.uvl,62,62,44334377,true,2206412,39625248,1660141,284262,199442,2923
3,../model_20200901_164722413.uvl,11,10,27629269,true,1529452,24089434,1572572,123841,73094,3173
12,../model_20170926_289427240.uvl,11,8,34318819,true,1500764,30629139,1726016,121466,69254,3474
14,../model_20190513_110684557.uvl,10,10,23346341,true,1327314,20147746,1527793,79660,46598,2041
1,../model_20190917_659690280.uvl,12,12,21842220,true,1306976,18487254,1628524,107343,66763,3214
4,../model_20170504_370000031.uvl,36,37,41569990,true,1784163,37517379,1561442,211840,111703,2092
9,../model_20180222_524224426.uvl,26,14,30320004,true,1592049,26671366,1578086,118215,64344,2379
13,../model_20120722_2065280700.uvl,13,9,21339840,true,1600746,17791502,1561993,78868,46293,2016
6,../model_20141129_1168519534.uvl,12,12,30306534,true,1536279,26811974,1545273,95688,52460,2952
15,../REAL-FM-4.uvl,290,310,222408858,true,9416324,203681352,3635391,2840359,1716643,4069
7,../model_20130916_156611854.uvl,17,15,39001106,true,1662385,35062376,1715882,169475,98262,3463
8,../model_20130916_667715515.uvl,16,16,31141216,true,1492605,27534909,1606475,157369,91065,2886
14,../model_20140326_183546394.uvl,11,11,25410439,true,1629085,21685947,1626142,126647,73420,3327
11,../model_20140427_1594857347.uvl,19,21,39133370,true,1842745,35334512,1429920,138370,80278,2161
1,../model_20170311_1316290182.uvl,48,48,59071900,true,2029143,54277734,1777020,394210,265205,3498
9,../model_20130116_1542765516.uvl,10,9,26746929,true,1424626,23356167,1573965,102140,67652,3577
13,../model_20171005_661289758.uvl,10,10,28693208,true,1521225,24950607,1786451,105250,64325,3466
6,../model_20230322_928718925.uvl,20,16,30446800,true,1697660,26937997,1396262,101428,57822,3290
2,../model_20160225_2040495200.uvl,50,29,42233076,true,2014478,37717887,1797712,234486,152360,2826
7,../model_20131112_356575914.uvl,20,15,25071994,true,1659730,21298959,1649089,104546,57527,3280
15,../model_20190922_267709941.uvl,35,35,37371165,true,1738214,33117649,1838685,176973,99987,2130
8,../model_20161122_1255346120.uvl,15,10,23363749,true,1520763,19908836,1559944,89856,50122,3021
14,../model_20160504_18344306.uvl,13,14,23032632,true,1502909,19700385,1419462,98205,59184,3036
11,../model_20110310_1849309646.uvl,23,20,27380383,true,1597066,22748557,2556645,122095,74546,2975
0,../model_20190108_414883666.uvl,17,17,35487273,true,1635570,31619838,1764348,108879,68305,2680
5,../model_20140530_1262796172.uvl,10,9,25242782,true,1508775,21766967,1624144,62910,36213,2727
9,../model_20110823_553386338.uvl,21,21,23607252,true,1402182,20111046,1582548,137242,64192,2397
12,../fame_dbms_fm.uvl,21,16,44809693,true,1691813,40659815,1869784,202321,112865,4049
3,../model_20161124_135805624.uvl,37,37,76792081,true,1775681,72592342,1761293,175057,100092,2618
13,../model_20130311_1184229274.uvl,11,11,27434594,true,1535641,24007134,1525064,70778,43841,2138
1,../model_20180304_1150769979.uvl,48,38,73835627,true,1965144,69120378,1835127,271409,174104,2628
2,../model_20190916_779041735.uvl,41,23,46775953,true,1976433,42381814,1746676,175116,94746,2596
10,../model_20150419_1225785874.uvl,11,9,20976575,true,1586185,17410238,1642514,66298,38496,2260
4,../model_20150427_2103265175.uvl,56,54,44356395,true,1768099,38832127,2038484,280458,1080508,2752
15,../model_20170703_1893075315.uvl,20,16,38350712,true,1773864,34434819,1645927,113369,70651,2680
7,../model_20161123_1530983999.uvl,36,36,43130096,true,1618563,39178586,1713214,172650,94787,2203
8,../model_20190510_1232864614.uvl,12,9,73927600,true,1451414,70374550,1772731,70413,38738,2460
14,../model_20200816_33425673.uvl,39,33,55739692,true,1657047,51440097,1736548,356881,194832,4006
11,../model_20181016_583005690.uvl,32,34,32663380,true,1746837,28676254,1545691,262849,143081,2147
5,../model_20201002_1982652571.uvl,15,15,24575386,true,1693228,20775595,1685948,86361,53287,2747
12,../model_20170919_414938854.uvl,47,35,32625494,true,1797007,28490571,1708995,207350,113263,2278
2,../model_20190916_1777637747.uvl,10,10,33461402,true,1579343,29881217,1568796,113391,74439,4981
10,../model_20190913_1052617154.uvl,21,21,46796648,true,1757414,43141972,1469960,107963,59614,2335
7,../model_20140905_2124104947.uvl,10,9,19525191,true,1562089,16390142,1293033,63352,35321,2017
6,../model_20180611_1140870617.uvl,10,13,35777441,true,1440171,32149410,1620809,286043,97669,3984
15,../model_20101109_1698100628.uvl,15,15,21617880,true,1477669,18257874,1484491,125514,49342,2182
4,../model_20150425_1862491910.uvl,80,77,52479213,true,2436206,45881547,2714345,517918,356211,3839
8,../model_20221017_1844403757.uvl,10,10,18022281,true,1347004,14947529,1402362,62290,38169,2324
14,../model_20141129_1031364.uvl,12,14,21789144,true,1527291,18467313,1382578,97316,54231,2189
11,../model_20100321_1548012375.uvl,18,18,24042269,true,1548269,20601093,1485566,94722,56554,2000
5,../model_20170821_2117231347.uvl,28,42,48133331,true,1698722,44230795,1497065,311984,161691,2277
12,../model_20160519_1846923063.uvl,39,50,80901913,true,1755121,76448722,1780718,410861,179157,2809
0,../model_20160229_490224198.uvl,49,39,39466813,true,2036183,34557923,2033712,258840,138486,2808
2,../model_20190514_850677966.uvl,25,29,38226226,true,1455317,34529031,1732267,168539,113823,3138
9,../model_20101024_1938793748.uvl,29,32,33697345,true,2059286,29426976,1596421,165668,96172,2717
1,../model_20140503_2024413965.uvl,16,14,38804677,true,1587060,34857132,1853913,169324,93020,3980
10,../model_20140209_738203734.uvl,51,55,52622450,true,1965499,48183063,1644754,363634,188400,3011
13,../model_20221031_340330235.uvl,35,35,50398917,true,2169903,45524058,1886611,315090,187337,3901
4,../model_20160606_235281629.uvl,13,13,34948522,true,1625556,31101337,1774287,137354,79762,3934
6,../model_20180214_1066016479.uvl,96,79,115701623,true,2858201,109968272,1668791,503791,325002,2808
8,../model_20170316_1293936491.uvl,48,53,44091509,true,1991276,39520203,1536350,354480,245638,2609
14,../model_20160304_165509543.uvl,43,42,49863738,true,1758125,45571854,1581758,422787,224277,3994
11,../model_20110712_1373520081.uvl,66,61,53796961,true,2077121,47722494,2057593,313275,175756,2045
3,../model_20100213_206550190.uvl,38,33,49144537,true,1865582,43999969,1973037,216752,812680,2211
15,../model_20140423_1890396897.uvl,36,31,55558919,true,1746992,51201772,1787518,358994,191544,3913
7,../model_20131202_1775789712.uvl,50,50,40120630,true,1826104,35830412,1793981,235954,139414,2434
5,../model_20130731_2029107317.uvl,76,68,44840052,true,2221417,39370952,1861376,305602,169915,2488
