index,filename,n_features,n_constraints,execution_time,result,clif_gen_time,clif_ast_time,bridge_solve_time,code_gen_time,generic_csp_model_time,concrete_csp_model_time
14,../model_20110826_819334011.uvl,24,24,24054072,true,1586208,20449000,1527025,129609,78154,4216
0,../REAL-FM-15.uvl,25,21,27261816,true,2146988,23021611,1595972,141075,77959,2391
5,../model_20150414_2125272166.uvl,21,24,26701189,true,1536283,22998486,1639047,150482,85584,2862
6,../model_20180513_39795521.uvl,22,22,24757133,true,1493792,21250375,1506623,108304,64466,2049
15,../model_20121214_211817376.uvl,14,14,27045892,true,1637040,23501128,1431998,143611,64227,3668
8,../model_20160921_24535453.uvl,29,28,29613978,true,2835021,24395637,1588945,266812,155409,4277
9,../model_20180612_712325117.uvl,15,15,23685224,true,1484975,20324614,1373550,155778,50617,2401
7,../model_20091109_376438407.uvl,22,21,45739237,true,1726144,41621051,1716075,222063,127006,4535
2,../model_20131112_1592384504.uvl,32,32,45317179,true,1734368,41043073,1729485,267479,162321,4052
12,../model_20140428_1043688075.uvl,56,55,47663796,true,1939183,42845443,1682120,263951,142011,2394
14,../model_20100308_1355834007.uvl,20,18,25112758,true,1475136,21638833,1561676,115522,61273,2602
0,../model_20160919_1142576711.uvl,20,20,63592948,true,1389938,59929324,1753467,196151,117310,4329
15,../model_20150527_2051574410.uvl,28,21,45998000,true,1757911,41757073,1818422,237736,134571,3713
2,../model_20141129_1141626102.uvl,12,12,33617317,true,1510679,29964381,1686887,117194,67067,3961
9,../model_20160527_1098137653.uvl,20,20,35356816,true,1715071,31268806,1776721,162987,115374,3857
7,../model_20100106_985255768.uvl,20,11,41651486,true,1653252,37869650,1545297,179966,93031,4101
12,../model_20200403_1474941211.uvl,14,12,36129403,true,1497873,32462462,1691868,147197,82464,3983
6,../model_20110826_1574631601.uvl,52,56,47857677,true,1513749,43050429,2063080,528672,284446,4107
3,../model_20180913_1045465294.uvl,10,6,32441273,true,1463926,29188887,1479390,58931,31714,2252
11,../model_20230322_492815120.uvl,41,32,46155409,true,1816851,41666042,1797198,360190,204326,3798
1,../model_20131112_832913408.uvl,17,17,39412416,true,1671117,35891524,1402619,92263,52321,3029
4,../model_20140503_110898123.uvl,16,16,41566989,true,1730701,37511097,1700067,202057,113337,4059
13,../model_20140421_782765396.uvl,19,19,42920001,true,1625045,38934628,1713416,199842,113746,4128
14,../model_20181024_611767532.uvl,13,14,37947515,true,1397300,34431270,1588223,185060,104997,3410
15,../model_20121018_880874071.uvl,16,15,26288367,true,1630799,22733282,1502776,90112,49211,2274
0,../model_20140423_969548559.uvl,49,48,47043109,true,1929731,42442608,1833068,246286,147824,2604
9,../model_20150621_2090653675.uvl,20,18,26023257,true,1705452,22241938,1618821,104636,60387,2267
12,../model_20170926_1539445221.uvl,14,12,24217274,true,1451822,20821796,1547490,90924,53542,3292
2,../model_20150120_214372699.uvl,40,39,37497618,true,1575246,33577841,1671492,184712,107090,2315
6,../model_20190917_595353381.uvl,13,12,22828443,true,1411097,19160028,1794121,139453,77912,4121
7,../model_20221208_1116778716.uvl,22,15,43522910,true,1635358,39472933,1753324,202152,114622,4109
8,../cfdp_library_fm.uvl,13,18,40820037,true,1529250,36872118,1810966,207357,121484,3245
5,../model_20170320_1505333083.uvl,47,25,40270123,true,1777428,35861840,1883550,247974,99867,2801
13,../model_20121018_1578042435.uvl,17,15,25580783,true,1646987,21783213,1611331,139482,51928,2272
4,../model_20110926_608554224.uvl,30,32,33992862,true,1755091,29960490,1653247,167386,93652,2684
10,../model_20160905_774306083.uvl,14,14,22535796,true,1532300,18293693,1687147,79487,46967,2427
14,../model_20170809_1734454576.uvl,15,14,38528935,true,1495191,34766844,1757861,165234,89687,4290
0,../model_20190915_1647283170.uvl,10,10,22529886,true,1575091,18986036,1596219,67175,39600,2213
1,../model_20130908_1070185514.uvl,366,528,363875834,true,11685321,340864247,3591716,3809888,2078486,5204
9,../model_20131202_1494824194.uvl,34,34,29037496,true,1712909,25108443,1584768,183728,148144,3104
7,../model_20180512_316263333.uvl,41,36,48510335,true,1898355,43881825,1822108,369334,200218,3801
8,../model_20120229_1103715736.uvl,14,13,37293815,true,2357456,32734463,1720418,149680,83622,3990
13,../model_20170706_1588900401.uvl,30,26,46198338,true,1744316,41971377,1876220,158816,92667,2331
5,../model_20140227_661956564.uvl,47,43,48530011,true,1908644,43978498,1769197,329707,125315,3424
2,../model_20101112_864228137.uvl,137,138,100592121,true,3604537,92093686,2238774,1075782,725733,4148
10,../model_20120515_1862354569.uvl,15,15,32289327,true,1527910,28838462,1533350,92483,54259,1989
3,../model_20180514_1722608288.uvl,27,27,36484329,true,1908212,32398957,1590524,136278,152371,2540
4,../model_20221013_1054303307.uvl,66,56,66825020,true,1821662,61604021,2047640,575763,330184,4099
14,../model_20140410_1905141388.uvl,11,20,26871536,true,1467188,23293182,1608335,155859,84283,2813
0,../model_20150505_1728564449.uvl,13,12,37832167,true,1623808,33857249,1862273,148128,87438,4562
1,../model_20141212_523199394.uvl,15,13,22851207,true,1409986,19396792,1652293,84011,47945,1923
7,../model_20140630_1564361664.uvl,10,5,26175903,true,1457318,22733888,1608076,101041,56628,3762
15,../model_20130529_51708559.uvl,16,17,30779438,true,1581204,26920607,1718219,172803,100589,3628
8,../model_20110525_928187171.uvl,14,14,22297644,true,1569711,17561434,2713318,104088,71545,3555
13,../model_20150309_670536624.uvl,22,28,36977018,true,1622721,32686273,1848521,297408,241324,3864
6,../model_20120328_573707444.uvl,34,27,35552746,true,1879890,29819805,1872353,302815,1294400,3790
10,../model_20120113_1950870026.uvl,10,10,74523984,true,1503990,70923450,1645293,131153,82057,4835
2,../model_20140408_1553357169.uvl,11,15,38245242,true,1523859,34331384,1885179,172200,92174,2724
12,../model_20110516_1331478109.uvl,88,145,113555787,true,2869129,106582389,2270738,792687,472256,2643
3,../model_20221010_1477134717.uvl,51,44,48432017,true,1871315,44059193,1721636,226827,133969,1919
4,../model_20131122_1083650489.uvl,15,15,22044739,true,1366529,18530906,1656499,86761,117693,2742
11,../model_20190917_1882445879.uvl,16,12,38738848,true,1698002,34742063,1766004,162079,92565,4098
0,../model_20190117_1837815772.uvl,14,12,27907671,true,1795903,23771282,1775438,150384,87135,4659
1,../model_20160329_925786350.uvl,31,29,37416983,true,1695755,33494066,1619703,181409,105146,2033
15,../model_20130529_1165512118.uvl,10,10,32870934,true,1409183,29314015,1721526,114842,66279,4075
7,../model_20201007_667063467.uvl,72,63,81490831,true,2218871,74640303,2148267,598418,1355767,7200
9,../model_20160531_990808801.uvl,14,13,36647936,true,1731089,32773305,1735171,83759,48706,3149
13,../model_20141202_107430422.uvl,36,30,90868375,true,1816849,86672936,1709570,178962,95667,2452
6,../model_20130916_882364260.uvl,15,17,37863134,true,1487597,34115384,1722676,186606,113058,4066
2,../model_20230615_784426434.uvl,14,13,26310963,true,1532472,22696238,1711816,85107,46861,2122
10,../model_20140424_1672030888.uvl,65,45,79773173,true,2250550,74525340,1997189,325723,165926,2022
5,../model_20160721_972954567.uvl,10,9,19643934,true,1482651,16148225,1657055,65676,35144,2102
3,../model_20100412_337845737.uvl,10,10,22370101,true,1441554,18943786,1610793,79763,40733,2411
12,../model_20190922_230985682.uvl,21,32,41167377,true,1789887,36677306,1798822,455598,178043,4304
4,../model_20140320_391816142.uvl,11,11,24514776,true,1387220,21022714,1633821,121364,77131,3580
11,../model_20190413_1966613868.uvl,42,18,41588852,true,1890662,37294890,1728310,159068,86949,2380
0,../model_20130917_1805517149.uvl,13,15,40873121,true,1622358,36883087,1769495,206184,116426,4048
1,../model_20170206_852070049.uvl,13,10,31326743,true,1727165,27585189,1603628,81430,49077,2491
15,../model_20170510_174347414.uvl,15,13,35269377,true,1841098,31199576,1707323,140889,86748,3207
7,../model_20140319_1506613330.uvl,16,12,72929260,true,1451876,69676912,1457711,84327,50469,2883
14,../model_20230322_572568226.uvl,51,36,38515213,true,1803792,34013950,1906199,222668,141679,3060
6,../model_20180611_1112345807.uvl,10,13,33964983,true,1599637,30425411,1548281,83575,52223,2490
2,../model_20141021_386995832.uvl,24,24,33739760,true,1699454,29840973,1576505,210026,84618,2892
8,../model_20180306_1851656621.uvl,49,41,52453856,true,2036033,47683941,1926347,290423,155602,2832
10,../model_20200819_795623217.uvl,26,17,33367006,true,1704389,29165831,1688331,120820,140814,2655
5,../model_20150616_314969910.uvl,26,27,76738335,true,1694644,72778795,1689865,149934,90588,2139
3,../model_20100529_1010171189.uvl,22,15,77969261,true,1693949,74056689,1661315,165316,59110,2493
12,../model_20170301_235251685.uvl,14,13,31851866,true,1918816,27881192,1625434,88197,51326,2191
4,../model_20140321_1655023261.uvl,14,14,68796733,true,1624280,65125210,1637362,83924,46924,2790
11,../model_20170322_711096381.uvl,10,10,25013982,true,1539848,21527837,1576109,63938,38742,2328
0,../model_20140209_34267674.uvl,44,41,65514552,true,1888639,60365630,1944663,543177,344954,4108
1,../model_20100416_811483774.uvl,16,9,84778189,true,1642379,81114211,1596534,81094,45546,2055
15,../model_20140301_728202228.uvl,49,45,61180937,true,1905401,56753346,1715769,215656,155158,3015
14,../model_20141111_2120296387.uvl,51,18,60870987,true,1842817,54815324,1961970,1726190,180705,4072
6,../model_20140423_813378270.uvl,48,44,46132433,true,2175172,41050233,1864110,378175,194224,3941
10,../model_20191119_1702487696.uvl,24,24,25484830,true,1626360,20533746,2803425,122651,70715,2467
13,../model_20170315_692595151.uvl,23,18,25269061,true,1726322,21224446,1803477,116864,71774,3135
8,../model_20180815_1120231956.uvl,26,33,45957086,true,1738542,41709461,1659783,331066,284088,3732
5,../model_20190917_383002664.uvl,43,24,56240974,true,1894700,51435640,1996285,335227,182855,3655
9,../model_20150720_1580995178.uvl,22,24,32566348,true,1710902,28278472,1903732,208266,122078,3725
12,../model_20161018_1395239714.uvl,11,11,23125013,true,1553462,19616084,1559978,78269,42764,3347
3,../model_20190914_1323674619.uvl,61,57,62401151,true,2154897,57179222,1902046,368965,269782,3934
11,../model_20160330_149443721.uvl,30,43,61015189,true,1810360,56327886,1831289,494380,257650,3982
1,../model_20180512_733862721.uvl,23,22,28889715,true,1653178,25127256,1559107,141200,79253,2253
15,../model_20170814_699386305.uvl,12,12,24891684,true,1473014,21502983,1613732,68439,44279,2282
6,../model_20200901_1590540568.uvl,38,33,45375319,true,1714121,41353650,1601491,224464,135554,2548
14,../model_20201011_1804341944.uvl,59,59,71421914,true,2150248,66332045,1884625,334419,316469,5357
7,../model_20150507_425070085.uvl,44,44,43154778,true,2003383,38849850,1563619,197686,116323,2233
13,../model_20180306_177892963.uvl,45,37,42433438,true,2075445,37854660,1641123,305672,136878,2625
8,../model_20121018_1701181193.uvl,17,15,23178321,true,1452633,19774260,1528294,91414,53533,2532
5,../model_20100822_281357717.uvl,15,16,27097520,true,1858540,22996191,1656603,204253,113255,3232
12,../model_20140524_520707568.uvl,11,9,33578362,true,1451639,30156346,1518694,123757,67738,3884
9,../model_20221114_1363146415.uvl,39,43,33139889,true,1538709,28651909,1895316,398179,227698,4384
3,../model_20110519_503436691.uvl,11,10,35758641,true,1583991,31965101,1732594,125560,71903,3953
2,../model_20101119_1472596180.uvl,25,26,33514644,true,1642501,29622189,1737146,140660,82608,2705
4,../model_20160311_1359424486.uvl,50,50,51483435,true,1934166,46439954,2002991,404929,246204,3899
15,../model_20110318_225131257.uvl,15,15,29216924,true,1505508,25709563,1582561,117103,62533,3105
0,../model_20160420_474055968.uvl,96,69,54574476,true,2530371,48813612,2033109,373623,261695,2447
6,../model_20160912_772295854.uvl,18,18,31598949,true,1501263,27802920,1708740,178586,111413,4053
14,../model_20140223_789634838.uvl,26,19,43651210,true,1708761,39740883,1674718,120825,67093,2343
7,../model_20120823_304633016.uvl,16,19,33816256,true,1456074,30192237,1483221,224915,218112,3543
8,../model_20151106_857588743.uvl,21,25,28710201,true,1515816,25127744,1569143,156127,81215,2166
5,../model_20161209_758532997.uvl,13,5,21083173,true,1840825,17154120,1621485,63131,35427,2298
2,../model_20190915_38921055.uvl,10,10,20027907,true,1379132,16657641,1636888,85754,45947,2953
3,../model_20230322_1914329788.uvl,32,32,27738961,true,1734669,23789763,1643324,190923,89940,2526
10,../model_20130422_139902368.uvl,40,34,53209588,true,1621153,48831195,1927489,360854,192803,4026
11,../model_20131112_1617262618.uvl,30,25,29948676,true,1745788,25885905,1678552,171824,110761,3682
4,../model_20171202_671836466.uvl,14,14,32245586,true,1678798,28426098,1744755,87342,48195,2982
0,../model_20130916_330769314.uvl,17,18,38064746,true,1548088,34173865,1726618,193252,114714,4133
1,../model_20141106_687094706.uvl,65,61,50364602,true,2003001,45435550,2011658,293669,164886,2578
14,../model_20171208_504832504.uvl,10,8,20326174,true,1289275,17138044,1551443,61171,35278,1901
6,../model_20140614_1407759983.uvl,29,29,29539967,true,1474219,25884812,1628456,162574,93467,2641
7,../model_20141029_1924517902.uvl,53,53,33292877,true,1674916,29031967,1822478,232344,132421,2226
5,../model_20230322_61558144.uvl,16,16,31430625,true,1459634,27883069,1635907,90752,56585,3019
8,../model_20120801_1784537083.uvl,12,11,22743740,true,1528876,19335053,1487847,73519,44430,2208
2,../model_20130305_522520932.uvl,16,14,39746400,true,1675668,35899923,1669399,114094,62678,2326
3,../model_20140728_1532422166.uvl,23,37,54593843,true,1692697,49972358,1808804,509885,250608,3356
10,../model_20140430_1345238885.uvl,17,17,40774052,true,1815898,36560004,1839999,174899,106158,3928
13,../model_20120328_810464459.uvl,17,17,34251473,true,1671361,30639225,1552888,91847,53288,1992
12,../model_20180512_143602565.uvl,37,37,48714109,true,2102554,43686542,2001125,345270,192352,3600
11,../model_20150616_1287606127.uvl,22,21,26702028,true,1703327,22041546,2448664,117253,69208,3002
9,../model_20170927_2140419024.uvl,87,69,86653839,true,2106616,81183605,2158268,385493,222942,3089
0,../model_20161101_1287284082.uvl,50,37,50045995,true,1729802,45269037,1978788,409231,311162,48582
1,../model_20160311_358715911.uvl,26,26,26455520,true,1382579,22765353,1724811,150133,135247,2119
6,../model_20130716_384525556.uvl,17,12,32459995,true,1443463,28726441,1826650,147849,52180,2385
15,../model_20180305_1565538092.uvl,50,39,66147643,true,1976394,61459890,1806489,301998,156994,2986
5,../model_20150515_2045521211.uvl,25,26,28419019,true,1682911,24720032,1520844,145029,83928,2219
8,../model_20180708_1907991672.uvl,24,30,41612678,true,1676603,37213905,1793310,312229,278277,3612
2,../model_20160329_736279509.uvl,14,14,35102409,true,1571447,31292021,1711313,150123,87153,3764
3,../model_20120328_1357539597.uvl,18,17,28280684,true,1683675,24490911,1668039,123059,64007,2559
10,../model_20130426_1685243628.uvl,16,15,38940626,true,1586197,35148139,1662969,170341,99208,3863
13,../model_20230322_729074756.uvl,29,23,43559371,true,1527785,39586251,1782285,263015,139468,3863
11,../model_20130821_361829065.uvl,30,30,26270674,true,1801834,22435367,1500498,144182,83886,2143
9,../model_20170607_1389753102.uvl,13,14,37674449,true,1499916,34028228,1662927,156867,90208,3850
0,../model_20171108_1643056811.uvl,12,6,19786730,true,1508041,16254501,1661626,64920,37565,2272
4,../model_20190825_1083955002.uvl,12,10,20679240,true,1677277,16952037,1691471,72328,42695,3059
1,../model_20140615_1755551630.uvl,24,22,31008414,true,1623252,26360702,2518346,123937,72480,2626
6,../model_20160721_1827988269.uvl,19,24,28741070,true,1549665,25042208,1611302,172366,75264,2712
15,../REAL-FM-12.uvl,14,14,41136987,true,1458398,37510320,1611561,184311,107463,4233
5,../model_20121026_334751192.uvl,28,28,41209263,true,1676611,37484477,1595675,138753,83158,1892
14,../model_20130818_278315719.uvl,10,10,22506893,true,1358515,19239081,1564455,69409,62718,3153
2,../model_20140613_2054294739.uvl,10,11,23702119,true,1594045,20077963,1569662,120099,67924,3740
7,../model_20180913_872907572.uvl,15,15,25018796,true,1787234,21225818,1557023,83987,50127,2705
10,../model_20130117_2075912065.uvl,13,14,42970574,true,1473137,39199175,1715691,212540,110326,2885
3,../model_20110329_10104623.uvl,41,35,45105786,true,1888594,40891626,1551069,253128,115394,2606
13,../model_20141129_1642511009.uvl,34,37,37214626,true,1654359,33058991,1728141,265510,119939,2286
12,../model_20140403_1425048263.uvl,12,12,21528693,true,1607903,17846265,1713776,71713,41677,2079
4,../model_20141129_966803644.uvl,12,12,33289942,true,1517160,29577470,1716813,132144,82901,3467
0,../model_20110725_452580960.uvl,34,30,45719657,true,1548495,41862330,1726528,164803,93327,2663
1,../model_20200815_1845054862.uvl,39,32,29317653,true,1467111,25749709,1521360,180748,96959,2864
15,../model_20111027_668940289.uvl,29,29,29941079,true,1642902,25270352,2355003,173719,143732,2592
5,../model_20160712_1875218337.uvl,11,11,33388001,true,1443508,29719391,1742105,126180,76505,3259
6,../model_20161118_1167269407.uvl,66,22,61388999,true,1873373,56779656,1800279,294557,138006,2411
14,../model_20111214_733452875.uvl,15,15,22935956,true,1798125,19103199,1449740,194547,92560,2939
10,../model_20110406_1047532859.uvl,29,28,35172045,true,1741258,30573641,1491401,1000942,100134,2556
7,../model_20120529_2101702978.uvl,35,46,45921001,true,1893357,41477994,1649511,368657,175472,4019
8,../model_20111220_1184087779.uvl,15,9,35904381,true,1683557,32303690,1509503,83599,49828,2570
13,../model_20140605_572628146.uvl,11,11,33581903,true,1314624,30216204,1630120,121897,70285,4004
12,../model_20171109_1740328562.uvl,21,25,55992933,true,1599005,52023222,1564868,342451,168810,3884
11,../model_20130916_1448418245.uvl,14,16,23106161,true,1628974,19541604,1503324,95922,60393,2404
0,../model_20170310_2069806245.uvl,49,36,64698279,true,2028923,59934135,1868287,285946,226062,3116
15,../model_20161003_680973994.uvl,53,58,60797416,true,1971117,56021123,1888138,293761,195096,2538
9,../model_20140823_1972464026.uvl,35,38,52284294,true,1729331,47604488,1870840,383614,317020,3781
5,../model_20170514_1578942718.uvl,40,44,40832047,false,1964667,36486981,1750065,294025,151285,2855
6,../model_20140306_1607259562.uvl,43,49,75865343,true,1559599,71252412,1907066,462618,270813,3922
14,../model_20181029_2093756359.uvl,18,18,37135489,true,1779894,32627158,2060868,228412,130023,3798
8,../aircraft_fm.uvl,13,12,33997107,true,1557953,30034106,1943658,140481,80873,3765
10,../model_20170918_446567907.uvl,48,37,72870880,true,1921968,67824813,1947794,501726,260821,3626
13,../model_20160621_993334585.uvl,26,24,46238160,true,1694178,41639476,2142777,278947,139945,3578
12,../model_20150624_1191374126.uvl,13,12,28940885,true,1668169,25023235,1742634,140273,81604,3453
2,../model_20190223_1159148955.uvl,103,70,92635455,true,2907451,86202298,2092620,468331,286401,2918
4,../model_20120915_487659597.uvl,20,17,27835030,true,1352756,23817481,2069391,214108,124454,3791
9,../model_20110328_1177934440.uvl,18,20,34103774,true,1522194,30501722,1620098,118810,85222,2611
0,../model_20180930_1153905679.uvl,27,27,42848589,true,1837048,38647253,1833608,153865,88837,2774
3,../model_20221031_379205114.uvl,158,208,219698481,false,5176913,208231374,2300100,2105324,1557028,4643
15,../model_20200810_956997411.uvl,39,36,50379761,true,1645216,46322165,1656145,182788,165969,2020
6,../model_20160330_469153666.uvl,13,13,34931797,true,1617395,31133922,1718370,138075,82214,3263
14,../model_20230322_1299985155.uvl,31,20,26844939,true,1830397,22671742,1767494,135902,74089,2003
1,../model_20140409_1370428339.uvl,24,28,51447864,true,1766558,47509084,1576857,193896,103618,3088
8,../model_20130105_1019508207.uvl,24,27,27461293,true,1666985,23543323,1692524,154822,86629,2566
10,../stack_fm.uvl,17,13,24250700,true,1461207,20693703,1717597,91909,49043,2588
13,../model_20150109_425963323.uvl,37,23,35758326,true,1851313,31568526,1734057,153749,80555,2394
7,../model_20170925_1698983864.uvl,19,19,36964118,true,1743894,32681702,1943832,195699,114652,4942
3,../model_20170528_1427439246.uvl,10,11,31851899,true,1618419,28046192,1704955,141926,83370,3695
4,../model_20180512_419383167.uvl,36,38,39653765,true,1750970,35214668,1766517,327541,286733,4028
0,../model_20130529_1162054266.uvl,16,16,30794908,true,1555780,27273894,1556441,96896,55474,2202
14,../model_20150625_1923523971.uvl,16,13,40007984,true,1613809,36015298,1862020,176749,97984,4101
6,../model_20160531_486171149.uvl,35,35,64119785,true,1896501,59118503,1900605,491374,318281,3985
2,../model_20170221_1848353506.uvl,210,161,156947456,true,5599010,143475161,3255271,1759488,2058601,4346
5,../model_20230322_1194175451.uvl,34,25,53213893,true,1723658,48739541,1922579,303360,171459,3766
1,../model_20170919_303553909.uvl,49,55,79338357,true,2041485,74526031,1749956,432587,269390,2867
8,../model_20110809_1799855518.uvl,25,13,43707536,true,1648323,39648533,1775659,203319,115965,3802
10,../model_20181205_2097248492.uvl,19,24,35304774,true,1666158,31448463,1527628,236498,99547,3263
7,../model_20171129_847069382.uvl,35,32,51477846,true,1808112,46550761,2147048,400209,178123,3699
13,../REAL-FM-18.uvl,44,47,71508062,true,2008398,66316119,1920204,507835,299900,4330
12,../model_20091205_755658379.uvl,94,71,87702964,true,2864087,81667335,1881293,400428,278158,2125
14,../model_20170228_2078125436.uvl,34,26,52972165,true,1917283,48395385,1791899,314967,173100,3855
6,../model_20170215_1976164448.uvl,35,20,31323752,true,1672547,27375292,1669639,165873,91624,2225
9,../model_20200815_582760962.uvl,29,23,74390667,true,49514196,22735802,1575659,143655,80160,2965
2,../model_20150301_1821356180.uvl,28,33,52441237,true,1556005,48251629,1753620,348881,288663,3546
1,../model_20120130_333619036.uvl,31,27,50184330,true,1691159,46098148,1598772,286321,155767,3627
15,../model_20170919_1393589103.uvl,48,45,72861070,true,2155495,67784549,1887914,411577,174263,2176
8,../model_20141023_1600573567.uvl,20,20,41093932,true,1630880,37032457,1838508,199021,117250,4124
7,../model_20160429_2024552354.uvl,12,12,24045797,true,1581036,20636195,1453389,70822,44174,2425
13,../model_20160426_744600320.uvl,21,20,26182787,true,1670232,22288300,1712794,123696,60980,2041
12,../model_20190805_1041162508.uvl,23,13,36959966,true,1598069,33014912,1712456,207151,113268,4681
14,../model_20130529_2135483929.uvl,16,17,36222713,true,1655950,32415821,1596706,168489,103817,3179
3,../model_20150612_1719519345.uvl,14,12,23148376,true,1639258,19626291,1517947,80685,45461,2286
4,../model_20100607_746327867.uvl,20,15,25505030,true,1639100,21660732,1765249,105484,57840,3010
6,../model_20160125_59009200.uvl,37,35,48367139,true,1829298,44157908,1701228,293232,115377,2870
0,../model_20160531_1105256806.uvl,25,30,34067357,true,1796384,29977812,1582108,257287,96700,2082
9,../model_20161109_258969269.uvl,10,11,26344886,true,1634999,22652823,1680095,80846,46192,2247
15,../model_20171029_1247758730.uvl,10,9,21804630,true,1546807,18080400,1708154,116375,68393,4027
2,../model_20230613_1168762973.uvl,11,7,22199350,true,1543077,18800405,1492210,65198,35787,2577
1,../model_20170313_143405764.uvl,48,46,66918287,true,1836687,62094947,1853679,642609,198614,4174
5,../model_20170512_1532934104.uvl,24,24,36788592,true,1697369,32730731,1853088,119935,70397,2512
7,../model_20150529_550903687.uvl,21,20,32411783,true,1624414,28548610,1684989,132363,76081,2410
13,../model_20120806_904481092.uvl,17,16,27175971,true,1619606,23250041,1703028,190435,109612,4152
8,../model_20140227_386614568.uvl,75,49,79171733,true,2336950,43460739,1733652,30745913,314275,3741
12,../model_20230322_1887635433.uvl,32,32,29896536,true,1753476,25733385,1665186,265866,114818,4092
14,../model_20180911_126281571.uvl,10,10,29057424,true,1574718,25082182,1709729,297596,121413,4227
4,../model_20160309_77134368.uvl,18,17,33340404,true,1669828,29692779,1584239,97075,54764,2633
0,../model_20160926_106687243.uvl,57,52,44688526,true,2082727,39757656,1785234,317196,260821,3461
9,../model_20121213_681234650.uvl,33,33,35755007,true,1913926,31608649,1629265,159246,92101,2179
15,../model_20180512_775268148.uvl,24,21,46854029,true,1902909,42490894,1776498,214975,126822,4117
2,../model_20131202_715513367.uvl,22,22,33971621,true,1709585,30153704,1635273,118652,67391,2203
11,../model_20190904_400441788.uvl,625,500,352815855,true,27892665,311766377,5501120,2735516,1961370,3749
1,../model_20170404_1821671055.uvl,13,14,30578239,true,1553698,27104444,1482684,104205,61747,2296
7,../model_20130908_1057721135.uvl,14,14,21896523,true,1631501,18120739,1728368,101561,46772,2884
5,../model_20131122_1573422851.uvl,15,13,26656331,true,1657826,22860027,1712625,86804,49136,2508
8,../model_20160329_174305764.uvl,44,49,46115300,true,1903381,41455382,1908778,286894,142274,2771
13,../model_20181103_2077285196.uvl,11,11,32781879,true,1562193,29157280,1559152,156234,88370,3369
10,../model_20230322_774285627.uvl,15,12,31396688,true,1723043,27640121,1628540,81446,47348,2189
12,../model_20170930_228024571.uvl,62,69,61433573,true,2276553,56210936,1789183,429529,256163,2122
9,../model_20121023_1328975384.uvl,14,14,31083936,true,1552633,27568704,1573886,79667,46540,2065
0,../model_20191111_1176325905.uvl,16,14,38673104,true,1535335,34933139,1702630,159409,89878,3828
2,../model_20200816_1246721801.uvl,18,16,25369400,true,1805552,21599900,1576588,96646,52732,2789
11,../model_20131202_533920013.uvl,19,19,30449809,true,1643884,26483301,1705285,181828,110725,3041
1,../model_20140101_941325443.uvl,10,10,20705655,true,1395210,17411367,1562529,67404,40508,2531
5,../model_20140604_731553244.uvl,14,14,35537093,true,1559241,31528620,1915371,143587,86162,4043
15,../model_20160919_422339066.uvl,50,42,41941190,true,1621420,36966940,2070488,572319,274004,3930
6,../model_20130422_1348727660.uvl,19,16,42708315,true,1676395,38190832,2020944,189200,108557,4391
7,../model_20140615_1477062295.uvl,33,26,41124312,true,1764014,37122725,1632538,156888,84124,2411
13,../model_20190921_1186818003.uvl,15,13,24026423,true,1596966,20336784,1662164,84057,47043,2323
12,../model_20160123_368502373.uvl,10,9,21236974,true,1549630,17814845,1517643,67313,38975,2291
9,../model_20190513_215044614.uvl,10,9,19031517,true,1408084,15849597,1422683,64653,36765,2596
0,../REAL-FM-3.uvl,43,45,50497250,true,1786201,46220162,1707857,251880,168768,2289
2,../model_20130508_1842381745.uvl,16,14,32147726,true,1570946,28867830,1338151,85075,48407,2658
14,../model_20190917_1844149588.uvl,49,25,40893121,true,1963057,36390472,1810602,195367,99116,2076
4,../model_20160330_1233914245.uvl,12,13,29056626,true,1608702,25226962,1696499,154425,89684,3905
1,../model_20131201_820966647.uvl,18,19,27944762,true,1579705,24327430,1590965,101839,62631,2683
11,../model_20230322_310895789.uvl,26,26,30923113,true,1600283,26402446,1552529,989915,78732,2259
15,../model_20190513_639238065.uvl,10,10,24608078,true,1488798,21149753,1584968,76864,46112,2291
5,../model_20170627_231083922.uvl,14,14,26251282,true,1608092,22648900,1548508,107089,55238,2366
6,../model_20150521_1423870525.uvl,16,16,24806311,true,1704372,21213610,1480510,86548,53424,1896
13,../model_20180306_1625675392.uvl,48,25,47919143,true,2826936,42138326,1981812,354880,193640,4190
9,../model_20140819_535519547.uvl,13,13,19785937,true,1726124,16218131,1482064,75790,45830,2330
10,../model_20180713_1002093829.uvl,23,17,36489350,true,1673045,32799959,1499420,146004,104341,2587
0,../model_20160824_2005849052.uvl,21,21,22977168,true,1447305,19661185,1460771,108168,60970,2800
1,../model_20130122_243381566.uvl,14,14,24475810,true,1468547,20971490,1582250,145929,88991,4011
5,../model_20121023_356761254.uvl,12,12,20132199,true,1337897,16829482,1584186,74107,49507,2863
11,../model_20160329_1691896941.uvl,28,38,36210961,true,1509498,32511339,1517988,243103,126796,2851
15,../model_20160917_824197127.uvl,14,11,56545040,true,1226506,53502695,1441865,77539,42184,2004
6,../model_20200811_1911664133.uvl,17,19,25224070,true,1688190,21461449,1469636,133412,134664,1904
3,../model_20131217_806985744.uvl,11,7,20852550,true,1398158,17408777,1628736,117108,64209,4062
13,../model_20190916_233719618.uvl,10,10,23334340,true,1522805,19814082,1667002,61309,37483,2767
7,../model_20200919_469515687.uvl,20,18,41509513,true,1623914,37438355,1782771,224638,127391,4017
9,../model_20131122_23346211.uvl,15,13,28101401,true,1578374,24486761,1649601,84622,47480,2226
10,../model_20160502_1352812691.uvl,38,32,42352418,true,1559878,38212368,1759632,258531,167015,3290
8,../model_20180613_78021145.uvl,15,16,49929408,true,1551312,46086613,1787048,147907,68275,2831
0,../model_20141107_377655341.uvl,24,25,45296661,true,1522994,41101645,1958529,268082,149329,3865
12,../model_20110203_2097159983.uvl,18,18,32167921,true,1733277,28529097,1555876,96926,56104,2609
5,../model_20141029_1107505375.uvl,12,12,28294465,true,1486377,24732045,1588484,120981,73446,3305
1,../model_20170315_1174513943.uvl,18,18,40880205,true,1444200,37018007,1852770,185816,110327,4145
11,../model_20190619_50728308.uvl,19,19,38117291,true,1614389,34145272,1769572,194925,109894,3924
6,../model_20091015_449909368.uvl,10,10,34957708,true,1443976,31598902,1562947,76867,50375,2580
2,../model_20120110_139114401.uvl,10,10,36757829,true,1522118,33040862,1580691,277951,93339,4908
7,../model_20120202_1596034358.uvl,10,11,28697472,true,1456196,25354344,1585953,75466,46446,2899
4,../model_20161128_2133107865.uvl,68,46,51519684,true,2151497,46241971,2193827,272180,158565,2719
9,../model_20180612_1244406232.uvl,33,33,33676780,true,1621655,29445987,1813610,312092,184232,3783
8,../model_20151119_825568988.uvl,19,19,41341358,true,1608174,37297514,1784357,219115,126672,3537
10,../model_20160329_160417479.uvl,20,17,34468262,true,1612389,30717956,1567801,172712,96894,2691
5,../model_20160508_265400900.uvl,46,52,78132608,true,2248549,73202440,1732468,259457,232242,3064
6,../model_20130305_204544380.uvl,13,13,38153053,true,1685290,34320803,1583621,181518,108837,4270
1,../model_20120731_787433291.uvl,43,40,63109315,true,2068277,58016151,2013674,382952,223341,4001
11,../model_20110222_2078967171.uvl,48,51,63860611,true,1921918,59167065,1885137,265388,145451,2378
2,../model_20200810_1487197226.uvl,29,29,57298194,true,1548451,53507405,1662291,142146,85516,2863
15,../model_20131112_605989901.uvl,25,18,35349992,true,1618970,31511319,1716641,118704,64645,2331
7,../model_20120109_1808102333.uvl,18,19,28960391,true,1692586,25092609,1655147,125433,78799,2323
3,../model_20160330_511669656.uvl,15,10,37321884,true,1618782,33385454,1823004,145241,78867,4241
14,../model_20180306_1110315637.uvl,39,19,34335017,true,1944468,29998412,1767435,167981,102340,3033
4,../model_20110704_328391695.uvl,172,145,105122444,true,4501767,96235481,2341987,717391,545031,3310
13,../model_20170328_1485540940.uvl,451,428,343467783,true,17430019,314717092,4331806,2622663,2202197,2711
10,../model_20161101_1188178549.uvl,36,36,51398152,true,2604768,46385527,1702944,171805,174058,2520
9,../model_20190824_1440931285.uvl,104,104,66549942,true,2472815,60103159,2007878,488646,987429,2880
5,../model_20130122_1064508817.uvl,12,17,29677814,true,1551301,26036594,1654333,125033,62919,2593
0,../model_20180403_1861855205.uvl,14,14,22133305,true,1558926,18379474,1781095,86279,47989,2677
1,../model_20120522_87989914.uvl,35,47,47475928,true,1980884,42596379,1758005,508412,333657,3572
11,../model_20230228_1021126902.uvl,11,11,37360595,true,1662205,33332448,1861401,141154,80435,3622
3,../model_20131109_2060894287.uvl,14,13,22287999,true,1559834,18933505,1401199,102567,58016,2734
7,../model_20170517_1986241278.uvl,10,10,32854699,true,1622601,29350150,1455187,147573,47781,2721
14,../model_20131016_1224723724.uvl,11,13,23173253,true,1488349,19816691,1406882,156080,47687,2297
4,../model_20130916_2072761889.uvl,15,17,20987486,true,1431457,17663822,1491186,96988,56698,2514
10,../model_20160608_755102753.uvl,12,12,20612585,true,1473907,17181385,1572010,86214,40735,2545
13,../model_20160315_505457800.uvl,28,28,39439144,true,1687595,35505029,1654604,154304,85662,2412
9,../model_20110306_314567479.uvl,14,14,20881238,true,1465649,17425615,1587953,79582,47183,2854
5,../model_20160821_1946133193.uvl,14,14,21236540,true,1487882,17771024,1552119,91993,53932,2149
0,../model_20160221_544170906.uvl,11,10,21179709,true,1481861,17671058,1614702,82102,68907,3149
8,../model_20131125_731391866.uvl,18,19,39121907,true,1502537,35299257,1797634,192242,123395,3984
1,../model_20130324_1541392486.uvl,51,43,36150756,true,1581027,32122587,1690897,229057,119008,2435
6,../model_20191126_842054213.uvl,21,23,36003716,true,1658519,32033699,1693537,220024,110135,3993
3,../model_20190920_1330526555.uvl,10,10,24625557,true,1475293,21336753,1496577,64015,38162,2972
12,../model_20190522_227919886.uvl,20,21,46031891,true,1617248,41843064,1872859,281576,148030,3959
14,../model_20111025_1408959776.uvl,13,13,36131371,true,1460069,32512816,1742208,141656,82733,3535
2,../model_20170916_973590519.uvl,48,39,64838479,true,2101329,59867580,1903233,329280,193864,3356
4,../model_20160411_1158715394.uvl,11,11,22079822,true,1415940,18716638,1600365,67377,39205,2369
15,../model_20120329_788560154.uvl,55,49,40398125,true,1741456,36014947,1756219,298443,160333,3136
10,../model_20200128_1154759905.uvl,23,23,47231112,true,1721983,43099081,1704032,281525,158161,4151
13,../model_20190503_1463982406.uvl,41,45,36508881,true,1890672,32151859,1825618,218811,120323,1963
9,../model_20220910_809454030.uvl,37,39,46494783,true,1795294,42006350,1860780,315043,139271,2703
0,../model_20160330_1356575467.uvl,10,10,25094241,true,1723795,21190016,1714900,112903,66169,3640
8,../model_20180819_995624779.uvl,14,14,24981941,true,1564156,21340749,1715418,79314,51315,2776
11,../REAL-FM-9.uvl,14,15,25235107,true,1459323,21763301,1583049,145591,93885,3662
3,../model_20171008_377237228.uvl,43,43,36975679,true,1839540,32778970,1577920,232938,136957,3635
12,../model_20140225_1829795152.uvl,14,13,24049552,true,1693218,20466285,1466626,96447,54330,2197
2,../model_20181219_1343761699.uvl,20,14,40407720,true,1481594,36751641,1563345,250953,125313,4066
4,../model_20101117_1571856147.uvl,10,10,21197619,true,1672484,17663035,1452570,93940,56854,3683
7,../model_20120328_1667195252.uvl,24,25,41263699,true,1586636,37404232,1640575,135151,211347,3519
10,../model_20110826_1555954181.uvl,24,24,42063471,true,1751314,37868808,1756007,222971,130541,3357
13,../model_20160111_1033692827.uvl,61,58,47935843,true,1784882,43537819,1758936,298287,204002,3941
9,../model_20130916_1980915056.uvl,15,17,39026454,true,1642643,35116986,1689633,190949,108897,3297
0,../model_20121123_388334786.uvl,16,17,26627543,true,1628976,22954234,1578457,110886,61479,2656
5,../model_20171010_332868283.uvl,12,11,35531901,true,1559437,30547009,2915224,140540,82623,3746
3,../model_20150429_343028682.uvl,43,39,33913477,true,1602613,29999275,1624509,198330,117071,2862
12,../model_20180126_2070362475.uvl,30,25,33633104,true,1450137,29712193,1762248,226753,115542,3642
1,../model_20161012_1497804026.uvl,13,13,33365454,true,1506357,29775351,1613553,138815,84289,4213
6,../model_20200609_1715293706.uvl,12,12,37768033,true,1392370,34035148,1841260,167853,99263,3579
11,../model_20140428_1127346099.uvl,72,71,53341683,true,1859273,48531306,1972805,322218,216387,2294
2,../model_20130812_690840910.uvl,30,36,32629484,true,1618339,28313258,1813215,355783,191625,4128
4,../model_20150507_1665248699.uvl,15,14,36322937,true,1491419,32510218,1795559,141123,78872,3694
7,../model_20150320_593593000.uvl,13,13,38370664,true,1515833,34528426,1759596,171432,102527,3972
14,../model_20230322_242202942.uvl,19,19,22754510,true,1274195,19475191,1609745,98062,57571,2790
10,../model_20170310_906013336.uvl,47,33,53281646,true,1805206,47829325,1833039,259665,1135758,3076
13,../model_20221025_2010292001.uvl,22,22,31997028,true,1527884,28478856,1504212,130013,70409,2830
0,../model_20160329_1491802197.uvl,20,17,25217429,true,1637634,21363058,1616383,181595,95471,3584
15,../model_20100831_1378118837.uvl,35,32,51354071,true,1868023,46643128,1934877,327009,181761,3731
5,../model_20120122_258977494.uvl,19,19,30954097,true,1580403,27346244,1525991,142232,113616,2551
8,../model_20131128_2046989275.uvl,15,15,21983744,true,1396821,18602670,1549972,91877,107216,2651
3,../model_20150305_837831991.uvl,39,42,57207267,true,1664149,52814442,1753208,397458,219159,4192
1,../model_20161128_844678202.uvl,39,31,31325475,true,1702897,27399416,1563416,184845,101742,2429
6,../model_20161107_2119549052.uvl,12,12,26190753,true,1380867,22747624,1580646,130088,101747,3823
11,../model_20120829_1418879889.uvl,10,10,26346273,true,1617918,22654215,1646486,99794,51608,8710
7,../model_20160330_1191432205.uvl,19,19,23547965,true,1677126,19910153,1502356,94787,55771,2671
10,../model_20131111_1486670620.uvl,21,18,25523713,true,1461617,22115966,1535379,105440,59673,3343
14,../model_20130911_2001583567.uvl,34,24,44017804,true,1748292,39525602,1891592,294053,176998,3944
13,../model_20131028_1719041666.uvl,19,19,24461428,true,1375866,21069323,1630359,111711,58621,2636
15,../model_20190917_1679843058.uvl,11,11,32446277,true,1588910,28938844,1581637,64376,40931,2114
9,../model_20230322_2065877531.uvl,26,26,45027336,true,1708701,40649266,1951510,236668,139056,3795
8,../model_20180222_1813103418.uvl,26,18,26815074,true,1579130,23148413,1597147,119025,68366,2100
5,../model_20130220_406091727.uvl,43,48,39091990,true,1848357,34760975,1726673,227822,129636,2111
3,../model_20180311_1112468126.uvl,29,29,47889480,true,1711190,43470461,1907205,272011,159688,3490
1,../model_20180222_1531590612.uvl,18,17,30552257,true,1657614,26617124,1696115,191035,110267,3329
6,../model_20160229_1590940306.uvl,50,58,49181386,true,1961268,44419878,1883729,320478,172101,2231
12,../model_20131122_1558809462.uvl,26,26,39214908,true,1813315,35260207,1581607,131481,155524,2714
11,../model_20230322_1023477919.uvl,73,55,97884331,true,1992088,92270795,2206272,582546,315927,3693
7,../model_20160906_881197553.uvl,18,14,39850605,true,1590503,35915157,1764803,177526,98860,3795
10,../model_20140509_978687642.uvl,10,10,33237028,true,1525850,29480896,1779539,106587,64328,3871
4,../model_20120904_1604580471.uvl,13,8,36947166,true,1572735,33132664,1735552,130087,76468,4075
2,../model_20150223_339293957.uvl,26,25,52680086,true,1920271,48051373,1863510,320509,173904,3797
9,../model_20190918_1569717148.uvl,17,17,36613843,true,1665538,32824688,1599615,173733,100951,4021
0,../model_20170818_1523700786.uvl,31,31,29983398,true,1613064,26125118,1641737,162100,88897,2717
13,../model_20161127_1823059506.uvl,69,257,315640754,true,3357967,305931842,2376997,2276213,1255272,2744
5,../model_20170131_61369545.uvl,39,39,34652523,true,1689899,30824939,1612522,181112,104041,2397
1,../model_20190916_1591625575.uvl,42,24,86524932,true,1871301,82262884,1662961,186832,122074,2478
6,../model_20191115_635910941.uvl,37,28,97480972,true,1484650,93967154,1529785,165755,87346,2304
11,../model_20170320_772300106.uvl,48,48,31203639,true,1738736,27192036,1613159,222628,121473,2195
7,../model_20121123_1588832561.uvl,16,15,39591799,true,1647487,35517290,1813204,167069,98067,4394
10,../model_20160308_993894457.uvl,10,9,22572080,true,1533376,19087094,1539826,87629,52835,3708
4,../model_20121018_1875808662.uvl,16,15,22928247,true,1537335,19399999,1597007,91744,52112,2480
2,../model_20171012_404282969.uvl,25,25,30000760,true,1610878,26270609,1633584,133948,74802,2209
14,../model_20190919_887233558.uvl,17,17,32173704,true,1477272,28570271,1717026,92671,58907,3615
0,../model_20200619_2057881785.uvl,37,39,44917650,true,1798121,40515062,1887718,231481,133817,2535
15,../model_20141116_913921823.uvl,44,41,37231387,true,2013097,32704780,1744193,213149,150506,2372
13,../model_20140614_2029282468.uvl,54,54,58075449,true,1862220,53292303,2045631,288648,175696,3989
1,../model_20140326_801743865.uvl,13,19,26135340,true,1516666,22484988,1605198,140972,142962,7574
8,../model_20171014_936370428.uvl,10,9,30953428,true,1587832,27430066,1566216,65997,36809,2668
3,../model_20140303_1487935744.uvl,23,14,24751269,true,1669110,20785792,1838754,101872,57309,2084
11,../model_20140629_1128400878.uvl,42,32,47742924,true,1773425,43366145,1903392,216926,128962,3307
10,../model_20190624_198695067.uvl,24,24,41522022,true,1490128,37454316,1886027,231603,137331,3970
4,../model_20121018_795335675.uvl,16,15,24465772,true,1576804,20856298,1598902,90538,60267,2845
2,../model_20140130_912999540.uvl,13,13,39385752,true,1578276,35475176,1772741,172926,98496,4071
14,../model_20180407_489573335.uvl,109,126,83550530,true,3196783,75462046,3110946,751298,329387,2069
0,../REAL-FM-1.uvl,88,72,53704424,true,2314232,48261055,2029980,365675,210622,2692
1,../model_20091129_1734444143.uvl,12,13,23960510,true,1505484,20302397,1746177,81383,49734,2287
3,../model_20151127_885194761.uvl,36,35,37767422,true,1572713,33777079,1756395,203975,126905,3139
13,../model_20160913_482611615.uvl,48,37,62245904,true,2130347,57485182,1702713,320838,165715,3232
11,../model_20161025_210874268.uvl,10,10,22195697,true,1657971,18648898,1511731,67451,47120,2899
5,../model_20200810_1407499848.uvl,35,35,71093894,true,1677190,66858319,1862873,246946,110423,2740
12,../model_20170328_418838667.uvl,261,254,197757156,true,8286283,182770686,2970049,1459891,964076,2745
10,../model_20160301_1978418899.uvl,24,32,67840598,true,1365897,64062235,1788687,181248,156351,3176
4,../model_20140410_454790336.uvl,11,22,45372560,true,1414041,41912803,1583471,154489,81152,2959
7,../model_20091219_494647199.uvl,11,11,20924580,true,1501873,17406408,1654862,64361,39445,2174
9,../model_20170321_1774846112.uvl,179,155,133912924,true,5078791,122380018,2819873,1670470,1053762,3942
2,../model_20190917_1352548057.uvl,59,33,41217350,true,1984111,36453723,1896185,236478,172369,2684
14,../model_20150310_1159520762.uvl,35,39,43841045,true,1969163,39320322,1783951,355960,119169,3486
0,../model_20120202_114979109.uvl,22,19,34731356,true,1583034,30982577,1511655,191801,138431,3755
1,../model_20160629_1032137585.uvl,16,15,40421555,true,1607743,36700220,1641884,111174,67707,2226
3,../model_20110722_419227445.uvl,25,25,36338311,true,1707144,32328772,1775193,128373,75767,2684
11,../model_20121212_425431925.uvl,16,15,36342094,true,1528327,32511181,1827934,169366,96506,3475
13,../model_20190917_896971240.uvl,35,20,51294428,true,1767598,46535415,2168559,283510,150508,4127
15,../model_20230322_812446738.uvl,34,23,43306134,true,1729339,38855294,1922802,265766,160200,3870
6,../model_20230615_743611401.uvl,24,19,37506739,true,1551606,33535779,1686663,240873,215158,4509
4,../model_20171005_1407702877.uvl,28,28,43625433,true,1609250,39481993,1863823,231449,135286,3552
12,../model_20221026_1860047321.uvl,103,93,58660817,true,2390350,52554508,2310791,433997,260399,2833
0,../model_20140411_1148485857.uvl,12,23,30447489,true,1928760,26415374,1562410,173907,90725,2573
2,../model_20200907_1678285822.uvl,63,63,38635377,true,1974203,33963652,1695125,287937,206036,3242
1,../model_20140914_1816201365.uvl,37,39,38423575,true,1871562,33942741,1760294,203302,248804,3021
3,../model_20150114_50814742.uvl,33,32,76590981,true,1839086,72120286,1810291,328224,118340,2318
11,../model_20101120_2091447559.uvl,20,20,21843724,true,1363584,18410828,1629119,107595,59961,2501
13,../model_20181005_1705175151.uvl,26,20,32460160,true,1713483,28613212,1591507,126212,73309,2506
15,../model_20100624_2076952989.uvl,17,17,28636817,true,1517566,25182855,1458720,114804,61746,2286
6,../model_20200810_1943380085.uvl,26,22,58778370,true,1629197,55093707,1531281,130746,74589,2209
4,../model_20130106_749900457.uvl,21,15,27380757,true,1568837,23833521,1520197,101390,55875,2758
10,../model_20180222_1576024243.uvl,13,10,31615346,true,1643660,27882383,1700715,73346,40575,3081
9,../model_20121123_1266693931.uvl,16,15,22833187,true,1699610,19093431,1612276,104800,50060,2696
8,../model_20141030_1194865372.uvl,48,43,48489361,true,1793546,43859996,2021129,273880,146038,3012
5,../model_20120725_1460954667.uvl,97,81,76085054,true,2548678,68554747,2963547,832488,490252,3635
0,../model_20160502_596671432.uvl,25,18,46843053,true,1653471,42753253,1779735,253979,127044,5358
7,../arcade_game_pl_fm.uvl,61,95,87781194,true,2176763,82462211,1892685,514703,312611,2730
1,../model_20161117_1407262512.uvl,21,16,36604565,true,1592922,32972057,1585533,123843,59894,2286
2,../model_20180301_203291309.uvl,13,13,22666188,true,1400712,19305809,1606308,98868,54662,3293
3,../model_20200817_129447612.uvl,37,37,30707056,true,1609731,26781638,1626400,180185,111643,2904
14,../model_20180618_656757926.uvl,11,11,33252653,true,1614064,29578689,1618831,125560,77273,3703
13,../model_20140613_1129301242.uvl,10,9,20424800,true,1412057,17231042,1458786,65113,37043,2118
15,../model_20110718_866950306.uvl,20,19,40629796,true,1818603,36507140,1719735,197895,114478,4240
4,../model_20191016_1243022077.uvl,83,83,66569412,true,2515022,60905697,2152911,375001,224875,2297
9,../model_20121018_1639434192.uvl,17,15,26933225,true,1501689,23424875,1610424,90171,52508,2315
8,../model_20190502_109355269.uvl,18,18,28790229,true,1670213,25020288,1624606,99121,56537,2819
10,../model_20131114_87095598.uvl,57,61,65383867,true,2103612,60618504,1672685,344060,167225,3000
7,../model_20130522_1326579656.uvl,45,45,61986724,true,1782458,57082654,2080361,428150,241295,4086
0,../model_20230322_497943934.uvl,40,27,48988593,true,1735803,45071284,1632758,169704,92285,2554
3,../model_20160330_1846251072.uvl,39,38,31712687,true,1549910,27795557,1588559,195441,191981,3989
12,../model_20190513_1805648090.uvl,10,12,29888828,true,1544155,26149077,1833295,79428,51528,2804
14,../model_20131112_1840652917.uvl,17,18,31246434,true,1715483,27604028,1462857,97831,80583,2080
13,../model_20221102_1308706395.uvl,17,12,27185857,true,1865840,23227073,1590049,114242,76636,2836
15,../model_20141030_1477913256.uvl,12,12,28606714,true,1558711,24971353,1675635,81397,48614,2698
2,../model_20140819_914542251.uvl,62,59,86668768,true,2051032,81781956,2053178,297432,172679,2549
11,../model_20110401_868452735.uvl,14,10,34926840,true,1634180,31285576,1596192,120662,63351,2525
6,../model_20120328_523540818.uvl,10,10,22369208,true,1640330,18818482,1524590,88888,38144,2711
4,../model_20160606_412121552.uvl,14,13,33715947,true,1602085,30053447,1639823,81760,46087,2728
10,../model_20190203_959278211.uvl,27,27,45176409,true,1717593,40752965,1956712,259471,150389,3742
8,../model_20190502_1338968023.uvl,34,39,40288735,true,1818118,36163094,1610130,203525,109067,2124
7,../model_20200901_93573304.uvl,38,29,33690862,true,1414913,29814098,1855542,173766,94242,2766
0,../model_20160303_1635209528.uvl,16,15,61827542,true,1414432,58436748,1578805,106838,48877,2205
3,../model_20131112_1825068383.uvl,25,30,31539472,true,1754341,27700269,1517658,157450,94578,2278
12,../model_20160330_1784601624.uvl,25,22,28675587,true,1801808,24533412,1721207,123841,141016,2206
13,../model_20200901_1356822502.uvl,38,29,29875444,true,1969293,25629857,1599626,178337,91951,2487
5,../model_20141113_346832425.uvl,56,59,47077974,true,1845732,42411615,1898074,293669,165580,2136
14,../model_20130811_391981530.uvl,41,51,39410321,true,1773356,35101300,1817230,274230,147870,2735
11,../model_20100927_1382418986.uvl,10,12,35954981,true,1631106,31963485,1847087,144724,85028,4393
1,../model_20230322_2049733851.uvl,24,22,39403444,true,1884620,34743957,2070316,227774,125342,3877
4,../model_20141119_1459706454.uvl,34,33,40682815,true,1526987,36527075,1816774,311023,172485,4103
6,../model_20160925_2087627141.uvl,47,44,67606378,true,1856095,62451870,2005943,515722,372321,4700
10,../model_20180227_1765307019.uvl,116,84,90292851,true,3113159,83526002,1943368,657292,302232,2803
7,../model_20150305_15208156.uvl,30,34,46291195,true,1908120,41050677,1743151,206765,1013704,3226
5,../model_20160329_1368375444.uvl,33,32,56167961,true,1640769,52531443,1452501,202826,107337,2826
12,../model_20171207_1015871671.uvl,18,34,58097075,true,1526660,54013378,1695096,389505,203123,3633
3,../model_20170320_149190356.uvl,50,56,64458536,true,1826534,59573301,1894756,512410,304908,3289
14,../model_20180222_1895267586.uvl,22,25,24888070,true,1450144,21415716,1476691,130918,137857,1923
11,../model_20170517_1468714593.uvl,10,10,21297537,true,1458918,17899168,1488810,147033,45341,1947
1,../model_20190730_1957937065.uvl,25,25,26756756,true,1630672,22988177,1600817,136380,78220,2396
15,../model_20160623_1415871890.uvl,13,11,23037945,true,1631036,19519960,1487876,89470,80600,3584
2,../model_20101110_1749898936.uvl,19,20,25317347,true,1387270,21843929,1573933,131506,136675,2354
6,../model_20160317_1483846003.uvl,46,46,32352830,true,1636086,28296845,1696948,205925,116468,2044
7,../model_20110826_1744501275.uvl,24,24,25986820,true,1349387,22372599,1746632,133837,74752,2837
10,../model_20200810_1274447969.uvl,33,31,34381665,true,1618625,30542423,1670847,160343,90670,2237
8,../model_20230322_604627146.uvl,22,18,41726138,true,1594745,37668742,1810726,215053,115537,3680
5,../model_20180306_422218475.uvl,53,36,43362168,true,1930096,38749546,1825415,275763,152008,2033
12,../model_20131129_2135897376.uvl,10,10,32049732,true,1543445,28512145,1494982,150174,45084,2165
3,../model_20120110_1754443954.uvl,10,9,34870121,true,1441768,30010678,3043327,79188,46053,2698
9,../model_20120328_288933955.uvl,17,20,42465830,true,1670417,38149374,2010449,225377,136214,5332
0,../model_20130116_382639902.uvl,31,30,48544851,true,1832252,44005417,1876208,269665,183933,3430
11,../model_20150222_409043024.uvl,52,41,38712061,true,1519259,34572833,1724455,267611,216663,2520
14,../model_20140422_1825362104.uvl,21,21,58906088,true,1464746,55262467,1661333,124914,65916,2349
13,../model_20130619_405989942.uvl,10,10,32827551,true,1739995,28882465,1754320,111773,69949,3879
2,../model_20180411_122889136.uvl,26,23,29092064,true,1672550,25268472,1615558,129042,71346,2742
15,../model_20151111_460133826.uvl,40,41,45650384,true,1703963,41481911,1776006,192437,114764,2564
6,../model_20120627_1512389149.uvl,11,10,23381182,true,1408769,19788117,1716932,152435,86532,4044
4,../model_20150423_1422172417.uvl,14,12,36815130,true,1520021,33071004,1743163,150367,89907,4851
7,../model_20111031_386778867.uvl,25,13,42267387,true,1905546,37749428,1793599,203942,123873,4125
10,../model_20130908_2094539725.uvl,81,81,50816913,true,2473535,45380418,1814870,373071,217790,2998
5,../model_20101111_1790887308.uvl,10,12,35858205,true,1639876,32024818,1588577,274379,95352,3736
12,../model_20120110_855603964.uvl,10,10,36150687,true,1612138,32297859,1727806,151069,86482,3641
8,../model_20230608_1658584159.uvl,24,24,45347792,true,1570820,41111373,1931008,239008,194067,3809
3,../model_20171012_484328807.uvl,36,36,47304367,true,1793987,42777912,2013585,247314,101014,2654
14,../model_20200412_2136556876.uvl,12,12,26312543,true,1712228,22420875,1787060,108469,43131,2560
11,../model_20180305_2101436905.uvl,47,24,38250529,true,1909589,33910788,1839660,196370,105641,2989
15,../model_20111027_966072474.uvl,10,10,34391359,true,1541122,30776776,1611796,118033,72462,4192
2,../model_20160330_218438641.uvl,23,15,42528448,true,1595259,37997870,2281182,204555,113616,3427
13,../model_20170821_744427680.uvl,15,23,59607397,true,1634136,55303083,1750097,412540,199975,4605
1,../model_20180512_660942805.uvl,36,38,32737677,true,1638311,28526518,1808645,330545,109884,2956
4,../model_20160229_171128808.uvl,48,48,57770628,true,1982531,53075337,1717093,371025,246813,2952
7,../model_20120418_828883554.uvl,52,28,43556947,true,2084442,39101128,1724516,214782,116519,3137
5,../model_20190129_1004578234.uvl,18,19,26811573,true,1543655,23315695,1470151,110667,86940,2407
10,../model_20221029_568257220.uvl,17,27,36803032,true,1462917,32932218,1770666,256488,114249,2581
8,../model_20180611_1800915628.uvl,10,13,32347329,true,1529973,28520121,1651394,282582,95393,4093
3,../model_20151103_1678219280.uvl,19,19,40442047,true,1651529,36299235,1860841,211080,113957,3575
11,../model_20120512_712347860.uvl,13,12,27788501,true,1635286,24111156,1660870,92556,55905,2544
2,../model_20180729_701594854.uvl,22,25,26149923,true,1665310,22314459,1607413,171318,134634,2264
13,../model_20230423_1943321532.uvl,27,27,25298916,true,1608589,21485696,1603154,130283,139193,2229
0,../model_20121102_443205816.uvl,26,18,37591101,true,1754296,33645779,1600486,125120,70420,2797
9,../model_20131112_1315617761.uvl,58,62,47144107,true,1955044,42289108,1884091,369520,198408,2323
14,../model_20180302_974887082.uvl,122,150,80462105,true,2803416,73578414,2154511,732946,484332,2877
6,../model_20101116_1022976130.uvl,34,33,30808927,true,1755569,26426156,1915006,203973,115066,3642
4,../model_20161128_2006303576.uvl,96,66,83693335,true,2516815,76967274,1933833,427914,1231259,3006
10,../model_20111020_455520177.uvl,11,11,24883758,true,1692201,21137456,1675087,66512,40526,2463
8,../model_20110406_353034837.uvl,40,35,34629105,true,1884168,30296572,1718312,237616,100533,2826
3,../model_20100415_947132043.uvl,31,37,53659503,true,1848480,49514261,1613310,201824,116342,2259
11,../model_20131112_1191150070.uvl,57,55,43528733,true,1949704,38824382,1873018,263050,152332,2201
13,../model_20110519_1142211980.uvl,14,12,29267821,true,1666797,24552062,2587824,125787,61758,2216
12,../model_20190128_1522973155.uvl,23,28,30225079,true,1582220,26377129,1691487,160819,88183,2025
0,../model_20180530_1810935889.uvl,11,13,22391098,true,1524638,18919666,1560546,82248,47417,2687
9,../model_20170310_195700687.uvl,47,44,56353508,true,1765153,51867774,1782182,356097,182337,2504
1,../model_20150301_527193150.uvl,24,24,26275534,true,1498387,22349190,1903204,135705,71558,2541
15,../model_20180306_73619671.uvl,48,30,38209130,true,1677063,33945242,1831234,239001,125693,2081
6,../model_20160121_1141972007.uvl,20,20,31976105,true,1492791,28505081,1533876,104001,62709,2707
4,../model_20150620_2057636397.uvl,13,10,36986243,true,1868906,32778470,1816957,139931,77958,4299
8,../model_20160329_926312476.uvl,21,14,32561091,true,1452327,28937843,1734339,102341,56183,2153
10,../model_20140310_1022041880.uvl,88,72,136401880,true,2384568,80724427,51907201,434464,362781,4759
11,../model_20101104_260803083.uvl,11,10,20526029,true,1499585,17150161,1497117,69861,39791,2530
7,../model_20111130_1614470655.uvl,77,70,68569305,true,2438905,63276156,1834753,346094,187923,3124
12,../model_20140819_1738890661.uvl,10,10,33982870,true,1613026,30309786,1611969,113097,66660,3569
5,../model_20230323_1971213764.uvl,46,42,45539773,true,2111124,40964739,1704863,211542,113194,2487
2,../model_20100805_1484639410.uvl,31,35,39000702,true,1909116,34550368,1666089,268530,225566,3545
6,../model_20120422_1648870831.uvl,14,15,34846805,true,1651781,30838291,1851991,157414,61784,2641
14,../model_20131112_1353790761.uvl,23,20,28412651,true,1367437,24419227,2052865,168955,115712,3879
3,../model_20120829_191972511.uvl,168,199,118728244,true,4514569,108889691,2634127,1096337,641383,2258
0,../model_20160103_2012826523.uvl,94,55,80030520,true,2591979,74247414,1941485,368399,258797,2358
4,../model_20170818_812208818.uvl,31,31,32608068,true,1573709,28641698,1724543,220119,96079,3084
8,../model_20120328_361613983.uvl,16,18,28947144,true,1818967,25121057,1557101,103999,62182,2619
10,../model_20120328_1227899142.uvl,21,20,30327388,true,1703916,26080141,1724557,257857,126225,3681
11,../model_20190430_348224224.uvl,33,25,37408898,true,1777001,33135517,1753565,279263,158404,4552
5,../model_20170718_2017313962.uvl,18,18,32003085,true,1490906,28149041,1757378,181666,108495,3777
12,../model_20130916_1112744253.uvl,15,17,27278483,true,1720004,23176481,1770931,188782,113850,3587
7,../model_20160227_1275602559.uvl,47,58,65207936,true,1985171,60289403,1800736,514483,229401,3154
13,../model_20190922_729177560.uvl,21,21,39437619,true,1748005,35505686,1678266,113436,76326,2841
15,../model_20170402_1978825740.uvl,263,264,192099017,true,8651386,175140253,2723740,3001935,1710464,4368
6,../model_20121018_820869482.uvl,16,15,25196430,true,1704040,21677493,1396115,88962,49566,2231
3,../model_20190920_56721129.uvl,15,15,37652764,true,1570340,33791511,1760123,155011,89278,3772
0,../model_20120328_1814590478.uvl,36,34,53458575,true,1649476,49135924,1736365,342519,298216,4133
1,../model_20130916_894347834.uvl,15,17,86533039,true,1688973,82613883,1791301,96309,57652,2505
10,../model_20121123_1668268132.uvl,13,13,38003377,true,1437336,34375906,1666973,168677,107148,4503
11,../model_20170420_1165511748.uvl,77,39,60345150,true,2000847,55524991,1839628,290368,154636,3020
8,../model_20130307_609838668.uvl,176,161,101406652,true,4742523,92230809,2203856,798794,568067,2618
12,../REAL-FM-13.uvl,12,11,23935230,true,1565323,20459319,1489203,92214,52706,2061
5,../model_20200128_1186233455.uvl,23,23,32798789,true,1488848,28920275,1820782,159783,99695,3655
7,../miniset/stack_fm.uvl,17,13,81842502,true,1581997,78013062,1721913,143987,99913,3622
13,../model_20150310_1642957582.uvl,29,32,31688887,true,1710797,27414213,1832679,313572,105448,2971
6,../model_20221004_622223252.uvl,26,26,41591083,true,1739342,36973914,1476638,133988,991291,3175
15,../model_20130815_1890929461.uvl,56,62,81386620,true,2048542,76019330,1859981,633586,402160,4058
3,../model_20181119_2037159342.uvl,23,24,28377536,true,1711847,24611608,1483346,158010,89022,2256
0,../model_20160307_1341241097.uvl,12,9,22613628,true,1477917,18823591,1846071,134881,79590,4677
2,../model_20130916_1467348272.uvl,16,18,37955422,true,1733994,33839710,1738323,202352,122655,4312
14,../model_20221208_1038664369.uvl,28,21,41405860,true,1602812,37260441,1823252,240792,139272,3714
9,../model_20121123_2085968892.uvl,17,16,22986811,true,1522262,19445723,1620596,98760,56795,3499
4,../REAL-FM-6.uvl,11,10,21084084,true,1575015,17604408,1500793,84104,47796,2333
10,../model_20140925_285704903.uvl,20,17,32265392,true,1312927,28987361,1536308,106706,56539,2607
8,../model_20141109_1274255950.uvl,11,11,27023867,true,1757692,22996972,1738454,131495,73341,2849
12,../model_20150209_1183047948.uvl,29,47,91133782,true,1831751,86378068,1844702,529802,262369,3295
7,../model_20140824_1421620261.uvl,51,62,43889445,true,2157163,38738269,1763819,538842,326771,4156
13,../model_20160226_1944186213.uvl,48,56,68065965,false,1808778,63429073,1789496,579264,298633,3814
6,../model_20190416_545039882.uvl,21,21,31594986,true,1568251,27533979,1826155,213757,121127,3523
0,../model_20160301_235863217.uvl,20,27,29432433,true,1539525,25719150,1548803,213532,132993,3638
2,../model_20150512_534005467.uvl,31,32,55293402,true,1782491,50747769,1708713,362478,315347,3878
14,../model_20131122_913576973.uvl,23,23,29887072,true,1569948,26383927,1538534,114507,67086,2074
9,../model_20150713_1448325014.uvl,32,27,32927154,true,1673188,28621876,1719069,279698,266132,3918
4,../model_20170308_1789444441.uvl,28,28,34531855,true,1641903,30665336,1584740,147965,153050,3430
1,../model_20190328_829158427.uvl,14,16,23982440,true,1811593,20175890,1561069,114732,60175,2928
10,../model_20160122_407616496.uvl,29,26,43903798,true,1739040,39946200,1622640,154368,87307,2146
8,../model_20140614_1599125118.uvl,13,12,38171103,true,1555670,34094536,2010087,143104,82963,5101
12,../model_20190917_1598073515.uvl,16,16,21363301,true,1545607,17801161,1548967,147440,74411,3635
7,../model_20160329_1092215724.uvl,17,22,27414942,true,1595816,23853114,1503393,155657,77163,2559
11,../model_20151122_103763227.uvl,47,20,32525712,true,1840781,28298082,1685908,191427,100065,3186
13,../model_20140819_424669215.uvl,17,17,22512150,true,1587951,18711989,1641264,91177,53702,2805
5,../model_20160906_1914580505.uvl,31,28,34163200,true,1634194,30301161,1624674,144622,96681,3095
2,../model_20121212_1167666293.uvl,15,17,35662860,true,1813078,31962811,1438514,99091,62115,2412
15,../model_20190917_1855142600.uvl,38,33,32012271,true,1792846,27689328,1843545,174105,162681,3190
3,../model_20131121_194495737.uvl,12,10,22576917,true,1406328,19036727,1644270,138809,77088,3564
9,../model_20190917_1294871534.uvl,16,13,24030789,true,1549074,20548541,1540863,89894,52002,2766
14,../model_20140428_1301432646.uvl,72,71,49316031,true,2203591,43265416,1911533,335189,1076333,2572
4,../model_20130917_737900063.uvl,13,15,24218673,true,1544189,20690327,1542603,106808,60695,2111
1,../model_20100904_226530663.uvl,38,38,49432323,true,1869965,44766140,1806495,288310,291650,3690
8,../model_20160726_1855902901.uvl,12,13,23187596,true,1588247,19597982,1594943,84252,50315,2502
12,../model_20111129_1932950448.uvl,13,13,35506145,true,1467624,32029618,1623890,118651,77141,3918
11,../model_20110826_1180494500.uvl,24,24,42642935,true,1635869,38418919,1873200,238104,136005,4095
5,../model_20191012_1432325334.uvl,40,38,56471071,true,1872736,51537145,1853259,455607,350619,4031
13,../model_20110214_751339643.uvl,56,128,156925156,true,2274253,149010829,2468551,1674754,987920,4501
2,../model_20120718_813832704.uvl,11,12,31407143,true,1458746,28159446,1469295,78424,50539,2210
6,../model_20160330_1632759327.uvl,19,13,30772855,true,1373562,27373489,1623788,96311,51941,2553
3,../model_20120411_196667302.uvl,26,23,26816172,true,1508115,23184833,1653382,153089,84058,2390
15,../model_20170527_1802227256.uvl,11,13,23427196,true,1601256,19930951,1440989,121222,90299,2705
4,../model_20171028_1906143627.uvl,13,14,38982456,true,1669158,35160673,1617193,183558,105404,3368
14,../model_20131210_413521746.uvl,13,14,74668597,true,1556265,70814109,1753128,188825,106389,4056
8,../model_20230615_1063099089.uvl,38,18,61607832,true,1671363,57829118,1516966,147989,96794,2348
12,../model_20130115_768867592.uvl,11,9,26856299,true,1411019,23490136,1608676,77405,42007,2010
10,../model_20190513_1749709644.uvl,20,23,31608016,true,1882504,27735706,1464194,149960,76790,2176
11,../model_20130224_1469220523.uvl,10,10,23756784,true,1427575,20249879,1665759,114711,69652,4026
5,../model_20140305_1485634182.uvl,28,29,31543588,true,1679583,27612483,1678426,158040,89155,2123
7,../model_20221229_1000010819.uvl,17,17,84575960,true,1414089,80937086,1750251,170092,100771,3753
13,../model_20160913_269001380.uvl,49,43,46616837,true,1733672,42078949,1834841,366677,163266,2565
2,../model_20150228_222823272.uvl,37,43,34486126,true,1720424,30571743,1580075,232169,132555,2425
3,../model_20131206_656913635.uvl,13,15,36546336,true,1441850,32805010,1715615,204237,110547,4744
6,../model_20130725_1929838118.uvl,41,27,58090269,true,1725229,53448630,1910166,366773,212797,3846
15,../model_20120201_865979127.uvl,28,36,54026748,true,1653485,49802880,1848828,250897,123582,2247
4,../model_20100830_561967343.uvl,32,31,45918275,true,1597617,41586224,1956405,299514,166701,4222
9,../model_20160812_1476754989.uvl,10,10,25915272,true,1366484,22440003,1694197,153811,49322,2373
0,../REAL-FM-16.uvl,26,29,28286016,true,1679184,24484245,1605620,164118,96211,2981
12,../model_20170316_174511349.uvl,16,17,35454151,true,1672686,31402776,1747534,206102,120824,3882
1,../model_20190228_1201197026.uvl,16,18,41852626,true,1721994,37790027,1783832,184925,113685,4829
10,../model_20160330_925748995.uvl,16,12,35020689,true,1635892,31260696,1655056,114095,63430,2723
11,../model_20230422_2139223494.uvl,37,34,53304266,true,1623120,48857705,1856093,424706,188321,3813
7,../model_20190917_552843992.uvl,10,7,18620173,true,1280884,15532845,1479829,60662,33605,2715
5,../model_20230323_901833353.uvl,74,62,43801818,true,2284011,38539161,1875873,342619,196478,3334
15,../model_20160603_398155586.uvl,15,10,25208307,true,1516630,21604938,1590023,136561,77631,3652
4,../model_20200813_1618100589.uvl,28,28,25209104,true,1500833,21697259,1467582,157372,80490,2096
0,../model_20160322_2014722365.uvl,54,54,39165601,true,1917457,34745200,1702258,311134,161621,2713
9,../model_20161128_1478224089.uvl,77,66,55468677,true,2156976,50631164,1680959,314510,177901,3123
14,../model_20110507_674768061.uvl,40,52,50833103,true,1750697,45696466,2048623,619719,326507,4123
10,../model_20131112_1591180910.uvl,29,25,32050741,true,3123572,26878050,1541006,135002,78114,2447
12,../model_20150506_306101537.uvl,33,33,28868516,true,1520200,25078181,1670629,158203,89614,2267
1,../model_20180222_1925875374.uvl,45,43,42673704,true,1880823,38170394,1878014,202331,125688,2326
11,../model_20151216_1220822165.uvl,15,15,37125610,true,1345701,33596881,1697525,154902,89601,3310
8,../model_20190917_75070341.uvl,33,15,27562675,true,1745865,23612006,1692232,133777,69428,2493
5,../model_20121025_1656878048.uvl,26,26,43252464,true,1725485,38798804,1963188,257651,158551,4308
15,../model_20140205_954857783.uvl,11,9,38111784,true,1482283,34271497,1854288,137254,85522,4894
7,../DELL-LAPTOP-NOTEBOOK-FM.uvl,47,122,162708475,true,2212375,156664784,1839003,1079855,592169,2766
4,../model_20150330_63301402.uvl,11,9,27206817,true,1524771,23826165,1516114,67621,38622,2327
2,../model_20121018_271963732.uvl,16,15,24163010,true,1410442,20790144,1570394,93943,56600,2184
13,../model_20200901_328439811.uvl,35,20,45445947,true,1912262,39729550,1719192,285743,1480606,3704
3,../model_20160822_713171625.uvl,28,29,44118378,true,1756695,39599397,1905815,313423,180446,3994
12,../model_20190504_755268837.uvl,43,46,43578243,true,1917281,39003722,1825626,273443,140613,2300
11,../model_20180226_492552032.uvl,11,7,25294375,true,1475315,21989614,1469936,67870,37637,2067
1,../movies_app_fm.uvl,13,10,30036329,true,1616257,26046014,1845527,152300,82525,4790
8,../model_20170215_1278541927.uvl,41,39,37569197,true,1971943,33332206,1574387,191393,108898,2228
5,../REAL-FM-7.uvl,14,15,28928587,true,1652868,25083570,1693363,146601,62011,3726
15,../model_20160504_1687809818.uvl,30,28,65849217,true,1719617,61773990,1630336,228827,130522,4035
7,../model_20150306_503606823.uvl,27,26,45670098,true,1594964,41369035,1983637,266924,151726,4364
4,../model_20170228_1437582980.uvl,10,10,28378170,true,1736600,24596912,1618300,101249,61718,3343
13,../model_20141202_104116345.uvl,10,9,21810275,true,1370259,18424028,1604930,84120,56278,2339
2,../model_20141106_309720283.uvl,57,54,51137944,true,1968275,45923237,2077544,458204,247051,3858
3,../model_20111029_1654942500.uvl,37,27,45019714,true,1924284,39228040,3176287,200582,105741,2933
6,../model_20230322_307237036.uvl,29,23,32964942,true,1619420,28999586,1796596,146971,109058,3403
12,../model_20100324_1996898492.uvl,11,14,32141223,true,1550396,28431894,1678987,166724,96419,3674
11,../model_20121123_1807427529.uvl,17,18,38865035,true,1595935,34942423,1679908,229612,115735,4093
1,../model_20200817_1333981485.uvl,33,20,45410245,true,1775824,41285356,1729319,157085,88881,2731
9,../model_20110216_608697455.uvl,14,18,42033121,true,1720828,37951886,1732985,213243,120477,4215
14,../model_20120902_865058601.uvl,19,19,35503171,true,1910356,31368684,1617280,192968,114167,4896
10,../model_20170918_1157652981.uvl,48,29,39240644,true,2023929,34655446,1758929,226951,144580,2764
5,../model_20151116_762410606.uvl,29,29,38648284,true,1825085,34600361,1648779,150444,92995,2266
0,../model_20140310_1916029542.uvl,144,54,126500451,true,3441701,118201327,2585444,918861,512894,4883
7,../model_20120824_761159432.uvl,23,20,31982588,true,1707326,28178343,1570038,168846,82450,3772
3,../model_20171005_1816009957.uvl,10,7,19644691,true,1292281,16482246,1575651,67692,39613,2478
13,../model_20230322_342259021.uvl,33,29,36561112,true,1732322,32495962,1771225,158632,100021,2785
6,../model_20160905_338518821.uvl,25,25,27623117,true,1550132,23781437,1696114,208053,116208,3167
12,../model_20150614_1325491211.uvl,24,26,27809296,true,1632085,24123019,1501278,143295,83006,2206
1,../model_20131129_1765219729.uvl,14,14,27098264,true,1646700,23546479,1467272,95832,54460,2257
11,../model_20150610_685576256.uvl,15,17,37573967,true,1658734,33463278,1806180,198964,122075,4969
10,../model_20150715_75174593.uvl,17,16,63144621,true,1688851,59449199,1555602,98377,56413,2578
14,../model_20091009_1552375070.uvl,37,40,45721999,true,1790245,41577420,1670407,215729,117797,2569
0,../model_20180509_988672632.uvl,27,18,42072091,true,1514565,38597465,1531812,125654,70089,2275
5,../model_20120425_1998125226.uvl,71,71,49355271,true,2076575,44413301,1829915,372656,181507,3458
8,../model_20160330_999254735.uvl,14,14,27374757,true,1352013,23706446,1870354,119456,71228,4084
3,../model_20150411_1026005127.uvl,10,12,36909772,true,1611958,32968618,1872459,142751,88152,3979
7,../model_20230120_1200060194.uvl,20,20,40125397,true,1550262,36261626,1707048,202115,122090,4222
15,../model_20131202_1575628003.uvl,19,19,40576312,true,1755943,36381636,1812184,193182,110817,3762
13,../model_20150523_372542452.uvl,47,35,62011771,true,1889822,57556624,1695400,238671,190367,2462
4,../model_20200413_90255108.uvl,48,41,54510164,true,2203378,49790980,1861334,218285,128214,3055
6,../model_20130418_1158438101.uvl,19,12,43358331,true,1565912,39455506,1798390,187362,107985,4037
2,../model_20170911_1850240044.uvl,13,13,35081703,true,1528858,31133276,1918969,135490,80197,3903
1,../model_20200524_149606280.uvl,35,42,86221398,true,1847223,81872692,1707864,257348,154480,2985
10,../model_20160506_174377233.uvl,40,22,46086364,true,1900927,41453889,1902213,274881,150996,3665
14,../model_20190220_184230257.uvl,38,42,48021308,true,1971694,43800500,1523099,261805,159993,2105
9,../model_20200811_368165701.uvl,11,10,60308271,true,1668241,56478632,1773753,68541,40604,2343
8,../model_20160125_1378351345.uvl,38,33,46833071,true,1806479,42305918,1973149,228665,109127,2738
5,../model_20130302_1361528923.uvl,10,11,39317860,true,1646479,35354168,1705992,266206,87224,3319
3,../model_20150703_1928436983.uvl,10,10,21622709,true,1708736,18043387,1580149,62433,36650,2049
7,../model_20130726_597280131.uvl,47,44,42012206,true,1778599,37809629,1603373,329661,148433,2990
15,../model_20120422_2100930135.uvl,25,27,28038954,true,1925364,23953781,1569809,160752,84206,2566
13,../model_20190223_2034909826.uvl,88,28,64180793,true,2116337,59230760,1900730,309213,170658,2315
2,../model_20230630_666266911.uvl,13,13,40786468,true,1389361,37239643,1635374,176184,102510,4189
6,../model_20170921_244476382.uvl,47,33,59986200,true,2009590,55417609,1661238,273295,191789,2917
12,../model_20140824_2115796112.uvl,43,49,39563770,true,1813376,35100780,1905695,241380,134499,3049
14,../model_20120110_1719396361.uvl,10,10,30360084,true,1674415,26767245,1506845,150065,47429,1942
11,../model_20111201_1252018702.uvl,61,40,43566648,true,1803962,38937016,1844394,350275,153780,3500
10,../model_20130821_1446947208.uvl,49,49,38368187,true,1950422,33794984,1826278,227256,124626,2135
8,../model_20140615_1417385367.uvl,35,30,33929199,true,1655437,30014207,1579638,189583,143915,2638
0,../model_20151117_1411945431.uvl,22,22,32962994,true,1605654,29347934,1551603,122784,77261,2509
3,../model_20200503_927740000.uvl,21,23,40358516,true,1821040,36528195,1515858,133278,76751,2522
15,../REAL-FM-2.uvl,23,18,26206919,true,1527645,22559212,1582054,132581,72895,2218
7,../REAL-FM-11.uvl,67,65,45766071,true,1864320,40942128,1954217,338068,219517,2239
6,../model_20190214_582844610.uvl,11,11,26475244,true,1625415,22929192,1519313,87405,47746,2759
4,../model_20150310_1191030699.uvl,30,33,39113145,true,1849218,34901549,1640944,183004,182547,2777
12,../model_20161107_751073207.uvl,11,11,19599900,true,1385335,16407106,1468866,67686,40580,2753
1,../model_20100625_251719781.uvl,16,16,26523301,true,1666071,22782423,1690360,88682,55934,2250
13,../model_20190219_265960660.uvl,178,140,127330798,true,4553124,117165972,3059282,769471,825491,3164
10,../model_20150411_1055039600.uvl,18,13,31359588,true,1638237,27743759,1544514,95053,52956,2884
11,../model_20160524_3029237.uvl,19,17,37967365,true,1801906,33889890,1598320,218659,122857,3670
8,../model_20110203_1382675896.uvl,14,14,22908361,true,1613606,19074827,1797835,86634,48070,3287
0,../model_20100719_944437142.uvl,29,25,31121415,true,1448253,27358265,1731187,183607,93836,3039
3,../model_20150715_1425609053.uvl,12,10,32191625,true,1578490,28612021,1615491,75065,42915,2608
9,../model_20100308_1032655961.uvl,15,16,82281515,true,1660256,78567531,1621997,100843,57474,1819
5,../model_20190929_1773228224.uvl,17,25,29312727,true,1628091,25361047,1764149,171883,87338,2682
15,../model_20171128_2320585.uvl,14,13,23222272,true,1521199,19542131,1763291,83182,44325,2428
7,../model_20100904_330653656.uvl,10,10,19834849,true,1585069,16239780,1647602,65068,38805,1971
6,../model_20190416_284413958.uvl,37,35,37123318,true,1746842,33230751,1506106,195029,160941,2516
4,../model_20221122_1612835830.uvl,20,16,31074750,true,3166334,25552151,1794136,168297,65419,3200
1,../model_20160519_1235536625.uvl,34,33,49933156,true,1623517,45694795,1869891,280525,136852,2514
11,../model_20160919_825563014.uvl,11,10,35147561,true,1819238,31154140,1690358,126090,74386,3312
13,../model_20170317_1165725.uvl,50,57,56961168,true,1983285,52543985,1651847,285640,151966,2708
0,../model_20221009_1635938665.uvl,42,32,33038275,true,1433059,29315893,1639149,189023,100139,2308
14,../model_20221229_2070974785.uvl,17,17,29396787,true,1745695,25564151,1642650,95757,56890,2411
3,../model_20121018_1495134161.uvl,17,15,39278398,true,1572991,35447322,1698920,174794,95495,3942
9,../model_20161125_1777261352.uvl,33,28,28757928,true,1757230,24751560,1612503,180503,175549,2650
7,../model_20150527_830434674.uvl,34,34,32466546,true,1826499,28311309,1692358,164681,101625,2695
6,../model_20140411_114609198.uvl,12,18,25810753,true,1479819,21585940,1489204,917103,68413,2239
4,../model_20150521_1988107963.uvl,17,15,23664618,true,1621045,20222583,1374859,98513,66374,2352
1,../model_20110428_1131293346.uvl,13,13,27624468,true,1593121,23911826,1744688,73732,45294,3044
11,../model_20160303_1645051071.uvl,17,15,28753383,true,1468880,25165341,1576508,107034,57698,2101
13,../model_20190922_1316746975.uvl,22,22,24254094,true,1557521,20940385,1352484,114693,62436,2134
2,../model_20131111_1434736548.uvl,34,34,33500741,true,1814271,29346181,1688007,183781,176383,2192
12,../model_20190917_80747458.uvl,16,14,27997943,true,1601740,24353712,1601789,91341,54294,3016
0,../model_20190221_1604245950.uvl,18,18,25171417,true,1313869,21993545,1457409,138250,66106,2708
10,../model_20150105_1168070568.uvl,17,12,32041063,true,1705686,28125622,1721489,140082,76729,3580
3,../model_20230322_1548752135.uvl,45,32,48504403,true,1796968,44122953,1828771,214446,115111,2531
8,../REAL-FM-19.uvl,30,35,37519277,true,1694042,33131793,1794432,350323,184373,3655
9,../model_20120710_919309758.uvl,19,8,40563148,true,1665364,36611625,1691289,170268,87645,4057
7,../model_20150304_173081072.uvl,20,27,29331426,true,1551077,25683826,1539866,161334,91591,2571
6,../model_20130725_608010428.uvl,12,12,35715705,true,1539616,32041742,1651997,121681,77881,3369
15,../model_20120531_2078087379.uvl,17,20,40775955,true,1714984,36702445,1741723,219702,131907,3454
5,../model_20170115_352040991.uvl,17,18,34533174,true,1711663,30690598,1625117,104326,67831,2240
1,../model_20130522_2044729096.uvl,31,26,46730267,true,1864878,42620759,1644624,156612,87231,2284
11,../model_20160520_681202886.uvl,11,10,23949314,true,1493304,20677545,1454487,67981,38480,2128
12,../model_20200819_498504850.uvl,31,28,27879003,true,1534793,24088969,1626365,206397,84303,2629
13,../model_20170919_1425490791.uvl,47,42,45471270,true,1780326,40872656,1843747,325472,211157,2087
2,../model_20160329_1999221629.uvl,24,24,26715334,true,1743603,22781061,1670920,121771,71941,2295
0,../model_20170419_185164278.uvl,17,12,38258818,true,1388036,34626651,1704835,175241,100726,3731
9,../model_20170706_1181552122.uvl,11,12,35143818,true,1506375,31600110,1601735,91665,79626,3017
8,../model_20111220_1450733948.uvl,41,13,31135641,true,1669029,27100937,1793537,170444,73066,2988
14,../model_20160329_864839294.uvl,22,21,27373682,true,1381898,23595228,1941197,117339,66789,2430
7,../model_20221125_1235088379.uvl,25,15,46120343,true,1514234,42563418,1561649,121538,68391,2898
5,../model_20200907_1296105910.uvl,35,21,47799971,true,1882006,43230014,1767004,264332,257053,4014
15,../model_20161212_1631452800.uvl,23,25,53307249,true,1947005,48627014,1832063,357182,189400,4139
6,../model_20110525_1619420630.uvl,45,41,93899241,true,1983124,89129430,1693357,355362,273227,4714
11,../model_20121123_1014773113.uvl,16,16,34909312,true,1579521,31102640,1751718,173114,101150,3719
4,../model_20160907_1816738180.uvl,10,8,21059040,true,1573120,17694151,1425931,65495,36834,2487
12,../model_20170321_1279222212.uvl,10,10,35938416,true,1641794,32062280,1743665,144192,81500,3917
2,../model_20110323_789959080.uvl,15,11,32077187,true,1606104,28297261,1716888,130982,77055,3699
0,../model_20140209_1802656178.uvl,26,13,31672179,true,1748389,27712934,1654528,150829,70248,2536
14,../model_20141114_653359930.uvl,32,41,73315042,true,1725002,69098826,1784238,215592,117125,2029
7,../model_20130621_2143921379.uvl,29,32,31967080,true,1545472,27633599,2086610,241805,101710,2090
3,../model_20230322_1028761227.uvl,18,15,39136496,true,1538306,35191580,1823328,176980,101363,4180
10,../model_20120328_593032745.uvl,19,18,39562880,true,1783958,35459604,1705798,197519,112164,4105
5,../model_20141103_771283347.uvl,10,10,23876940,true,1538734,20408691,1541990,85334,47147,2492
15,../model_20101123_920943759.uvl,15,15,29787163,true,1576050,26147032,1574953,136273,86281,3764
8,../model_20170424_781699396.uvl,142,84,112744268,true,2711668,106425223,2112532,575637,378713,2538
4,../model_20180306_1553572984.uvl,47,47,39527361,true,1672620,35400787,1790994,220423,134733,2353
2,../model_20120328_1309817018.uvl,14,14,32436320,true,1597445,28980141,1483093,77653,48041,2291
12,../model_20121018_201916182.uvl,16,15,36300989,true,1480600,33045908,1341240,149818,54757,2944
1,../model_20140905_372428255.uvl,13,10,21030238,true,1567338,17310700,1768237,75092,44647,3010
0,../model_20151102_2085331426.uvl,51,45,40230249,true,1719288,34346789,3272225,290309,160532,2278
13,../model_20171207_711618687.uvl,13,13,20933257,true,1571893,17185819,1776531,75752,45096,2493
7,../model_20181104_43638915.uvl,10,8,20411261,true,1398980,17044085,1522679,119798,71644,4160
10,../model_20160906_802533043.uvl,21,24,44918652,true,1384594,40953235,1732352,259535,308880,4139
3,../model_20130529_167247656.uvl,16,16,25146596,true,1537745,21599956,1555505,97117,59487,2299
5,../model_20181118_1641295184.uvl,12,11,24324513,true,1654933,20692918,1567618,81283,48010,2293
15,../model_20140411_279155356.uvl,11,12,21527859,true,1284880,18487631,1415403,70608,46035,2307
8,../model_20131113_2067550021.uvl,42,46,39964574,true,1828214,35478998,1891923,251362,129655,2260
4,../model_20150223_771673981.uvl,26,18,39158595,true,1759665,34812677,1917600,255623,141931,5161
2,../model_20130122_92211527.uvl,11,14,37462966,true,1669371,33805360,1563984,113555,59755,2084
12,../model_20150509_1341412445.uvl,10,9,27392784,true,1604465,23784813,1631637,71925,43245,2110
6,../model_20230322_1036375763.uvl,40,27,32273188,true,1758295,27923205,1885315,200210,101143,2806
0,../model_20100730_1366577700.uvl,32,37,31763691,true,1762560,27740461,1598888,186633,107686,2087
11,../model_20131112_1165253679.uvl,27,24,28802816,true,1587910,25027794,1649717,139649,84008,2384
1,../model_20230322_1814026223.uvl,20,18,22932843,true,1400299,19529592,1574105,104681,59020,2764
7,../model_20200829_1325519775.uvl,22,22,41615040,true,1702877,37545237,1693556,215733,125818,3851
14,../model_20140209_576830157.uvl,27,33,57423579,true,1802807,53112234,1646488,357262,177323,3663
5,../model_20140628_1177734570.uvl,29,32,44167324,true,1882639,39913273,1680033,225475,120871,3076
15,../model_20160315_697003579.uvl,27,20,27757431,true,1788665,23886458,1563881,124715,67943,2566
10,../model_20170316_1430061931.uvl,60,253,251870526,true,3091592,208540350,2046461,1909310,35684008,2683
9,../model_20180511_622669496.uvl,18,18,24582433,true,1555494,20984776,1676279,99711,56040,2031
8,../model_20140411_1742095150.uvl,12,23,46302169,true,1578199,42625614,1585265,166331,81917,2098
12,../model_20120822_650185552.uvl,25,23,36126755,true,1639385,32311748,1653223,159985,82921,2680
11,../model_20170502_101132737.uvl,33,37,40366378,true,1795498,35966773,1840241,248658,140699,2823
0,../model_20130410_2115212559.uvl,11,10,33804516,true,1475966,30221713,1639543,124388,72841,4054
6,../model_20200901_40084439.uvl,26,26,43766424,true,1564319,39689573,1808776,253570,147678,4120
1,../model_20160304_168615633.uvl,29,32,35804335,true,1837296,31660612,1660092,178425,101446,2910
13,../model_20140402_1108338221.uvl,10,8,26644891,true,1540227,23139534,1542560,102997,59942,3801
7,../model_20130916_1894002979.uvl,16,16,35061828,true,1723172,31419855,1463446,94880,58459,2792
14,../model_20130604_1500555803.uvl,13,13,26726487,true,1550267,22804070,1851183,140558,88688,3823
5,../model_20141107_655975442.uvl,10,9,35218733,true,1368235,31773451,1611900,130961,78123,4082
15,../model_20171016_2132568250.uvl,12,4,36927666,true,1552566,33237487,1692971,112416,59691,3522
3,../model_20120328_794090001.uvl,22,22,94179952,true,1685505,90233377,1767701,111215,64347,2255
10,../model_20141023_437365215.uvl,35,38,41902544,true,1892533,37348341,1747613,393817,221417,3613
9,../model_20140819_1020837515.uvl,63,68,46329757,true,2044445,40165126,3158045,319487,172961,2098
0,../model_20110124_2116036381.uvl,18,18,23862698,true,1619064,20204922,1584949,111945,65829,3185
6,../model_20100824_837146809.uvl,22,22,35438688,true,1787033,31445138,1610732,154418,102320,3437
4,../model_20120424_1703152596.uvl,59,45,106424202,true,2074279,100970664,2076864,486111,328647,4192
2,../model_20121219_629525870.uvl,18,24,31546237,true,1562380,27656508,1677157,260126,131206,2889
1,../model_20140428_1917957920.uvl,63,62,66173036,true,2043557,61181015,2012073,292077,166243,2466
13,../model_20230323_1102049462.uvl,17,17,23208632,true,1592681,19574754,1543386,147294,56753,3209
14,../model_20120124_94644767.uvl,12,12,21851084,true,1507071,18190401,1747841,81723,49877,2411
15,../model_20150616_74187279.uvl,17,11,22574080,true,1703870,18939363,1497211,101837,76554,2533
3,../model_20121123_913179730.uvl,17,16,23674064,true,1556551,20227586,1493257,101717,63264,2690
10,../model_20221220_1576677705.uvl,14,10,29150560,true,1515183,25775139,1459461,95655,49443,2098
9,../model_20200901_2052923297.uvl,21,21,22771721,true,1425242,19382582,1497061,108148,59231,2028
0,../model_20170312_968402737.uvl,49,33,40115216,true,1497549,36284756,1626031,252469,180632,3088
6,../model_20200517_1501498720.uvl,11,12,23473514,true,1678777,19662662,1713626,94168,58015,3001
8,../model_20151123_702303189.uvl,40,44,49675814,false,1815297,45611941,1678024,230142,130052,2827
4,../model_20160106_443157632.uvl,13,13,21052418,true,1417927,17730571,1510541,74884,47316,2887
12,../model_20150305_94122420.uvl,31,31,47087251,true,1560583,42960781,1830117,277912,160452,3238
2,../model_20160913_600398973.uvl,48,38,40068918,true,1677513,35718941,1862748,255831,137423,2270
11,../REAL-FM-5.uvl,17,27,37785413,true,1846691,33556054,1671528,230440,192463,3887
13,../model_20180110_870365297.uvl,10,11,36060610,true,1526274,32237972,1660794,263370,90012,3537
14,../model_20160330_1306243394.uvl,21,21,24284119,true,1492661,20852159,1462386,107520,61070,2093
15,../model_20170904_444361354.uvl,46,33,52343373,true,1675189,48281985,1792441,203316,115782,3009
7,../model_20140902_941000321.uvl,13,11,37439970,true,1883454,33273623,1767696,144086,81219,4137
3,../model_20121018_1186774722.uvl,16,15,33588225,true,1405335,30079307,1696864,88489,51808,2157
9,../model_20120111_1667229430.uvl,24,19,31150561,true,1574554,27474315,1587742,131399,73572,2252
5,../model_20140420_1899694432.uvl,55,54,70098624,true,2263501,65201754,1714963,275179,186905,2931
6,../model_20160309_1721210506.uvl,14,11,37417299,true,1493984,34023557,1442704,131548,79585,4032
4,../model_20120205_24117969.uvl,34,34,28652291,true,1908342,24334841,1742586,172379,101339,3247
2,../model_20121018_242475712.uvl,16,15,25577739,true,1668154,22043785,1449632,89465,51823,2329
12,../model_20101124_661702924.uvl,15,15,42628680,true,1595475,38572285,1834858,215300,113334,3491
11,../model_20170919_1946252337.uvl,48,29,40957831,true,1955230,36441410,1729750,284514,129112,2925
13,../model_20180304_290046860.uvl,48,28,40716495,true,1964939,36119925,1886855,217884,116621,2931
14,../model_20160420_1926809017.uvl,12,5,30920299,true,1545246,27305935,1717190,65791,33040,2295
1,../model_20171016_1973576375.uvl,11,13,68026399,true,1512889,64436708,1584398,145184,80599,2994
15,../model_20151202_1529785580.uvl,40,40,43471344,true,1922343,39087087,1697770,230075,120105,2633
9,../model_20150506_2068045691.uvl,20,20,30138903,true,1609504,26239522,1666666,201755,107478,3817
5,../model_20101208_1056693380.uvl,25,25,42293175,true,1565575,38143715,1900074,249687,138247,3276
4,../model_20200128_1669015551.uvl,23,19,31034283,true,1652517,27266272,1668421,116153,66810,2065
6,../model_20150302_1660900120.uvl,31,34,39556726,true,1587741,35371779,1810195,291384,175448,3513
10,../model_20121018_1970318852.uvl,16,15,23029647,true,1549371,19558851,1537409,88250,50597,2300
0,../model_20190510_899437477.uvl,13,11,22033040,true,1551869,18407676,1672359,78008,45496,2123
2,../model_20150310_563618715.uvl,33,40,44220780,true,1686162,39773790,1872072,328490,186542,3609
11,../model_20110715_945252556.uvl,32,32,39090845,true,1972882,35081813,1517440,151966,90954,2127
12,../model_20111111_1026730216.uvl,37,29,67327555,true,1971795,27831762,1725062,176103,35230349,2084
8,../model_20200901_1615961503.uvl,38,29,36070381,true,1919273,31681138,1696604,273733,106931,3015
1,../model_20110704_555218409.uvl,11,11,34503636,true,1408189,31032873,1634572,129596,74534,3927
9,../model_20150423_1415525319.uvl,27,21,27584209,true,1728191,23622769,1620863,166868,88264,3157
3,../model_20160912_1428022317.uvl,49,57,46481848,true,1542219,42009570,1933271,425919,170897,2312
7,../model_20130809_353548541.uvl,57,52,43653290,true,1831804,38687796,2215602,294350,196014,3551
6,../model_20140425_366530615.uvl,11,10,20970278,true,1478964,17363615,1650330,159422,48248,2086
4,../model_20160330_387052519.uvl,21,13,42642287,true,1531693,38795069,1723561,196220,99211,3747
10,../model_20230609_1502711362.uvl,22,22,41885825,true,1653911,37882134,1713362,218633,136862,4504
0,../model_20200403_1286696698.uvl,37,34,36082953,true,1696090,31830664,1802897,201212,100697,64960
2,../model_20131112_1855381012.uvl,31,30,29130003,true,1815762,25012250,1699022,148268,85966,2556
12,../model_20180511_935028612.uvl,20,23,35903787,true,1590652,31687615,1854311,324081,127300,4316
11,../model_20140306_1313194877.uvl,32,31,48287652,true,1721582,43822945,1921611,263174,172777,4059
8,../model_20200810_1781368898.uvl,21,20,95900704,true,1601688,91815494,1805919,216481,123767,3349
1,../model_20230322_208918165.uvl,40,27,35993541,true,1827962,31356736,1936686,291517,159181,3349
13,../model_20230322_1573076538.uvl,17,16,27429875,true,1704940,23607044,1703138,102925,54532,3216
14,../model_20200425_1144751894.uvl,10,12,38322465,true,1669302,34460705,1669668,175271,92573,3796
15,../model_20230322_1882971454.uvl,21,21,39436318,true,1572390,35445173,1776690,203236,124992,3536
9,../model_20121025_1453237615.uvl,20,20,23623881,true,1680179,19916908,1530913,107090,64883,2791
3,../model_20151124_1131991591.uvl,34,34,37272628,true,1663658,32864548,1823259,334496,188266,5009
4,../model_20130226_1908057354.uvl,16,14,36754737,true,1624272,32690003,1835501,200092,108793,4232
7,../model_20140914_775838300.uvl,24,24,45347621,true,1641907,41030063,1970768,234480,133346,3561
0,../model_20230323_1108197556.uvl,17,15,33608034,true,1581706,29917632,1557059,154860,89197,3815
2,../model_20110330_919429247.uvl,25,27,45497772,true,1727796,41488649,1727085,142930,86005,2370
12,../model_20160716_1943328700.uvl,18,17,36196712,true,1667652,32503056,1557097,99200,58641,2483
11,../model_20200225_1125771038.uvl,43,40,37604658,true,1956006,32712025,1878776,428633,239554,4484
8,../model_20120201_899753062.uvl,27,31,44941161,true,1779062,40806157,1639575,250215,123301,2112
1,../model_20131112_1630582425.uvl,28,20,33648782,true,1608723,30054347,1529131,129837,102341,2607
13,../model_20190416_886742925.uvl,12,12,35885690,true,1642991,32110132,1637699,134502,82237,4159
5,../model_20230426_159926820.uvl,59,43,97661362,true,2072071,92679705,1970809,270511,189040,2788
14,../model_20131112_64627122.uvl,13,12,35758095,true,1552688,32071696,1742252,79482,45988,2552
15,../model_20120920_383492576.uvl,11,12,24533378,true,1608566,21023334,1532623,77617,49775,2595
9,../model_20130916_1983257725.uvl,16,15,38924427,true,1634897,35072444,1766771,95389,59926,2312
3,../model_20120609_84195762.uvl,26,21,46873915,true,1750464,42522798,1847685,248444,132819,4305
4,../model_20140328_1965511118.uvl,10,10,29085159,true,1599050,25544756,1543424,109553,62155,3843
7,../model_20180927_642324190.uvl,51,46,40326905,true,1838388,35915448,1751077,287545,135496,2726
6,../model_20150611_578706116.uvl,13,12,25496124,true,1581537,21800791,1723920,77261,44565,2951
12,../model_20200320_13307140.uvl,10,10,24784800,true,1572462,21205488,1576912,121463,72666,3674
11,../model_20110216_1027109687.uvl,12,16,26467922,true,1688967,22675891,1597951,121339,104491,3755
10,../model_20160519_1444507509.uvl,41,42,78068177,true,1844518,72994815,2065227,461083,298827,3500
1,../model_20170904_998227463.uvl,42,37,33485681,true,1592511,29579706,1692719,208036,123711,2378
13,../model_20140614_436006902.uvl,25,25,40399178,true,1601393,36480136,1592332,303888,153365,3193
5,../connector_fm.uvl,20,14,41964464,true,1666740,38063704,1612042,191050,105268,4162
14,../model_20130820_1465112187.uvl,49,49,35968963,true,1793882,30579425,2802227,223251,129135,2874
3,../model_20131112_817529963.uvl,40,40,52536706,true,1804880,48294765,1649675,190168,172617,2788
9,../model_20180512_810540422.uvl,23,23,45003434,true,1640129,39792955,1787213,235697,1210783,3922
7,../model_20120419_1397354511.uvl,20,20,29383715,true,1590018,25313425,1795138,229095,130280,3878
6,../model_20190122_546529784.uvl,18,18,34096757,true,1389157,30671728,1598304,115855,70325,2420
12,../model_20170918_2076946141.uvl,16,10,26057879,true,1502825,22662629,1515076,80848,45033,2105
11,../model_20121018_1550648286.uvl,16,15,28294744,true,1562069,24704317,1537241,141363,82540,3300
0,../model_20130414_861625706.uvl,15,15,26202437,true,1543472,22480602,1638965,87314,82618,81394
10,../model_20130529_1187431770.uvl,16,16,38716625,true,1408824,35150932,1608399,182340,106171,3565
2,../model_20100415_240595643.uvl,31,32,41144116,true,1802810,36658901,1850481,306188,178016,4332
1,../model_20120328_663906927.uvl,28,25,39493997,true,1619219,35695301,1661327,137584,79478,1923
13,../model_20180222_786472237.uvl,12,7,21450275,true,1536081,18067578,1469684,69353,38897,2623
8,../model_20200815_433256797.uvl,39,33,39237494,true,1931462,34404076,1941342,353306,193070,4235
14,../model_20131203_151571988.uvl,54,51,37644185,true,1962713,32927368,1902851,263683,139242,2807
3,../model_20140917_195564800.uvl,16,16,25958584,true,1604048,22410327,1536033,94601,49861,2310
9,../model_20170918_1996976409.uvl,33,33,38038280,true,1734585,34075991,1656693,158022,94294,2442
15,../model_20140820_1349433690.uvl,22,22,40048005,true,1959976,35647212,1761599,219876,127364,3733
7,../model_20101117_2128796258.uvl,72,69,72998546,true,2147146,67318102,2314390,499902,229448,2469
4,../model_20201010_633615094.uvl,12,11,20240979,true,1475838,16811838,1622363,74900,42342,2836
0,../model_20140207_1303140975.uvl,12,12,18887402,true,1518713,15520270,1459571,70687,42437,2535
10,../model_20140410_1285833987.uvl,11,21,42386304,true,1449805,38724199,1634380,204527,181226,2662
13,../model_20190124_988857604.uvl,46,41,35610972,true,1932746,31387984,1631213,228056,118342,3692
8,../model_20130529_552715089.uvl,17,16,22708772,true,1422205,19267572,1596563,100337,57372,2109
14,../model_20190915_1211977272.uvl,22,21,27654886,true,1562997,23875452,1721334,118841,78639,2409
9,../model_20110127_1318390760.uvl,13,11,21677349,true,1411139,17205897,2705213,78155,43215,2684
3,../model_20171021_192017753.uvl,17,15,35651135,true,1431313,32237775,1618594,91660,50843,2642
5,../model_20131122_1241273029.uvl,18,18,23750727,true,1726891,19959197,1674986,95588,53586,2578
15,../model_20130510_203163945.uvl,18,12,24580383,true,1640723,20942706,1565181,88896,48142,3000
7,../model_20120328_1974817485.uvl,13,8,28279351,true,1447767,24876986,1569518,71598,39296,2161
4,../model_20120423_1625073325.uvl,32,26,35252595,true,1650352,31318759,1674591,153108,89961,2420
6,../model_20120705_77954373.uvl,22,18,30334609,true,1716644,26396906,1718190,115089,102721,4032
10,../model_20160308_190029672.uvl,33,32,36436926,true,1612377,32581955,1621023,166130,128177,3150
11,../model_20190917_1484600794.uvl,17,13,26408219,true,1536795,22796615,1629335,97105,56214,2536
12,../model_20160229_1734203468.uvl,48,29,45562131,true,1981058,41044115,1747640,231836,117348,2164
14,../model_20140511_603377022.uvl,15,14,38144561,true,1540804,34273451,1789593,159566,88565,4027
8,../model_20200121_827473084.uvl,17,17,39607595,true,1626451,35783272,1625566,173214,107103,4306
2,../model_20140322_1340045027.uvl,10,10,35608295,true,1712349,31670543,1810147,117584,68748,3351
9,../model_20101020_1809093990.uvl,20,20,62820106,true,1564305,59254581,1525798,105906,57594,2827
15,../model_20200728_429027371.uvl,17,16,28198911,true,1492008,24708977,1580525,95802,56289,2750
5,../model_20160227_1389842098.uvl,48,51,52436745,true,2161346,47747505,1705878,256518,145032,2274
4,../model_20130123_686198065.uvl,40,40,40863947,true,1845003,36144451,1876313,353904,215327,3843
6,../model_20160308_79396455.uvl,41,44,66971771,true,1898211,62007659,1946120,467515,252711,3842
10,../model_20190430_2137275351.uvl,37,35,40550730,true,1775420,36274058,1647799,232889,224476,3552
0,../model_20200128_23228584.uvl,23,23,37674254,true,1882791,33554310,1640203,191834,83880,2212
12,../model_20170618_724645944.uvl,13,14,23411324,true,1487841,19908421,1549173,169055,55106,2079
11,../model_20230322_1855764436.uvl,26,22,28232049,true,1547099,24179304,1642274,237362,137349,113975
14,../model_20200128_745414394.uvl,23,19,35406195,true,1651973,31450876,1803412,134641,71886,2259
8,../model_20140430_1532303117.uvl,32,20,29769987,true,1733419,25778381,1667223,146285,79298,2008
2,../model_20140819_709073537.uvl,43,44,57766798,true,1935792,52860764,1941948,422904,234661,4137
9,../model_20120909_341305614.uvl,32,34,34130887,true,1921060,29931868,1668750,172177,101913,2458
13,../model_20170414_1751865819.uvl,77,84,96744894,true,2324982,91264093,2017214,416817,237819,3183
1,../model_20180729_2071913647.uvl,24,29,52893206,true,1804406,48304222,1946855,334621,184036,3862
15,../model_20190917_512190943.uvl,45,37,38834246,true,1660298,34532298,1718813,365269,179420,3743
3,../model_20200819_710049424.uvl,28,25,30319845,true,1727666,26294900,1725383,198306,100174,2971
5,../model_20110428_553405269.uvl,37,29,49971109,true,1714191,45903981,1729581,207597,142355,2584
6,../model_20160329_1152124785.uvl,21,20,40623222,true,1479262,36720912,1799181,209923,119949,4722
10,../model_20161207_285955518.uvl,54,46,56726014,true,1629724,51825200,2102401,467276,272886,4306
7,../model_20150527_1979644627.uvl,72,58,75179551,true,2209194,69459993,2093534,613752,419660,4058
11,../model_20141106_1014782772.uvl,17,17,23794849,true,1526114,20166659,1637473,109236,61404,3856
12,../model_20101111_156018899.uvl,12,11,24861479,true,1578053,21193409,1692311,77071,45252,2447
8,../model_20200810_1006372985.uvl,36,36,49685724,true,1724218,45455215,1640641,300608,183833,4212
9,../model_20130121_710180273.uvl,10,11,39019993,true,1705144,35117490,1683368,156501,87337,3709
13,../model_20180305_1393570452.uvl,48,43,60702886,true,2031051,55878774,1855962,330334,166552,2545
5,../model_20120513_373795895.uvl,14,13,23264687,true,1381701,19457406,1884257,137259,81884,3533
3,../model_20121123_1672558767.uvl,15,17,23542237,true,1446252,20018939,1570717,101588,97428,3246
15,../model_20150301_300492477.uvl,33,32,36498647,true,1612789,31639208,1660792,173112,1093524,3040
1,../model_20160329_268958808.uvl,47,54,37032234,true,1558886,32924012,1668993,289542,174343,2878
6,../model_20221101_871584152.uvl,19,28,61396590,true,1733083,56711577,1952326,430968,233157,6091
10,../model_20141205_2005181775.uvl,33,28,30215082,true,1686095,26271186,1672217,157741,109377,2917
4,../model_20181019_994429580.uvl,10,10,37219758,true,1516593,33276972,1921128,142880,87058,3926
7,../model_20110525_564104612.uvl,27,32,32047198,true,1565966,28181586,1590648,186920,168672,2267
8,../model_20121018_436901160.uvl,16,15,38840521,true,1513199,35067168,1744445,148701,83121,2975
0,../model_20140403_1688136935.uvl,45,42,39053953,true,1719581,34727341,1779360,231476,179475,2992
11,../model_20141104_1527188029.uvl,140,140,92326033,true,3666876,83689579,3087689,709750,382668,2244
14,../model_20140825_2017008690.uvl,58,59,44426700,true,2169683,39459655,1876377,277457,167051,2521
5,../model_20150208_2120373387.uvl,25,21,49564688,true,1593635,45503627,1748569,312373,171486,4556
1,../model_20170505_1428478521.uvl,24,26,46042708,true,2684511,41072574,1643224,261718,156521,3804
15,../model_20110826_252647654.uvl,24,24,83971400,true,1443291,79940626,1914342,234651,137657,3907
10,../model_20110622_260389190.uvl,12,10,20643487,true,1336472,17484687,1477234,74360,39911,2371
6,../model_20140801_240918546.uvl,22,13,24779841,true,1411873,21221575,1713636,100986,53078,2110
7,../model_20121102_768518520.uvl,14,14,22852693,true,1576397,19364653,1496599,79567,53518,2881
4,../model_20171204_404453510.uvl,21,22,27878069,true,1638159,24159710,1579467,124683,70890,2502
8,../model_20140423_277886534.uvl,21,18,25122315,true,1499324,21511632,1703059,112899,61628,2757
11,../model_20100712_329430908.uvl,20,20,27474265,true,1630459,23705049,1664316,104184,63211,2743
12,../model_20140824_525404983.uvl,47,47,34006116,true,1860366,29475908,1896248,217440,123637,2308
14,../model_20120408_404695779.uvl,70,66,60314858,true,2135496,55277798,1823148,336697,253409,2449
1,../model_20121123_638033800.uvl,14,13,28305063,true,1542582,23955167,2396116,79392,45691,1988
15,../car_fm.uvl,14,12,38404369,true,1595984,34489187,1779698,164682,98179,4113
9,../REAL-FM-17.uvl,25,24,37383188,true,1810801,33020262,1842822,213680,159227,4011
0,../model_20200316_153170359.uvl,124,103,134155069,true,2485500,127823582,2147741,569789,405128,2467
3,../model_20150428_2048110240.uvl,11,12,27131739,true,1479393,23482751,1681471,139826,89487,3959
2,../model_20180917_1978871462.uvl,50,45,46226558,true,1923256,41613007,1839200,238390,166855,2455
13,../model_20130703_1107240012.uvl,64,27,47919503,true,2129259,43091893,1913721,250838,168521,2238
6,../model_20121123_1445508018.uvl,16,16,23824896,true,1517561,20252301,1630854,86646,50045,2753
10,../model_20230505_1739075744.uvl,42,45,36747965,true,1551420,32757629,1731507,216786,126994,2552
8,../model_20150411_1378086632.uvl,15,9,40273796,true,1665135,36376069,1719228,156738,87051,3492
11,../model_20110407_1283128166.uvl,51,52,63352384,true,1735863,58872044,1801419,374860,275018,3714
12,../model_20180512_276218752.uvl,36,38,39724929,true,1957452,35256024,1829161,194871,105344,1980
14,../model_20161118_228131771.uvl,66,79,48878468,false,1742247,44604644,1745484,415577,214581,2610
1,../model_20120314_1438691117.uvl,13,13,27149949,true,1612622,23463932,1645071,83119,55621,2192
9,../model_20130722_443972122.uvl,12,12,27083039,true,1550063,23431093,1660432,89355,71434,3545
3,../model_20190922_718247414.uvl,12,10,27705335,true,1605356,24279056,1476543,72895,41472,2147
2,../model_20140819_2062208658.uvl,26,26,25194004,true,1693255,21254962,1729913,131877,77251,2258
13,../model_20160620_457730604.uvl,20,20,24731313,true,1460317,21099585,1747368,133028,69200,3202
10,../model_20110301_216655728.uvl,10,10,19528870,true,1328450,16305481,1569637,68257,39236,3152
5,../model_20140422_2137156564.uvl,35,32,40136054,true,1796058,35787822,1836207,194620,155251,3024
8,../model_20151119_424700280.uvl,10,10,35710886,true,1409034,32162077,1717329,124765,69108,3826
11,../model_20121219_1714348674.uvl,10,10,25642891,true,1445665,22286567,1523686,80866,45749,2956
7,../model_20150212_1516383976.uvl,12,8,32035257,true,1653535,27891010,1965615,147246,85391,3361
12,../model_20180512_427876131.uvl,37,37,41407047,true,1814438,36959368,1707667,237216,283890,3721
1,../model_20110823_1386366267.uvl,15,14,28570202,true,1636656,24906971,1571662,92661,81252,3793
14,../model_20130916_1649901124.uvl,16,15,25806260,true,1399751,22392043,1608375,91921,50151,2360
9,../model_20140508_536536644.uvl,36,34,60605020,true,1753430,56487307,1682186,224938,122077,1966
3,../model_20120829_28461699.uvl,11,13,29284201,true,1505109,25745891,1657298,85932,52123,2291
2,../model_20110116_381192414.uvl,60,61,74649495,true,1972957,69288390,1922919,587057,436166,4120
10,../model_20150307_1251635490.uvl,35,36,50855792,true,1765047,46682412,1763887,181513,178572,3004
15,../model_20100322_955726153.uvl,20,20,42570480,true,1773179,38272271,1854892,205703,125345,4073
0,../model_20110527_1847306763.uvl,63,106,83536536,true,2329911,77667169,2039208,627080,364264,2830
8,../model_20150208_1225865238.uvl,42,34,48940992,true,1806523,44551695,1752195,314821,148458,3238
11,../model_20180514_381391194.uvl,20,20,34253474,true,1506172,30762877,1550804,106419,61204,2167
6,../model_20171018_1720986032.uvl,130,107,98009868,true,2575422,91714055,2099200,543417,356604,3075
7,../model_20131112_990013628.uvl,10,10,20895367,true,1362032,17626615,1564722,67671,55705,2265
12,../model_20141108_202761108.uvl,10,8,36129154,true,1501767,32429243,1753306,114840,67696,3783
4,../model_20120701_1498696792.uvl,11,11,20318446,true,1668545,16783357,1530783,64951,38586,2007
1,../model_20160229_707006027.uvl,13,14,27234532,true,1553718,23708241,1487268,169857,50450,2298
14,../model_20120328_1373483522.uvl,13,14,31095005,true,1679481,27301213,1655826,112790,64680,3200
9,../model_20141108_701198022.uvl,11,11,30468826,true,1360947,27005912,1661212,127793,80084,4027
3,../model_20120717_770767926.uvl,11,10,27727093,true,1671769,24173663,1547909,70178,42577,2430
2,../model_20120110_1256867454.uvl,10,10,29934424,true,1543095,26328515,1541210,213393,74111,3306
10,../model_20110605_1465859222.uvl,17,17,30386645,true,1683744,26705505,1584322,94757,57597,2686
15,../model_20110207_1623721536.uvl,27,32,42837541,false,1673878,38874774,1673851,243009,174472,3987
0,../model_20170720_160368734.uvl,14,14,26307204,true,1645096,22573458,1700537,83161,54900,2768
13,../model_20131112_2028027455.uvl,13,11,27349858,true,1415028,23734136,1776349,112504,55827,2887
5,../model_20121019_1128529660.uvl,14,12,38165231,true,1528541,34296389,1821896,151787,83990,3431
6,../model_20160304_1567363129.uvl,19,23,49934739,true,1825407,45501356,1844672,291199,159034,4375
12,../model_20091210_241985787.uvl,16,16,20882592,true,1426137,17740218,1371403,86488,51524,1935
7,../model_20170918_191476099.uvl,48,49,81233534,true,2086537,76569025,1787281,227348,131801,2803
4,../model_20170518_1713871521.uvl,15,16,61235299,true,1591405,57665157,1513177,100109,60527,2716
3,../model_20170313_788976149.uvl,12,9,24597247,true,3105404,19573536,1572800,72841,41044,2440
9,../model_20160329_304357596.uvl,23,15,43736949,true,1999146,39310677,1779714,209062,115746,3720
2,../model_20140109_637429284.uvl,11,9,22496560,true,1621320,19084214,1410634,69406,38836,3017
15,../model_20121015_1348696629.uvl,10,8,29124333,true,1436227,25355573,1922617,118608,67875,3668
0,../model_20200513_1559879338.uvl,11,11,27709835,true,1424934,24201752,1661551,117151,77922,3920
5,../model_20131112_1399418967.uvl,35,28,42074865,true,1709996,37737920,1637751,315302,288596,4800
13,../model_20160329_1144142418.uvl,54,33,45122287,true,1831993,40640116,1767185,249350,191907,3952
6,../model_20110406_656545830.uvl,17,17,28245050,true,1522987,24710934,1580487,92224,52724,2485
11,../model_20110207_906076676.uvl,12,8,27097032,true,1413958,23475016,1867229,70700,38708,2402
7,../model_20120423_1196408273.uvl,16,11,22751742,true,1551344,19337592,1468885,84121,45113,2458
4,../model_20200909_844580970.uvl,17,9,32434798,true,1583648,28881116,1600400,83446,44013,2534
12,../model_20221018_544175819.uvl,29,29,25797298,true,1589054,22107957,1572486,140054,82350,2822
8,../model_20170518_711240246.uvl,36,36,39540120,true,1803850,35334030,1701073,170041,159207,2214
3,../model_20170517_1276361560.uvl,10,10,22476664,true,1646615,19067556,1383113,156494,45645,2343
9,../model_20190513_554652357.uvl,10,10,32788537,true,1533909,29143231,1646002,118748,68046,4040
2,../model_20180222_1790291836.uvl,22,19,42191441,true,1643369,38110480,1786482,214113,131947,3169
1,../model_20221015_510481451.uvl,12,14,28199961,true,1698353,24516978,1574889,87937,53083,2618
14,../model_20160911_493856736.uvl,45,29,52204441,true,1591283,47653182,1952444,418774,224283,3997
5,../model_20190917_490456110.uvl,39,23,32911419,true,1701448,28879198,1668086,163632,128639,2347
10,../model_20160913_2142740300.uvl,48,48,52265785,true,1997441,47565738,1781123,357514,184245,2332
6,../model_20160329_578011837.uvl,23,18,37430858,true,1525292,33782226,1699986,132992,67917,3241
8,../model_20130125_189285641.uvl,18,19,34086158,true,1524227,30598374,1550253,107311,61044,2036
11,../model_20140423_1716161596.uvl,42,25,47307711,true,1824378,42968638,1721298,317590,173064,3899
12,../model_20100326_770562654.uvl,27,19,49361967,true,1645503,45161207,1779293,266717,149822,3582
4,../model_20160926_2009081259.uvl,54,54,47432261,true,1746100,42656433,1730430,488959,334166,4123
1,../model_20091206_1647557456.uvl,10,10,19330305,true,1350038,16173985,1463747,62840,40791,2706
2,../model_20140514_1151327844.uvl,43,36,54685595,true,1799890,50349282,1643359,347361,147189,2625
14,../model_20141102_1778359466.uvl,23,22,27952345,true,1550175,24110302,1799839,123817,75420,2194
5,../model_20130916_1001858303.uvl,15,17,21914258,true,1234558,18733878,1545840,96804,55371,1999
6,../model_20120113_1803352101.uvl,43,27,41536734,true,1571114,36794358,2248496,336624,205863,3836
15,../model_20110130_639381749.uvl,12,12,27124767,true,1417673,23421130,1848840,131118,79918,3939
13,../model_20090801_1908323193.uvl,13,13,33551781,true,1550465,29751914,1863164,85888,62665,2834
8,../model_20141129_2117240468.uvl,12,14,21261857,true,1309654,18042248,1555522,89373,53030,2791
0,../model_20150304_617127008.uvl,56,66,53289921,true,1906931,48171390,2064741,415901,252362,3360
11,../model_20160329_2023954051.uvl,24,20,24147683,true,1514692,20429729,1688841,118415,64153,2718
12,../model_20171020_786614820.uvl,12,10,21326875,true,1516583,17667498,1727636,73781,59976,2932
4,../model_20200810_903664942.uvl,25,27,30221428,true,1595855,26309805,1749381,150588,86436,2732
7,../model_20120701_899073101.uvl,11,11,19134865,true,1456584,15854306,1515877,65729,41549,1933
1,../model_20150523_1701783178.uvl,23,23,29822397,true,1632768,24682106,3026751,127538,75505,3886
3,../model_20140324_1142291623.uvl,11,11,25312528,true,1571837,21960334,1450113,81639,47162,3181
9,../model_20170505_1995894898.uvl,32,27,41302038,true,1728531,37360820,1533344,182209,201263,2306
5,../model_20131122_641443746.uvl,14,14,21274513,true,1548366,17727570,1562973,93951,50355,2782
15,../model_20140326_1693773444.uvl,13,14,29374593,true,1612850,25468210,1722950,191258,108032,3371
11,../model_20170704_1299892151.uvl,11,11,22565844,true,1471749,19161192,1498499,120733,75643,5260
12,../model_20121017_2007593800.uvl,10,8,23891781,true,1359430,20607933,1558241,65583,35478,2303
8,../model_20130529_1911302663.uvl,16,16,63276368,true,1526381,59745212,1601917,100665,56554,2387
10,../model_20131122_1877947099.uvl,15,13,22684819,true,1410892,19252246,1649002,85513,48395,2085
7,../model_20150226_64791123.uvl,26,28,29569300,true,1513606,25997431,1527581,145110,88631,1911
0,../model_20141018_2078980023.uvl,87,86,56726208,true,2013923,51557047,1995792,380487,220046,2791
4,../model_20170405_957299568.uvl,142,211,166365620,true,4452057,154542739,2593572,2460036,1440505,4075
1,../model_20100829_787258873.uvl,57,48,43637224,true,1983953,38686783,2100727,258898,136693,2364
3,../model_20140306_1994550432.uvl,12,9,27873139,true,1518401,24369578,1650963,69777,37641,2833
9,../model_20230323_58681865.uvl,17,15,37377565,true,1441989,33652900,1745704,172881,97430,4191
14,../model_20120829_881090911.uvl,10,10,24731137,true,1421389,21268604,1639843,81756,60549,3272
2,../model_20121106_1816491064.uvl,23,20,90797408,true,1597649,35044126,53467628,220748,123793,3692
12,../model_20120412_1314362396.uvl,12,11,32434375,true,1628156,28298659,2028877,130923,75163,3785
6,../model_20190223_2023041805.uvl,19,22,44705563,true,1803959,40364220,1836333,244143,141485,3265
7,../model_20091225_1547989376.uvl,29,30,38718444,true,1838977,34691524,1590299,162189,92491,2517
13,../model_20120528_1294065815.uvl,13,12,22899187,true,1590500,19362272,1584371,81291,45615,2540
0,../model_20180512_409172439.uvl,37,37,49421838,true,1938350,44450587,1997145,347625,284640,3488
4,../model_20230313_612090761.uvl,13,15,57516028,true,1582095,53984168,1555384,99953,57048,2233
1,../model_20091210_993249741.uvl,29,25,29730507,true,1898988,25743559,1565410,143507,80716,2180
9,../model_20190223_1275185141.uvl,10,7,36073202,true,1791377,32182801,1631378,127576,76553,3682
14,../model_20171029_714150136.uvl,10,10,33640664,true,1736649,29774014,1687795,114596,66000,3942
3,../model_20140305_850513381.uvl,63,103,99988549,true,2456674,94086868,1876997,667770,371289,2438
2,../model_20140614_1989695192.uvl,29,35,48169380,true,1965383,43833781,1695974,213115,114790,2425
5,../model_20180512_893377341.uvl,24,22,41267675,true,1635245,37427295,1669254,159892,77009,2961
12,../model_20190304_818967793.uvl,29,28,46654637,true,1656577,42363263,1868637,279366,160223,4200
7,../model_20140614_81946339.uvl,22,24,34193537,true,1675656,30340250,1610319,137517,158981,2922
11,../model_20130916_552778902.uvl,16,17,33980390,true,1742838,30008673,1697279,155236,99992,3935
0,../model_20110926_400852996.uvl,36,36,52954595,true,1648812,48555651,1826457,374614,191692,3914
13,../model_20141129_6569546.uvl,25,21,39695320,true,1753104,35376793,1852478,225131,131786,3998
8,../model_20150701_451946642.uvl,22,14,40327159,true,1752988,36062830,1872528,191826,110200,4096
10,../model_20131122_224574976.uvl,11,11,24552039,true,1700135,20945975,1522487,70365,42616,2951
4,../model_20200815_41086763.uvl,31,28,46702801,true,1949768,42304919,1700227,293042,166137,5218
9,../model_20111027_1380540076.uvl,10,10,31853611,true,1797103,28091357,1537809,115648,71066,3447
1,../model_20120510_220834497.uvl,53,44,68607352,true,2125448,63311389,2031694,481283,273221,4875
14,../model_20170916_132089042.uvl,48,60,82454008,true,2054824,77545318,1785634,561635,193483,2656
2,../model_20120828_1516795545.uvl,13,13,33253772,true,1753605,29273340,1788719,116364,77685,3539
5,../model_20180122_1429516018.uvl,40,18,53024492,true,1881438,48857002,1639328,188806,116633,3227
12,../model_20200212_1763855182.uvl,12,12,21181712,true,1514679,17879606,1398473,71957,40883,2227
10,../model_20130807_1787614695.uvl,13,13,20356245,true,1376803,16886097,1467449,126616,74832,3911
6,../model_20141006_1946000492.uvl,14,10,37382107,true,1586478,33673585,1621095,143232,77837,4081
9,../model_20160512_1688304541.uvl,31,25,28191690,true,1672181,24348030,1660505,147893,81677,2192
4,../model_20130821_470005647.uvl,43,43,30716581,true,1623149,26880631,1498355,199962,111801,2814
1,../model_20110925_62365838.uvl,23,23,25378207,true,1489702,21635194,1760759,120129,88391,2559
14,../model_20111201_372659565.uvl,61,38,40874084,true,2025632,36289252,1720702,237352,128092,2283
2,../model_20230322_413432441.uvl,22,21,29355599,true,1360412,26010279,1544076,109481,61536,1962
5,../model_20170702_979744088.uvl,21,21,25165190,true,1427556,21790519,1415242,111338,106557,2609
15,../model_20200907_1598312227.uvl,130,130,108061627,true,3480540,100297239,2381156,601652,436343,3554
3,../model_20121123_1692800929.uvl,16,16,23204247,true,1503400,19746049,1537004,100105,58411,2154
12,../model_20171016_777651910.uvl,27,26,27646492,true,1770115,23608508,1689978,137105,142299,2807
10,../model_20180705_2136123533.uvl,10,10,24281063,true,1409854,20774427,1692776,117192,71051,3294
6,../model_20150611_1748318240.uvl,14,11,38665798,true,1348020,34926471,1943573,156820,86519,4720
7,../model_20160813_60083737.uvl,10,10,26600928,true,1677743,23093775,1459362,69368,42470,2982
9,../model_20170410_971411480.uvl,11,6,26603131,true,1463972,23171221,1570686,74977,34795,2861
4,../model_20140305_1745306436.uvl,20,12,23603344,true,1649186,20020004,1511141,105077,59961,2135
11,../model_20141113_1414990983.uvl,46,46,47314877,true,1879363,42716231,1990457,219519,126192,2867
1,../model_20200120_1111265554.uvl,10,8,34292610,true,1466420,30687150,1697334,112082,66475,3848
8,../model_20140401_1527258088.uvl,13,20,48078508,true,1683183,43946416,1655743,267590,266722,3990
15,../model_20140819_940483638.uvl,11,11,21904260,true,1645779,18439320,1462296,64844,41225,2756
3,../model_20190922_499979669.uvl,25,29,40796317,true,1568975,37114769,1565485,168428,98996,2904
12,../model_20141119_1676144838.uvl,14,14,24667788,true,1552160,21012009,1684632,80797,51962,2837
10,../model_20130627_888588099.uvl,17,16,22661731,true,1487832,19135350,1593085,94955,51405,2104
6,../model_20130808_465499656.uvl,22,14,29148981,true,1638162,25248593,1799957,107648,60053,2759
9,../model_20171012_432118074.uvl,28,28,32042206,true,1591203,28317676,1621337,135458,78311,2351
11,../model_20100216_713947806.uvl,12,12,20880076,true,1545491,17515997,1440171,72163,42941,2323
8,../model_20141023_1082000051.uvl,37,49,43696914,true,2088192,38988080,1808866,277239,148328,2397
4,../model_20160225_419189676.uvl,47,52,37486351,true,1724038,33173723,1793459,259325,151049,2629
7,../model_20160330_888130075.uvl,73,73,63328838,true,2269482,58105756,1885748,325359,232602,2582
15,../model_20141017_1234330746.uvl,38,48,48499187,true,1890803,44087336,1754634,332266,159086,2884
0,../model_20120728_275737618.uvl,14,14,29160497,true,1612971,25532595,1657179,84846,48797,2054
13,../model_20230323_867226898.uvl,16,13,24217055,true,1717003,20305049,1719446,146474,49851,3007
12,../model_20141018_811394530.uvl,23,22,27383829,true,1389275,23561198,1774429,200644,117126,3039
3,../model_20161213_651973816.uvl,21,25,40417499,true,1493301,36367109,1787708,304050,167707,3966
5,../model_20100325_298677687.uvl,10,9,25165093,true,1819779,21197990,1694273,108061,62267,3781
2,../model_20101115_2000504462.uvl,72,65,54734477,true,2454321,49433292,1866952,321153,213913,2796
10,../model_20150222_2069201003.uvl,13,13,31772948,true,1662315,28083517,1624773,78094,46435,2201
6,../model_20160504_814917052.uvl,26,20,35333208,true,1610121,31359674,1731900,137431,152386,3123
11,../model_20160428_283258262.uvl,40,37,44939256,true,1930345,40480115,1808318,219628,144840,3146
8,../model_20121123_1047250318.uvl,16,17,36322368,true,1523222,32790726,1535470,107985,61857,2452
4,../REAL-FM-8.uvl,17,17,38945355,true,1451045,35180003,1749728,192085,110492,4010
7,../model_20130916_302923469.uvl,16,17,34712261,true,1445027,31318476,1502217,119306,74084,1875
15,../model_20151201_896154285.uvl,24,21,29402873,true,1737769,25443472,1665077,144663,81290,3139
0,../model_20180611_848416665.uvl,10,13,32565887,true,1678055,28850553,1643465,84210,49314,2966
12,../model_20171213_638254090.uvl,11,10,23945175,true,1575118,20489705,1501976,70013,40222,2754
1,../model_20150228_41303449.uvl,33,33,51441234,true,1735838,46899242,1912203,335972,186326,3883
3,../model_20131129_1795005487.uvl,10,10,36205643,true,1575908,31364424,1608011,1294974,80752,3955
13,../model_20150309_1544990511.uvl,39,42,74499568,true,1870545,69717254,1876922,405300,220176,3994
5,../model_20140209_1382642350.uvl,41,29,62710168,true,2074234,57516215,2083965,401467,216714,4262
14,../model_20180409_394573881.uvl,10,10,22280007,true,1420011,19029082,1538383,63675,37630,2662
10,../model_20130302_379367837.uvl,10,11,31819221,true,1486763,28177523,1719809,129484,81545,3118
11,../model_20160503_1174916821.uvl,42,44,39701887,true,1939062,35286143,1696138,223182,127548,2373
8,../model_20190326_164569423.uvl,10,10,35608162,true,1538584,31862487,1734565,123103,70530,4319
4,../model_20150416_264061404.uvl,47,24,36829044,true,1813783,32740625,1666666,188711,105587,2509
9,../model_20120905_104354355.uvl,13,13,36258633,true,1594630,32397866,1754292,145714,82967,5067
15,../model_20190526_2060834946.uvl,12,9,28504013,true,1858125,24751625,1500443,79763,46679,2165
3,../model_20120110_1094246588.uvl,10,10,26339118,true,1721371,21711245,1656966,957588,45732,2286
12,../model_20150621_1174641946.uvl,36,32,39360827,true,1800790,35094124,1766236,187544,100574,2637
1,../model_20160913_245590430.uvl,38,38,83137590,true,1825076,78196019,1852083,583947,285289,3226
13,../model_20130812_1882708509.uvl,41,51,56595048,true,1848957,51989929,1891394,280744,157925,2755
0,../model_20190917_729866659.uvl,83,56,120258839,true,2397111,114589214,2122881,353553,193298,2662
14,../model_20130725_1746580783.uvl,16,17,69241892,true,1838470,65426294,1545173,106201,63923,2078
10,../model_20120201_1444061231.uvl,38,37,69746910,true,3084218,63560871,1932572,484275,240411,3832
2,../model_20170402_765751837.uvl,329,359,291664943,true,14037546,268406696,3205458,2230272,2065254,3152
6,../model_20140826_2051139991.uvl,31,31,39528033,true,1698982,35059719,2045253,253734,143421,3381
8,../model_20230323_425392427.uvl,33,29,32656998,true,1652686,28650715,1756682,170826,98539,3040
11,../model_20140403_1254324003.uvl,28,27,26655164,true,1663397,22842431,1526909,165798,83780,2421
15,../model_20180729_778045288.uvl,31,34,53882164,true,1726380,49333542,1990833,343016,189854,3278
4,../model_20140824_1698583194.uvl,66,66,63642620,true,2040167,57957731,2139099,574072,436824,3782
3,../model_20180307_2144246090.uvl,49,39,54632087,true,2030277,49320037,1988130,550195,274927,4036
12,../model_20190616_1868431112.uvl,40,31,34483499,true,1773613,30173730,1748852,246520,139970,2737
7,../model_20180306_832754487.uvl,49,53,70994377,true,2035862,64942039,2356361,841178,400752,4888
0,../model_20110915_1159959623.uvl,10,8,34234632,true,1658066,30298321,1770416,147329,83871,3978
13,../model_20140710_2059561340.uvl,33,25,50750780,true,1668295,46307555,1945968,287589,157627,3928
1,../model_20120328_1412454948.uvl,36,34,54719592,true,1742476,49883147,2034404,344673,317976,4292
10,../model_20130309_1354780318.uvl,11,9,29690999,true,1659810,25872174,1724662,104833,61227,3768
2,../model_20190411_1457420991.uvl,18,27,50215113,true,1733535,46021851,1860794,184369,96649,2086
8,../model_20230323_642188361.uvl,23,22,26019057,true,1598613,22228575,1658259,126355,74059,2579
11,../model_20170219_358603289.uvl,62,62,46283463,true,1992727,41371448,1892170,361362,209728,2676
4,../model_20141129_264528063.uvl,13,14,31887714,true,1633051,28299151,1522506,105473,56518,2618
3,../model_20130418_1960440366.uvl,29,32,31636760,true,1557560,27592275,1660327,284142,186126,4073
9,../smart_home_fm.uvl,59,62,52537072,true,2225781,47417147,1904668,291719,213929,2622
12,../model_20140508_530056624.uvl,36,49,68430377,true,1685860,64222252,1782469,329101,162877,2400
7,../model_20131112_330151541.uvl,21,16,31899521,true,1455376,28042975,1950405,104654,57874,1850
0,../model_20130219_1778040846.uvl,40,38,36035478,true,1685251,31934041,1652297,282978,172690,3608
1,../model_20131206_684654596.uvl,12,12,38145405,true,1477882,34514439,1659678,163192,93223,3787
10,../model_20110601_1103941862.uvl,12,12,37349668,true,1747904,33419119,1639827,173856,95028,3479
2,../model_20150309_1129343473.uvl,33,38,51049761,true,1839039,46722377,1772355,205212,118772,3096
14,../model_20141103_285596543.uvl,25,27,36008024,true,1969009,31954044,1540948,143698,88683,2751
6,../REAL-FM-4.uvl,290,310,219370816,true,9984905,203263551,2867040,1375648,933509,3040
5,../model_20230616_862941800.uvl,30,26,40003459,true,1696966,36174250,1595070,153119,86844,2958
8,../model_20110919_127780100.uvl,37,27,34072858,true,1722620,29862652,1814244,199442,111171,3211
4,../model_20200621_929471783.uvl,11,11,35865045,true,1561426,31812375,1964300,160572,92558,3681
3,../model_20190920_579117949.uvl,13,17,28470843,true,1673236,24621897,1581016,224018,115057,4550
7,../model_20150419_1225785874.uvl,11,9,22437006,true,1544319,19067656,1387043,112848,67566,3527
15,../model_20221109_1435495840.uvl,14,15,24078092,true,1567702,20510990,1548679,105238,59849,2691
12,../model_20170926_289427240.uvl,11,8,25808371,true,1547482,22211872,1584970,113291,69691,4350
0,../model_20190513_110684557.uvl,10,10,34215782,true,1433644,30686328,1736491,83348,46878,2297
10,../model_20170504_370000031.uvl,36,37,33072871,true,1679153,29108072,1682750,202946,109753,2229
13,../model_20131124_646639708.uvl,16,17,25047682,true,1481381,21481035,1600526,154724,75755,3822
2,../model_20190917_659690280.uvl,12,12,23459912,true,1435165,20287994,1395204,70352,41075,2191
14,../model_20180222_524224426.uvl,26,14,27663147,true,1372083,23986360,1708046,185897,104706,4377
8,../model_20130916_156611854.uvl,17,15,38850244,true,1593565,35042900,1601933,175879,99218,3261
4,../model_20190108_414883666.uvl,17,17,38750959,true,1639909,34866760,1686189,163994,98606,3062
11,../model_20140427_1594857347.uvl,19,21,40007774,true,1806255,36061409,1537461,138085,159959,2327
15,../model_20161124_135805624.uvl,37,37,33076859,true,1803953,28842053,1704974,172589,167192,2181
7,../model_20140530_1262796172.uvl,10,9,21275563,true,1566424,17724446,1569342,97027,55522,4664
12,../fame_dbms_fm.uvl,21,16,42272434,true,1747320,38035042,1885177,201117,107775,4021
0,../model_20140326_183546394.uvl,11,11,35343937,true,1645810,31523487,1682007,124427,73787,4405
9,../model_20200901_164722413.uvl,11,10,28940759,true,1384023,25488197,1692731,116907,69656,3991
10,../model_20170311_1316290182.uvl,48,48,71065956,true,1878929,66436121,1751029,375143,274213,2197
2,../model_20130116_1542765516.uvl,10,9,21636485,true,1505698,18166567,1577974,71394,50199,3364
13,../model_20150427_2103265175.uvl,56,54,41691349,true,2108339,36825166,1806353,278042,157094,2440
14,../model_20171005_661289758.uvl,10,10,31722799,true,1330993,28235593,1738123,115155,66785,3807
8,../model_20230322_928718925.uvl,20,16,27802912,true,1695408,23853678,1671455,174975,92231,3060
6,../model_20120722_2065280700.uvl,13,9,22626718,true,1234548,19268876,1713131,83605,49819,2748
4,../model_20190922_267709941.uvl,35,35,45459620,true,1826458,40625371,2122613,317771,184524,3564
5,../model_20141129_1168519534.uvl,12,12,27976950,true,1529868,24465998,1587965,91211,52147,3212
12,../model_20110310_1849309646.uvl,23,20,46151243,true,1627753,42039480,1865018,233006,127335,4067
7,../model_20160504_18344306.uvl,13,14,37794067,true,1555994,34113508,1593742,177059,100127,3743
15,../model_20161122_1255346120.uvl,15,10,26406808,true,1470951,23066804,1489395,90869,53908,2271
3,../model_20130916_667715515.uvl,16,16,24115054,true,1665305,20510599,1502159,98612,56153,2584
10,../model_20130311_1184229274.uvl,11,11,24883154,true,1540208,21517847,1496412,67664,42139,2145
2,../model_20180611_1140870617.uvl,10,13,33629149,true,1571102,30034883,1501546,206495,50912,2865
13,../model_20190916_779041735.uvl,41,23,38663258,true,1755182,34784630,1599236,167398,107514,2904
14,../model_20161123_1530983999.uvl,36,36,27588653,true,1513244,23882198,1597241,167167,94368,2945
6,../model_20190510_1232864614.uvl,12,9,24955522,true,1631423,21441622,1447258,92371,62403,3578
8,../model_20170703_1893075315.uvl,20,16,76407262,true,1617171,72382492,1751797,207425,119114,4141
1,../model_20160225_2040495200.uvl,50,29,49674718,true,2251606,44745583,1900242,224955,128125,3118
5,../model_20181016_583005690.uvl,32,34,32393344,true,1623570,28388341,1717740,176373,114723,3050
4,../model_20200816_33425673.uvl,39,33,39456631,true,1775855,35263533,1722688,183693,96573,3067
7,../model_20201002_1982652571.uvl,15,15,30306401,true,1591442,26352688,1827056,141412,82580,3504
12,../model_20160229_490224198.uvl,49,39,45600252,true,1724613,41211024,1822663,269206,135305,2245
15,../model_20101024_1938793748.uvl,29,32,52171558,true,1868514,47682942,1764468,325599,182681,3181
11,../model_20131112_356575914.uvl,20,15,33462211,true,1613217,29718837,1659618,105150,59958,3171
10,../model_20100213_206550190.uvl,38,33,42593847,true,1970847,38101288,1791305,220445,121015,2658
3,../model_20170919_414938854.uvl,47,35,51625667,true,1765673,47088396,1902449,388870,211358,4206
0,../model_20180304_1150769979.uvl,48,38,73074690,true,2004961,68180338,1904616,415321,224530,3329
14,../model_20190916_1777637747.uvl,10,10,20033881,true,1562420,16533593,1555496,80269,47608,4655
9,../model_20110823_553386338.uvl,21,21,36823124,true,1586118,32968236,1839086,125521,71330,3107
13,../model_20140503_2024413965.uvl,16,14,23078269,true,1536984,19481497,1627791,90307,51582,2769
6,../model_20190913_1052617154.uvl,21,21,40964766,true,1494131,37213997,1636395,211289,123611,4280
1,../model_20101109_1698100628.uvl,15,15,33913800,true,1833335,29978198,1649123,118607,51679,2593
5,../model_20140905_2124104947.uvl,10,9,24239521,true,1542725,20936626,1425813,64176,38159,2960
4,../model_20221017_1844403757.uvl,10,10,21885724,true,1542047,18475508,1471299,66395,39625,3093
15,../model_20170821_2117231347.uvl,28,42,46952201,true,1577827,42688208,1778373,346287,250259,3454
11,../model_20160519_1846923063.uvl,39,50,55917752,true,1605807,51205663,1883759,623342,308406,3193
10,../model_20190514_850677966.uvl,25,29,47608472,true,1550144,43381451,1885606,302432,169743,3051
3,../model_20140209_738203734.uvl,51,55,116519521,true,1917693,111869041,1784184,401325,177637,2065
2,../model_20221031_340330235.uvl,35,35,34841278,true,1874946,30669946,1693450,172319,98086,2185
13,../model_20160606_235281629.uvl,13,13,24210728,true,1565141,20514120,1661584,139079,81219,3071
1,../model_20160304_165509543.uvl,43,42,39477111,true,1802189,35261047,1676389,246943,174990,2211
6,../model_20170316_1293936491.uvl,48,53,46723071,true,1898687,42527322,1574710,270686,175627,3080
0,../model_20131202_1775789712.uvl,50,50,44513175,true,2026898,39911876,1705590,338918,180814,4110
5,../model_20110712_1373520081.uvl,66,61,41189265,true,2015095,36621693,1714893,330393,187085,2972
4,../model_20130731_2029107317.uvl,76,68,47829990,true,2160401,43048609,1753499,340057,193707,2707
8,../model_20150425_1862491910.uvl,80,77,47146306,true,2138277,41747087,2034101,604793,214493,2793
7,../model_20141129_1031364.uvl,12,14,20396919,true,1509348,17248592,1270269,87010,54009,2348
12,../model_20100321_1548012375.uvl,18,18,25640414,true,1693751,21870159,1525645,177695,90389,3841
9,../model_20140423_1890396897.uvl,36,31,30971672,true,1734496,27322876,1376367,167148,88137,1938
14,../model_20180214_1066016479.uvl,96,79,61148768,true,2302621,53813117,2160259,453914,959421,2270
