index,filename,n_features,n_constraints,execution_time,result,clif_gen_time,clif_ast_time,bridge_solve_time,code_gen_time,generic_csp_model_time,concrete_csp_model_time
10,../model_20160905_774306083.uvl,14,14,22312058,true,3027040,17548509,1380600,78083,47061,2591
1,../model_20131112_832913408.uvl,17,17,23452855,true,1516701,20138604,1369569,90139,49953,2238
0,../REAL-FM-15.uvl,25,21,29946983,true,1710707,26159457,1514907,143673,82756,3233
6,../model_20180513_39795521.uvl,22,22,24904141,true,1570633,21178050,1644038,178603,75488,3973
11,../model_20230322_492815120.uvl,41,32,37116366,true,1728614,32982022,1694354,189308,111662,3190
7,../model_20091109_376438407.uvl,22,21,29528258,true,1543289,25768363,1734328,116553,69911,2831
4,../model_20140503_110898123.uvl,16,16,39474464,true,1653246,35162009,1550373,108073,60963,2864
15,../model_20121214_211817376.uvl,14,14,40819572,true,1427485,37252724,1554104,173235,99266,4463
5,../model_20150414_2125272166.uvl,21,24,39395864,true,1579510,35653653,1606867,145467,77892,2125
2,../model_20131112_1592384504.uvl,32,32,29214657,true,1883286,25124810,1633799,168402,88857,3046
12,../model_20140428_1043688075.uvl,56,55,48872802,true,1813003,44428834,1860796,268389,148835,2496
10,../model_20100308_1355834007.uvl,20,18,28618789,true,1563126,24670851,1784135,188854,116830,4290
11,../model_20150527_2051574410.uvl,28,21,46996021,true,1512245,43184233,1621144,229126,139864,3770
5,../model_20141129_1141626102.uvl,12,12,36089097,true,1481371,32465468,1642988,136133,82229,4112
15,../model_20100106_985255768.uvl,20,11,43317005,true,1645092,39146258,1885097,226933,94522,4148
4,../model_20160527_1098137653.uvl,20,20,45252473,true,1612873,41031990,1902896,242388,125910,3151
2,../model_20200403_1474941211.uvl,14,12,37259748,true,1398200,33812028,1589084,155347,86590,3952
12,../model_20181024_611767532.uvl,13,14,38533031,true,1687907,34662123,1619740,178738,99824,3880
6,../model_20110826_1574631601.uvl,52,56,65950382,true,1937065,60777120,1975125,519015,313690,4166
3,../model_20180913_1045465294.uvl,10,6,20728698,true,1511133,17264534,1579403,64930,36739,3421
14,../model_20110826_819334011.uvl,24,24,28124896,true,1414227,24642501,1604093,125440,74143,3295
8,../model_20160921_24535453.uvl,29,28,50942762,true,3672483,44585093,1862997,283853,152488,3961
9,../model_20180612_712325117.uvl,15,15,87526211,true,1554281,84051563,1498670,85385,51239,2625
13,../model_20140421_782765396.uvl,19,19,43112160,true,1595773,39179957,1752071,194983,124103,4503
10,../model_20140423_969548559.uvl,49,48,42675334,true,2053340,38068669,1709065,232954,170137,2669
15,../model_20150621_2090653675.uvl,20,18,26601918,true,1455819,22872057,1706688,173983,96133,3730
4,../model_20221208_1116778716.uvl,22,15,31840476,true,1533200,27290522,2567905,111583,62657,2769
1,../model_20160919_1142576711.uvl,20,20,25961640,true,3424612,20594463,1577792,105473,59955,2024
12,../model_20190917_595353381.uvl,13,12,37242979,true,1780110,33143881,1812916,143775,82040,4235
6,../model_20180514_1722608288.uvl,27,27,46778417,true,1685332,42227852,2031202,221533,276202,4673
3,../model_20190917_1882445879.uvl,16,12,27859924,true,1763502,24089075,1613351,85814,60610,2512
7,../cfdp_library_fm.uvl,13,18,34876806,true,1660437,30872178,1808132,184037,106148,3807
9,../model_20121018_1578042435.uvl,17,15,22809295,true,1576402,19255226,1539064,92011,50705,2757
0,../model_20170320_1505333083.uvl,47,25,34892343,true,1745073,30549706,1871759,192936,157427,2854
13,../model_20170809_1734454576.uvl,15,14,21175224,true,1474665,17619243,1616229,131959,50086,1744
8,../model_20110926_608554224.uvl,30,32,41034809,true,1817801,37031698,1546378,170990,105834,2572
14,../model_20130908_1070185514.uvl,366,528,351283562,true,11495843,328542145,4572990,3917753,1761246,3512
10,../model_20130529_51708559.uvl,16,17,74330893,true,1465476,70955215,1502985,105675,58063,2354
15,../model_20190915_1647283170.uvl,10,10,33482831,true,1517489,29871288,1667979,116569,76956,4416
6,../model_20120328_573707444.uvl,34,27,33679056,true,1888894,29322637,1702373,168185,154530,2320
3,../model_20180512_316263333.uvl,41,36,35112840,true,1975252,30761673,1699477,212021,104141,2064
5,../model_20150120_214372699.uvl,40,39,31067446,true,1617023,26976850,1799605,185762,106792,2194
2,../model_20170926_1539445221.uvl,14,12,27830678,true,1802031,23983937,1618025,93661,54274,1964
0,../model_20170706_1588900401.uvl,30,26,39732364,true,1577216,36107405,1518997,147376,83170,2320
11,../model_20121018_880874071.uvl,16,15,38911574,true,1508362,35227087,1647583,166899,96681,3872
1,../model_20110516_1331478109.uvl,88,145,119427930,true,3361980,109802422,2339505,1579545,1687065,4033
8,../model_20120515_1862354569.uvl,15,15,30236877,true,1571103,26684070,1569457,96664,56534,2662
9,../model_20140227_661956564.uvl,47,43,43224848,true,1944086,38147017,2097807,367250,214626,3051
12,../model_20101112_864228137.uvl,137,138,87309797,true,3533095,79584208,2303601,615910,447086,2934
13,../model_20221013_1054303307.uvl,66,56,77239430,true,2206354,71267252,2312791,583068,322724,3661
15,../model_20141212_523199394.uvl,15,13,29403918,true,1737625,25684408,1572307,85760,47755,2702
10,../model_20150505_1728564449.uvl,13,12,23885512,true,1877111,19988750,1667204,78557,45493,2227
6,../model_20160531_990808801.uvl,14,13,37436281,true,1740801,33402573,1756659,156174,87364,3917
3,../model_20140630_1564361664.uvl,10,5,33084436,true,1477935,29660762,1519903,105783,61763,3506
11,../model_20140408_1553357169.uvl,11,15,29152707,true,1498245,25229932,1752628,249727,137570,5858
9,../model_20131122_1083650489.uvl,15,15,26481876,true,1401095,22984915,1583044,89003,142731,3170
4,../model_20131202_1494824194.uvl,34,34,86041275,true,1655429,81959523,1794363,177472,117110,2528
8,../model_20221010_1477134717.uvl,51,44,39119858,true,1680160,35012544,1631110,231707,136865,2231
1,../model_20120113_1950870026.uvl,10,10,77129294,true,1448759,73442435,1764912,130250,78633,3303
7,../model_20120229_1103715736.uvl,14,13,29968144,true,1708898,25953751,1856860,148739,92072,3312
13,../model_20190117_1837815772.uvl,14,12,22661676,true,1521977,19200576,1574220,88859,66335,3464
12,../model_20230322_572568226.uvl,51,36,40829192,true,1722167,36428545,1816692,220850,180507,2838
10,../model_20160329_925786350.uvl,31,29,39529460,true,1494689,35477276,1755694,293130,158481,4143
6,../model_20130529_1165512118.uvl,10,10,22106021,true,1571975,18682354,1529573,66939,40346,2438
14,../model_20140410_1905141388.uvl,11,20,33320147,true,1562592,29411891,1784300,224180,104515,3778
15,../model_20201007_667063467.uvl,72,63,109500556,true,2329776,62713504,1939430,332119,41664299,2970
9,../model_20130916_882364260.uvl,15,17,39687355,true,1518820,35889854,1689529,182142,108394,4017
11,../model_20141202_107430422.uvl,36,30,44429571,true,1933011,39857726,1759454,206273,283677,4064
8,../model_20230615_784426434.uvl,14,13,36654375,true,1642847,32760349,1810936,86632,91546,3836
7,../model_20100412_337845737.uvl,10,10,19517578,true,1407454,16238813,1576007,61729,36076,2812
1,../model_20190922_230985682.uvl,21,32,38228357,true,1803067,33458196,1674009,838489,94016,2238
4,../model_20140424_1672030888.uvl,65,45,69367298,true,2147846,64215780,1960092,444388,170216,2185
0,../model_20160721_972954567.uvl,10,9,31755397,true,1591855,28173110,1612626,64664,39125,2403
2,../model_20150309_670536624.uvl,22,28,35582568,true,1605757,31909586,1520750,168782,98288,2279
5,../model_20110525_928187171.uvl,14,14,31448316,true,1655289,27775469,1628204,79849,50101,3148
6,../model_20170206_852070049.uvl,13,10,29751298,true,1720919,26118756,1527022,95672,62009,3204
15,../model_20140319_1506613330.uvl,16,12,25262434,true,1650497,21677935,1476248,85668,53448,1971
14,../model_20170510_174347414.uvl,15,13,37139524,true,1911285,32979920,1696672,158518,90776,4172
9,../model_20150720_1580995178.uvl,22,24,29318866,true,1461381,25597100,1678769,127340,150772,2737
11,../model_20170315_692595151.uvl,23,18,45336721,true,1572943,41223496,1901302,221855,122643,3801
8,../model_20180611_1112345807.uvl,10,13,29682237,true,1544554,26199824,1514237,154738,51239,2028
7,../model_20141021_386995832.uvl,24,24,25405758,true,1452555,21804596,1665974,129875,73559,1968
1,../model_20200819_795623217.uvl,26,17,24945674,true,1486387,21313856,1582749,120434,130117,2230
3,../model_20180306_1851656621.uvl,49,41,55380510,true,2155479,50263083,2181831,302443,156888,2146
0,../model_20100529_1010171189.uvl,22,15,26327276,true,1794193,22411439,1620275,107371,59977,2138
2,../model_20170301_235251685.uvl,14,13,35261390,true,1450169,31792360,1590632,90019,56634,2834
4,../model_20150616_314969910.uvl,26,27,27249305,true,1584667,23449227,1632375,148603,86097,2012
13,../model_20140320_391816142.uvl,11,11,20574266,true,1718499,16805139,1661560,66720,39591,2101
12,../model_20190413_1966613868.uvl,42,18,34474059,true,1860883,30311739,1650048,162470,105148,2415
6,../model_20170322_711096381.uvl,10,10,33042196,true,1498035,29413827,1691477,107030,66282,3775
10,../model_20130917_1805517149.uvl,13,15,24090633,true,1325514,20766748,1604503,108778,62004,2269
14,../model_20100416_811483774.uvl,16,9,39364001,true,1633890,35463979,1731431,146444,81632,3307
15,../model_20140209_34267674.uvl,44,41,57186863,true,1881055,52551772,1822950,284612,202584,2576
11,../model_20150507_425070085.uvl,44,44,47538976,true,1868900,43052235,1677459,309835,207246,3868
9,../model_20140301_728202228.uvl,49,45,51259764,true,1907423,46812947,1781595,222715,119217,2432
8,../model_20141111_2120296387.uvl,51,18,105358897,true,1880778,101032952,1722299,181771,97804,2671
7,../model_20140423_813378270.uvl,48,44,35755923,true,1771848,31526509,1744336,239364,127720,2158
1,../model_20101119_1472596180.uvl,25,26,45444959,true,1794163,41104672,1745257,288973,166059,4383
3,../model_20180815_1120231956.uvl,26,33,30967254,true,1627007,27054166,1645370,198623,107224,2521
2,../model_20190917_383002664.uvl,43,24,41380399,true,2029600,36918119,1764321,178569,98599,3090
13,../model_20161018_1395239714.uvl,11,11,34190684,true,1550469,30434764,1742372,125131,70527,3631
5,../model_20140321_1655023261.uvl,14,14,100484354,true,1493606,96434934,1979730,245904,86980,3723
12,../model_20160311_1359424486.uvl,50,50,33968936,true,1973162,29283697,1879319,240834,139613,2898
14,../model_20180512_733862721.uvl,23,22,35256900,true,1777918,31318082,1633157,132860,74997,2047
15,../model_20170814_699386305.uvl,12,12,21536507,true,1655487,17880222,1617597,71686,45326,2395
11,../model_20201011_1804341944.uvl,59,59,46358829,true,3107466,40746972,1767193,264861,189577,2675
9,../model_20200901_1590540568.uvl,38,33,89603703,true,1711626,85548428,1669978,238292,110552,2352
7,../model_20180306_177892963.uvl,45,37,55052911,true,1822292,50671973,1697868,292420,147978,2741
3,../model_20100822_281357717.uvl,15,16,33626665,true,1674162,29909782,1570715,115970,65633,2516
1,../model_20121018_1701181193.uvl,17,15,40406948,true,1622806,36531863,1706466,178082,103712,4325
2,../model_20221114_1363146415.uvl,39,43,59559617,true,1877926,54693019,1899365,433404,233409,3889
13,../model_20140524_520707568.uvl,11,9,25695430,true,1602490,22013748,1695214,71099,39640,2359
0,../model_20191119_1702487696.uvl,24,24,38586409,true,1769612,34432595,1886648,129803,70772,2254
5,../model_20110519_503436691.uvl,11,10,24938206,true,1508855,21530451,1539780,69760,40671,2948
4,../model_20190914_1323674619.uvl,61,57,48312278,true,2098090,43020117,2092657,472530,161427,2445
14,../model_20141106_687094706.uvl,65,61,72157232,true,2237361,67233536,1766132,286756,161703,2727
6,../model_20160330_149443721.uvl,30,43,38125172,true,1923951,33864595,1641977,260706,160706,2343
9,../model_20140223_789634838.uvl,26,19,44182087,true,1499312,40256559,1736554,244200,135007,3892
1,../model_20151106_857588743.uvl,21,25,30263558,true,1650790,26643696,1541541,136796,83562,2224
7,../model_20120823_304633016.uvl,16,19,32079686,true,1911893,28114695,1539044,141815,71953,2541
10,../model_20160420_474055968.uvl,96,69,85040205,true,2737336,79085576,2012495,386843,214799,2479
8,../model_20130422_139902368.uvl,40,34,46729617,true,1740718,42250182,1793978,364474,203918,3298
13,../model_20180512_143602565.uvl,37,37,34349652,true,1828099,29801912,1938553,181881,225641,3602
2,../model_20161209_758532997.uvl,13,5,36596388,true,1854217,31048034,3245094,124684,65131,3789
4,../model_20190915_38921055.uvl,10,10,25769080,true,1697235,22079933,1635503,64997,39653,2299
0,../model_20170927_2140419024.uvl,87,69,62673555,true,2479055,57124682,1898134,365729,203519,2345
5,../model_20230322_1914329788.uvl,32,32,98798232,true,1797865,94699662,1682152,157830,92657,3089
12,../model_20131112_1617262618.uvl,30,25,32920669,true,1885960,28739161,1727007,147714,82477,2207
14,../model_20171202_671836466.uvl,14,14,36207410,true,1484258,32377647,1861505,149126,84795,4053
6,../model_20180305_1565538092.uvl,50,39,56633342,true,1765179,52283798,1706718,292189,146886,3051
15,../model_20110318_225131257.uvl,15,15,28310484,true,1701623,24672193,1465250,119165,64080,2215
1,../model_20140614_1407759983.uvl,29,29,53587671,true,1634404,49473529,1671262,315120,182498,3908
10,../model_20141029_1924517902.uvl,53,53,42790750,true,1963589,38402855,1562057,242502,175280,2535
2,../model_20130305_522520932.uvl,16,14,24426233,true,1565371,20791350,1551381,119590,72518,4735
11,../model_20160912_772295854.uvl,18,18,24682772,true,1404679,21201976,1667106,99835,59366,3109
8,../model_20120801_1784537083.uvl,12,11,20968533,true,1345339,17565320,1733383,76984,43901,2735
13,../model_20230322_61558144.uvl,16,16,25763085,true,1612459,22061919,1640641,89261,65202,2857
3,../model_20120328_810464459.uvl,17,17,39123869,true,1619631,35088938,1822492,180175,105789,4341
0,../model_20140430_1345238885.uvl,17,17,32066000,true,1633486,28368427,1634952,87969,51895,2539
5,../model_20150616_1287606127.uvl,22,21,23037458,true,1714862,19141007,1676650,116571,67723,2907
12,../model_20190825_1083955002.uvl,12,10,32853261,true,1374303,29083417,1903128,182781,73203,3757
14,../model_20161101_1287284082.uvl,50,37,56302356,true,1939074,51937474,1637275,222011,131928,2472
15,../model_20130818_278315719.uvl,10,10,23006259,true,1500295,19423066,1655266,107133,61949,3173
6,../model_20160311_358715911.uvl,26,26,31287391,true,1616972,27339814,1628742,207080,141113,2472
1,../model_20130716_384525556.uvl,17,12,41277430,true,1661998,37232448,1825932,165804,94599,3345
2,../model_20150515_2045521211.uvl,25,26,29496991,true,1786279,25494559,1557739,196443,103205,3608
8,../model_20160329_736279509.uvl,14,14,34932974,true,1638018,31265568,1653016,83930,51091,2536
10,../model_20180913_872907572.uvl,15,15,33677617,true,1537619,30201492,1550444,86991,61241,2927
9,../model_20130916_330769314.uvl,17,18,30576001,true,1781847,26542766,1685187,162530,99949,3420
7,../model_20171208_504832504.uvl,10,8,23973521,true,1718738,20354825,1532979,67078,37687,2955
0,../model_20230322_729074756.uvl,29,23,30300683,true,1584708,26210541,1833563,222671,126703,2275
4,../model_20140728_1532422166.uvl,23,37,45265443,true,1906133,40901063,1653512,340657,134948,3186
12,../model_20130821_361829065.uvl,30,30,46669812,true,1770784,42306812,1782411,280080,166576,4610
14,../model_20170607_1389753102.uvl,13,14,20271976,true,1442400,16994250,1474538,83852,50689,2771
15,../model_20171108_1643056811.uvl,12,6,25224225,true,1571235,21773404,1436748,108222,58494,3255
6,../model_20140615_1755551630.uvl,24,22,27950270,true,1593308,24018843,1825689,154218,72679,2059
1,../model_20160721_1827988269.uvl,19,24,37577242,true,1678244,33683989,1755024,137290,79468,2646
10,../model_20111220_1184087779.uvl,15,9,23595677,true,1281212,20466831,1470935,87958,50466,2147
8,../model_20121026_334751192.uvl,28,28,31357061,true,1748546,27498864,1567984,154084,84410,1921
9,../model_20140613_2054294739.uvl,10,11,22622858,true,1591706,19010515,1541166,180891,53696,3405
2,../REAL-FM-12.uvl,14,14,23808337,true,1442030,20446553,1479439,102114,59641,3014
7,../model_20110329_10104623.uvl,41,35,44180612,true,1781559,39910102,1774965,224762,126009,2918
11,../model_20180708_1907991672.uvl,24,30,33995639,true,1548843,30210491,1608740,220172,184527,3801
13,../model_20120328_1357539597.uvl,18,17,40187572,true,1524096,36394195,1731340,199666,112438,3885
0,../model_20130117_2075912065.uvl,13,14,28386643,true,1632860,24746618,1569851,113866,62039,2995
3,../model_20130426_1685243628.uvl,16,15,23705809,true,1428611,20178750,1722193,87024,50519,2228
4,../model_20141129_1642511009.uvl,34,37,70643694,true,1636306,65871649,2004359,501861,269274,5302
12,../model_20130916_1448418245.uvl,14,16,23221030,true,1471756,19734926,1623631,96467,55328,2479
14,../model_20140823_1972464026.uvl,35,38,37924246,true,1875714,33717559,1609353,191518,190253,2433
5,../model_20140403_1425048263.uvl,12,12,36854608,true,1694168,33067557,1573760,135130,90999,4375
15,../model_20110725_452580960.uvl,34,30,27848164,true,1868555,23883176,1551020,161975,94312,2125
6,../model_20141129_966803644.uvl,12,12,27875881,true,1657615,24090471,1741910,72646,45134,2391
1,../model_20200815_1845054862.uvl,39,32,54582056,true,1841893,49884679,1817905,346952,312815,3559
10,../model_20161118_1167269407.uvl,66,22,68154457,true,2210184,62935654,1895013,313012,281189,3280
11,../model_20120529_2101702978.uvl,35,46,47499890,true,1722402,43074786,1857082,324047,166364,2388
13,../model_20110406_1047532859.uvl,29,28,33052439,true,1950042,28508244,1950133,208756,92828,2963
3,../model_20140605_572628146.uvl,11,11,34705962,true,1562852,30957887,1703945,130545,76752,4083
7,../model_20190223_1159148955.uvl,103,70,149896606,true,2839326,143165896,2290112,487336,381200,3763
12,../model_20120915_487659597.uvl,20,17,44111188,true,1707858,39909985,1828947,213622,124327,3310
4,../model_20171109_1740328562.uvl,21,25,94875015,true,1683133,90375381,1937539,348419,178013,3987
0,../model_20221031_379205114.uvl,158,208,211338558,false,4626544,201455506,2123590,1917097,903339,2941
15,../model_20161003_680973994.uvl,53,58,46063772,true,2134576,41203587,1794154,293312,218447,2266
14,../model_20170310_2069806245.uvl,49,36,58474987,true,1951323,53956447,1755253,276568,160551,3115
10,../model_20181029_2093756359.uvl,18,18,45721498,true,1831152,40236489,1671060,246062,1435836,3584
9,../model_20160712_1875218337.uvl,11,11,25349510,true,1563158,21769982,1579647,123957,75858,3672
2,../model_20111214_733452875.uvl,15,15,26634203,true,1711530,23013851,1440899,148406,47805,2264
13,../model_20170925_1698983864.uvl,19,19,32306975,true,1577906,28371685,1762623,192757,116476,4384
11,../model_20170918_446567907.uvl,48,37,47421922,true,2006161,42895068,1640084,281044,159683,3070
3,../aircraft_fm.uvl,13,12,25970787,true,1745987,22068626,1753743,76166,46055,2817
7,../model_20160621_993334585.uvl,26,24,24423766,true,1534312,20672595,1595827,131778,141562,2131
12,../model_20150624_1191374126.uvl,13,12,22998126,true,1382463,19505968,1710728,89871,57768,3421
0,../model_20180930_1153905679.uvl,27,27,29091610,true,1676719,25333266,1588315,160631,77028,2561
15,../model_20200810_956997411.uvl,39,36,38375797,true,1701468,33806458,1845293,344897,272799,4073
14,../model_20110328_1177934440.uvl,18,20,41724270,true,1644384,37626831,1780067,228818,129310,3762
5,../model_20140409_1370428339.uvl,24,28,51895943,true,1755595,47685472,1842670,194523,119406,2829
6,../model_20170514_1578942718.uvl,40,44,63074364,false,1933611,58239408,1942429,464622,268438,3845
10,../model_20230322_1194175451.uvl,34,25,52494743,true,1685974,48089289,1947053,305287,155262,3712
1,../model_20140306_1607259562.uvl,43,49,46231191,true,1867937,41719522,1823457,248761,156457,2543
9,../model_20160330_469153666.uvl,13,13,33200958,true,1689504,29190922,1812579,147966,91232,3637
13,../model_20130105_1019508207.uvl,24,27,34511675,true,1756490,30240044,1934318,158524,91165,2320
3,../model_20150109_425963323.uvl,37,23,55204769,true,1793693,50631752,1975986,320022,174888,3955
8,../model_20111027_668940289.uvl,29,29,30892468,true,1699483,27016014,1620681,165941,92165,2351
11,../stack_fm.uvl,17,13,34680793,true,1664334,30923555,1659754,90646,50907,2130
0,../model_20180512_419383167.uvl,36,38,48427111,true,1907140,44303816,1463508,188034,183405,2832
5,../model_20170528_1427439246.uvl,10,11,37016882,true,1430152,33420661,1659888,156638,93327,4810
1,../model_20150625_1923523971.uvl,16,13,23398691,true,1513449,19851182,1620918,98494,55820,2240
12,../model_20170221_1848353506.uvl,210,161,121516243,true,6446626,110009758,2176357,1014385,689153,2506
13,../model_20110809_1799855518.uvl,25,13,43950713,true,2013706,39715789,1569753,210428,113089,4147
9,../model_20170919_303553909.uvl,49,55,67681623,true,2126424,62690943,1732302,421931,260822,2770
11,../model_20171129_847069382.uvl,35,32,28314923,true,1593330,24385297,1756669,240922,96089,2645
3,../model_20181205_2097248492.uvl,19,24,69741952,true,1443969,65808250,1787455,277912,145835,3309
8,../REAL-FM-18.uvl,44,47,40066921,true,1671147,35507717,1860034,450495,213100,3528
2,../model_20230322_1299985155.uvl,31,20,34707128,true,1588199,30887495,1713979,138255,78905,2431
7,../model_20091205_755658379.uvl,94,71,66210511,true,2757707,60256515,1871628,450035,289902,3010
15,../model_20200815_582760962.uvl,29,23,49710177,true,1950465,45186995,1802770,275107,147562,3538
14,../model_20130529_1162054266.uvl,16,16,33322398,true,1754706,29393250,1732264,102610,60065,2295
1,../model_20160531_1105256806.uvl,25,30,55360611,true,1702706,50888800,1800403,361671,277896,3571
13,../model_20170215_1976164448.uvl,35,20,55399978,true,1782593,50988343,1744833,321081,173456,3625
12,../model_20170228_2078125436.uvl,34,26,55279761,true,1825872,50491281,1940147,342475,291917,3850
11,../model_20170512_1532934104.uvl,24,24,44823539,true,1607911,39497658,3003369,225052,132046,4091
8,../model_20141023_1600573567.uvl,20,20,39392735,true,1615187,35592419,1702265,117199,62456,3450
6,../model_20170919_1393589103.uvl,48,45,72597541,true,2021670,67181070,1923007,701410,347828,3867
10,../model_20160531_486171149.uvl,35,35,72601015,true,1809818,67775133,1889236,552973,279346,3701
7,../model_20160429_2024552354.uvl,12,12,24682150,true,1581333,21200111,1556882,76223,45712,3106
0,../model_20150612_1719519345.uvl,14,12,38768350,true,1496765,34783067,1958402,152516,94915,3912
4,../model_20190904_400441788.uvl,625,500,329410356,true,27805328,288641802,4070839,3514674,2461436,4511
15,../model_20160426_744600320.uvl,21,20,23469377,true,1530177,19894823,1554768,110554,60713,2472
14,../model_20190805_1041162508.uvl,23,13,28264390,true,1706700,24492562,1562789,114688,66524,2537
13,../model_20160125_59009200.uvl,37,35,51099185,true,1697971,47145328,1610773,217950,116398,2888
12,../model_20161109_258969269.uvl,10,11,37539028,true,1518949,33703374,1816845,149117,82582,3225
5,../model_20100607_746327867.uvl,20,15,32476805,true,1625812,28647521,1650822,166666,75420,3711
11,../model_20230613_1168762973.uvl,11,7,22397618,true,1541277,18941800,1543001,64995,35030,2192
6,../model_20171029_1247758730.uvl,10,9,21054434,true,1448847,17686667,1562726,64892,36013,2873
8,../model_20170313_143405764.uvl,48,46,65902107,true,1848754,61310358,1779357,357023,222363,2186
9,../model_20150301_1821356180.uvl,28,33,33325010,true,1635073,29275696,1763111,185920,158614,3697
10,../model_20140227_386614568.uvl,75,49,46039404,true,1962584,40914017,1972369,385518,275403,3955
3,../model_20120130_333619036.uvl,31,27,31239377,true,1777699,26979016,1769495,216734,111817,2873
2,../model_20230322_774285627.uvl,15,12,26519394,true,1536184,23097343,1502386,81939,46105,2350
4,../model_20230322_1887635433.uvl,32,32,45442956,true,1797932,41287824,1771579,157772,89095,2486
0,../model_20120806_904481092.uvl,17,16,39231447,true,1531993,35247239,1861862,195969,118142,4377
15,../model_20180911_126281571.uvl,10,10,38286505,true,1686150,32863055,1869864,1538640,86508,3263
13,../model_20160309_77134368.uvl,18,17,30315922,true,1662488,26112182,1726190,189200,110618,4296
12,../model_20130422_1348727660.uvl,19,16,39706598,true,1607280,35728502,1777379,195078,111341,4133
11,../model_20121213_681234650.uvl,33,33,33328939,true,2045569,28919160,1592910,224109,167830,4244
6,../model_20180512_775268148.uvl,24,21,33445760,true,1592216,29575094,1762710,122176,76148,2389
5,../model_20160926_106687243.uvl,57,52,56663967,true,2180177,51116883,2175134,439585,261211,3948
1,../model_20130529_2135483929.uvl,16,17,22887701,true,1662070,19305915,1450796,105963,60284,2233
8,../model_20131202_715513367.uvl,22,22,32316694,true,1661161,28696170,1454769,116783,67746,3030
9,../model_20170404_1821671055.uvl,13,14,39308047,true,1523713,35615442,1625670,189136,103459,3537
3,../model_20130908_1057721135.uvl,14,14,21015631,true,1745740,17354771,1508666,78467,44580,2238
2,../model_20181103_2077285196.uvl,11,11,34065661,true,1622824,30025332,1889014,159965,91420,4174
4,../model_20160329_174305764.uvl,44,49,41759116,true,1940874,37245202,1726083,285931,139992,2548
0,../model_20170930_228024571.uvl,62,69,57801305,true,1921556,52056413,1834997,441594,1082121,2745
15,../model_20190917_1844149588.uvl,49,25,50535334,true,1855293,45731601,1919714,386760,222046,4128
7,../model_20150529_550903687.uvl,21,20,45272918,true,1542903,41099480,1858272,241325,144530,4428
13,../model_20160330_1233914245.uvl,12,13,29559560,true,1496380,25970023,1711558,93252,52620,2277
12,../model_20191111_1176325905.uvl,16,14,27782676,true,1449880,24212092,1663632,110682,50094,2137
6,../model_20160919_422339066.uvl,50,42,53963095,true,2053200,49080723,2053398,298449,142043,2670
5,../model_20200816_1246721801.uvl,18,16,104080206,true,1587504,100245844,1643964,198513,100843,3150
8,../model_20140101_941325443.uvl,10,10,21066818,true,1671076,17584709,1451222,64647,39026,2134
9,../model_20140615_1477062295.uvl,33,26,30943313,true,1569639,27074739,1608762,240463,101134,2945
3,../model_20140604_731553244.uvl,14,14,23700872,true,1568464,19816522,1779927,148214,90835,4093
10,../model_20131122_1573422851.uvl,15,13,28552968,true,1703278,24818187,1600145,87712,52125,2231
4,../model_20190921_1186818003.uvl,15,13,39504753,true,1791086,35436086,1739132,157688,87345,3922
0,../model_20180713_1002093829.uvl,23,17,29247845,true,1526005,25605588,1603711,207323,90505,3315
15,../model_20160123_368502373.uvl,10,9,34946437,true,1609582,31340702,1551569,117967,70930,3084
7,../model_20190513_215044614.uvl,10,9,22363841,true,1509763,18989807,1490659,68790,58596,3739
14,../model_20131217_806985744.uvl,11,7,22679664,true,1520741,19285418,1518228,63437,36634,1932
13,../REAL-FM-3.uvl,43,45,38992416,true,2023037,34525656,1671605,246868,171782,2591
6,../model_20230322_310895789.uvl,26,26,27690781,true,1658906,23630132,1791819,228872,79665,3089
5,../model_20131201_820966647.uvl,18,19,27179136,true,1505080,23701461,1529453,114072,65500,2556
9,../model_20190513_639238065.uvl,10,10,20784701,true,1461775,16399574,2535648,79352,48871,2809
11,../model_20121023_1328975384.uvl,14,14,33665186,true,1433478,29869380,1913517,148710,91277,3968
8,../model_20170627_231083922.uvl,14,14,22905849,true,1327224,19876980,1340378,88143,52011,2096
1,../model_20131202_533920013.uvl,19,19,33598812,true,1628741,29822593,1741259,101285,62799,2274
3,../model_20150521_1423870525.uvl,16,16,29843626,true,1462587,26490496,1512602,85607,50836,2692
10,../model_20200919_469515687.uvl,20,18,25710038,true,1519324,22100583,1529208,146704,110310,3214
2,../model_20180613_78021145.uvl,15,16,31168814,true,1527061,27765840,1504494,94421,52816,2865
0,../model_20110203_2097159983.uvl,18,18,22578859,true,1348242,19317878,1515803,92413,55772,2228
4,../model_20180306_1625675392.uvl,48,25,41747809,true,1891404,37304948,1841840,195705,103113,2562
13,../model_20120110_139114401.uvl,10,10,37173511,true,1481251,33343820,1767423,263442,88259,3867
14,../model_20180306_1110315637.uvl,39,19,46853437,true,1758990,42635265,1574731,272786,158891,4268
5,../model_20130122_243381566.uvl,14,14,20754329,true,1278523,17561509,1608681,79321,47074,2721
12,../model_20130508_1842381745.uvl,16,14,37746414,true,1594842,34054115,1582234,163125,97505,4350
6,../model_20161128_2133107865.uvl,68,46,46354234,true,1647105,41810487,2028233,282729,156516,2582
8,../model_20121023_356761254.uvl,12,12,33271326,true,1474498,29784684,1605168,119617,75215,3681
9,../model_20160329_1691896941.uvl,28,38,57218732,true,1544963,53521568,1485303,234897,129428,2441
10,../model_20131122_23346211.uvl,15,13,37614218,true,1517361,33861316,1682275,162239,92336,4080
2,../model_20160502_1352812691.uvl,38,32,53656973,true,1646521,49506748,1671926,345792,193086,5368
4,../model_20170315_1174513943.uvl,18,18,73401406,true,1370344,69881233,1629947,180035,110729,3735
13,../model_20141029_1107505375.uvl,12,12,23442309,true,1522731,19943764,1593437,72717,41874,2202
14,../model_20190619_50728308.uvl,19,19,20088630,true,1369355,16954868,1405729,99269,53516,2104
15,../model_20140819_535519547.uvl,13,13,33580507,true,1544393,29531812,2000289,141994,95035,3503
7,../model_20160824_2005849052.uvl,21,21,40690192,true,1550180,36602758,1898360,216189,127115,3761
12,../model_20091015_449909368.uvl,10,10,20795398,true,1473786,17193362,1760909,71697,42552,2826
5,../model_20131112_605989901.uvl,25,18,36232323,true,1575194,32394323,1709152,133297,136844,2608
9,../model_20120202_1596034358.uvl,10,11,22345189,true,1330864,19001451,1629819,72933,43228,2193
10,../model_20180612_1244406232.uvl,33,33,50081702,true,1515034,46466078,1510366,163718,97983,2924
11,../model_20160917_824197127.uvl,14,11,57867121,true,1521096,54327395,1619763,79035,42811,2148
1,../model_20200811_1911664133.uvl,17,19,30673487,true,1777285,26484734,1648834,241549,266250,4182
3,../model_20190916_233719618.uvl,10,10,35248102,true,1734404,31459984,1600252,112692,69525,4123
2,../model_20160329_160417479.uvl,20,17,78114661,true,1569580,74465277,1600894,106823,58355,3163
0,../model_20141107_377655341.uvl,24,25,26264453,true,1271328,22788373,1754919,142879,87590,2803
13,../model_20180403_1861855205.uvl,14,14,21436847,true,1812548,16893677,2335203,79193,45707,2173
14,../model_20190522_227919886.uvl,20,21,74504477,true,1551389,70813769,1579017,169481,105537,3330
15,../model_20160508_265400900.uvl,46,52,43008194,true,2263864,37707681,1924302,425615,256250,3368
5,../model_20130305_204544380.uvl,13,13,37176719,true,1475583,33598030,1586341,94822,52939,83193
7,../model_20120731_787433291.uvl,43,40,35878140,true,1902150,31458018,1754484,226751,130733,2024
12,../model_20110222_2078967171.uvl,48,51,48686749,true,1880358,43983010,1766994,384818,257264,3898
9,../model_20200810_1487197226.uvl,29,29,46586396,true,2906883,40924305,1950274,271415,162491,3847
6,../model_20160330_511669656.uvl,15,10,34546094,true,1484043,31059446,1622001,81838,45569,3083
8,../model_20170328_1485540940.uvl,451,428,363281021,true,22703095,328396360,4118099,3860313,2076186,3306
2,../model_20161101_1188178549.uvl,36,36,46996961,true,1863666,42408739,1853113,242479,279368,3897
11,../model_20110704_328391695.uvl,172,145,105867555,true,4495170,95342298,2686807,1180152,1207230,3352
1,../model_20190824_1440931285.uvl,104,104,75390196,true,2609155,68836358,2774671,509946,258603,2306
13,../model_20191126_842054213.uvl,21,23,33208010,true,1572007,29351932,1701862,135893,139930,2398
4,../model_20151119_825568988.uvl,19,19,34392442,true,1796003,30166417,1868267,192735,114706,3487
14,../model_20120522_87989914.uvl,35,47,55007271,true,1809957,50560855,1769874,296310,190631,2208
15,../model_20230228_1021126902.uvl,11,11,25272713,true,1473131,21693762,1754708,77497,44269,2622
12,../model_20170517_1986241278.uvl,10,10,21636315,true,1462184,18031248,1595107,195693,76463,4628
5,../model_20170916_973590519.uvl,48,39,120488322,true,1937255,115847125,1911482,294701,152776,2510
9,../model_20131109_2060894287.uvl,14,13,26750720,true,1621857,23263681,1474807,100871,54351,2441
8,../model_20130916_2072761889.uvl,15,17,23470640,true,1574678,19990473,1466194,101296,62994,2566
10,../model_20120109_1808102333.uvl,18,19,41250190,true,1570513,37218418,1806956,226457,125852,3969
2,../model_20160315_505457800.uvl,28,28,28021899,true,1563069,23745268,1849307,273536,280543,4703
11,../model_20160608_755102753.uvl,12,12,57038524,true,1456147,53644498,1558387,69591,42809,2853
4,../model_20160221_544170906.uvl,11,10,21854889,true,1563011,18190141,1718410,77933,45722,1975
13,../model_20160821_1946133193.uvl,14,14,34783349,true,1677913,30774488,1647681,293344,101779,4535
3,../model_20131125_731391866.uvl,18,19,42128016,true,2884275,36848837,1802575,204923,127100,4206
15,../REAL-FM-9.uvl,14,15,25272952,true,1587505,21737984,1507273,98895,59144,2624
14,../model_20130324_1541392486.uvl,51,43,61066743,true,2094739,55820751,1928729,439585,317527,4364
12,../model_20190920_1330526555.uvl,10,10,34861839,true,1568308,31147407,1691994,118147,69370,3875
5,../model_20120328_1667195252.uvl,24,25,46463522,true,1536155,42361146,1763391,245501,278168,3986
7,../model_20120329_788560154.uvl,55,49,65158647,true,2109531,59769593,2056452,479490,283693,4087
6,../model_20131016_1224723724.uvl,11,13,25056859,true,1649991,21393401,1593125,84367,50733,2206
8,../model_20160411_1158715394.uvl,11,11,68189761,true,1605135,64500038,1703347,76841,44095,2502
10,../model_20200128_1154759905.uvl,23,23,34096898,true,1720282,29917285,1735222,185257,146601,3702
2,../model_20190503_1463982406.uvl,41,45,36938071,true,1639527,32867101,1729131,223769,131333,2275
4,../model_20171010_332868283.uvl,12,11,21143847,true,1509060,17576963,1662907,74733,40739,2768
11,../model_20220910_809454030.uvl,37,39,55951012,true,1790960,51565663,1806746,278680,138646,2250
3,../model_20180819_995624779.uvl,14,14,29189614,true,1571434,25394793,1649325,222575,50672,2417
13,../model_20160330_1356575467.uvl,10,10,33535309,true,1569827,29842346,1671571,117901,67740,3866
15,../model_20161012_1497804026.uvl,13,13,31114252,true,1489942,26442490,2767834,116249,57447,4039
14,../model_20200609_1715293706.uvl,12,12,22379634,true,1661293,18721938,1582393,91367,53142,2399
1,../model_20110306_314567479.uvl,14,14,20779029,true,1619021,17011490,1744422,80153,47542,2620
12,../model_20171008_377237228.uvl,43,43,53377556,true,1803972,49175012,1671173,199593,112944,2096
5,../model_20140225_1829795152.uvl,14,13,38248506,true,1698981,34279276,1704455,160869,105597,4456
0,../model_20130122_1064508817.uvl,12,17,26213678,true,1715849,22372500,1662467,121450,63071,2639
9,../model_20111025_1408959776.uvl,13,13,36538958,true,1608306,32684805,1757051,140748,85218,4199
6,../model_20181219_1343761699.uvl,20,14,43041712,true,1627532,39395114,1572836,135703,69867,2416
8,../model_20101117_1571856147.uvl,10,10,34375211,true,1671813,30540423,1693698,122485,72444,4519
10,../model_20100831_1378118837.uvl,35,32,50802656,true,1620859,46590511,1743686,328241,182505,3792
2,../model_20110826_1555954181.uvl,24,24,39334273,true,1572768,35379689,1862988,122645,73059,2381
3,../model_20121123_388334786.uvl,16,17,27787810,true,1506707,24215410,1654355,107679,61189,2870
11,../model_20130916_1980915056.uvl,15,17,32139155,true,1615631,28545975,1546388,100139,62479,2485
4,../model_20160111_1033692827.uvl,61,58,73306863,true,1963491,68262345,1842284,381081,379983,3691
14,../model_20150429_343028682.uvl,43,39,34472726,true,1862296,30317126,1622334,202910,114151,3098
12,../model_20130812_690840910.uvl,30,36,40619252,true,1709372,36400686,1714608,225814,200208,5800
5,../model_20150507_1665248699.uvl,15,14,30659025,true,1690716,26966464,1575364,90635,52751,2735
0,../model_20150320_593593000.uvl,13,13,59806793,true,1427748,56382001,1558120,95774,54882,2821
9,../model_20170310_906013336.uvl,47,33,51711803,true,1833250,47105807,1797354,364998,166775,2093
6,../model_20221025_2010292001.uvl,22,22,30791801,true,1602431,27208477,1517570,116357,70241,2132
8,../model_20230322_2065877531.uvl,26,26,25456818,true,1688722,21417265,1811345,128063,71335,2909
10,../model_20160329_1491802197.uvl,20,17,25395497,true,1632467,21815270,1496332,104894,56794,2718
2,../model_20120122_258977494.uvl,19,19,40896569,true,2775819,35733293,1721941,229716,123445,3709
7,../model_20230322_242202942.uvl,19,19,40262808,true,1683444,36194531,1793916,192054,114127,4667
11,../model_20131122_1558809462.uvl,26,26,31902640,true,1562596,28109272,1714202,132088,77457,2292
4,../model_20161128_844678202.uvl,39,31,33806184,true,1495344,29716837,1900969,228279,126596,2557
14,../model_20161107_2119549052.uvl,12,12,35459341,true,1594047,31654974,1698689,135958,81781,3621
13,../model_20131128_2046989275.uvl,15,15,28696535,true,1603600,24784688,1785514,155021,90146,3849
0,../model_20120904_1604580471.uvl,13,8,35872511,true,1498252,31523781,2410567,116351,64428,3943
5,../model_20150223_339293957.uvl,26,25,53229144,true,1760453,48608743,2012248,339569,186712,3806
15,../model_20140428_1127346099.uvl,72,71,70945933,true,2348520,64671283,2184295,659202,506766,4272
1,../model_20180126_2070362475.uvl,30,25,49976625,true,1918982,45438016,1814792,273189,154787,4088
9,../model_20160330_1191432205.uvl,19,19,32617470,true,1588892,28653041,1732355,192922,116580,3781
6,../model_20130911_2001583567.uvl,34,24,40482069,true,1680586,36314168,1811735,251378,133820,2972
8,../model_20131111_1486670620.uvl,21,18,41445146,true,1592476,37393322,1803719,209797,114054,3543
7,../model_20190917_1679843058.uvl,11,11,26075067,true,1780520,22239544,1679611,70068,51070,3060
2,../model_20170818_1523700786.uvl,31,31,68059918,true,1559375,64463457,1545851,156848,101737,2560
4,../model_20180222_1813103418.uvl,26,18,29753035,true,1705389,25976104,1516798,122808,71378,2743
11,../model_20130220_406091727.uvl,43,48,62569225,true,1935863,57527859,1871302,467348,339553,3795
3,../model_20150305_837831991.uvl,39,42,47410894,true,1738983,42558358,2081132,406534,235396,3834
13,../model_20180222_1531590612.uvl,18,17,25427522,true,1440322,21956849,1522506,153030,91068,2335
0,../model_20160229_1590940306.uvl,50,58,50651089,true,2021122,45802162,1844467,340303,199904,2019
12,../model_20120829_1418879889.uvl,10,10,34289724,true,1612542,30653500,1650483,67646,51078,3045
1,../model_20140509_978687642.uvl,10,10,32819335,true,1585556,29079419,1697982,119213,70557,4128
5,../model_20230322_1023477919.uvl,73,55,103745700,true,2256513,98590023,1867421,309599,170660,2597
7,../model_20190918_1569717148.uvl,17,17,30650297,true,1700204,26874024,1662473,92011,54061,2536
8,../model_20141116_913921823.uvl,44,41,33806493,true,1979142,29349973,1732048,209000,117608,2911
2,../model_20171014_936370428.uvl,10,9,34133776,true,1610313,30259721,1811591,120082,70678,3705
11,../model_20140303_1487935744.uvl,23,14,44008112,true,1601293,39998979,1776461,185228,118292,3895
4,../model_20170131_61369545.uvl,39,39,31971067,true,1679877,27867062,1674493,186710,175773,2988
10,../model_20131028_1719041666.uvl,19,19,39472637,true,1597320,35494525,1774237,193802,127248,4595
6,../model_20161127_1823059506.uvl,69,257,275895823,true,3324813,262080162,2740783,4724607,2413575,4359
3,../model_20190916_1591625575.uvl,42,24,42694644,true,1698402,38469424,1886268,197129,157042,4519
13,../model_20191115_635910941.uvl,37,28,51871382,true,1782113,47651056,1719234,163872,157192,2643
14,../model_20180311_1112468126.uvl,29,29,47151522,true,2004926,42528034,1810603,281169,162439,5508
1,../model_20121123_1588832561.uvl,16,15,34145177,true,1506378,30653942,1581148,93592,55623,2875
5,../model_20160308_993894457.uvl,10,9,35745707,true,1526133,31898682,1855299,114940,63589,3688
15,../model_20160906_881197553.uvl,18,14,33219208,true,1709038,29342528,1735950,103809,56580,2700
7,../model_20121018_1875808662.uvl,16,15,32912348,true,1594352,29342236,1554405,84762,51098,2218
8,../model_20171012_404282969.uvl,25,25,29137729,true,1709563,24028825,2700999,217050,123074,3331
11,../model_20200619_2057881785.uvl,37,39,63611502,true,1935598,58487352,2129672,463065,239368,3734
9,../model_20190919_887233558.uvl,17,17,97135520,true,1607440,93039299,1901253,175697,106682,4420
10,../model_20200810_1407499848.uvl,35,35,40369530,true,1793599,35772542,1953644,269205,179698,4809
4,../model_20140614_2029282468.uvl,54,54,52227336,true,1828571,47714091,1817349,261371,155669,2015
6,../model_20140326_801743865.uvl,13,19,41495252,true,1634496,37614145,1581105,145719,239925,2521
13,../model_20140629_1128400878.uvl,42,32,51432919,true,1836374,47207762,1705459,184395,95512,2333
2,../model_20170321_1774846112.uvl,179,155,122972017,true,4596519,113431561,2389204,1058779,565079,2940
12,../model_20170320_772300106.uvl,48,48,34713740,true,1793762,30311032,1756237,299656,131965,2678
5,../model_20121018_795335675.uvl,16,15,37505461,true,1901261,33331547,1699135,166537,90035,3939
7,../model_20180407_489573335.uvl,109,126,70049302,true,3069052,63306693,2008815,587873,333030,2550
8,../REAL-FM-1.uvl,88,72,56794671,true,2443029,51262464,1964267,365111,202888,3284
11,../model_20230322_812446738.uvl,34,23,33132401,true,1744592,28985630,1710721,190786,126727,3979
10,../model_20091129_1734444143.uvl,12,13,35550503,true,1611489,31814588,1604118,145388,89957,3919
9,../model_20160913_482611615.uvl,48,37,42642637,true,1918505,38048275,1807358,293546,141666,1732
13,../model_20161025_210874268.uvl,10,10,28985015,true,1592889,25410163,1613704,63653,40289,2394
6,../model_20151127_885194761.uvl,36,35,42738797,true,1728194,38199398,1861438,354146,196733,3877
4,../model_20141030_1194865372.uvl,48,43,36063244,true,1842052,30856906,1776974,225660,985386,2495
0,../model_20170328_418838667.uvl,261,254,203482277,true,9367593,186692979,2911233,1692480,1456025,3564
2,../model_20160301_1978418899.uvl,24,32,51297917,true,1689970,46946810,1845782,342959,190376,3448
14,../model_20091219_494647199.uvl,11,11,34646443,true,1686189,30818642,1658471,123576,72959,4501
1,../model_20190624_198695067.uvl,24,24,33847918,true,1821656,29754076,1743480,129859,77254,2382
12,../model_20140410_454790336.uvl,11,22,40572365,true,1766573,36496692,1714128,234169,94044,3988
15,../model_20140130_912999540.uvl,13,13,40986569,true,1595091,37073897,1755401,175278,97875,3644
5,../model_20190917_1352548057.uvl,59,33,67189806,true,1927289,61896996,2213713,450210,247962,3984
7,../model_20150310_1159520762.uvl,35,39,40766923,true,1740870,36717483,1615658,208775,125277,2858
8,../model_20120202_114979109.uvl,22,19,30682602,true,1775228,26747882,1668585,146787,76586,1997
11,../model_20160629_1032137585.uvl,16,15,41754776,true,1472448,37918511,1752103,199283,113283,3991
10,../model_20110722_419227445.uvl,25,25,45736416,true,1649497,41346123,1985506,249970,151789,4259
9,../model_20190917_896971240.uvl,35,20,35613707,true,1802207,31537624,1661199,144064,80228,2855
3,../model_20230615_743611401.uvl,24,19,26804586,true,1463192,23162551,1625115,121934,149748,2794
0,../model_20180222_1576024243.uvl,13,10,22166827,true,1542839,18653688,1598527,77145,41439,2272
2,../model_20171005_1407702877.uvl,28,28,46868022,true,1800098,42447987,1820689,266674,156079,3628
14,../arcade_game_pl_fm.uvl,61,95,81621979,true,2137778,76243816,1959838,505391,326259,3115
4,../model_20221026_1860047321.uvl,103,93,78476306,true,2862689,72161050,1974882,455180,289253,2538
5,../model_20140411_1148485857.uvl,12,23,29394280,true,1424933,26001357,1446535,164373,87975,2294
15,../model_20180618_656757926.uvl,11,11,25283393,true,1531356,21541370,1733973,122737,75514,3836
7,../model_20140914_1816201365.uvl,37,39,31360032,true,1572715,27617186,1615800,190202,116133,2303
9,../model_20100624_2076952989.uvl,17,17,31478743,true,1575146,27661219,1754726,117688,85348,2938
10,../model_20181005_1705175151.uvl,26,20,45964909,true,1756042,41784692,1762550,239831,136698,4836
12,../model_20200907_1678285822.uvl,63,63,54192955,true,2224254,48889070,1773893,386179,388310,3783
3,../model_20200810_1943380085.uvl,26,22,30526483,true,1620315,26790196,1561293,134334,77562,2749
13,../model_20121212_425431925.uvl,16,15,32872482,true,1490814,29389380,1587710,108373,52394,2371
0,../model_20130106_749900457.uvl,21,15,33928231,true,1656394,30297741,1504747,102494,57143,2660
2,../model_20190513_1805648090.uvl,10,12,28136981,true,1457005,24805745,1517996,78502,48817,2200
14,../model_20160502_596671432.uvl,25,18,42721609,true,1677177,38845411,1594942,165624,103278,3435
4,../model_20180301_203291309.uvl,13,13,27580306,true,1473859,24318706,1431928,76250,46380,2171
6,../model_20120725_1460954667.uvl,97,81,76624224,true,2815397,70271979,2107391,500178,237780,2834
1,../model_20121123_1266693931.uvl,16,15,37990822,true,1627675,33996513,1808833,165740,95951,3214
15,../model_20200817_129447612.uvl,37,37,39582718,true,1830945,35008723,1949027,269686,177996,3270
7,../model_20110401_868452735.uvl,14,10,85849733,true,1681512,82164654,1598902,80381,46793,2268
9,../model_20140613_1129301242.uvl,10,9,26493755,true,1626369,22894041,1614370,68226,36492,2579
12,../model_20120328_523540818.uvl,10,10,31949115,true,1585582,28256156,1660081,109210,73216,3577
10,../model_20110718_866950306.uvl,20,19,40837022,true,1713707,36757132,1742029,198141,113091,3398
8,../model_20150114_50814742.uvl,33,32,67069864,true,1830144,62103257,2138688,453298,234057,4689
11,../model_20101120_2091447559.uvl,20,20,39210101,true,1689811,35177915,1703016,205044,118345,3566
0,../model_20121018_1639434192.uvl,17,15,26612508,true,1870903,22594564,1674655,111762,61843,3024
13,../model_20131114_87095598.uvl,57,61,42871942,true,1849665,37987966,2091095,359144,207849,2667
3,../model_20191016_1243022077.uvl,83,83,74861012,true,2374977,69053470,1943802,618611,474046,3763
1,../model_20230322_2049733851.uvl,24,22,44673111,true,1594971,40554037,1813266,240524,138351,3602
4,../model_20230322_497943934.uvl,40,27,43695032,true,1783335,39301561,1755334,285854,152684,3168
14,../model_20141113_346832425.uvl,56,59,75923761,true,2033306,70549340,1996496,554813,316361,3678
5,../model_20161117_1407262512.uvl,21,16,35784587,true,2138434,31349163,1829912,106191,63355,2802
9,../model_20131112_1840652917.uvl,17,18,22729199,true,1653362,19137928,1538995,97144,59717,2038
7,../model_20160330_1846251072.uvl,39,38,33770329,true,1698233,29278509,1593671,191072,711858,2209
10,../model_20141030_1477913256.uvl,12,12,22896340,true,1805051,18313708,2385542,82532,47342,2121
8,../model_20160606_412121552.uvl,14,13,22028416,true,1536261,18114941,1777545,147013,79450,3880
11,../model_20120328_288933955.uvl,17,20,42043389,true,1694090,38079365,1608311,231712,132586,4360
0,../model_20190502_1338968023.uvl,34,39,36822463,true,1751370,32710710,1669880,208020,117002,2475
13,../model_20190203_959278211.uvl,27,27,27666842,true,1555795,23615276,1762673,222823,121038,74067
3,../model_20200901_93573304.uvl,38,29,33036280,true,1606378,28976361,1795890,168978,93044,2599
1,../model_20160303_1635209528.uvl,16,15,24176745,true,1463547,20732624,1551254,86554,52098,2351
2,../model_20190502_109355269.uvl,18,18,67912988,true,42779238,22956739,1735388,100032,56414,2746
14,../model_20131112_1825068383.uvl,25,30,44792511,true,1542677,40641049,1795632,295651,174341,4114
5,../model_20130811_391981530.uvl,41,51,44325601,true,1741304,39833400,1856634,359533,174210,3830
6,../model_20130522_1326579656.uvl,45,45,44224584,true,1669987,39028292,2805113,234709,125072,2092
7,../model_20160623_1415871890.uvl,13,11,31725758,true,1523665,28222005,1560408,82257,48368,2677
9,../model_20200901_1356822502.uvl,38,29,39105993,true,1552094,34842057,1838639,323661,184611,3859
10,../model_20101110_1749898936.uvl,19,20,45540520,true,1666796,41374608,1721359,363870,137808,3532
8,../model_20100927_1382418986.uvl,10,12,36536757,true,1425977,32754106,1881329,149313,91945,3355
11,../model_20160925_2087627141.uvl,47,44,54604499,true,2197986,49312007,1907932,524709,346385,3993
3,../model_20230322_604627146.uvl,22,18,29588505,true,1655422,25789194,1639070,110187,62092,2374
0,../model_20141119_1459706454.uvl,34,33,49658888,true,1645838,45493148,1693188,323009,173163,4265
12,../model_20221102_1308706395.uvl,17,12,30516156,true,1495154,25646040,2746409,244193,119207,4938
1,../model_20150305_15208156.uvl,30,34,40452757,true,1667549,36391025,1672718,186623,160315,2216
2,../model_20130116_382639902.uvl,31,30,35358240,true,1725963,31230760,1714445,206112,114490,2006
14,../model_20170320_149190356.uvl,50,56,39390220,true,1931981,34999559,1700138,273775,152238,2762
5,../model_20171207_1015871671.uvl,18,34,44651506,true,1716541,40717810,1572538,204006,100387,2216
4,../model_20160330_1784601624.uvl,25,22,45597100,true,1909552,40976246,1862104,233701,268053,4412
7,../model_20160329_1368375444.uvl,33,32,55075958,true,1761854,50913406,1662526,214859,132093,4253
9,../model_20180222_1895267586.uvl,22,25,35981804,true,1739138,31940199,1717193,131957,136216,2568
10,../model_20170517_1468714593.uvl,10,10,34426160,true,1559685,30581302,1887033,92569,48708,2653
8,../model_20190730_1957937065.uvl,25,25,29952529,true,1608772,26057157,1573634,228600,181875,4235
15,../model_20140819_914542251.uvl,62,59,52353677,true,2201589,46745487,2203240,527914,191557,2618
12,../model_20110826_1744501275.uvl,24,24,74174654,true,1628743,70393403,1669566,121485,69943,2065
0,../model_20200810_1274447969.uvl,33,31,32255782,true,1770537,28080544,1728794,213042,93617,2369
1,../model_20180306_422218475.uvl,53,36,65972713,true,1958699,61509811,1665495,255586,139893,2570
2,../model_20131129_2135897376.uvl,10,10,23273076,true,1434790,19289270,1520529,733591,47913,2750
13,../model_20180227_1765307019.uvl,116,84,93261683,true,3148487,86308568,2279874,546863,286538,2852
14,../model_20120110_1754443954.uvl,10,9,32739979,true,1414055,29327331,1664029,78066,46429,2123
5,../model_20140422_1825362104.uvl,21,21,34363854,true,1479007,30801711,1650181,107040,61461,2779
7,../model_20180512_660942805.uvl,36,38,39800267,true,1540052,35837135,1806060,183619,103558,1999
4,../model_20150222_409043024.uvl,52,41,55280623,true,2023970,50244310,1842000,456549,246648,3720
8,../model_20120627_1512389149.uvl,11,10,35794314,true,1552082,32355264,1466854,97597,56739,3239
6,../model_20130619_405989942.uvl,10,10,33806178,true,1570962,30205590,1585211,121185,72734,3554
9,../model_20151111_460133826.uvl,40,41,48859459,true,1736707,44262023,1881884,363721,210454,4005
10,../model_20180411_122889136.uvl,26,23,27924366,true,1733275,24015950,1605438,127580,74275,2093
15,../model_20111031_386778867.uvl,25,13,45784126,true,1741477,41544835,1728684,331727,114007,3986
11,../model_20150423_1422172417.uvl,14,12,26549842,true,1446587,23090394,1616845,82624,45470,2982
3,../model_20160317_1483846003.uvl,46,46,59988693,true,2054822,55364741,1813683,211989,125273,2833
12,../model_20130908_2094539725.uvl,81,81,82239502,true,2336480,76152490,2099689,718989,414966,3423
2,../model_20120110_855603964.uvl,10,10,40246784,true,1615264,36411218,1577231,274919,84357,3949
1,../model_20101111_1790887308.uvl,10,12,75632324,true,1543087,71974608,1694041,86687,66229,3043
13,../model_20171012_484328807.uvl,36,36,40175741,true,1752013,35836779,1710750,315608,181120,4078
5,../model_20121102_443205816.uvl,26,18,45216385,true,1680328,41355777,1695261,123285,67932,2220
4,../model_20200412_2136556876.uvl,12,12,27128439,true,1584757,23460781,1697706,69779,45684,2238
14,../model_20131112_1315617761.uvl,58,62,63845062,true,2096611,58370306,2021757,539080,316685,3494
9,../model_20111027_966072474.uvl,10,10,28327687,true,1608263,24719125,1568365,102014,60035,2999
8,../model_20170821_744427680.uvl,15,23,58022092,true,1529707,54061933,1653284,303943,179359,4550
6,../model_20160330_218438641.uvl,23,15,29410780,true,1545682,25928366,1551741,108471,61758,2830
10,../model_20101116_1022976130.uvl,34,33,52800284,true,2007040,47061455,2908586,332657,196380,4218
3,../model_20221029_568257220.uvl,17,27,64631352,true,1758874,60070396,1809911,462000,223971,4165
12,../model_20190129_1004578234.uvl,18,19,39755089,true,1586294,36000238,1569164,201456,126703,4186
0,../model_20230608_1658584159.uvl,24,24,43823538,true,1733291,39337243,2032825,238086,145423,4007
2,../model_20190128_1522973155.uvl,23,28,27424928,true,1355786,24016821,1594658,154664,92065,3119
13,../model_20151103_1678219280.uvl,19,19,33790625,true,1524763,30286795,1518453,105365,59813,2226
1,../model_20180611_1800915628.uvl,10,13,87769727,true,1357146,84336093,1589544,160477,91857,4213
4,../model_20120512_712347860.uvl,13,12,29059587,true,1479504,25587522,1654492,75844,45411,2316
14,../model_20180306_73619671.uvl,48,30,38260560,true,1838374,33850986,1805434,224231,117936,2798
9,../model_20180729_701594854.uvl,22,25,30579509,true,1628653,26439089,1756836,218879,211261,4055
6,../model_20150301_527193150.uvl,24,24,36338953,true,1369879,30616795,3646970,239574,147153,4917
7,../model_20180305_2101436905.uvl,47,24,42065933,true,1986748,37712275,1681694,184227,99100,2850
10,../model_20161128_2006303576.uvl,96,66,69881538,true,2684974,63304389,1996683,375805,928658,3026
15,../model_20160229_171128808.uvl,48,48,77789934,true,2038041,72940578,1776022,384977,240393,3007
0,../model_20111020_455520177.uvl,11,11,33715235,true,1534731,30263294,1529731,65496,43753,1976
3,../model_20111130_1614470655.uvl,77,70,71973783,true,1958383,66631077,1949118,597089,317245,3827
2,../model_20110406_353034837.uvl,40,35,39518796,true,1701647,35474758,1701348,183811,103083,3252
11,../model_20120418_828883554.uvl,52,28,50601599,true,1886199,45252391,2327439,419190,239299,4214
4,../model_20100805_1484639410.uvl,31,35,55201943,true,1704878,50653571,1836705,439275,196351,3941
1,../model_20131112_1191150070.uvl,57,55,68385257,true,1937564,62835970,2229061,572262,311185,4819
14,../model_20110519_1142211980.uvl,14,12,36150831,true,1666159,32141130,1815251,147480,81659,4499
9,../model_20180530_1810935889.uvl,11,13,36410970,true,1621906,32460377,1812617,156601,89470,4826
6,../model_20170310_195700687.uvl,47,44,63555704,true,1898476,58885969,1804347,342853,169624,2304
7,../model_20131112_1353790761.uvl,23,20,28722459,true,1418318,25058194,1784018,138876,99615,2571
8,../model_20230423_1943321532.uvl,27,27,30220738,true,1603349,26420335,1550599,135078,165130,2856
5,../model_20180302_974887082.uvl,122,150,89135364,true,2944031,81820605,2309305,725894,489516,2728
15,../model_20150620_2057636397.uvl,13,10,23671572,true,1426395,20144288,1738671,77226,43614,2354
3,../model_20160329_926312476.uvl,21,14,29424166,true,1665519,25725725,1565575,106749,58402,2479
12,../model_20230323_1971213764.uvl,46,42,44414333,true,1854724,39709472,1915034,379262,128332,3388
11,../model_20101104_260803083.uvl,11,10,24457322,true,1435090,20722298,1827346,127827,69886,3816
0,../model_20140310_1022041880.uvl,88,72,89317218,true,2740628,83176918,2149065,416734,202362,2313
4,../model_20190922_729177560.uvl,21,21,27800188,true,1549364,24119653,1590889,121279,85915,3947
13,../model_20100415_947132043.uvl,31,37,55464247,true,1809965,51188263,1802328,273424,109414,1897
1,../model_20140819_1738890661.uvl,10,10,28736469,true,1807968,25027889,1515485,63245,39909,2785
9,../model_20121123_2085968892.uvl,17,16,39609755,true,1502510,35804201,1720697,177422,100976,3799
6,../model_20130916_894347834.uvl,15,17,28666685,true,1464340,25211501,1566016,110400,77555,2896
8,../model_20120422_1648870831.uvl,14,15,40240087,true,1627620,36439753,1636128,182629,114531,4124
14,../model_20160103_2012826523.uvl,94,55,90784019,true,2664208,84447355,1869444,625297,516953,4443
2,../model_20120829_191972511.uvl,168,199,185437581,true,4840170,172988207,3244276,2104980,1266161,4418
5,../model_20170818_812208818.uvl,31,31,37700985,true,1953313,33178459,1798379,260297,163388,3983
10,../model_20160121_1141972007.uvl,20,20,79200599,true,1459931,75163961,1942093,197825,117595,3318
12,../model_20190430_348224224.uvl,33,25,27935566,true,1507449,24307645,1608468,152111,84959,2810
0,../model_20130916_1112744253.uvl,15,17,41279869,true,1667746,37305975,1710342,188053,113581,3693
4,../model_20170718_2017313962.uvl,18,18,42179316,true,1700475,38184088,1694775,183239,103071,3770
9,../model_20221208_1038664369.uvl,28,21,32081976,true,1554103,28334852,1615457,148787,79045,4114
7,../model_20170402_1978825740.uvl,263,264,275230303,true,8627267,260022913,2637946,1557094,998709,2593
8,../model_20120328_1814590478.uvl,36,34,29531161,true,1680523,25556460,1608491,175729,155601,2249
5,../model_20121123_1668268132.uvl,13,13,25136408,true,1561026,21536893,1631171,89804,49511,2298
10,../model_20170420_1165511748.uvl,77,39,48816876,true,2525006,43506550,1879405,275140,144524,2045
2,../model_20130307_609838668.uvl,176,161,128814819,true,3895347,120251470,2328157,1006441,491614,2414
12,../model_20200128_1186233455.uvl,23,23,80600999,true,1558532,76900267,1587419,149435,110378,3190
0,../REAL-FM-13.uvl,12,11,28403026,true,1563453,24896167,1525749,89419,53172,2670
4,../miniset/stack_fm.uvl,17,13,23296217,true,1446280,19892735,1519728,101334,54087,2619
3,../model_20120328_1227899142.uvl,21,20,45740414,true,1601895,41556104,1822733,244964,128810,4216
9,../model_20150310_1642957582.uvl,29,32,44945242,true,1615956,40804365,1752306,306851,151693,3864
13,../model_20130916_1467348272.uvl,16,18,22494492,true,1626500,18783210,1533676,120839,106824,13587
11,../model_20160227_1275602559.uvl,47,58,154517518,true,2070054,149531944,1750010,532627,243539,2532
1,../model_20121018_820869482.uvl,16,15,21794466,true,1601084,18133587,1640855,85927,47166,2422
8,../model_20221004_622223252.uvl,26,26,60896080,true,1541731,57063721,1737147,136716,81107,2522
6,../model_20190920_56721129.uvl,15,15,27700248,true,1500289,24293333,1525924,89421,51109,2556
5,../model_20181119_2037159342.uvl,23,24,43548852,true,1599393,39675093,1707857,159324,84680,2308
14,../REAL-FM-6.uvl,11,10,38418993,true,1667127,34593912,1597797,160827,88791,4048
10,../model_20160307_1341241097.uvl,12,9,31383314,true,1684709,27559035,1743585,72428,40479,2758
12,../model_20140925_285704903.uvl,20,17,39410976,true,1740481,35379697,1660541,190521,116623,3775
4,../model_20141109_1274255950.uvl,11,11,35896519,true,1499784,32181403,1756666,142162,81156,4245
0,../model_20151122_103763227.uvl,47,20,57443113,true,1691020,53364112,1734012,188340,97764,2944
3,../model_20150209_1183047948.uvl,29,47,45525824,true,1674793,41616769,1525961,265276,136094,2108
9,../model_20160906_1914580505.uvl,31,28,51276455,true,1714689,46836244,1901897,300058,208135,4360
15,../model_20120328_361613983.uvl,16,18,39936497,true,1826526,35815751,1687301,199417,117380,3551
11,../model_20160226_1944186213.uvl,48,56,37177546,false,1819350,32922635,1675570,296309,242617,2901
8,../model_20190917_1855142600.uvl,38,33,38969880,true,1627095,34470557,1975516,339641,294280,3929
1,../model_20190416_545039882.uvl,21,21,32470535,true,1653522,28669868,1659432,108765,61309,2176
6,../model_20131121_194495737.uvl,12,10,33821230,true,1478645,29984298,1837614,146027,84426,3826
7,../model_20130815_1890929461.uvl,56,62,46496729,true,1878859,41811154,1820012,326469,241762,3109
5,../model_20160301_235863217.uvl,20,27,30938162,true,1580224,27045013,1547038,287019,157389,3566
14,../model_20150512_534005467.uvl,31,32,54636247,true,1729170,50181254,1771560,384159,205013,4087
10,../model_20131122_913576973.uvl,23,23,42554382,true,1541116,38505088,1873937,215277,129576,3754
4,../model_20170308_1789444441.uvl,28,28,46400270,true,1654463,41930687,1919456,249839,271318,3659
12,../model_20150713_1448325014.uvl,32,27,55599295,true,1709262,51132183,1835917,334152,294109,3866
2,../model_20190328_829158427.uvl,14,16,25358000,true,1556012,21809568,1598664,116516,76909,2520
0,../model_20160122_407616496.uvl,29,26,50316327,true,1715139,46076178,1695521,308470,178934,4375
3,../model_20140614_1599125118.uvl,13,12,58628226,true,1577078,20303815,36359144,77113,42631,2782
15,../model_20160329_1092215724.uvl,17,22,28259944,true,1295058,24628984,1671605,294992,158002,4706
9,../model_20190917_1598073515.uvl,16,16,29807390,true,1317666,26270171,1749072,165501,96017,3930
8,../model_20160330_1632759327.uvl,19,13,24842694,true,1672619,21091087,1612340,96116,53654,2821
6,../model_20121212_1167666293.uvl,15,17,25354564,true,1572163,21758825,1587955,97960,57616,1965
1,../REAL-FM-16.uvl,26,29,35188334,true,1558575,31244892,1647742,173511,94444,2586
13,../model_20140824_1421620261.uvl,51,62,56284073,true,2080881,51361340,1947399,354864,248882,2724
7,../model_20140428_1301432646.uvl,72,71,51259613,true,1938609,45901806,1999742,585526,308632,4007
5,../model_20190917_1294871534.uvl,16,13,38087708,true,1611808,34187005,1694157,209486,91085,3844
10,../model_20100904_226530663.uvl,38,38,38178698,true,1835245,33545796,1775670,352096,277845,3426
12,../model_20160726_1855902901.uvl,12,13,27675901,true,2748095,22964181,1542838,92404,51207,3049
0,../model_20221229_1000010819.uvl,17,17,37850079,true,1706153,34009577,1565472,168993,102775,4048
2,../model_20111129_1932950448.uvl,13,13,35354519,true,1560278,31516347,1783531,138488,81106,4056
3,../model_20110826_1180494500.uvl,24,24,41971769,true,1654917,37517009,2128812,218529,136606,4111
9,../model_20191012_1432325334.uvl,40,38,43297581,true,1717938,38704101,2008325,371888,140372,3188
15,../model_20110214_751339643.uvl,56,128,116410559,true,2416934,109075642,1889769,1677424,857727,4293
8,../model_20120718_813832704.uvl,11,12,25510714,true,1634911,21900598,1571863,74321,48064,2792
1,../model_20120411_196667302.uvl,26,23,34822142,true,1783611,30824360,1714946,147323,86389,2462
11,../model_20140819_424669215.uvl,17,17,34218779,true,1653267,30649267,1531607,93097,52793,2890
5,../model_20171028_1906143627.uvl,13,14,22579346,true,1528486,19146490,1529653,96386,57075,2796
10,../model_20190228_1201197026.uvl,16,18,26668343,true,1589142,23173797,1458114,107742,66311,2431
14,../model_20130917_737900063.uvl,13,15,24114324,true,1589131,20419914,1655647,112670,69488,2119
3,../model_20140305_1485634182.uvl,28,29,29542030,true,1600008,25683728,1659075,162072,98569,2688
0,../model_20130115_768867592.uvl,11,9,27790458,true,1599445,24052985,1744361,80850,49282,3081
12,../model_20230615_1063099089.uvl,38,18,55141211,true,1621842,50919622,1800251,296985,161994,4691
4,../model_20190513_1749709644.uvl,20,23,29309872,true,1643677,25509361,1691501,133736,68678,1938
9,../model_20160913_269001380.uvl,49,43,51162928,true,1892165,46272198,1854146,562183,179970,3195
8,../model_20130725_1929838118.uvl,41,27,92891151,true,1674048,88353697,1970686,327803,172712,3981
1,../model_20131206_656913635.uvl,13,15,36685580,true,1513422,33247273,1527548,94139,55521,2144
15,../model_20150228_222823272.uvl,37,43,63481277,true,1901812,58550569,1895069,477038,248517,3534
11,../model_20120201_865979127.uvl,28,36,66315085,true,1744583,61840463,1712367,499878,266475,4359
6,../model_20170527_1802227256.uvl,11,13,33110851,true,1723820,29508589,1469370,95539,56294,2155
5,../model_20100830_561967343.uvl,32,31,46560529,true,1643572,42863976,1450619,164739,127568,2734
13,../model_20160812_1476754989.uvl,10,10,22984775,true,1557235,19314013,1725418,81705,54678,2632
10,../model_20110507_674768061.uvl,40,52,70584156,true,1880077,65341855,1971142,635656,343283,4371
0,../model_20160330_925748995.uvl,16,12,30777828,true,1506639,27124904,1650453,140694,90750,4043
12,../model_20230422_2139223494.uvl,37,34,41962670,true,1923077,37742608,1667270,170327,156273,2878
9,../model_20190917_552843992.uvl,10,7,34868419,true,1473565,31340756,1640982,121764,61637,3755
4,../model_20230323_901833353.uvl,74,62,53934754,true,2044516,48179022,2142964,642202,359484,3819
1,../model_20121018_271963732.uvl,16,15,22483684,true,1839801,18705874,1488471,89350,50436,2780
15,../model_20160822_713171625.uvl,28,29,29189549,true,1680414,25087208,1713057,219645,124178,3566
8,../model_20200901_328439811.uvl,35,20,41059978,true,1845694,36979489,1634798,150742,143422,2775
11,../model_20230322_307237036.uvl,29,23,26373646,true,1644385,22669106,1501056,138361,81025,3230
5,../model_20200813_1618100589.uvl,28,28,38954185,true,1647274,34955155,1765355,155907,82931,2300
10,../model_20160322_2014722365.uvl,54,54,38094138,true,1810857,33652425,1792567,247293,144106,2091
0,../model_20150506_306101537.uvl,33,33,30618859,true,1731129,26533807,1722326,168916,93156,2845
12,../model_20180222_1925875374.uvl,45,43,33797458,true,1727426,29675827,1646600,208955,120235,2123
7,../model_20131210_413521746.uvl,13,14,38499048,true,1545256,34764657,1667151,184226,101901,3254
14,../model_20190917_75070341.uvl,33,15,35769075,true,1598939,31697397,1887589,151992,85887,3029
3,../model_20170316_174511349.uvl,16,17,24507481,true,1554138,20881616,1638253,116313,62972,2106
4,../model_20151216_1220822165.uvl,15,15,38422226,true,1480287,34681167,1716565,152119,93956,3762
9,../model_20131112_1591180910.uvl,29,25,29457755,true,1746638,25343282,1701608,178955,112520,4356
15,../model_20121025_1656878048.uvl,26,26,36664542,true,1697970,32527400,1817270,201789,74624,2021
8,../model_20140205_954857783.uvl,11,9,38799865,true,1585664,34938726,1799656,151862,86133,4433
2,../model_20130224_1469220523.uvl,10,10,27084927,true,1545797,23613554,1605975,65767,39407,3127
11,../model_20150330_63301402.uvl,11,9,35051395,true,1576933,31330842,1652363,130405,75322,5045
6,../model_20160603_398155586.uvl,15,10,36958931,true,1658293,33320129,1567859,120713,58487,2399
10,../model_20110216_608697455.uvl,14,18,30952478,true,1792807,27117399,1597323,103723,62143,2244
5,../model_20140310_1916029542.uvl,144,54,146206776,true,3149334,138371088,2426843,926608,532087,4245
13,../model_20161128_1478224089.uvl,77,66,75867423,true,2438785,70381872,1965424,333153,191596,2151
12,../model_20170918_1157652981.uvl,48,29,41608114,true,1968808,37028939,1820656,249435,124963,2200
7,../model_20190504_755268837.uvl,43,46,51312189,true,1932924,46055479,2140981,493237,249287,3173
14,../movies_app_fm.uvl,13,10,96090413,true,2455362,91464302,1694351,125145,66417,4011
3,../model_20180226_492552032.uvl,11,7,22566339,true,1734635,18844795,1604147,76927,50309,2205
9,../model_20170215_1278541927.uvl,41,39,33423229,true,1608975,29358019,1768862,193402,110340,2431
2,../model_20170228_1437582980.uvl,10,10,30947761,true,1845009,26906438,1723698,124495,75471,4012
15,../model_20160504_1687809818.uvl,30,28,48946752,true,1846493,44460930,1789486,282836,185221,3251
8,../model_20150306_503606823.uvl,27,26,38716822,true,1811789,34530718,1688860,224604,124027,2894
11,../model_20141106_309720283.uvl,57,54,51440995,true,1960939,46605350,1969430,273760,151286,2416
1,../DELL-LAPTOP-NOTEBOOK-FM.uvl,47,122,148446429,true,2163332,142165850,1990510,1103232,590702,3938
13,../model_20121123_1807427529.uvl,17,18,38539395,true,1538497,34559763,1828526,198187,112574,4372
12,../model_20200817_1333981485.uvl,33,20,33811905,true,1796211,29971835,1537992,143448,73892,2107
7,../model_20160330_999254735.uvl,14,14,21768060,true,1531647,18151959,1690537,77656,47238,2208
0,../model_20120902_865058601.uvl,19,19,26513509,true,1651796,22955137,1446009,98172,58282,2754
14,../model_20151116_762410606.uvl,29,29,28153605,true,1713350,24277775,1585688,144238,81516,2654
3,../model_20131202_1575628003.uvl,19,19,24997653,true,1640888,21171733,1623049,165988,98710,3421
9,../model_20120824_761159432.uvl,23,20,34867566,true,1395696,31100698,1801587,148196,84335,2679
4,../REAL-FM-7.uvl,14,15,25504864,true,1670105,21939378,1519023,123456,59047,2792
15,../model_20230322_342259021.uvl,33,29,26928134,true,1675435,23080484,1565833,154905,84924,2034
8,../model_20170911_1850240044.uvl,13,13,21634339,true,1658383,17996485,1598246,76566,43153,2075
11,../model_20171005_1816009957.uvl,10,7,22845707,true,1547481,19464217,1477218,61379,36767,2958
1,../model_20160905_338518821.uvl,25,25,44428907,true,1694112,40167946,1857795,233887,132912,4056
13,../model_20150614_1325491211.uvl,24,26,28755580,true,1440953,25127764,1655618,148205,88082,2369
6,../model_20141202_104116345.uvl,10,9,29853239,true,1633699,26271384,1564532,82818,47049,2455
0,../model_20200811_368165701.uvl,11,10,32965975,true,1395231,29588395,1636618,70706,42662,2492
12,../model_20150610_685576256.uvl,15,17,27133745,true,1523091,23372233,1685647,193832,106291,4074
7,../model_20131129_1765219729.uvl,14,14,38395918,true,1475445,34715141,1671733,162357,90904,3464
5,../model_20100324_1996898492.uvl,11,14,37995016,true,1616923,34043596,1784957,167269,103784,4484
14,../model_20091009_1552375070.uvl,37,40,48831041,true,1644045,44962056,1628415,221819,125100,2487
10,../model_20111029_1654942500.uvl,37,27,96424600,true,1693409,42819779,50965877,387312,215031,4072
3,../model_20150715_75174593.uvl,17,16,27035324,true,1456396,23364361,1790795,102748,56865,2783
9,../model_20120425_1998125226.uvl,71,71,54626599,true,2074354,48681733,2282645,631205,391193,4158
8,../model_20150411_1026005127.uvl,10,12,33959132,true,1505444,30285670,1754388,135340,84526,3915
4,../model_20180509_988672632.uvl,27,18,41133981,true,1727388,36612516,1940484,244619,253441,4210
2,../model_20200413_90255108.uvl,48,41,53069687,true,1952716,48568910,1759668,217689,123204,3055
1,../model_20130418_1158438101.uvl,19,12,41238042,true,1519060,37475736,1630713,208545,120906,3945
13,../model_20140824_2115796112.uvl,43,49,50745016,true,1800170,45245685,1817716,352474,1149262,2572
6,../model_20200524_149606280.uvl,35,42,38268809,true,2098310,33690998,1662423,294562,136775,2410
0,../model_20111201_1252018702.uvl,61,40,60616849,true,2167964,55676250,1800880,274502,143410,2957
12,../model_20160506_174377233.uvl,40,22,49240109,true,1798586,45252458,1626737,174521,89859,3002
5,../model_20151117_1411945431.uvl,22,22,35320619,true,1621970,31644540,1566232,112201,67024,2027
3,../model_20150703_1928436983.uvl,10,10,22700760,true,1492099,19245245,1612661,86019,36568,2016
10,../model_20160125_1378351345.uvl,38,33,36995863,true,1609702,33076219,1674277,211304,108334,2353
8,../model_20120422_2100930135.uvl,25,27,36495080,true,1811013,32349958,1772630,156379,86224,2061
4,../model_20190223_2034909826.uvl,88,28,74441655,true,2193130,68602580,2090458,585726,323179,4031
15,../model_20230120_1200060194.uvl,20,20,30194207,true,1295332,26362933,1960498,180992,111944,3919
11,../model_20150523_372542452.uvl,47,35,39904513,true,1772016,35591819,1772301,241155,134986,3252
2,../model_20150310_1191030699.uvl,30,33,53682993,true,1707196,49212268,1784971,331532,193128,97213
1,../model_20170921_244476382.uvl,47,33,61008814,true,1918958,56372522,1837340,275145,168599,2113
6,../model_20100625_251719781.uvl,16,16,26210926,true,1407494,22889973,1465402,95678,63674,3229
12,../model_20120110_1719396361.uvl,10,10,37376034,true,1589696,33279503,1981826,156681,93402,3942
5,../model_20100308_1032655961.uvl,15,16,28971558,true,1620945,25018996,1743468,174598,108071,3937
0,../model_20130821_1446947208.uvl,49,49,52358497,true,1919395,47789453,1841219,230164,127384,2573
7,../model_20190220_184230257.uvl,38,42,61057994,true,2116297,55936159,1869508,469120,242103,4236
8,../model_20200503_927740000.uvl,21,23,90540322,true,1608078,86853501,1565622,144964,78303,3008
14,../model_20130302_1361528923.uvl,10,11,27208314,true,1635115,23825692,1383961,87227,48364,2212
9,../model_20130726_597280131.uvl,47,44,40403965,true,1771764,35977644,1831035,261524,137417,2070
4,../REAL-FM-11.uvl,67,65,45630096,true,1809578,40745921,1877101,378672,324964,3735
1,../model_20190214_582844610.uvl,11,11,37103459,true,1445521,33518545,1555951,166102,96851,4085
6,../model_20161107_751073207.uvl,11,11,25783978,true,1412780,22540577,1496119,69043,41787,3043
12,../model_20221229_2070974785.uvl,17,17,26564171,true,1711679,22953308,1466588,87845,52624,2112
5,../model_20160524_3029237.uvl,19,17,28237905,true,1547077,24567888,1659746,112582,65895,2461
0,../model_20150411_1055039600.uvl,18,13,26736193,true,1689543,23198384,1459967,92581,79450,3817
13,../model_20230630_666266911.uvl,13,13,23634025,true,1575959,20123884,1538564,90659,51584,2009
7,../model_20110203_1382675896.uvl,14,14,20423630,true,1562803,16901998,1564130,75651,44770,1976
8,../model_20100719_944437142.uvl,29,25,30241655,true,1569783,26333249,1721272,172851,104447,2619
3,../model_20140615_1417385367.uvl,35,30,51319841,true,1701658,46657503,2091972,318479,173433,3751
14,../model_20150715_1425609053.uvl,12,10,56791450,true,1357888,53497435,1551429,73879,42634,2661
10,../model_20190929_1773228224.uvl,17,25,49041526,true,1661385,44712300,1922573,285828,157414,3950
9,../model_20171128_2320585.uvl,14,13,25529232,true,1540135,22135070,1479830,85004,48521,2431
4,../model_20100904_330653656.uvl,10,10,31569437,true,1462786,28036697,1706062,61762,36420,2413
15,../REAL-FM-2.uvl,23,18,30392322,true,1866233,26196787,1665919,222193,111427,3732
2,../model_20190416_284413958.uvl,37,35,55618542,true,1693515,51103001,1795930,345473,281655,3865
1,../model_20221122_1612835830.uvl,20,16,37338588,true,1409496,33860994,1518746,101872,59937,2874
6,../model_20190917_80747458.uvl,16,14,38099716,true,1532712,34299706,1721694,182569,95623,3534
12,../model_20160519_1235536625.uvl,34,33,68989120,true,1598363,64599431,2064671,280552,172805,3002
7,../REAL-FM-19.uvl,30,35,57674272,true,1622853,53201005,1943311,413909,227312,3965
11,../model_20190219_265960660.uvl,178,140,105965378,true,4766741,96422502,2322533,807162,614470,3448
8,../model_20221009_1635938665.uvl,42,32,39578403,true,1948395,35237445,1732359,184432,99215,2312
14,../model_20161125_1777261352.uvl,33,28,31636491,true,1675429,27593471,1654796,174459,149488,2814
10,../model_20170115_352040991.uvl,17,18,24833452,true,1400801,21407235,1596004,103719,61997,1866
9,../model_20120531_2078087379.uvl,17,20,34254128,true,1615447,30192078,1774407,224721,127877,3319
4,../model_20150527_830434674.uvl,34,34,38016087,true,1904662,33331492,1948960,267119,166782,4042
15,../model_20140411_114609198.uvl,12,18,32706211,true,1483637,29069785,1661306,141545,80432,2752
1,../model_20110428_1131293346.uvl,13,13,22157824,true,1529870,18002726,2233393,76049,49101,2161
2,../model_20150521_1988107963.uvl,17,15,30743118,true,1457537,27138180,1584470,157748,92475,3557
6,../model_20131111_1434736548.uvl,34,34,43386881,true,1917146,38789742,1994887,198674,113867,2196
12,../model_20160303_1645051071.uvl,17,15,33745005,true,1628858,29676995,1789932,224000,113992,4413
7,../model_20190922_1316746975.uvl,22,22,40107188,true,1590297,36228092,1707997,214964,122483,3390
5,../model_20170317_1165725.uvl,50,57,38005865,true,2065521,33291080,1671195,361723,206798,3723
11,../model_20190221_1604245950.uvl,18,18,39537440,true,1470519,35783938,1700587,209032,123427,3838
13,../model_20160919_825563014.uvl,11,10,34447774,true,1534528,30876473,1559403,128602,74283,4582
0,../model_20150105_1168070568.uvl,17,12,40414838,true,1617291,36588619,1660058,177198,97920,3979
8,../model_20160329_864839294.uvl,22,21,44271691,true,1597201,39003607,2992300,217605,122879,4227
9,../model_20150304_173081072.uvl,20,27,44022423,true,1948240,39769441,1687565,177264,121889,4121
3,../model_20121018_1495134161.uvl,17,15,38173275,true,1628775,34360559,1654998,173241,101844,3081
15,../model_20160907_1816738180.uvl,10,8,33888187,true,1507907,30450193,1554319,118273,66617,3941
2,../model_20160520_681202886.uvl,11,10,33555470,true,1398055,30245586,1516689,121753,69868,3258
1,../model_20130522_2044729096.uvl,31,26,39676813,true,1608965,35778199,1624159,271977,142860,3785
6,../model_20170919_1425490791.uvl,47,42,49274899,true,1975199,43985635,1645969,341444,1005609,3295
12,../model_20160329_1999221629.uvl,24,24,25891860,true,1626526,21953538,1767155,143038,74143,2208
7,../model_20200819_498504850.uvl,31,28,28497468,true,1837973,24635492,1498115,161394,85819,2825
13,../model_20111220_1450733948.uvl,41,13,37757605,true,1633468,33915341,1624379,148961,76631,3010
9,../model_20221125_1235088379.uvl,25,15,36306208,true,1704204,32433095,1707463,122981,71489,2117
3,../model_20110525_1619420630.uvl,45,41,38628317,true,1610260,34383908,1790081,269600,180655,3083
10,../model_20120710_919309758.uvl,19,8,23163001,true,1585378,19737475,1441134,106717,50864,2485
14,../model_20230322_1548752135.uvl,45,32,52702372,true,1791628,47672193,2095454,425859,327452,4391
15,../model_20161212_1631452800.uvl,23,25,30562903,true,1314648,27048851,1645909,168725,90379,2536
1,../model_20140905_372428255.uvl,13,10,37550507,true,1573215,32081772,3376438,145046,81626,4719
4,../model_20130725_608010428.uvl,12,12,24709254,true,1631024,20919622,1734937,94451,67291,3405
2,../model_20200907_1296105910.uvl,35,21,53717555,true,1701191,49373913,1727380,306776,269936,3543
12,../model_20170321_1279222212.uvl,10,10,20632454,true,1328336,17435648,1533291,81571,43599,2646
6,../model_20121123_1014773113.uvl,16,16,21704158,true,1566388,18138896,1573186,101186,56758,2748
7,../model_20171207_711618687.uvl,13,13,24432007,true,1691173,20752634,1642598,75908,43970,2391
13,../model_20110323_789959080.uvl,15,11,38037076,true,1444824,34224036,1854652,169289,90508,5006
9,../model_20140209_1802656178.uvl,26,13,50771029,true,1757996,46400192,1891089,252634,136851,4419
5,../model_20170419_185164278.uvl,17,12,36208809,true,1688890,32411396,1589144,158863,93350,4475
8,../model_20170706_1181552122.uvl,11,12,22500400,true,1614309,18690061,1760997,106291,57939,2749
11,../model_20120328_593032745.uvl,19,18,25543531,true,1765993,21693398,1635612,100775,56335,2244
3,../model_20180511_622669496.uvl,18,18,35731628,true,1531479,32201919,1576194,95923,55612,2518
0,../model_20230322_1028761227.uvl,18,15,37548917,true,1666600,33874087,1561090,96449,53984,2191
14,../model_20141114_653359930.uvl,32,41,60443541,true,1757757,55792740,1833595,437565,234896,3395
2,../model_20230322_1036375763.uvl,40,27,32562496,true,1551547,28531477,1796241,234586,92890,2828
6,../model_20180306_1553572984.uvl,47,47,34487541,true,1813904,30403990,1532525,216005,136533,2384
10,../model_20170424_781699396.uvl,142,84,85778025,true,2900202,76439517,2514626,1132579,1897597,4540
7,../model_20121018_201916182.uvl,16,15,39278325,true,1758407,35371111,1577989,178824,96546,3915
13,../model_20120328_1309817018.uvl,14,14,36447319,true,1602273,32487295,1829499,149826,90792,3737
9,../model_20151102_2085331426.uvl,51,45,48384167,true,2046482,43523109,1946506,260016,143484,2739
5,../model_20140209_576830157.uvl,27,33,34238834,true,1605081,30023650,1693247,384447,194679,3984
0,../model_20181118_1641295184.uvl,12,11,20664406,true,1454591,17162761,1680867,84584,49787,2304
3,../model_20160906_802533043.uvl,21,24,27349988,true,1529124,23548728,1610162,166815,174921,3122
11,../model_20130529_167247656.uvl,16,16,23534180,true,1551746,20061406,1478974,95889,56588,2883
14,../model_20140411_279155356.uvl,11,12,64749960,true,1394785,61150503,1745743,139133,85718,4117
2,../model_20131113_2067550021.uvl,42,46,34398867,true,1633816,30445017,1711974,225344,135776,2434
15,../model_20130621_2143921379.uvl,29,32,33108066,true,1667109,27103951,1931224,310437,1799793,4101
4,../model_20101123_920943759.uvl,15,15,22764425,true,1671342,19036596,1644644,91330,48981,2665
6,../model_20150223_771673981.uvl,26,18,28319300,true,1521443,24455583,1813130,149784,65826,2170
1,../model_20141103_771283347.uvl,10,10,27534777,true,1683306,23883877,1590111,83335,46254,2605
7,../model_20150509_1341412445.uvl,10,9,22143715,true,1447692,18497295,1743480,121297,71819,3737
10,../model_20130122_92211527.uvl,11,14,26527382,true,1556600,22956722,1566054,116349,59558,2093
12,../model_20131112_1165253679.uvl,27,24,29482814,true,1438373,25791526,1753660,138319,80505,2723
5,../model_20140402_1108338221.uvl,10,8,20055353,true,1316313,16934774,1454674,65830,41699,2449
0,../model_20200829_1325519775.uvl,22,22,39601019,true,1483975,35827665,1692290,191198,112490,3299
11,../model_20120328_794090001.uvl,22,22,40349124,true,1558984,36506214,1678981,188462,121556,4193
8,../model_20181104_43638915.uvl,10,8,34865942,true,1591012,31266644,1572128,112178,64717,3487
3,../model_20170316_1430061931.uvl,60,253,237955658,true,3012647,228561672,2119114,2334129,1342330,5104
6,../model_20121219_629525870.uvl,18,24,29427853,true,1452736,25665336,1779140,169379,92966,2843
7,../model_20200901_40084439.uvl,26,26,25580158,true,1778930,21534440,1715829,129416,81057,2749
1,../model_20120822_650185552.uvl,25,23,65074101,true,1390220,61398483,1676075,188661,87866,67473
10,../model_20130410_2115212559.uvl,11,10,31144780,true,1585846,27647198,1526375,71644,41191,2604
4,../model_20120424_1703152596.uvl,59,45,83979326,true,1898760,79541249,1663098,246519,167954,2578
12,../model_20170502_101132737.uvl,33,37,46452763,true,1838843,42236594,1633279,230656,134450,2829
5,../model_20160304_168615633.uvl,29,32,44626690,true,1724353,40112786,1626366,175997,646290,2125
13,../model_20230322_1814026223.uvl,20,18,28812617,true,1844840,24947406,1530782,104406,58243,2618
11,../model_20130916_1894002979.uvl,16,16,27936705,true,1468184,24090084,1810471,175319,114563,4163
9,../model_20100730_1366577700.uvl,32,37,36399719,true,1650300,32225506,1716518,349746,200241,4263
0,../model_20130604_1500555803.uvl,13,13,29184304,true,2674057,24370785,1739795,78047,47461,2979
8,../model_20141107_655975442.uvl,10,9,22677806,true,1440210,19314584,1603600,70033,40924,2172
3,../model_20171016_2132568250.uvl,12,4,24822554,true,1570034,21223934,1645566,75512,35070,2249
14,../model_20140628_1177734570.uvl,29,32,47269831,true,1669996,43350753,1629154,215151,110273,2200
4,../REAL-FM-5.uvl,17,27,37099307,true,1744988,33164804,1537694,304371,107576,2761
1,../model_20151123_702303189.uvl,40,44,45682283,false,1786134,41697878,1603751,262929,145036,3033
15,../model_20140411_1742095150.uvl,12,23,51591140,true,1763823,47404616,1664710,303926,170380,4187
12,../model_20110124_2116036381.uvl,18,18,73005049,true,1562722,69455794,1533275,108810,78704,2447
2,../model_20160315_697003579.uvl,27,20,45434315,true,1677635,41340685,1730687,245738,134553,3863
5,../model_20100824_837146809.uvl,22,22,35072916,true,1683616,31097933,1685573,150026,113253,3468
11,../model_20230323_1102049462.uvl,17,17,25824225,true,1550929,22145885,1660469,100768,58807,2212
9,../model_20140902_941000321.uvl,13,11,22361330,true,1570978,18791155,1618685,76411,44920,3179
0,../model_20120124_94644767.uvl,12,12,33797686,true,1598597,30172563,1634267,75570,46092,2296
8,../model_20140420_1899694432.uvl,55,54,50881365,true,1950756,45731748,1983305,613131,308275,4141
3,../model_20150616_74187279.uvl,17,11,38042463,true,1533718,34366264,1645233,163883,87080,3988
14,../model_20121123_913179730.uvl,17,16,29125267,true,1589772,25578749,1524784,101832,56643,2046
1,../model_20200901_2052923297.uvl,21,21,27606810,true,1448709,23976186,1625904,187279,83722,3640
2,../model_20160106_443157632.uvl,13,13,29919285,true,1544263,26329584,1573628,124328,72673,4244
12,../model_20200517_1501498720.uvl,11,12,38168425,true,1532781,34173572,1912826,162454,97945,3660
15,../model_20170312_968402737.uvl,49,33,64396187,true,2024285,57934464,1902112,463560,1635153,3544
7,../model_20140819_1020837515.uvl,63,68,45140519,true,1871006,40296624,1987833,329417,181432,2712
6,../model_20141023_437365215.uvl,35,38,91491806,true,1725102,87368952,1730198,213813,117074,2776
10,../model_20150305_94122420.uvl,31,31,43420829,true,1653185,39458339,1726870,151372,88058,2712
5,../model_20160913_600398973.uvl,48,38,92691275,true,1963706,88188556,1762168,245143,165952,2506
9,../model_20180110_870365297.uvl,10,11,38005775,true,1805900,33866493,1683508,289093,86582,3713
0,../model_20160330_1306243394.uvl,21,21,43029410,true,1632979,38907359,1827348,206723,129497,3829
8,../model_20170904_444361354.uvl,46,33,41684049,true,1870222,37610059,1591028,193489,103381,2418
14,../model_20121018_1970318852.uvl,16,15,38241422,true,1712983,34283325,1688272,167506,95984,3618
1,../model_20120111_1667229430.uvl,24,19,27735746,true,1637537,24011035,1598484,136694,93458,2017
2,../model_20190510_899437477.uvl,13,11,35803598,true,1583465,31979553,1710782,143307,85941,3784
12,../model_20160309_1721210506.uvl,14,11,25890317,true,1842007,22207529,1433409,78345,43013,2295
4,../model_20221220_1576677705.uvl,14,10,38558980,true,1605220,34682979,1768785,166588,91926,4210
7,../model_20120205_24117969.uvl,34,34,33222949,true,1653179,29567551,1450917,161818,92526,2308
6,../model_20101124_661702924.uvl,15,15,40630792,true,1694827,36718070,1611541,198646,109425,3355
0,../model_20160420_1926809017.uvl,12,5,34481416,true,1539870,30692442,1777495,116939,65827,4284
5,../model_20170919_1946252337.uvl,48,29,41043922,true,1806469,36854105,1659935,228863,119037,2857
9,../model_20180304_290046860.uvl,48,28,41475465,true,1729193,36907651,1814792,387609,209678,3143
11,../model_20171016_1973576375.uvl,11,13,30423114,true,1727545,26856471,1437956,95612,57147,2297
14,../model_20130809_353548541.uvl,57,52,45216093,true,2162515,40103198,1931542,340435,193209,2957
13,../model_20140428_1917957920.uvl,63,62,47647660,true,2095531,43017956,1730880,293733,174331,3300
1,../model_20160912_1428022317.uvl,49,57,41214882,true,1751320,37014577,1700393,295122,161604,2488
12,../model_20101208_1056693380.uvl,25,25,27384891,true,1550927,22557329,2575669,238824,138459,3770
3,../model_20121018_1186774722.uvl,16,15,39370224,true,1646843,35167111,2010534,169547,94267,3802
2,../model_20150506_2068045691.uvl,20,20,33585176,true,1432906,29810693,1760377,198363,114549,4335
7,../model_20200128_1669015551.uvl,23,19,26613371,true,1721386,21699192,2695135,121156,63557,2304
6,../model_20150310_563618715.uvl,33,40,61639195,true,1774138,57044879,1768810,427969,233908,3809
15,../model_20200901_1615961503.uvl,38,29,34856646,true,1903202,30348504,1937044,191099,94921,2110
0,../model_20111111_1026730216.uvl,37,29,31272761,true,1528445,27495691,1597316,171506,160330,2826
5,../model_20110715_945252556.uvl,32,32,32279750,true,1490738,28656409,1588840,155040,95211,2400
9,../model_20230322_1573076538.uvl,17,16,38026644,true,1476747,34358046,1631575,176693,104792,3385
8,../model_20151202_1529785580.uvl,40,40,31718184,true,1567813,27701429,1759567,208065,112863,3017
14,../model_20110704_555218409.uvl,11,11,31753390,true,1443643,28401556,1518447,107082,66373,3600
13,../model_20230322_1882971454.uvl,21,21,23089274,true,1524098,19657017,1470500,105086,62779,2506
3,../model_20160330_387052519.uvl,21,13,26003450,true,1687971,22328844,1518767,100749,54353,3268
2,../model_20140425_366530615.uvl,11,10,24022275,true,1412735,20487265,1540580,227168,80760,4018
7,../model_20230609_1502711362.uvl,22,22,38104194,true,1511994,34604146,1517174,119954,69841,2604
12,../model_20230426_159926820.uvl,59,43,52208009,true,2129248,46739741,2457748,243428,135041,2071
6,../model_20200403_1286696698.uvl,37,34,29862832,true,1585994,24955135,1716521,181052,1091729,2982
15,../model_20131112_1855381012.uvl,31,30,29217879,true,1565496,25480442,1583642,149987,89189,2158
4,../model_20150302_1660900120.uvl,31,34,38787425,true,1589076,34939690,1673190,165421,93968,2783
0,../model_20140306_1313194877.uvl,32,31,28742906,true,1609922,24817613,1691578,158449,94555,2933
10,../model_20121018_242475712.uvl,16,15,37947668,true,1661786,34024104,1711299,165966,93776,3844
11,../model_20200425_1144751894.uvl,10,12,26598722,true,1551041,23224465,1461566,90918,51434,2126
14,../model_20121025_1453237615.uvl,20,20,26295772,true,2801600,21379199,1615789,110629,66460,3166
8,../model_20230322_208918165.uvl,40,27,97085223,true,1887659,92531665,1830244,336168,175265,4339
13,../model_20151124_1131991591.uvl,34,34,46913326,true,1679966,42723961,1714078,303017,155982,4123
2,../model_20150611_578706116.uvl,13,12,29690384,true,1802288,25592024,1771483,143058,85835,3892
7,../model_20130226_1908057354.uvl,16,14,41061736,true,1702080,37157456,1657837,195518,110648,3176
6,../model_20230323_1108197556.uvl,17,15,27045775,true,1599898,23462447,1535139,95156,53602,2759
1,../model_20150423_1415525319.uvl,27,21,45580224,true,1729095,41533085,1625038,221271,228306,3567
12,../model_20160519_1444507509.uvl,41,42,50571707,true,2006301,45969375,1737562,366258,172462,3132
15,../model_20110330_919429247.uvl,25,27,92922347,true,1736691,88716695,1815411,205486,106550,4257
0,../model_20200225_1125771038.uvl,43,40,56572302,true,1777908,51780618,2013858,398948,226579,4153
14,../model_20190416_886742925.uvl,12,12,21451941,true,1550986,17688910,1748766,99113,55452,3692
8,../model_20131112_64627122.uvl,13,12,22887225,true,1518776,19137923,1795310,128074,70786,5120
9,../model_20200810_1781368898.uvl,21,20,40548635,true,1720238,36916291,1492907,110174,61935,2238
10,../model_20120201_899753062.uvl,27,31,67649121,true,1687083,63139373,1713188,497734,248120,3548
11,../model_20131112_1630582425.uvl,28,20,38835089,true,1646876,34925683,1683746,153652,69890,2522
2,../model_20130916_1983257725.uvl,16,15,31221719,true,1603773,27668349,1584805,87505,48851,2173
7,../model_20120609_84195762.uvl,26,21,43439843,true,2639861,38518682,1733458,127104,71901,2618
6,../model_20140328_1965511118.uvl,10,10,19116719,true,1301961,15966496,1529165,61861,37411,1985
3,../model_20140914_775838300.uvl,24,24,43263074,true,1648937,38978355,1957229,240216,140890,4696
12,../model_20130414_861625706.uvl,15,15,39496827,true,1660647,35438652,1743846,154123,97769,3956
1,../model_20180927_642324190.uvl,51,46,87225164,true,1524044,83208488,1720071,252804,130531,2758
15,../model_20100415_240595643.uvl,31,32,29915366,true,1910812,25767762,1607024,167746,96808,2500
4,../model_20160716_1943328700.uvl,18,17,25361381,true,1778069,21319702,1767870,128693,60075,2670
10,../model_20140614_436006902.uvl,25,25,40450698,true,1751621,36526025,1617548,188760,104020,3052
8,../model_20200815_433256797.uvl,39,33,45246454,true,1864415,40559034,1809761,295081,306557,4202
9,../model_20170904_998227463.uvl,42,37,34588661,true,1673844,30345524,1833577,212603,117523,3176
11,../connector_fm.uvl,20,14,43598207,true,1627961,39855236,1568188,190329,97779,3190
5,../model_20180511_935028612.uvl,20,23,45289116,true,1696492,40845860,1897843,400506,153708,3718
2,../model_20130820_1465112187.uvl,49,49,89041096,true,1786452,84694213,1814627,238657,151900,2646
6,../model_20180512_810540422.uvl,23,23,37417735,true,1860615,33241554,1740004,167645,78224,1955
13,../model_20120920_383492576.uvl,11,12,20298013,true,1653116,16681861,1627641,72314,46058,2101
12,../model_20201010_633615094.uvl,12,11,20216799,true,1540876,16662275,1547022,73995,41976,2253
1,../model_20120419_1397354511.uvl,20,20,28692726,true,1720165,24756402,1711822,139628,74265,2460
3,../model_20131112_817529963.uvl,40,40,38768971,true,1645645,34628143,1725444,269189,146096,3612
4,../model_20170918_2076946141.uvl,16,10,28558655,true,1525383,24785517,1722554,141651,83870,4127
0,../model_20200320_13307140.uvl,10,10,21307405,true,1514789,17853305,1573155,64392,39956,2401
10,../model_20121018_1550648286.uvl,16,15,35142728,true,1534402,31678779,1480022,88242,64610,2772
11,../model_20180222_786472237.uvl,12,7,21939109,true,1341722,18415555,1806296,76992,39284,2194
8,../model_20130529_1187431770.uvl,16,16,36180130,true,1471179,32636012,1626947,98024,54362,2048
9,../model_20120328_663906927.uvl,28,25,48042298,true,1902928,43497317,1843793,281940,155235,3343
5,../model_20131122_1241273029.uvl,18,18,39812962,true,1654966,35880718,1686836,182214,107298,3953
14,../model_20110216_1027109687.uvl,12,16,35673356,true,1623421,31871152,1736824,100263,61149,2208
6,../model_20140917_195564800.uvl,16,16,33235031,true,1386021,29984339,1468266,86540,51090,2175
13,../model_20170918_1996976409.uvl,33,33,33347499,true,1715694,29212680,1818205,152490,92112,2193
12,../model_20101117_2128796258.uvl,72,69,80615057,true,2378567,75160473,1896879,474359,319085,2646
3,../model_20160229_1734203468.uvl,48,29,46666812,true,1819980,42094575,1912797,228088,197538,2993
4,../model_20190917_1484600794.uvl,17,13,39211721,true,1558138,35608018,1567678,172034,93694,3662
15,../model_20190122_546529784.uvl,18,18,43789704,true,1878039,39581077,1730101,215842,120733,4339
10,../model_20140410_1285833987.uvl,11,21,30530005,true,1650044,26920303,1479444,158073,86313,3025
11,../model_20140322_1340045027.uvl,10,10,19727698,true,1496768,16328606,1523466,63685,37101,2057
8,../model_20180729_2071913647.uvl,24,29,50961231,true,1697302,46720538,1704781,335175,178869,3952
9,../model_20190124_988857604.uvl,46,41,36967221,true,1961054,32618219,1610170,227687,121746,2467
14,../model_20190915_1211977272.uvl,22,21,23615634,true,1340196,20259877,1562528,120663,67033,2369
6,../model_20171021_192017753.uvl,17,15,23922051,true,1617469,20410324,1450878,95234,56100,2317
13,../model_20110127_1318390760.uvl,13,11,22293093,true,1464375,18611353,1791396,82848,52707,2685
12,../model_20130510_203163945.uvl,18,12,23438011,true,1460857,20004681,1542340,86311,47967,2103
2,../model_20131203_151571988.uvl,54,51,60290008,true,1892032,55595177,1968234,252908,142441,2235
3,../model_20120328_1974817485.uvl,13,8,80696208,true,1749126,76960067,1537930,118742,62484,3584
1,../model_20120705_77954373.uvl,22,18,34874454,true,1535750,31258590,1624464,110740,65438,2570
7,../model_20140820_1349433690.uvl,22,22,41489348,true,1817845,37106182,1886179,222863,130269,3975
4,../model_20120423_1625073325.uvl,32,26,29657509,true,1598067,25828727,1607101,178118,83139,2917
15,../model_20200128_23228584.uvl,23,23,45680067,true,1722494,41785511,1673910,149732,82858,2407
10,../model_20160308_190029672.uvl,33,32,31127399,true,1665086,27250186,1704794,159616,95508,2958
8,../model_20200121_827473084.uvl,17,17,23526767,true,1537974,19988817,1597420,114163,54624,2291
0,../model_20140207_1303140975.uvl,12,12,20962689,true,1829280,17153035,1606877,69081,41747,2842
14,../model_20101020_1809093990.uvl,20,20,31453829,true,1538350,27636446,1739250,185727,114417,3601
5,../model_20130529_552715089.uvl,17,16,23382045,true,1687750,19787864,1443410,117131,65107,2170
12,../model_20200728_429027371.uvl,17,16,40750884,true,1692811,37004430,1557891,165622,93477,3175
13,../model_20160227_1389842098.uvl,48,51,98708825,true,1963200,94166311,1748344,253259,137268,2040
2,../model_20150527_1979644627.uvl,72,58,53544652,true,2329076,47490044,1810766,306115,1204173,3222
7,../model_20190430_2137275351.uvl,37,35,32506052,true,1851311,28347568,1641523,178406,102869,2041
4,../model_20230322_1855764436.uvl,26,22,28224609,true,1689096,24371508,1524674,130339,73417,2615
15,../model_20170618_724645944.uvl,13,14,24748355,true,1388327,21429009,1487782,93244,55419,2830
10,../model_20200128_745414394.uvl,23,19,42987207,true,1764066,39175784,1597487,122701,72294,2370
8,../model_20140430_1532303117.uvl,32,20,44045052,true,1766555,39766594,1708698,273962,155631,3628
14,../model_20120909_341305614.uvl,32,34,43687062,true,1854256,39190290,1902597,243465,111543,2243
9,../model_20140511_603377022.uvl,15,14,38460012,true,1545795,34495884,1879496,161274,98492,4115
5,../model_20190917_512190943.uvl,45,37,32615997,true,1739784,28526205,1674541,198182,115237,2948
13,../model_20181019_994429580.uvl,10,10,26066179,true,1439496,20969958,3312372,76601,46024,2005
12,../model_20110428_553405269.uvl,37,29,35277413,true,1614766,31350614,1648699,194760,102394,2518
11,../model_20170414_1751865819.uvl,77,84,89844240,true,2240812,83353876,2360653,807936,563549,4163
6,../model_20200819_710049424.uvl,28,25,44376820,true,1700930,40214114,1769033,238041,147527,4015
2,../model_20160329_1152124785.uvl,21,20,41258809,true,1716438,37181975,1700031,222818,119500,5133
3,../model_20130123_686198065.uvl,40,40,40365818,true,2001747,35865711,1856425,189303,104125,2541
4,../model_20140403_1688136935.uvl,45,42,64657748,true,1993292,59762556,1923230,383833,175463,2890
10,../model_20141106_1014782772.uvl,17,17,33496517,true,1593884,29465529,1911172,163768,108850,3736
1,../model_20160308_79396455.uvl,41,44,64022621,true,2160465,59477050,1575699,252603,129229,2407
8,../model_20140825_2017008690.uvl,58,59,42006978,true,1847149,37314967,1922155,278117,170883,3233
0,../model_20140819_709073537.uvl,43,44,33417277,true,1466470,29565706,1712941,212996,117530,3073
5,../model_20130121_710180273.uvl,10,11,25588819,true,1567373,22005125,1625782,87472,48587,2673
9,../model_20180917_1978871462.uvl,50,45,40177604,true,1747448,35971868,1709054,224752,166074,2501
6,../model_20121123_1672558767.uvl,15,17,39238093,true,1587385,35331182,1734863,181098,104670,3624
12,../model_20160329_268958808.uvl,47,54,49725550,true,1739048,45333690,1774217,291990,170752,2279
13,../model_20180305_1393570452.uvl,48,43,63186790,true,1893945,58621254,1782119,331696,169579,2328
2,../model_20120513_373795895.uvl,14,13,23316803,true,1644095,18696065,1485295,1159284,46836,2176
3,../model_20221101_871584152.uvl,19,28,37450062,true,1771685,33195587,1752810,265360,120265,2528
4,../model_20141205_2005181775.uvl,33,28,28618045,true,1827218,24535554,1622025,154246,114423,2520
10,../model_20110525_564104612.uvl,27,32,31152742,true,1561419,27176231,1608947,196454,273565,2890
15,../model_20101111_156018899.uvl,12,11,35835732,true,1495386,32120353,1728062,131747,72032,3212
7,../model_20161207_285955518.uvl,54,46,67502753,true,2009857,61996546,2253007,484958,281969,4119
1,../model_20141104_1527188029.uvl,140,140,77860208,true,3624758,69846585,2183018,1020020,422085,4053
0,../model_20121018_436901160.uvl,16,15,36517567,true,1760464,32741900,1562165,93106,58176,2571
12,../model_20150428_2048110240.uvl,11,12,31153611,true,1578108,27530756,1656611,86305,49186,2671
14,../model_20200810_1006372985.uvl,36,36,30402964,true,1815007,26141391,1875525,177218,109214,2743
13,../model_20110826_252647654.uvl,24,24,44053907,true,1453599,40119176,1801695,235669,143096,4027
6,../model_20150208_2120373387.uvl,25,21,49894922,true,1609632,45689468,1845470,304483,152658,3936
2,../model_20170505_1428478521.uvl,24,26,26611594,true,1757928,22517910,1691837,163401,125562,2936
11,../model_20150301_300492477.uvl,33,32,39889906,true,1885975,35674080,1683232,175947,175373,1927
3,../model_20140801_240918546.uvl,22,13,24478543,true,1563524,20934156,1552637,111618,58085,2598
4,../model_20110622_260389190.uvl,12,10,36030733,true,1549094,32127985,1857599,131944,75801,3752
15,../model_20121102_768518520.uvl,14,14,37447954,true,1605808,33515968,1774188,149863,88641,3998
7,../model_20140423_277886534.uvl,21,18,29620560,true,1607454,25982456,1538730,113133,63646,2343
0,../model_20100712_329430908.uvl,20,20,23870561,true,1514828,20420531,1456366,106750,105200,3005
8,../model_20140824_525404983.uvl,47,47,45269362,true,1672547,40627109,2019419,366286,206294,3596
1,../model_20200316_153170359.uvl,124,103,64064433,true,2534678,57766441,2124512,527361,370179,2927
13,../model_20121123_638033800.uvl,14,13,61820101,true,1449438,58331297,1618820,86826,54259,2743
5,../REAL-FM-17.uvl,25,24,40863478,true,1593939,37086082,1651926,169960,95855,2417
2,../model_20230505_1739075744.uvl,42,45,32023416,true,1629858,28033072,1627546,209433,131133,2531
11,../model_20121123_1445508018.uvl,16,16,21296178,true,1653583,17669488,1561423,88501,51150,2288
3,../model_20150212_1516383976.uvl,12,8,32489537,true,1600762,28861339,1627125,78131,43489,2204
4,../model_20120701_1498696792.uvl,11,11,33597021,true,1411078,30039136,1662645,121343,72652,3893
9,../model_20130703_1107240012.uvl,64,27,74946839,true,2077789,69263441,2334684,515014,261115,3278
15,../model_20150411_1378086632.uvl,15,9,38097942,true,1505747,34575454,1577550,89273,48694,2128
7,../model_20110407_1283128166.uvl,51,52,41924102,true,1744623,37530252,1814498,250157,144227,2774
10,../model_20171204_404453510.uvl,21,22,46403006,true,1803653,41929834,1947399,235176,141581,4539
0,../model_20180512_276218752.uvl,36,38,47665847,true,1758054,43040921,1837876,358653,293338,3320
1,../model_20120314_1438691117.uvl,13,13,35739738,true,1511575,31897729,1862262,142647,83460,3879
13,../model_20100322_955726153.uvl,20,20,42271857,true,1627315,38144643,1790144,230448,132649,3847
5,../model_20130722_443972122.uvl,12,12,38059935,true,1620583,34119922,1826407,133644,82222,3786
3,../model_20140819_2062208658.uvl,26,26,27059293,true,1558867,23200614,1802217,126339,73812,2549
14,../model_20140422_2137156564.uvl,35,32,41314266,true,1763522,37217723,1688155,182631,105529,2370
6,../car_fm.uvl,14,12,27415707,true,1799525,23734498,1506452,87446,51598,2296
4,../model_20160620_457730604.uvl,20,20,38763356,true,1614915,35044536,1633019,108726,63189,2230
12,../model_20120408_404695779.uvl,70,66,47601450,true,2303727,42287740,1930604,316998,239773,2974
9,../model_20171018_1720986032.uvl,130,107,81778576,true,3317948,73888804,3017061,600640,428665,2996
10,../model_20121219_1714348674.uvl,10,10,27637238,true,1590594,24055849,1625050,63713,37478,2689
7,../model_20151119_424700280.uvl,10,10,35195988,true,1556931,31640158,1497132,138324,81280,4493
0,../model_20180512_427876131.uvl,37,37,45064888,true,1731118,40827229,1791849,175363,163226,2604
1,../model_20130916_1649901124.uvl,16,15,23111980,true,1426764,19756492,1531401,87839,51340,2154
13,../model_20110823_1386366267.uvl,15,14,29063370,true,1726623,25238632,1579387,147722,87200,3761
5,../model_20140508_536536644.uvl,36,34,37566221,true,2057193,33066182,1729597,213967,118144,2457
8,../model_20161118_228131771.uvl,66,79,55807080,false,2122981,51029648,1809006,441715,214907,3403
3,../model_20120829_28461699.uvl,11,13,37765256,true,1645933,33717125,1765064,265078,94232,3258
6,../model_20131112_2028027455.uvl,13,11,34482501,true,1499733,30549148,1949123,137458,81844,3672
14,../model_20110116_381192414.uvl,60,61,62844566,true,2093680,57172707,2147630,588772,391818,4205
4,../model_20150307_1251635490.uvl,35,36,44455283,true,1882629,39895271,1744787,364184,183367,3828
12,../model_20121019_1128529660.uvl,14,12,31666460,true,1550756,28158272,1552476,79375,44731,2191
11,../model_20190922_718247414.uvl,12,10,36982683,true,1595347,31802195,3095814,133529,74918,4192
9,../model_20150208_1225865238.uvl,42,34,45879793,true,1637807,41263304,1791508,556764,248961,3852
2,../model_20110527_1847306763.uvl,63,106,85385089,true,2592862,78553980,2012775,1133086,567695,4257
10,../model_20180514_381391194.uvl,20,20,40946304,true,1654503,36918449,1683376,271743,118152,4386
15,../model_20110301_216655728.uvl,10,10,32601768,true,1603105,28866354,1669499,119830,71194,4092
0,../model_20141108_202761108.uvl,10,8,27414019,true,1400182,23832814,1786681,102324,60039,3128
1,../model_20160229_707006027.uvl,13,14,36410129,true,1539801,31432106,1736010,1370164,91019,4062
13,../model_20120328_1373483522.uvl,13,14,38324105,true,1706482,34285313,1741884,186684,104316,4035
5,../model_20141108_701198022.uvl,11,11,34959868,true,1592081,31148550,1743626,125748,74722,3513
3,../model_20120110_1256867454.uvl,10,10,33849692,true,1650575,29776406,1889956,148416,86362,3930
8,../model_20120717_770767926.uvl,11,10,22027193,true,1464735,18497060,1680932,69652,40048,2039
6,../model_20110605_1465859222.uvl,17,17,26782011,true,1419422,23134469,1736726,141618,84854,3342
14,../model_20110207_1623721536.uvl,27,32,35084220,false,1700041,31178594,1589172,210400,253363,3009
4,../model_20170720_160368734.uvl,14,14,36666284,true,1601996,32628338,1878604,149094,87056,4242
12,../model_20170518_711240246.uvl,36,36,74259781,true,1932842,70078893,1517775,171603,162860,2404
11,../model_20110207_906076676.uvl,12,8,22461297,true,1593569,18632306,1776218,120344,46847,3414
2,../model_20170918_191476099.uvl,48,49,57645756,true,1824844,53237582,1726251,243445,198067,2455
15,../model_20170518_1713871521.uvl,15,16,23281424,true,1671581,19573270,1649963,101580,58319,2074
7,../model_20131112_990013628.uvl,10,10,33173102,true,1772473,29440230,1592389,68715,41900,2599
0,../model_20221015_510481451.uvl,12,14,72432722,true,1400877,68777713,1786587,136134,57517,2959
1,../model_20160911_493856736.uvl,45,29,62294640,true,1992971,57781121,1753864,223083,119142,2946
5,../model_20170313_788976149.uvl,12,9,20385748,true,1473050,17060288,1472985,68572,39205,3001
3,../model_20140109_637429284.uvl,11,9,27635411,true,1631482,23961691,1634148,85298,59054,3054
8,../model_20160913_2142740300.uvl,48,48,58899095,true,1938873,53925193,1824606,503495,300041,3419
6,../model_20121015_1348696629.uvl,10,8,23603019,true,1644509,19827530,1688970,112621,61948,2813
14,../model_20200513_1559879338.uvl,11,11,23260045,true,1451617,19959794,1519142,65678,40228,2305
11,../model_20110406_656545830.uvl,17,17,37749746,true,1617368,33938065,1608894,178564,108557,4094
4,../model_20160329_1144142418.uvl,54,33,47108897,true,1963103,42064702,1916544,425364,227767,4664
15,../model_20120423_1196408273.uvl,16,11,25593222,true,1632613,21958410,1604036,93768,52599,2720
9,../model_20160304_1567363129.uvl,19,23,38479733,true,1440854,34613111,1760945,252967,145194,3489
7,../model_20200909_844580970.uvl,17,9,40746842,true,1820936,36608735,1769644,154833,80777,3601
0,../model_20170517_1276361560.uvl,10,10,36526092,true,1659927,32455124,1713781,303055,99939,4193
10,../model_20091210_241985787.uvl,16,16,38660549,true,1742143,34657686,1694140,165439,100168,3512
1,../model_20190513_554652357.uvl,10,10,33837692,true,1427311,30339824,1631653,126630,72306,3679
5,../model_20180222_1790291836.uvl,22,19,26760665,true,1673482,22989476,1605360,113779,65610,2523
3,../model_20110130_639381749.uvl,12,12,24606079,true,1659902,20900401,1650541,74482,44180,1946
8,../model_20150304_617127008.uvl,56,66,92754763,true,1879418,46783646,1896364,399752,41371219,2324
13,../model_20160329_304357596.uvl,23,15,45155205,true,1837222,40663419,1962051,215735,118903,4867
14,../model_20090801_1908323193.uvl,13,13,77271356,true,2665726,72483273,1660511,130334,50834,2517
11,../model_20160329_578011837.uvl,23,18,42189569,true,1640247,37981779,1897618,217396,124249,4470
4,../model_20140423_1716161596.uvl,42,25,57060906,true,1824931,52885049,1714113,177756,93086,2296
15,../model_20120701_899073101.uvl,11,11,35272816,true,1478826,31776636,1548243,120287,77938,3940
12,../model_20131112_1399418967.uvl,35,28,34093124,true,1788133,30001506,1659730,163317,91902,2784
7,../model_20100326_770562654.uvl,27,19,33328543,true,1645882,29313035,1773671,183643,80678,2958
0,../model_20130125_189285641.uvl,18,19,42146707,true,1686649,38256275,1570244,208840,126282,3606
2,../model_20221018_544175819.uvl,29,29,32597635,true,1782357,28405802,1700920,238373,140361,3999
3,../model_20091206_1647557456.uvl,10,10,20408509,true,1683100,16885209,1510598,62716,38788,2046
5,../model_20140514_1151327844.uvl,43,36,41426531,true,2117263,35633952,2975787,251952,139591,2346
8,../model_20141102_1778359466.uvl,23,22,26717279,true,1403938,22965867,1796128,153867,101576,2425
13,../model_20130916_1001858303.uvl,15,17,26487766,true,1644880,22758828,1619141,98912,59637,2200
14,../model_20131122_1877947099.uvl,15,13,24743431,true,1615644,21064178,1633440,85853,50548,2486
11,../model_20120113_1803352101.uvl,43,27,45996853,true,1823458,41871380,1549501,300884,105891,2311
4,../model_20141129_2117240468.uvl,12,14,34849243,true,1500961,31223630,1613922,165850,101894,3901
6,../model_20190917_490456110.uvl,39,23,37592657,true,1893729,33379994,1676425,165338,91207,3008
12,../model_20171020_786614820.uvl,12,10,21485314,true,1579440,17931885,1594899,75097,42798,2130
15,../model_20160329_2023954051.uvl,24,20,44134429,true,1798549,38996338,2814674,119725,64604,2663
2,../model_20121106_1816491064.uvl,23,20,37444223,true,1574763,33679440,1760286,124335,84881,3386
0,../model_20150523_1701783178.uvl,23,23,38913962,true,1621892,34981306,1768690,122302,74670,2561
10,../model_20140324_1142291623.uvl,11,11,25070541,true,1557092,21781650,1413193,68291,41651,2189
3,../model_20120829_881090911.uvl,10,10,18771672,true,1409539,15597490,1453289,61102,37080,2092
9,../model_20160926_2009081259.uvl,54,54,43985727,true,1983484,38993418,1943789,472044,306408,3489
8,../model_20190223_2023041805.uvl,19,22,39158584,true,1560700,35397439,1652426,170812,85085,2194
1,../model_20170505_1995894898.uvl,32,27,30715190,true,1794384,26491971,1708552,172787,161154,2512
13,../model_20140326_1693773444.uvl,13,14,41847409,true,1623150,37942751,1727559,201952,107565,3608
14,../model_20120528_1294065815.uvl,13,12,22835202,true,1621828,19196503,1654582,75789,44273,2317
11,../model_20130529_1911302663.uvl,16,16,26545460,true,1637644,22995859,1445407,109797,59903,2409
6,../model_20170704_1299892151.uvl,11,11,21309163,true,1394128,17975484,1599849,68788,43888,3649
12,../model_20121017_2007593800.uvl,10,8,27157357,true,1795676,23383700,1593589,79388,39047,2826
4,../model_20141018_2078980023.uvl,87,86,112369454,true,2339829,106713114,2160451,380616,215369,2352
2,../model_20150226_64791123.uvl,26,28,47701824,true,1612443,43543007,1738954,290290,171295,4133
10,../model_20140306_1994550432.uvl,12,9,22503978,true,2448352,18116080,1547792,72962,51156,3339
7,../model_20200810_903664942.uvl,25,27,39873497,true,1736796,36077072,1534067,141800,82446,2279
3,../model_20230323_58681865.uvl,17,15,34070021,true,1475293,30393105,1663176,151175,86335,3218
9,../model_20180512_893377341.uvl,24,22,45918885,true,1644702,41838775,1698386,260356,143482,3416
13,../model_20120412_1314362396.uvl,12,11,29231469,true,1579303,25570961,1691197,73326,42020,2200
11,../model_20131122_224574976.uvl,11,11,21576932,true,1382026,18415941,1429866,64599,49340,1941
5,../model_20131122_641443746.uvl,14,14,30894991,true,1748181,26792102,1844451,128068,90416,4098
14,../model_20150701_451946642.uvl,22,14,24091345,true,1325868,20744464,1629997,105564,58507,2360
12,../model_20180512_409172439.uvl,37,37,50497433,true,1795460,46372296,1657895,178493,107676,2290
4,../model_20230313_612090761.uvl,13,15,30646934,true,1565618,27122081,1459083,140826,103048,3615
7,../model_20190223_1275185141.uvl,10,7,21549565,true,1534375,18135732,1585167,67147,40024,2624
3,../model_20171029_714150136.uvl,10,10,22501202,true,1520683,19072441,1544459,65980,37850,3085
9,../model_20140614_1989695192.uvl,29,35,57444802,true,1713845,53283543,1744164,213290,118874,2481
13,../model_20190304_818967793.uvl,29,28,40367846,true,1745755,35872995,1925447,277734,169246,4283
0,../model_20100829_787258873.uvl,57,48,70548060,true,1954132,65089617,2290239,502687,279886,3769
5,../model_20140614_81946339.uvl,22,24,25068445,true,1658451,21329205,1535948,128111,146987,2405
11,../model_20141006_1946000492.uvl,14,10,23607190,true,1819532,19750218,1634087,77904,46518,2432
14,../model_20141129_6569546.uvl,25,21,45866150,true,1618065,41798845,1718525,250460,141119,3606
1,../model_20130916_552778902.uvl,16,17,26563208,true,1599153,22915566,1601468,101432,63963,2768
12,../model_20110926_400852996.uvl,36,36,37723226,true,1573270,33280193,1894293,318976,287190,4381
8,../model_20200907_1598312227.uvl,130,130,79678045,true,3629325,71377621,2029173,570331,1211305,2889
6,../model_20091225_1547989376.uvl,29,30,45208206,true,1916853,40849230,1872067,152505,89136,2100
4,../model_20200815_41086763.uvl,31,28,47094829,true,1820976,42743916,1727374,287382,152961,2754
3,../model_20111027_1380540076.uvl,10,10,33838070,true,1548185,30148444,1629318,120194,126263,4043
13,../model_20121123_1692800929.uvl,16,16,22726664,true,1398835,19322687,1589534,97742,59510,2238
9,../model_20170916_132089042.uvl,48,60,63778586,true,2109778,58275967,2107957,523544,294302,2727
2,../model_20091210_993249741.uvl,29,25,85837677,true,1680536,81828890,1749477,145861,85655,3186
0,../model_20120828_1516795545.uvl,13,13,34090492,true,1510783,29201970,3019471,77736,46816,2753
5,../model_20180122_1429516018.uvl,40,18,54090015,true,1660685,50105701,1615851,190137,92336,2264
15,../model_20170405_957299568.uvl,142,211,141858851,true,4526429,131818799,2490344,1337875,873001,3165
14,../model_20160813_60083737.uvl,10,10,34872482,true,1587078,31167993,1688491,120430,73586,3653
10,../model_20140305_850513381.uvl,63,103,94148937,true,2476119,88254983,1950982,581487,351726,2287
1,../model_20141113_1414990983.uvl,46,46,61929607,true,1938109,56885590,2010006,445617,250111,3681
12,../model_20120728_275737618.uvl,14,14,35876713,true,1496983,32122942,1882315,84867,49892,2794
8,../model_20230323_867226898.uvl,16,13,22275235,true,1637517,18537525,1646944,91765,56636,2908
4,../model_20130807_1787614695.uvl,13,13,35176849,true,1536273,31194370,1932253,144558,90396,3484
3,../model_20130821_470005647.uvl,43,43,70064893,true,1899470,65435083,1868652,332812,137124,3418
13,../model_20160512_1688304541.uvl,31,25,36879981,true,1672077,33042782,1545612,155194,140237,3914
9,../model_20110925_62365838.uvl,23,23,26631773,true,1579865,22894091,1756774,119331,67918,2638
0,../model_20230322_413432441.uvl,22,21,40678570,true,1703191,36675309,1690219,218558,123866,4234
7,../model_20120510_220834497.uvl,53,44,41901586,true,2015943,37458314,1721034,237464,132359,2002
5,../model_20170702_979744088.uvl,21,21,24538056,true,1532909,20936069,1599810,106985,64549,2308
14,../model_20180705_2136123533.uvl,10,10,21907555,true,1657079,18262169,1670918,66669,38172,2218
15,../model_20171016_777651910.uvl,27,26,38496496,true,1740568,34273713,1822648,234879,135655,3413
11,../model_20200212_1763855182.uvl,12,12,33232365,true,1584541,29455208,1759473,125425,76100,3053
1,../model_20170410_971411480.uvl,11,6,32754040,true,1612893,29306159,1494881,67663,35913,2898
12,../model_20140305_1745306436.uvl,20,12,42664658,true,1657936,38710408,1718774,196093,109977,3988
4,../model_20180409_394573881.uvl,10,10,33922146,true,1708764,30112647,1687172,119490,68505,3373
6,../model_20140401_1527258088.uvl,13,20,37975259,true,1557767,34240432,1687824,146870,76101,3025
13,../model_20100325_298677687.uvl,10,9,19958766,true,1345548,16805096,1451601,65116,38272,2554
7,../model_20141119_1676144838.uvl,14,14,24189882,true,1775519,20573149,1425655,78135,46709,2253
0,../model_20190922_499979669.uvl,25,29,42888951,true,1788157,38536389,1738557,299047,176070,3538
14,../model_20130808_465499656.uvl,22,14,29641814,true,1631330,26028266,1577431,108915,62474,2357
5,../model_20130627_888588099.uvl,17,16,86012741,true,1578164,82480791,1534215,115495,53297,3651
2,../model_20111201_372659565.uvl,61,38,54790325,true,2058042,49977084,1841097,248732,137351,2788
11,../model_20171012_432118074.uvl,28,28,26770001,true,1470247,22746830,1751269,227500,253928,3368
12,../model_20100216_713947806.uvl,12,12,30857202,true,1494798,27514903,1463884,70581,41839,2355
1,../model_20160225_419189676.uvl,47,52,40444529,true,1844086,35769303,1967120,284519,158447,2931
15,../model_20160330_888130075.uvl,73,73,57207803,true,2107192,51397506,1795454,325666,1204491,2159
10,../model_20150611_1748318240.uvl,14,11,37352585,true,1666851,33470683,1687063,150432,84564,3552
4,../model_20150228_41303449.uvl,33,33,47311153,true,1877057,42719680,1851992,333179,192476,2981
8,../model_20200120_1111265554.uvl,10,8,34161121,true,1619136,30519579,1665592,66739,39309,2231
13,../model_20141017_1234330746.uvl,38,48,58193664,true,1981233,53663304,1716383,269313,195995,2401
7,../model_20161213_651973816.uvl,21,25,49490640,true,1797966,45060349,1824424,302586,164935,4389
0,../model_20141018_811394530.uvl,23,22,41538228,true,1598862,37806823,1607354,122432,70966,2950
9,../model_20140819_940483638.uvl,11,11,34864977,true,1508855,31148204,1742070,120107,72519,3508
14,../model_20150222_2069201003.uvl,13,13,24129872,true,1820120,20205580,1669448,81475,79490,3620
3,../model_20101115_2000504462.uvl,72,65,61368507,true,2420492,56014972,1839126,317674,218584,2941
2,../model_20120905_104354355.uvl,13,13,27769820,true,1549931,24193320,1593899,87839,51783,3095
12,../model_20121123_1047250318.uvl,16,17,25294114,true,1712788,21315888,1806891,110806,58127,2242
11,../model_20160428_283258262.uvl,40,37,46727554,true,1812841,42489867,1750045,189376,105127,2818
1,../REAL-FM-8.uvl,17,17,23005334,true,1684263,19223993,1644766,105570,60793,3109
15,../model_20130916_302923469.uvl,16,17,32552080,true,1680147,28745296,1663735,115784,67995,3055
10,../model_20151201_896154285.uvl,24,21,48378073,true,1718595,44000905,1912520,262202,144292,3858
8,../model_20150309_1544990511.uvl,39,42,56564236,true,1850293,50492423,2023458,405606,230677,3680
6,../model_20141023_1082000051.uvl,37,49,68419598,true,1673312,63928259,2036901,277913,149037,2902
7,../model_20131129_1795005487.uvl,10,10,23874900,true,1392534,20336982,1774322,83419,50027,3011
0,../model_20140209_1382642350.uvl,41,29,64899307,true,1823002,60405445,1786164,361061,119959,2990
14,../model_20130302_379367837.uvl,10,11,35290647,true,1481848,31846340,1610126,73339,46722,2483
3,../model_20140826_2051139991.uvl,31,31,32320707,true,1780159,28244644,1695299,153685,88672,2784
11,../model_20150416_264061404.uvl,47,24,47959766,true,1793204,41891114,3330708,325248,169998,4303
12,../model_20190326_164569423.uvl,10,10,86984043,true,1482606,83459758,1649111,63462,52275,2717
5,../model_20160504_814917052.uvl,26,20,46515104,true,1878740,41908360,2022083,223082,132869,4253
1,../model_20180306_832754487.uvl,49,53,70340429,true,1960635,63121629,3439333,932665,426710,4375
10,../model_20190526_2060834946.uvl,12,9,22524389,true,1618900,18792499,1638646,134223,77650,3668
15,../model_20190917_729866659.uvl,83,56,81843493,true,2329551,76632107,1837873,342307,285694,3160
8,../model_20150621_1174641946.uvl,36,32,87359956,true,1711741,82908315,1799171,368750,193726,4441
4,../model_20180611_848416665.uvl,10,13,37479780,true,1591012,33484631,1721020,298666,93877,3542
7,../model_20120110_1094246588.uvl,10,10,24143024,true,1563310,20429222,1746231,81425,44878,2464
0,../model_20130812_1882708509.uvl,41,51,51300573,true,1974649,46844023,1759327,264848,150026,2491
13,../model_20171213_638254090.uvl,11,10,21541763,true,1305158,16565234,3297017,80535,41233,2718
9,../model_20170402_765751837.uvl,329,359,242500515,true,13796416,218850733,3041047,3021576,2103528,3329
3,../model_20130725_1746580783.uvl,16,17,32572215,true,1586839,28943305,1627545,106294,62204,2639
14,../model_20230616_862941800.uvl,30,26,36471893,true,1901449,32367335,1620835,151583,83180,2014
5,../model_20230323_425392427.uvl,33,29,51222091,true,1897328,46727671,1766322,294808,160028,4026
2,../model_20160503_1174916821.uvl,42,44,44603856,true,2162769,39931826,1727713,234504,149200,2253
1,../model_20140824_1698583194.uvl,66,66,40449267,true,1967911,35957487,1645039,301290,217507,2445
10,../smart_home_fm.uvl,59,62,47147447,true,2102371,42261979,1871223,300991,251544,2800
8,../model_20180307_2144246090.uvl,49,39,74813523,true,2032085,70219280,1691803,273614,145307,2889
4,../model_20190616_1868431112.uvl,40,31,56046180,true,1831915,51393880,1865080,351635,186768,3778
7,../model_20120328_1412454948.uvl,36,34,53393278,true,1880953,48830124,1720811,342183,311586,4586
0,../model_20140710_2059561340.uvl,33,25,33005416,true,1573930,29327968,1566803,175971,99198,2558
13,../model_20110915_1159959623.uvl,10,8,21341865,true,1445386,17871170,1684433,82063,48646,2690
3,../model_20130309_1354780318.uvl,11,9,33344903,true,1521370,29704541,1654067,127198,66348,3416
14,../model_20190411_1457420991.uvl,18,27,54054234,true,1724416,49661639,1797657,358057,180755,3307
6,../model_20160913_245590430.uvl,38,38,73901528,true,1908291,69491886,1637640,335782,155885,2245
2,../model_20230323_642188361.uvl,23,22,32132430,true,1784363,26868738,2951203,182206,65443,1960
11,../model_20120201_1444061231.uvl,38,37,51671333,true,1672873,47008457,1967356,441473,236139,4159
12,../model_20140403_1254324003.uvl,28,27,41276720,true,1700515,37189110,1880820,143943,82873,2674
10,../model_20221109_1435495840.uvl,14,15,65283204,true,1444910,61965322,1480861,97035,55729,2564
8,../model_20141129_264528063.uvl,13,14,25925589,true,1550977,22218272,1732849,88081,53396,2624
4,../model_20130418_1960440366.uvl,29,32,29646979,true,1601428,25804557,1560618,176677,166669,2431
15,../model_20180729_778045288.uvl,31,34,44692261,true,1785812,39541029,2790361,172188,95835,2469
7,../model_20140508_530056624.uvl,36,49,45902494,true,1762945,41558561,1758326,332138,159439,2462
0,../model_20131112_330151541.uvl,21,16,31694766,true,1596497,28093592,1558139,110597,60593,2468
3,../model_20131124_646639708.uvl,16,17,37792856,true,1416023,34481199,1489805,97115,62221,2641
9,../model_20141103_285596543.uvl,25,27,27758890,true,1676013,23847952,1665852,142200,82767,2140
5,../REAL-FM-4.uvl,290,310,213304188,true,7651664,198122182,3073779,1590319,1375621,2202
2,../model_20150309_1129343473.uvl,33,38,31872934,true,1480926,28168231,1660507,204028,124949,2438
12,../model_20140427_1594857347.uvl,19,21,34529707,true,1559787,30680561,1719480,142236,157285,2719
11,../model_20110919_127780100.uvl,37,27,82458476,true,1899641,78188005,1676309,199431,107200,2595
8,../model_20190920_579117949.uvl,13,17,24631842,true,1572524,21075308,1535963,114419,60464,1977
4,../model_20200901_164722413.uvl,11,10,19626196,true,1273438,16621548,1433904,69624,42448,1809
7,../model_20150419_1225785874.uvl,11,9,21607368,true,1536339,18038333,1625283,108368,61465,3882
1,../model_20170219_358603289.uvl,62,62,85958247,true,2076677,81141856,1816187,275464,160859,2900
0,../model_20190513_110684557.uvl,10,10,29463881,true,1789978,25721577,1610941,77656,45122,2825
3,../model_20160225_2040495200.uvl,50,29,44323439,true,1617536,40301069,1663170,223446,119215,2441
13,../model_20130219_1778040846.uvl,40,38,36473821,true,1909560,32325620,1570030,189408,108322,3105
9,../model_20170504_370000031.uvl,36,37,38190403,true,1635397,33977025,1736857,364372,121011,3087
14,../model_20131206_684654596.uvl,12,12,34915216,true,1783958,31041065,1575262,179196,59947,2198
5,../model_20190917_659690280.uvl,12,12,32520718,true,1628608,28949033,1540655,73829,45850,2679
6,../model_20110601_1103941862.uvl,12,12,33304879,true,1419324,29938853,1571823,90987,52750,2719
12,../model_20120722_2065280700.uvl,13,9,35867136,true,1695283,32013494,1676244,147970,83872,3725
11,../model_20141129_1168519534.uvl,12,12,37996695,true,1577721,34062684,1807510,166390,92843,3662
8,../model_20130916_156611854.uvl,17,15,28317255,true,1451552,24824117,1629650,95813,55895,2909
4,../model_20190108_414883666.uvl,17,17,23634948,true,1706815,19819734,1636635,90938,55334,2127
1,../model_20140530_1262796172.uvl,10,9,34317283,true,1450084,30808645,1635136,119430,63564,4211
7,../model_20130916_667715515.uvl,16,16,38764450,true,1615094,34780539,1809831,188096,108094,4114
0,../model_20161124_135805624.uvl,37,37,35174220,true,1746459,30942179,1716455,196268,180654,3265
15,../model_20170926_289427240.uvl,11,8,35405298,true,1591293,31625048,1702211,124165,68944,3637
3,../fame_dbms_fm.uvl,21,16,32570379,true,1676441,28567489,1752268,143424,97540,3342
5,../model_20130116_1542765516.uvl,10,9,24149795,true,1500351,20865625,1463896,63876,37372,2906
14,../model_20150427_2103265175.uvl,56,54,45579664,true,2060084,40223666,2044592,526781,362308,4301
9,../model_20170311_1316290182.uvl,48,48,61057411,true,1954864,56235579,1845965,391005,244252,2880
12,../model_20230322_928718925.uvl,20,16,23826549,true,1695276,20161999,1503305,97940,53369,2249
2,../model_20180222_524224426.uvl,26,14,34430308,true,1674607,30316124,1810306,191944,100629,3274
11,../model_20190922_267709941.uvl,35,35,42317369,true,1863017,38032434,1778874,173749,100501,3102
8,../model_20131112_356575914.uvl,20,15,34481681,true,1659306,30649152,1597172,185894,109985,5115
4,../model_20161122_1255346120.uvl,15,10,38294492,true,1493931,34497991,1755728,164619,95224,2943
7,../model_20110310_1849309646.uvl,23,20,25802205,true,1652346,21917412,1726520,118027,66658,2977
1,../model_20160504_18344306.uvl,13,14,29254905,true,1449486,25687565,1588525,177220,83648,4181
10,../model_20200621_929471783.uvl,11,11,23762336,true,1567075,20165618,1641859,90195,52338,2918
0,../model_20180304_1150769979.uvl,48,38,76856618,true,1969488,71532267,2028181,545664,367074,3954
3,../model_20130311_1184229274.uvl,11,11,33414467,true,1717924,29441455,1771427,126410,72316,4117
14,../model_20190916_779041735.uvl,41,23,43993346,true,3251409,38492729,1678063,170007,90565,2242
5,../model_20180611_1140870617.uvl,10,13,37543319,true,1598285,33435284,1995609,155439,91831,3497
12,../model_20170703_1893075315.uvl,20,16,30847806,true,1568423,26813460,1850282,185601,111923,4015
9,../model_20161123_1530983999.uvl,36,36,43739051,true,1764962,39606412,1709092,171484,99382,2575
13,../model_20140326_183546394.uvl,11,11,24514849,true,1598490,20867641,1587993,118011,67287,3878
2,../model_20190510_1232864614.uvl,12,9,24918927,true,1521491,21315214,1705057,72819,41743,2580
8,../model_20181016_583005690.uvl,32,34,34538760,true,1965890,28988819,1830988,1279671,99241,2230
6,../model_20171005_661289758.uvl,10,10,33647387,true,1435720,30208893,1591445,118753,68716,3631
7,../model_20201002_1982652571.uvl,15,15,22199973,true,1584229,18482923,1670925,110983,50725,2828
4,../model_20160229_490224198.uvl,49,39,52968045,true,1963676,48348567,1813259,253124,139815,2383
1,../model_20101024_1938793748.uvl,29,32,38736978,true,1734927,34627126,1728724,193117,96949,2746
0,../model_20100213_206550190.uvl,38,33,64121950,true,1823602,59636295,1743909,270822,258238,4067
3,../model_20221031_340330235.uvl,35,35,50460661,true,1964988,45660083,1922570,336203,193320,4027
14,../model_20140503_2024413965.uvl,16,14,30356045,true,1649010,26602016,1659179,88662,48860,2153
5,../model_20190916_1777637747.uvl,10,10,31879297,true,1498492,28184444,1727100,117142,68356,4060
12,../model_20190913_1052617154.uvl,21,21,40773511,true,1695432,36743819,1691177,212559,121881,4085
15,../model_20110823_553386338.uvl,21,21,28800466,true,1720863,24954563,1642193,109606,63314,2659
13,../model_20101109_1698100628.uvl,15,15,25827750,true,1472585,22458610,1566382,80939,49107,2112
2,../model_20140905_2124104947.uvl,10,9,25009459,true,1551516,21563498,1516518,68223,37474,2251
6,../model_20141129_1031364.uvl,12,14,32258934,true,1729461,28421407,1587122,147972,90335,3575
9,../model_20150425_1862491910.uvl,80,77,106423225,true,2308452,100973921,2021406,356898,243849,2816
4,../model_20170821_2117231347.uvl,28,42,44764320,true,1523469,40829909,1654226,309429,197184,2497
11,../model_20200816_33425673.uvl,39,33,43855051,true,1748537,39853727,1627805,180210,98929,2262
0,../model_20190514_850677966.uvl,25,29,37524503,true,1722549,33669398,1577168,173289,90856,2552
10,../model_20170919_414938854.uvl,47,35,42225489,true,1972500,37468235,1944055,343078,191788,3844
14,../model_20131202_1775789712.uvl,50,50,43466069,true,1769076,39192379,1723220,309618,151419,3511
15,../model_20160606_235281629.uvl,13,13,24698285,true,1486078,20529754,2351053,75641,44685,2382
3,../model_20140209_738203734.uvl,51,55,89618208,true,2176540,84580054,1822436,365921,221709,2609
5,../model_20180214_1066016479.uvl,96,79,64258608,true,2248740,58996956,1803541,497460,329146,2059
12,../model_20140423_1890396897.uvl,36,31,50253928,true,2022978,46139050,1529964,191047,101840,2000
6,../model_20110712_1373520081.uvl,66,61,43803278,true,2031955,39194083,1733575,311842,172295,2720
9,../model_20130731_2029107317.uvl,76,68,45170993,true,2213769,40450345,1648548,338065,184002,2009
8,../model_20221017_1844403757.uvl,10,10,33237955,true,1548160,29629548,1609670,113813,69584,3448
7,../model_20100321_1548012375.uvl,18,18,20779327,true,1333280,17753933,1342804,91233,55092,2700
1,../model_20160519_1846923063.uvl,39,50,54184514,true,1934231,49759604,1644357,374672,179594,2497
13,../model_20170316_1293936491.uvl,48,53,32909687,true,1684088,27951706,1975457,234196,132735,2147
2,../model_20160304_165509543.uvl,43,42,34854942,true,1578739,30132361,2013033,217830,118415,2230
