index,filename,n_features,n_constraints,execution_time,result,clif_gen_time,clif_ast_time,bridge_solve_time,code_gen_time,generic_csp_model_time,concrete_csp_model_time
8,../model_20160921_24535453.uvl,29,28,29317521,true,1659076,25556641,1563048,147088,91010,2817
9,../model_20180612_712325117.uvl,15,15,30158037,true,1459086,26399160,1606453,351265,92404,3462
7,../model_20091109_376438407.uvl,22,21,39125436,true,1619354,35209813,1668917,191959,142825,3438
0,../REAL-FM-15.uvl,25,21,76281103,true,1634093,72182621,1730965,265482,142706,4680
3,../model_20180913_1045465294.uvl,10,6,27199684,true,1443580,23755110,1547485,105620,64401,4758
13,../model_20140421_782765396.uvl,19,19,27653407,true,3029458,22830160,1382262,100910,60794,3039
4,../model_20140503_110898123.uvl,16,16,35594096,true,1515170,31793662,1679984,204862,111830,4314
2,../model_20131112_1592384504.uvl,32,32,46334538,true,1641317,42028157,1843143,307598,188507,4486
14,../model_20110826_819334011.uvl,24,24,33213104,true,1686260,29429541,1566843,117195,65881,2380
11,../model_20230322_492815120.uvl,41,32,53669188,true,1770087,48968425,1943108,360059,194564,3934
8,../model_20100308_1355834007.uvl,20,18,25985519,true,1571258,22310892,1621465,110860,61544,3143
9,../model_20160919_1142576711.uvl,20,20,26891491,true,1467863,23273984,1709943,103960,64147,2818
3,../model_20150527_2051574410.uvl,28,21,35597180,true,1556934,31852469,1611679,179964,76711,3687
4,../model_20160527_1098137653.uvl,20,20,27578655,true,1452150,23776337,1763204,196863,85221,3484
14,../model_20141129_1141626102.uvl,12,12,26009066,true,1555579,22381087,1693394,73410,44683,2292
11,../model_20200403_1474941211.uvl,14,12,37032972,true,1541074,33390653,1569802,145695,80494,3381
7,../model_20170320_1505333083.uvl,47,25,34801213,true,1889429,30096834,1942953,283286,146298,3812
13,../cfdp_library_fm.uvl,13,18,41362853,true,1594541,37477217,1665053,213951,117995,4256
0,../model_20110826_1574631601.uvl,52,56,39993849,true,1751177,34922643,1984574,528584,325543,4333
10,../model_20160905_774306083.uvl,14,14,26478478,true,1691741,22609176,1718864,91070,60622,4229
6,../model_20180513_39795521.uvl,22,22,26635501,true,3468057,20869459,1783048,123321,82587,2590
5,../model_20150414_2125272166.uvl,21,24,31519715,true,1722466,27519787,1700354,149485,84547,2699
15,../model_20121214_211817376.uvl,14,14,27236610,true,1364800,23676926,1718452,103814,72197,2802
1,../model_20131112_832913408.uvl,17,17,32495425,true,1465723,28559338,1873075,172870,102836,4613
12,../model_20140428_1043688075.uvl,56,55,44603538,true,1989261,39806790,1921804,264563,151356,2330
8,../model_20181024_611767532.uvl,13,14,91774980,true,1573535,87831096,1834590,160900,92486,4024
4,../model_20121018_880874071.uvl,16,15,39287296,true,1570951,35497202,1681627,174093,101604,4896
9,../model_20140423_969548559.uvl,49,48,47957472,true,2004736,42308926,2387472,465580,327486,5402
11,../model_20221208_1116778716.uvl,22,15,42829597,true,1673239,38928086,1770443,115027,68588,3355
14,../model_20150621_2090653675.uvl,20,18,44591144,true,1492673,40833258,1651754,200846,115083,3790
13,../model_20190917_595353381.uvl,13,12,31754398,true,1517982,27482348,2378948,76113,42673,2112
0,../model_20180514_1722608288.uvl,27,27,31608789,true,1892816,27260462,1772610,203380,136386,3932
2,../model_20100106_985255768.uvl,20,11,28076161,true,1752720,24256109,1682016,100773,52962,2301
5,../model_20110926_608554224.uvl,30,32,42320395,true,1599963,38050137,1823612,328469,188851,4244
1,../model_20170809_1734454576.uvl,15,14,40185519,true,1562607,36345410,1725647,170174,94614,4472
15,../model_20121018_1578042435.uvl,17,15,75122380,true,1651514,71542568,1484693,95158,52971,2898
8,../model_20190915_1647283170.uvl,10,10,29559625,true,1419163,26236403,1584417,62132,40131,2578
6,../model_20130908_1070185514.uvl,366,528,351497526,true,14557058,324302692,3919106,4831261,2110542,3163
4,../model_20131202_1494824194.uvl,34,34,29645236,true,1553491,25818826,1669753,164874,96233,2648
0,../model_20120229_1103715736.uvl,14,13,24999379,true,1527025,21067759,1874465,136063,78531,3750
14,../model_20120328_573707444.uvl,34,27,40433210,true,1530794,36567792,1627088,165779,227005,2311
13,../model_20180512_316263333.uvl,41,36,38647967,true,1727887,34522357,1686880,203777,138790,3161
7,../model_20170926_1539445221.uvl,14,12,25492984,true,1723174,21737766,1612367,86172,49050,2125
3,../model_20150120_214372699.uvl,40,39,34772793,true,1891339,30331967,1785776,324231,129517,2476
9,../model_20110516_1331478109.uvl,88,145,128975552,true,2900702,121749669,2036827,807183,1089490,2682
15,../model_20120515_1862354569.uvl,15,15,39687648,true,1635505,35886844,1643841,176789,102830,4427
11,../model_20101112_864228137.uvl,137,138,100224876,true,3758808,92584978,2092751,598697,392004,2336
10,../model_20190917_1882445879.uvl,16,12,22818059,true,1719897,18789552,1847807,151990,69976,2432
12,../model_20130529_51708559.uvl,16,17,40769906,true,1955627,36480636,1712888,199622,110168,4018
8,../model_20140410_1905141388.uvl,11,20,32806852,true,1725959,28987545,1588527,148573,78706,2805
6,../model_20150505_1728564449.uvl,13,12,32633385,true,1682469,28809065,1716768,77919,46519,2198
14,../model_20140630_1564361664.uvl,10,5,20597113,true,1458023,17293950,1501112,59426,31658,2113
13,../model_20110525_928187171.uvl,14,14,27211195,true,1532911,23686882,1593312,79851,46690,2351
3,../model_20160721_972954567.uvl,10,9,23831084,true,1512485,20522069,1442760,84629,50042,3461
7,../model_20150309_670536624.uvl,22,28,51972300,true,1696178,47655287,1797856,311166,168818,4244
9,../model_20140408_1553357169.uvl,11,15,45412928,true,1439584,41395371,1896896,243831,131440,4184
15,../model_20120113_1950870026.uvl,10,10,21116884,true,1514451,17533563,1717614,73116,43975,2122
10,../model_20131122_1083650489.uvl,15,15,25946453,true,1427891,22305749,1831980,90037,49456,2357
11,../model_20221010_1477134717.uvl,51,44,41516857,true,1974307,36991876,1743657,232819,125679,2550
5,../model_20170706_1588900401.uvl,30,26,37899067,true,1803482,33784312,1714494,150446,89701,2052
2,../model_20140227_661956564.uvl,47,43,54647745,true,2099632,49938144,1859013,215937,121001,2641
1,../model_20221013_1054303307.uvl,66,56,56400557,true,2116876,51146309,2006201,413122,215677,3901
8,../model_20190117_1837815772.uvl,14,12,34812469,true,1596789,31081537,1650723,127184,70353,2890
12,../model_20230322_572568226.uvl,51,36,50009039,true,1735651,45273808,1854269,405797,295033,4066
6,../model_20160329_925786350.uvl,31,29,33476675,true,1644290,29197747,1882592,283960,179437,3834
14,../model_20201007_667063467.uvl,72,63,51137810,true,2295942,45842190,1905840,320600,228291,2894
9,../model_20130916_882364260.uvl,15,17,41181133,true,1614873,37381969,1653014,184267,106374,3797
0,../model_20160531_990808801.uvl,14,13,28457882,true,1529468,24844055,1693259,92074,72488,3839
7,../model_20141202_107430422.uvl,36,30,53908843,true,1720907,48360759,1831400,241511,1375843,3710
3,../model_20180306_1851656621.uvl,49,41,47630932,true,1965600,42652312,1854813,485590,263003,3106
5,../model_20100412_337845737.uvl,10,10,27012531,true,1521495,23599262,1544652,63956,35396,2763
15,../model_20140424_1672030888.uvl,65,45,71911102,true,2094642,66906770,1911745,376083,231775,3832
11,../model_20190922_230985682.uvl,21,32,45294863,true,1715032,40663204,2122389,317438,157199,4272
2,../model_20140320_391816142.uvl,11,11,32993016,true,1610349,29305355,1610072,114107,73290,3343
1,../model_20190413_1966613868.uvl,42,18,53131998,true,2076236,48707389,1705840,159711,85071,1915
8,../model_20130917_1805517149.uvl,13,15,28417663,true,1589305,24620833,1682018,191664,110729,3669
12,../model_20170206_852070049.uvl,13,10,26245193,true,1699879,22526605,1557027,112798,51313,3217
6,../model_20170510_174347414.uvl,15,13,24625192,true,1643978,21093385,1483358,83797,48548,2468
14,../model_20140319_1506613330.uvl,16,12,30024136,true,1746062,26171758,1677410,87556,50373,2063
9,../model_20150720_1580995178.uvl,22,24,27502008,true,1691715,23519694,1639841,215941,168029,4206
0,../model_20170315_692595151.uvl,23,18,30333073,true,1406912,26393707,1890568,212688,125702,4537
7,../model_20180611_1112345807.uvl,10,13,22143342,true,1277925,18948861,1490763,156432,49388,2605
13,../model_20130529_1165512118.uvl,10,10,33995888,true,1512898,30276134,1773104,115851,69704,3946
4,../model_20141212_523199394.uvl,15,13,34429920,true,1683533,30515935,1740076,164571,88650,4165
15,../model_20150616_314969910.uvl,26,27,69729807,true,1647276,65835076,1676084,149611,86515,2352
11,../model_20100529_1010171189.uvl,22,15,34640573,true,1698789,30687087,1764144,105437,58723,2752
2,../model_20170301_235251685.uvl,14,13,25435615,true,1674422,21818420,1550398,98210,50807,2625
10,../model_20230615_784426434.uvl,14,13,38602428,true,1449460,34822679,1900957,150031,86725,4192
1,../model_20140321_1655023261.uvl,14,14,21264473,true,1459153,17536649,1870452,81142,46955,2465
8,../model_20170322_711096381.uvl,10,10,21035385,true,1472379,17522778,1594483,105091,59790,4295
6,../model_20100416_811483774.uvl,16,9,34247722,true,1630733,30609402,1564847,80981,46836,2057
14,../model_20140301_728202228.uvl,49,45,63004024,true,1814454,58338143,1876901,401483,175375,2347
13,../model_20101119_1472596180.uvl,25,26,38686937,true,1895920,34447604,1618677,246648,135124,3978
15,../model_20191119_1702487696.uvl,24,24,37126155,true,1636916,33322731,1642170,124295,74450,2522
11,../model_20190917_383002664.uvl,43,24,48728327,true,1914131,43931462,1954015,317832,187544,4107
4,../model_20180815_1120231956.uvl,26,33,43757759,true,1725037,39664785,1678383,239861,105160,2805
3,../model_20141021_386995832.uvl,24,24,29034317,true,1498001,25223671,1756198,154884,80875,2828
10,../model_20161018_1395239714.uvl,11,11,29355144,true,1576082,25938148,1475928,70078,43035,2256
5,../model_20200819_795623217.uvl,26,17,32268394,true,1458089,28497783,1778145,124615,148676,3174
2,../model_20190914_1323674619.uvl,61,57,40918997,true,2143640,34304514,3127780,534764,300121,2998
8,../model_20160330_149443721.uvl,30,43,45968643,true,1741389,41993424,1559156,273558,137063,2384
1,../model_20160311_1359424486.uvl,50,50,40416908,true,1897562,35755273,1945474,229122,133029,2271
6,../model_20160420_474055968.uvl,96,69,54441664,true,2377936,48845757,1863549,404329,294238,2903
12,../model_20140209_34267674.uvl,44,41,67417062,true,1968052,62653985,1856297,321174,188971,2436
14,../model_20180512_733862721.uvl,23,22,26150332,true,1543361,22575843,1506937,135215,76165,3044
13,../model_20170814_699386305.uvl,12,12,35375362,true,1653654,31414379,1778182,129913,80128,4244
11,../model_20200901_1590540568.uvl,38,33,36513987,true,1581796,32361272,1908641,205715,116822,2815
15,../model_20201011_1804341944.uvl,59,59,41582264,true,1974668,35900078,1905657,362000,1129250,3797
9,../model_20150507_425070085.uvl,44,44,54478220,true,1697337,50210994,1856962,216882,125361,3005
5,../model_20100822_281357717.uvl,15,16,33848221,true,1372610,30177945,1707499,220841,116811,3507
10,../model_20121018_1701181193.uvl,17,15,27522818,true,1801301,23932603,1402488,92557,51603,2235
0,../model_20141111_2120296387.uvl,51,18,108635978,true,1771011,104217741,1852916,230426,147250,2590
7,../model_20140423_813378270.uvl,48,44,65896844,true,1935558,60784312,2088208,448395,250602,4178
2,../model_20221114_1363146415.uvl,39,43,42026102,true,1731115,37734688,1806018,268100,125296,2535
1,../model_20110519_503436691.uvl,11,10,21940082,true,1429909,18628135,1548071,69769,40620,2597
6,../model_20131112_1617262618.uvl,30,25,42703723,true,1596099,38766567,1781997,150882,85988,2441
12,../model_20141106_687094706.uvl,65,61,46530829,true,2019730,41676617,1850953,449052,189694,3429
15,../model_20120823_304633016.uvl,16,19,36633798,true,1629256,32938955,1614124,135767,70519,2147
9,../model_20120328_810464459.uvl,17,17,39193771,true,1943864,35169427,1620641,98681,57711,3187
11,../model_20140223_789634838.uvl,26,19,46562928,true,1693094,42403805,1766691,226465,133983,4042
5,../model_20151106_857588743.uvl,21,25,46978850,true,1704464,42629074,1915736,269824,151914,3923
10,../model_20161209_758532997.uvl,13,5,36393052,true,1729007,32332115,1867367,118340,63336,3429
0,../model_20180512_143602565.uvl,37,37,45982504,true,1831968,41703739,1739180,171135,151073,2108
4,../model_20130422_139902368.uvl,40,34,32188197,true,1997336,27755552,1721208,184163,111138,3284
1,../model_20190915_38921055.uvl,10,10,19973322,true,1704061,16312799,1591946,63381,40828,2776
2,../model_20230322_1914329788.uvl,32,32,37009745,true,1674044,32826492,1747476,238241,171231,4083
3,../model_20180306_177892963.uvl,45,37,75517594,true,1959528,70244327,2025762,566176,268487,4491
8,../model_20140524_520707568.uvl,11,9,21136794,true,1751354,17321046,1659896,96073,37451,2827
7,../model_20170927_2140419024.uvl,87,69,56224632,true,2569591,50423782,2021224,357431,207568,2746
6,../model_20171202_671836466.uvl,14,14,36688427,true,1597717,32946609,1700727,88936,61107,3776
12,../model_20180305_1565538092.uvl,50,39,112412638,true,1860076,107838944,1832304,289757,188759,2050
11,../model_20171208_504832504.uvl,10,8,20979200,true,1549776,17487985,1581110,63185,35563,2223
9,../model_20140614_1407759983.uvl,29,29,33248494,true,1553088,29191941,1743617,279263,163229,4013
13,../model_20160912_772295854.uvl,18,18,31261494,true,1700864,27418862,1691408,96070,64427,2260
10,../model_20120801_1784537083.uvl,12,11,30292758,true,1618085,26704697,1567578,73844,45138,2331
14,../model_20110318_225131257.uvl,15,15,80522638,true,1595554,76481393,1901894,185315,96792,3364
5,../model_20141029_1924517902.uvl,53,53,37768005,true,1922968,33131461,1905225,236351,134577,3027
4,../model_20130305_522520932.uvl,16,14,25448460,true,1369885,22126797,1538661,106282,65801,2226
2,../model_20140430_1345238885.uvl,17,17,33029962,true,1591053,29437027,1557627,148670,89116,2902
1,../model_20140728_1532422166.uvl,23,37,50627011,true,1564829,46629347,1711535,269583,145818,2476
3,../model_20150616_1287606127.uvl,22,21,36520753,true,1679038,32481637,1892569,117697,67180,2180
8,../model_20190825_1083955002.uvl,12,10,21911822,true,1380014,18472687,1724563,101169,40467,3254
6,../model_20160311_358715911.uvl,26,26,28665781,true,1482812,24921542,1671442,134938,158858,3172
12,../model_20130818_278315719.uvl,10,10,33314102,true,1538364,29689478,1630987,109809,67248,3760
11,../model_20130716_384525556.uvl,17,12,30452624,true,1488745,27043159,1503313,96892,49374,2831
9,../model_20180913_872907572.uvl,15,15,30559426,true,1472417,27211626,1475689,83341,72130,3383
14,../model_20160329_736279509.uvl,14,14,36644238,true,1486047,32977525,1693257,151502,92546,4295
15,../model_20130916_330769314.uvl,17,18,40091014,true,1632436,36170352,1753121,195984,111175,4294
5,../model_20120328_1357539597.uvl,18,17,35077488,true,1635801,31073850,1781688,180457,112793,3869
4,../model_20130426_1685243628.uvl,16,15,40388294,true,1635659,36734456,1580387,91001,57774,2801
1,../model_20140403_1425048263.uvl,12,12,68945351,true,1393300,65653456,1557059,69870,41269,2250
2,../model_20230322_729074756.uvl,29,23,34117270,true,1764868,30114416,1662940,141337,71617,2632
0,../model_20230322_61558144.uvl,16,16,22438889,true,1494753,18966822,1523094,98140,64994,2230
3,../model_20130821_361829065.uvl,30,30,27273800,true,1615249,23508224,1565283,152382,90387,2541
11,../model_20160721_1827988269.uvl,19,24,32483501,true,1552430,28652934,1652059,151338,163858,2388
9,../REAL-FM-12.uvl,14,14,23117702,true,1504687,19685395,1481129,102686,58684,2500
12,../model_20140615_1755551630.uvl,24,22,32417598,true,1706919,28347791,1837576,126404,69250,2680
14,../model_20121026_334751192.uvl,28,28,42920468,true,1728334,39044920,1556649,141928,99619,3220
15,../model_20111220_1184087779.uvl,15,9,23745296,true,1455275,20373582,1532566,85573,47795,2548
5,../model_20140613_2054294739.uvl,10,11,63843898,true,1324008,60685436,1489905,81139,47982,2088
4,../model_20110329_10104623.uvl,41,35,50077820,true,1919592,45877004,1537883,229657,121628,2961
1,../model_20130117_2075912065.uvl,13,14,27867077,true,1603842,24024697,1659084,185633,100057,3395
2,../model_20141129_1642511009.uvl,34,37,66622212,true,1861660,61887686,1746889,495590,242693,3949
3,../model_20140823_1972464026.uvl,35,38,31301163,true,1633314,27141520,1756151,209741,186924,2654
0,../model_20130916_1448418245.uvl,14,16,23401149,true,1515801,19798356,1655267,109177,60804,2730
13,../model_20150515_2045521211.uvl,25,26,42942414,true,1500676,38980506,1873816,152956,86046,3074
10,../model_20180708_1907991672.uvl,24,30,48417181,true,1572278,44557351,1630376,196863,181963,2317
8,../model_20170607_1389753102.uvl,13,14,30383472,true,1590520,26927083,1502207,87114,53544,2264
7,../model_20161101_1287284082.uvl,50,37,37994734,true,1973834,33442779,1816946,218001,115932,2696
12,../model_20200815_1845054862.uvl,39,32,33117460,true,1650783,28927446,1728496,355310,194819,3993
11,../model_20110725_452580960.uvl,34,30,29751471,true,1626302,26060594,1568398,159932,86697,1951
5,../model_20160712_1875218337.uvl,11,11,32815907,true,1610063,29218319,1545811,107824,69029,3696
15,../model_20111027_668940289.uvl,29,29,34940043,true,1654809,30866825,1746984,189964,93019,2314
4,../model_20111214_733452875.uvl,15,15,29847328,true,1637864,26233494,1617655,84817,49862,2750
14,../model_20161118_1167269407.uvl,66,22,64274372,true,1926973,59144408,1784884,552174,358935,3835
13,../model_20140605_572628146.uvl,11,11,20713612,true,1551628,17448068,1353449,66633,39057,1948
1,../model_20190223_1159148955.uvl,103,70,65245836,true,2744998,59022457,2099666,549096,251787,3181
10,../model_20171109_1740328562.uvl,21,25,40183648,true,1484049,36092612,1691932,317247,253764,3888
0,../model_20221031_379205114.uvl,158,208,157484207,false,4861976,148098631,1977152,1451707,762517,2450
12,../model_20140409_1370428339.uvl,24,28,45724531,true,1529477,42070907,1522737,188871,127902,2151
11,../model_20161003_680973994.uvl,53,58,75059048,true,1861847,69888643,1980113,537175,380672,3991
7,../model_20170310_2069806245.uvl,49,36,112239927,true,1905230,107742230,1733913,276686,163233,2552
15,../model_20140306_1607259562.uvl,43,49,38416602,true,1889566,34063809,1641447,246124,150338,2307
6,../model_20171108_1643056811.uvl,12,6,35603872,true,1756650,31583141,1782089,126149,69336,4705
5,../model_20170514_1578942718.uvl,40,44,37777719,false,1671584,33587262,1855567,264270,203598,4186
4,../model_20181029_2093756359.uvl,18,18,25805888,true,1577894,21537733,1570005,123395,679627,2484
14,../model_20170918_446567907.uvl,48,37,71985381,true,1986824,66786875,1974986,537714,352555,4364
1,../aircraft_fm.uvl,13,12,36808501,true,1688732,32824005,1800216,148030,87662,4430
10,../model_20160621_993334585.uvl,26,24,46235256,true,1674861,40919938,1894717,247457,1172472,3364
2,../model_20120529_2101702978.uvl,35,46,48918120,true,1814197,44433589,1824610,305490,156208,2474
3,../model_20110406_1047532859.uvl,29,28,34509531,true,1719225,30443640,1802591,175917,109960,2235
0,../model_20150624_1191374126.uvl,13,12,23686669,true,1705084,20082940,1497412,86054,51542,2892
15,../model_20110328_1177934440.uvl,18,20,25469219,true,1592583,21785036,1620008,119389,65319,2171
5,../model_20160330_469153666.uvl,13,13,20898497,true,1574575,17253554,1637486,85024,46092,3280
4,../model_20230322_1299985155.uvl,31,20,29505059,true,1646814,25597798,1680643,139311,75754,2357
6,../model_20230322_1194175451.uvl,34,25,45430928,true,1770617,41073481,1917957,196268,89510,2990
9,../model_20141129_966803644.uvl,12,12,23528693,true,1412592,20138019,1662359,72254,43508,2242
1,../stack_fm.uvl,17,13,23058697,true,1497449,19655032,1517909,95554,51989,2727
14,../model_20130105_1019508207.uvl,24,27,49316300,true,1722613,45119866,1680967,281399,165959,4259
10,../model_20150109_425963323.uvl,37,23,53508066,true,1825369,48924472,1872837,314353,165374,4205
13,../model_20170925_1698983864.uvl,19,19,38115589,true,1887868,34073385,1700831,102626,62438,2246
2,../model_20091205_755658379.uvl,94,71,90304091,true,2687787,83579910,2042026,817653,532611,4187
0,../model_20180512_419383167.uvl,36,38,52560563,true,1561999,48088662,1887819,360677,312298,4147
15,../model_20200815_582760962.uvl,29,23,48698065,true,1888762,44441399,1652824,207598,150066,3754
8,../model_20120915_487659597.uvl,20,17,40454245,true,1702313,36143692,1944373,220738,126136,3713
5,../model_20130529_1162054266.uvl,16,16,39193612,true,1743435,35101465,1744817,187065,106036,3987
3,../model_20170221_1848353506.uvl,210,161,177659679,true,6327531,164967376,2596319,1834307,793797,3786
4,../model_20170528_1427439246.uvl,10,11,36271812,true,1470223,32544606,1744402,152381,89457,3666
11,../model_20180930_1153905679.uvl,27,27,29757844,true,1651016,25865893,1733467,147207,77686,2311
6,../model_20170919_1393589103.uvl,48,45,60734557,true,2090386,55721045,1919819,383520,183368,2514
7,../model_20200810_956997411.uvl,39,36,52851765,true,1940924,48114573,1839305,355249,197643,4114
10,../model_20110809_1799855518.uvl,25,13,43630088,true,1681131,39641829,1692737,182545,99487,3723
1,../model_20150625_1923523971.uvl,16,13,37735124,true,1577302,34082073,1615772,94691,55453,2458
13,../model_20181205_2097248492.uvl,19,24,51423189,true,1696383,47094173,1820542,311460,166977,4326
2,../REAL-FM-18.uvl,44,47,46465745,true,1878434,41969413,1843274,261194,139366,2150
8,../model_20100607_746327867.uvl,20,15,32913653,true,1853553,29014513,1577972,105877,55652,2438
5,../model_20160531_1105256806.uvl,25,30,55249027,true,1692372,50927824,1693203,449392,188994,3893
11,../model_20150301_1821356180.uvl,28,33,53009947,true,1866140,48828321,1627430,185438,176107,2746
7,../model_20120130_333619036.uvl,31,27,39383301,true,1578727,35228470,1803241,286960,163711,3868
10,../model_20141023_1600573567.uvl,20,20,40009740,true,1622770,36078996,1758462,177586,109471,3806
1,../model_20230322_774285627.uvl,15,12,25857778,true,1473222,22299535,1677972,84350,47585,2720
13,../model_20160429_2024552354.uvl,12,12,21542267,true,1593102,17682295,1872577,72012,41838,2447
9,../model_20160531_486171149.uvl,35,35,39983860,true,1760837,35633581,1763542,266412,172671,2877
2,../model_20160426_744600320.uvl,21,20,32193779,true,1640833,28429913,1606667,122983,66757,2344
14,../model_20170919_303553909.uvl,49,55,69746545,true,2195759,64540756,1932719,427974,203401,1990
0,../model_20171129_847069382.uvl,35,32,49631040,true,1851542,45382289,1735226,173178,101832,2942
8,../model_20190805_1041162508.uvl,23,13,44899650,true,2781086,39726180,1703403,215267,117993,3963
5,../model_20130529_2135483929.uvl,16,17,42435707,true,1584067,38480884,1770292,197764,107463,3580
15,../model_20150612_1719519345.uvl,14,12,24958623,true,1625635,21155165,1738992,79015,45053,2974
7,../model_20161109_258969269.uvl,10,11,34898436,true,1640695,31185316,1718832,82761,47134,2767
12,../model_20190904_400441788.uvl,625,500,335219549,true,28147177,296149790,3651493,2490349,1785592,2702
10,../model_20230613_1168762973.uvl,11,7,25483280,true,1607813,22062014,1424651,83095,37740,2633
11,../model_20160125_59009200.uvl,37,35,48240742,true,1704419,44101758,1488639,411320,195830,3594
3,../model_20170228_2078125436.uvl,34,26,31659199,true,1592129,27674540,1769973,167775,92351,3220
4,../model_20170215_1976164448.uvl,35,20,33867154,true,1825058,29650102,1780819,164762,85221,2704
6,../model_20170512_1532934104.uvl,24,24,34956708,true,1773130,30702915,1961933,122608,72021,2297
9,../model_20140227_386614568.uvl,75,49,58480658,true,2318033,53238800,1832330,315046,224100,3027
2,../model_20150529_550903687.uvl,21,20,28178054,true,1610823,24456964,1583028,131320,77451,2951
0,../model_20230322_1887635433.uvl,32,32,40528161,true,1799477,36678886,1529093,153678,88431,2659
8,../model_20180911_126281571.uvl,10,10,25090267,true,1608473,20970857,1516388,725397,47634,2252
7,../model_20130422_1348727660.uvl,19,16,27883162,true,1675560,24345117,1396798,101733,57145,3089
10,../model_20121213_681234650.uvl,33,33,29561444,true,1759580,25510797,1649438,167413,97759,2724
12,../model_20160926_106687243.uvl,57,52,35967799,true,2108767,31411202,1656523,266816,166889,3040
4,../model_20170404_1821671055.uvl,13,14,22517909,true,1568455,19129679,1437793,98990,55252,2672
6,../model_20131122_1573422851.uvl,15,13,22155038,true,1567494,18613080,1515448,89187,51504,3132
9,../model_20130908_1057721135.uvl,14,14,21964018,true,1403262,18711796,1527191,81676,48637,2757
13,../model_20171029_1247758730.uvl,10,9,20511102,true,1536768,16993834,1599095,70294,43347,3148
2,../model_20181103_2077285196.uvl,11,11,21264532,true,1250653,18265275,1415203,93400,48758,2619
1,../model_20170313_143405764.uvl,48,46,69305594,true,1997029,64368102,1980518,354920,171527,2104
14,../model_20120806_904481092.uvl,17,16,38926359,true,1509199,35197874,1802778,100984,60532,2107
0,../model_20160329_174305764.uvl,44,49,67603899,true,1754880,63043837,1734783,444185,243004,3345
5,../model_20190917_1844149588.uvl,49,25,35067142,true,1484143,31321721,1690996,185693,103101,2456
7,../model_20160330_1233914245.uvl,12,13,34501300,true,1415267,31247934,1504513,94466,54796,2521
10,../model_20191111_1176325905.uvl,16,14,29870713,true,1567111,26030211,1724078,166924,96057,3513
12,../model_20121023_1328975384.uvl,14,14,97143042,true,1411143,93786582,1581929,78260,46515,2071
6,../model_20200816_1246721801.uvl,18,16,34050916,true,1603110,30210580,1663101,166719,89931,2757
4,../model_20160919_422339066.uvl,50,42,49540683,true,1961159,44437335,1954700,479623,258492,4288
15,../model_20160309_77134368.uvl,18,17,29555240,true,1445182,26185517,1500584,106907,58875,2982
11,../model_20180512_775268148.uvl,24,21,32493354,true,1663162,28579379,1757366,140968,67042,2714
3,../model_20131202_715513367.uvl,22,22,23686544,true,1649226,20024551,1569262,113517,64881,2690
1,../model_20140604_731553244.uvl,14,14,22547924,true,1840087,18525138,1765922,82233,53094,3040
13,../model_20140101_941325443.uvl,10,10,28867358,true,1726518,25261303,1536503,66424,39933,2117
14,../model_20180613_78021145.uvl,15,16,22431500,true,1505195,18802973,1569338,149715,89966,3431
0,../model_20190921_1186818003.uvl,15,13,38085305,true,1630942,34124918,1792715,169178,93790,4132
5,../model_20180713_1002093829.uvl,23,17,29956496,true,1696618,26066724,1642715,142999,77291,2659
7,../model_20160123_368502373.uvl,10,9,34718391,true,1549737,31135137,1578224,121826,69085,4001
10,../model_20190513_215044614.uvl,10,9,25453176,true,1672970,21885630,1516638,63961,37697,2028
6,../model_20130508_1842381745.uvl,16,14,25786814,true,1546845,22275017,1532909,86600,49280,2641
12,../REAL-FM-3.uvl,43,45,43974277,true,1975199,39507212,1710227,255820,146018,2227
8,../model_20170930_228024571.uvl,62,69,63961607,true,1968273,58158410,2159138,853808,360036,5230
11,../model_20131201_820966647.uvl,18,19,34363410,true,1627322,30494626,1656514,199138,114331,3024
3,../model_20170627_231083922.uvl,14,14,82728699,true,1591207,79125656,1559620,150944,91124,4094
1,../model_20190513_639238065.uvl,10,10,35970642,true,1486830,32282573,1703193,142425,87166,4057
13,../model_20150521_1423870525.uvl,16,16,37664261,true,1445003,34045855,1600025,166297,94854,4183
9,../model_20131202_533920013.uvl,19,19,24091454,true,1679090,20278346,1666112,111351,70019,3105
14,../model_20200919_469515687.uvl,20,18,42830733,true,1644919,38872485,1681762,195040,118938,3054
2,../model_20140615_1477062295.uvl,33,26,91691734,true,1823956,87510986,1730843,153974,90030,2318
7,../model_20140819_535519547.uvl,13,13,28588670,true,1448197,24972826,1655091,137053,80854,4107
5,../model_20110203_2097159983.uvl,18,18,74983130,true,1629057,71241482,1700142,99375,60883,2403
10,../model_20160824_2005849052.uvl,21,21,36715824,true,1699879,32593178,1715320,212780,122941,4057
12,../model_20180306_1110315637.uvl,39,19,34710842,true,1731788,30581882,1710194,207684,168609,4384
8,../model_20161128_2133107865.uvl,68,46,53127176,true,2111502,47747390,2474734,281392,151324,2403
11,../model_20130122_243381566.uvl,14,14,38945617,true,1782773,34791772,1827356,154243,94475,3837
4,../model_20131217_806985744.uvl,11,7,23864806,true,1637447,20243209,1569368,104702,59441,4054
3,../model_20160329_1691896941.uvl,28,38,35367936,true,1825241,31337167,1607417,230445,121693,2749
1,../model_20160917_824197127.uvl,14,11,36799306,true,1486434,33040103,1766945,145607,84011,3561
15,../model_20230322_310895789.uvl,26,26,76473510,true,1522245,72616452,1724873,127001,131649,2886
9,../model_20200811_1911664133.uvl,17,19,47803359,true,1535562,43839115,1752223,263903,123028,4017
13,../model_20121023_356761254.uvl,12,12,82760844,true,1517546,79180533,1673323,70099,44043,2651
14,../model_20190916_233719618.uvl,10,10,20636171,true,1489230,17390375,1438462,62575,37431,3088
2,../model_20131122_23346211.uvl,15,13,33291947,true,1562490,29664487,1541609,146863,88814,3340
5,../model_20141107_377655341.uvl,24,25,27564495,true,1483408,23828834,1672204,172529,110755,4258
0,../model_20180306_1625675392.uvl,48,25,48403277,true,2001266,43828158,1860658,229189,106374,2956
7,../model_20160502_1352812691.uvl,38,32,35745762,true,1604890,31468353,1815547,327976,184533,4310
10,../model_20170315_1174513943.uvl,18,18,43995269,true,1512070,39993625,1873819,224611,115740,3513
8,../model_20190619_50728308.uvl,19,19,35704789,true,1441452,32204500,1568964,153765,59201,4358
12,../model_20141029_1107505375.uvl,12,12,29280587,true,1506986,25723971,1689611,106715,45230,2482
11,../model_20131112_605989901.uvl,25,18,37096553,true,1528960,33601752,1467895,117073,62732,1992
6,../model_20120110_139114401.uvl,10,10,38552393,true,1661467,34383933,1886110,270134,83847,3641
15,../model_20120202_1596034358.uvl,10,11,21520062,true,1537127,17935331,1574032,126411,79439,4164
13,../model_20160329_160417479.uvl,20,17,39946451,true,1631892,35902499,1801041,190691,103618,4276
14,../model_20151119_825568988.uvl,19,19,28943085,true,1905843,24885868,1635933,183687,76263,3806
2,../model_20180403_1861855205.uvl,14,14,25315009,true,1516662,21760887,1587538,112230,48869,2322
5,../model_20190522_227919886.uvl,20,21,34453995,true,1719422,30294490,1699608,277728,146906,4225
7,../model_20120731_787433291.uvl,43,40,36272089,true,1780168,31791189,1955682,222110,127483,2888
10,../model_20110222_2078967171.uvl,48,51,44512854,true,1764372,40198092,1720881,255877,148035,2215
8,../model_20130305_204544380.uvl,13,13,27570332,true,1728454,23996038,1419482,97986,55161,2576
11,../model_20120109_1808102333.uvl,18,19,26012517,true,1457722,22541252,1517057,117680,82783,2399
13,../model_20131125_731391866.uvl,18,19,23555757,true,1475453,19814592,1737433,116675,94788,2750
6,../model_20110704_328391695.uvl,172,145,118264243,true,3970816,109742353,2332604,705229,518231,2967
4,../model_20091015_449909368.uvl,10,10,35634031,true,1783096,31427012,1958472,138463,82048,4283
3,../model_20160330_511669656.uvl,15,10,32526202,true,1656574,28605369,1774034,125605,77079,3228
14,../model_20161101_1188178549.uvl,36,36,53682900,true,1581096,49289098,1841742,333869,289948,4177
9,../model_20180612_1244406232.uvl,33,33,50975834,true,1940217,46026125,2141351,313960,176938,3799
2,../model_20130122_1064508817.uvl,12,17,33031754,true,1668034,29138137,1677558,173525,100507,3914
7,../model_20120522_87989914.uvl,35,47,62508316,true,1750075,57293992,2029444,640465,399612,5748
1,../model_20170328_1485540940.uvl,451,428,379055310,true,18272717,348151974,4210378,3396197,2860287,4487
10,../model_20230228_1021126902.uvl,11,11,104144601,true,1543418,100294154,1670678,291553,83959,4139
8,../model_20170916_973590519.uvl,48,39,80138375,true,2101968,75124219,1807184,494619,274004,3165
0,../model_20160508_265400900.uvl,46,52,105299874,true,1970573,100856498,1692348,264234,142976,2982
12,../model_20200810_1487197226.uvl,29,29,47352267,true,1822365,43020789,1714496,272844,166831,4235
13,../model_20170517_1986241278.uvl,10,10,20365054,true,1444302,16938846,1512763,163121,51748,2479
4,../model_20131016_1224723724.uvl,11,13,21595660,true,1370473,18222414,1497172,182083,52855,2379
3,../model_20130916_2072761889.uvl,15,17,24942251,true,1511201,21666735,1382791,96673,56694,2623
14,../model_20160315_505457800.uvl,28,28,29071731,true,1719340,25036646,1632331,144098,170256,2490
7,../model_20160821_1946133193.uvl,14,14,23297009,true,1455520,19851994,1556017,87711,52198,2413
15,../model_20190824_1440931285.uvl,104,104,127955182,true,2468326,121881820,2227826,462796,394069,2661
10,../model_20160221_544170906.uvl,11,10,20738067,true,1589026,17298856,1412358,143273,46811,2535
5,../model_20191126_842054213.uvl,21,23,78405757,true,1548367,30448584,45881342,135975,79364,3010
0,../model_20190920_1330526555.uvl,10,10,29277991,true,1537115,25878276,1511900,60816,36376,2331
1,../model_20130324_1541392486.uvl,51,43,35978314,true,1623906,31803475,1755869,220846,122863,2305
8,../REAL-FM-9.uvl,14,15,38566141,true,1437164,34930083,1641470,195278,109844,3515
12,../model_20120328_1667195252.uvl,24,25,30122864,true,1415490,26709797,1513674,129661,78316,2253
11,../model_20120329_788560154.uvl,55,49,51291503,true,1950776,46607046,1930517,253296,150468,2214
3,../model_20200128_1154759905.uvl,23,23,36806359,true,1611457,32753685,1701290,277588,157994,3690
14,../model_20190503_1463982406.uvl,41,45,62140986,true,1751153,57416855,1887646,422610,260400,3062
7,../model_20220910_809454030.uvl,37,39,40364101,true,1675845,36169029,1715042,331358,137370,2907
9,../model_20160608_755102753.uvl,12,12,26585614,true,1679795,23026652,1530316,71466,45521,2499
10,../model_20160330_1356575467.uvl,10,10,19141944,true,1452007,15942406,1395382,62864,36360,2489
15,../model_20171010_332868283.uvl,12,11,26841872,true,1568734,23343949,1562338,73376,39451,2576
2,../model_20110306_314567479.uvl,14,14,30227157,true,1834194,26171814,1739463,148705,90229,3752
0,../model_20161012_1497804026.uvl,13,13,21777228,true,1477031,18156065,1742882,79119,48420,2052
1,../model_20200609_1715293706.uvl,12,12,24558161,true,1711519,20986067,1450993,88832,51196,2130
12,../model_20140225_1829795152.uvl,14,13,72282528,true,1415646,69077733,1373846,88531,65624,2330
11,../model_20230322_242202942.uvl,19,19,22744776,true,1356679,19362156,1588024,97930,56533,2641
3,../model_20181219_1343761699.uvl,20,14,33214974,true,1535629,29639255,1531006,134844,74404,2294
13,../model_20111025_1408959776.uvl,13,13,24133731,true,1378184,20626142,1769438,74407,46686,2271
4,../model_20160411_1158715394.uvl,11,11,36465923,true,1401035,32840959,1801982,125165,72685,3648
14,../model_20101117_1571856147.uvl,10,10,23443609,true,1427488,20319340,1370528,60636,36581,1911
7,../model_20100831_1378118837.uvl,35,32,35385066,true,1784361,31317742,1653395,169838,92055,3066
15,../model_20130916_1980915056.uvl,15,17,37976082,true,1516378,34117317,1748063,184298,119669,3756
10,../model_20160111_1033692827.uvl,61,58,44721322,true,1914086,40075181,1843573,292978,165729,2461
0,../model_20131128_2046989275.uvl,15,15,31571100,true,1435342,28137131,1627918,84313,49982,2447
6,../model_20131109_2060894287.uvl,14,13,30833596,true,1770805,27012188,1601694,101216,59159,2875
1,../model_20140428_1127346099.uvl,72,71,60131486,true,2203935,54845702,1940009,341177,255140,3003
12,../model_20150429_343028682.uvl,43,39,39510093,true,1778984,35364848,1723418,202080,111720,2419
5,../model_20180819_995624779.uvl,14,14,35401262,true,1771789,31413103,1644843,205958,72862,2858
8,../model_20171008_377237228.uvl,43,43,39280127,true,1949143,34886690,1701792,215178,119036,2830
11,../model_20180126_2070362475.uvl,30,25,48978808,true,1757735,44625576,1789386,272931,156425,3588
3,../model_20130812_690840910.uvl,30,36,53424395,true,1812832,49268278,1684732,188230,110554,2560
4,../model_20150320_593593000.uvl,13,13,26995101,true,1865215,23292425,1447612,97696,54661,2698
7,../model_20221025_2010292001.uvl,22,22,27467503,true,1816548,23787552,1433678,119193,67147,2097
10,../model_20160329_1491802197.uvl,20,17,25593412,true,1476897,22022059,1622234,110569,63538,2560
15,../model_20230322_2065877531.uvl,26,26,30161841,true,1733203,26213106,1661152,142436,73616,2784
0,../model_20120122_258977494.uvl,19,19,42397280,true,1775369,38302289,1597710,224393,230976,3381
6,../model_20150305_837831991.uvl,39,42,46129992,true,1717042,41813580,1688792,371932,188606,3413
9,../model_20110826_1555954181.uvl,24,24,25935504,true,1394956,21945964,1977613,185797,118076,2992
2,../model_20121123_388334786.uvl,16,17,36517470,true,1478227,32766401,1708189,203515,113617,3679
5,../model_20161107_2119549052.uvl,12,12,20792758,true,1602812,17283614,1513792,73373,48426,2956
8,../model_20120829_1418879889.uvl,10,10,29798446,true,1495050,26475224,1464421,61670,34691,2207
12,../model_20161128_844678202.uvl,39,31,33341028,true,1793361,29113104,1823487,189314,106827,2374
11,../model_20150223_339293957.uvl,26,25,35120062,true,1685984,31239166,1676033,176419,88328,3003
3,../model_20120904_1604580471.uvl,13,8,37493777,true,1427028,33842340,1752123,140868,76861,4217
4,../model_20160330_1191432205.uvl,19,19,23333376,true,1416311,20018996,1481535,100152,57438,2218
13,../model_20150507_1665248699.uvl,15,14,32210249,true,1727238,28586920,1436607,97030,69785,3553
15,../model_20131028_1719041666.uvl,19,19,22612615,true,1496123,19107615,1561904,106247,59507,2653
0,../model_20170818_1523700786.uvl,31,31,33194825,true,1416985,29391445,1663837,291264,173532,3691
6,../model_20190917_1679843058.uvl,11,11,35459202,true,1587544,31859561,1543744,122518,75159,3184
9,../model_20130220_406091727.uvl,43,48,56343167,true,1842602,52092332,1667710,231254,129242,2148
14,../model_20170310_906013336.uvl,47,33,54484142,true,2147526,49140397,2099376,431666,232159,4296
5,../model_20180311_1112468126.uvl,29,29,47598631,true,1514010,43544813,1855902,286109,162119,4244
8,../model_20180222_1531590612.uvl,18,17,28771199,true,2658706,23800750,1747029,165413,92812,3273
1,../model_20131122_1558809462.uvl,26,26,44473496,true,1627743,39258981,1776704,246003,1270927,3898
12,../model_20160229_1590940306.uvl,50,58,76557074,true,2007529,71075744,2023403,614072,374885,3860
3,../model_20160906_881197553.uvl,18,14,27766615,true,1502691,24322087,1490517,93083,53431,3110
11,../model_20230322_1023477919.uvl,73,55,74428396,true,2173078,68702146,2006990,595550,394636,3736
13,../model_20190919_887233558.uvl,17,17,37859097,true,1620200,33832887,1805961,174682,105846,3574
6,../model_20190918_1569717148.uvl,17,17,34048709,true,1503896,30823909,1379793,91575,56098,1998
0,../model_20141116_913921823.uvl,44,41,50362512,true,1906126,45510701,1906995,399631,220141,3930
9,../model_20171014_936370428.uvl,10,9,21963673,true,1537990,18280453,1689300,121210,70180,3178
14,../model_20170131_61369545.uvl,39,39,55048770,true,1666920,50518750,1875569,370353,221327,3828
15,../model_20161127_1823059506.uvl,69,257,280182968,true,3328415,270417414,2244481,2358531,1355458,3325
1,../model_20191115_635910941.uvl,37,28,35542849,true,1779268,31470353,1641100,164827,94600,3248
8,../model_20190916_1591625575.uvl,42,24,40504476,true,1959493,36151244,1734841,167957,86730,2148
2,../model_20180222_1813103418.uvl,26,18,32185882,true,1529326,28374639,1743813,131398,85046,3074
3,../model_20170320_772300106.uvl,48,48,40304794,true,1841266,35487605,1869673,422467,246491,3650
13,../model_20160308_993894457.uvl,10,9,25474896,true,1568200,21937384,1581540,69166,36760,2566
4,../model_20140509_978687642.uvl,10,10,23401233,true,1492587,20021818,1535725,62981,38079,2317
6,../model_20121018_1875808662.uvl,16,15,38369042,true,1417525,34947715,1600869,97782,58480,3156
0,../model_20171012_404282969.uvl,25,25,28362756,true,1661306,24110744,1886935,224060,120840,4015
14,../model_20200619_2057881785.uvl,37,39,38436725,true,1807317,33973659,1797048,247717,210129,3964
12,../model_20170328_418838667.uvl,261,254,175838964,true,9180621,158556987,3978215,1710349,985102,2548
15,../model_20140614_2029282468.uvl,54,54,40441606,true,2037544,35950099,1667397,293406,153450,2403
10,../model_20131111_1486670620.uvl,21,18,42648409,true,1587930,38632582,1820414,200419,109359,4090
7,../model_20130911_2001583567.uvl,34,24,33330606,true,1801241,29218240,1691227,241789,89795,3542
1,../model_20140326_801743865.uvl,13,19,44633650,true,1569140,40983006,1582356,136996,73721,2881
5,../model_20140303_1487935744.uvl,23,14,31022646,true,1675692,27105283,1794324,105486,59851,2183
9,../model_20170321_1774846112.uvl,179,155,122873062,true,4911765,113465617,2445406,867581,557160,2812
3,../model_20140629_1128400878.uvl,42,32,49741903,true,1792846,45221300,1836364,314629,171744,3632
11,../model_20121123_1588832561.uvl,16,15,36390668,true,1721804,32531331,1726865,90049,49708,2449
0,../model_20140130_912999540.uvl,13,13,22490875,true,1584366,19130774,1417006,89858,52111,2123
7,../model_20091129_1734444143.uvl,12,13,19744635,true,1540504,16186267,1664683,78963,50127,2458
14,../model_20180407_489573335.uvl,109,126,65977502,true,3020415,59501102,1843676,641494,322794,2623
12,../REAL-FM-1.uvl,88,72,53195904,true,2188900,47768749,2007886,379306,215232,2423
15,../model_20230322_812446738.uvl,34,23,28547123,true,1715059,24530082,1623269,204186,83554,2421
5,../model_20230615_743611401.uvl,24,19,26585643,true,1550018,22776558,1707503,125568,91847,4180
1,../model_20141030_1194865372.uvl,48,43,37453728,true,1860928,33057277,1757185,232921,157323,3330
8,../model_20200810_1407499848.uvl,35,35,30430948,true,1557189,26211550,1842169,320975,187601,3651
3,../model_20161025_210874268.uvl,10,10,35235423,true,1470695,31640667,1659474,115677,71586,4266
9,../model_20151127_885194761.uvl,36,35,94124740,true,1559197,90069013,1836166,203675,105729,2537
11,../model_20160301_1978418899.uvl,24,32,30281706,true,1577830,26374010,1727038,182016,96775,2854
13,../model_20091219_494647199.uvl,11,11,35978731,true,1742644,32034530,1804231,126217,77902,3795
0,../model_20140410_454790336.uvl,11,22,28916129,true,1519009,25172795,1752453,149917,82438,2211
4,../model_20190624_198695067.uvl,24,24,37218274,true,1768298,33104580,1729100,206961,126299,3597
6,../model_20121018_795335675.uvl,16,15,99418308,true,1664595,95306849,1868396,173398,99836,3941
12,../model_20120202_114979109.uvl,22,19,43973424,true,1708792,39946299,1730061,167394,103062,3186
15,../model_20160629_1032137585.uvl,16,15,43691923,true,1830312,39406970,1791211,205197,111630,3348
5,../model_20110722_419227445.uvl,25,25,34300754,true,1911411,30102299,1735835,125775,73516,2260
7,../model_20190917_1352548057.uvl,59,33,57877263,true,1899778,52820720,2032536,455194,221767,3851
8,../model_20121212_425431925.uvl,16,15,40757495,true,1610031,36776710,1836896,170228,98548,3761
1,../model_20190917_896971240.uvl,35,20,49921720,true,1881713,45216395,1969036,310763,147191,4575
10,../model_20160913_482611615.uvl,48,37,54379565,true,2116831,49668603,1746502,287268,141357,1906
11,../model_20171005_1407702877.uvl,28,28,94818870,true,1809424,90642767,1799942,162324,130399,3562
0,../model_20121123_1266693931.uvl,16,15,34155990,true,1560730,30595708,1563634,93860,52855,2092
13,../arcade_game_pl_fm.uvl,61,95,107799567,true,2586236,101022271,2121647,1144575,534818,4122
6,../model_20180618_656757926.uvl,11,11,26222854,true,1655177,22346055,1780730,106073,63255,3570
12,../model_20140411_1148485857.uvl,12,23,37074822,true,1642996,33235358,1643920,165976,89197,2894
9,../model_20221026_1860047321.uvl,103,93,84943722,true,3020870,78467725,1953118,450384,305402,2783
15,../model_20140914_1816201365.uvl,37,39,45586045,true,1933574,41345068,1617006,190241,106841,2132
7,../model_20101120_2091447559.uvl,20,20,26418470,true,1623222,22655004,1653040,100402,60290,2457
14,../model_20150310_1159520762.uvl,35,39,55189951,true,1662938,51090755,1754388,220420,131613,3125
5,../model_20150114_50814742.uvl,33,32,58796688,true,1495773,54373855,1922910,438649,234329,3392
8,../model_20181005_1705175151.uvl,26,20,84273918,true,1689073,80434288,1621031,123640,68113,2377
4,../model_20200907_1678285822.uvl,63,63,48064314,true,2292663,42777129,2037697,297682,172247,2595
10,../model_20200810_1943380085.uvl,26,22,46796086,true,1741635,42570650,1709537,268363,147094,3654
2,../model_20180222_1576024243.uvl,13,10,36043182,true,1772536,32058709,1740185,151411,76513,3708
11,../model_20130106_749900457.uvl,21,15,31785999,true,1656078,27910478,1658412,164926,87868,3536
0,../model_20190513_1805648090.uvl,10,12,27777305,true,1544282,24157558,1641239,131572,50216,2408
3,../model_20120725_1460954667.uvl,97,81,120201863,true,2723107,113892367,2089450,492771,355589,2770
12,../model_20161117_1407262512.uvl,21,16,30996855,true,1600806,27303191,1619982,139752,55592,2731
7,../model_20140613_1129301242.uvl,10,9,35114068,true,1460166,31749481,1526264,118152,71033,4082
15,../model_20110401_868452735.uvl,14,10,35427302,true,1422125,32154418,1470793,77814,43040,2337
14,../model_20110718_866950306.uvl,20,19,25937163,true,1648617,22067048,1666513,168965,96960,4130
5,../model_20120328_523540818.uvl,10,10,23863039,true,1622388,20106740,1700331,97908,39782,4127
10,../model_20121018_1639434192.uvl,17,15,26695802,true,1562104,23175582,1524850,93603,52927,1954
8,../model_20191016_1243022077.uvl,83,83,59588834,true,2275065,53443432,2107845,717812,502031,3787
4,../model_20131114_87095598.uvl,57,61,71155382,true,2083518,65897358,1865259,496516,322174,3650
1,../model_20100624_2076952989.uvl,17,17,25146345,true,1582983,21338413,1810706,134190,74324,2497
2,../model_20190502_109355269.uvl,18,18,24140876,true,1559676,20788433,1391592,93470,54257,2478
11,../model_20141113_346832425.uvl,56,59,51858540,true,2090745,46657390,1844767,508266,400775,4026
3,../model_20130522_1326579656.uvl,45,45,54323893,true,1838872,49931131,1783325,219181,139688,2669
12,../model_20230322_2049733851.uvl,24,22,44811829,true,1589097,40544783,1991339,254050,142121,4428
13,../model_20160502_596671432.uvl,25,18,29262510,true,1838828,25102725,1669469,188172,115510,4319
7,../model_20140819_914542251.uvl,62,59,52230911,true,2052332,46694741,1819151,1018460,155834,3122
14,../model_20131112_1840652917.uvl,17,18,31757941,true,1525868,28214344,1587245,109223,68003,2795
6,../model_20180301_203291309.uvl,13,13,22095880,true,2304295,17863339,1560117,75013,48892,2529
5,../model_20221102_1308706395.uvl,17,12,83593353,true,1615237,79519413,1732654,199591,221533,3636
10,../model_20141030_1477913256.uvl,12,12,27535993,true,1617987,23854657,1641570,88543,53286,2262
15,../model_20160330_1846251072.uvl,39,38,52073008,true,1929627,47335446,1699579,373272,327773,4816
9,../model_20200817_129447612.uvl,37,37,34763524,true,1789708,30439335,1767140,221392,158805,2678
4,../model_20120328_288933955.uvl,17,20,23746610,true,1525315,20254870,1489528,113314,64777,2925
2,../model_20190203_959278211.uvl,27,27,41096168,true,1728966,36889244,1733628,241409,144914,4617
3,../model_20160303_1635209528.uvl,16,15,34995268,true,1572262,31470950,1527646,92727,68254,2745
12,../model_20160330_1784601624.uvl,25,22,29870930,true,1740560,25974162,1580336,122473,126032,2262
13,../model_20131112_1825068383.uvl,25,30,42800707,true,1575686,39053037,1623843,160209,95636,2744
0,../model_20230322_497943934.uvl,40,27,57847297,true,1996506,53010976,1886893,340913,195980,3838
14,../model_20200901_1356822502.uvl,38,29,30410249,true,1449530,26512766,1708142,222945,152130,2933
5,../model_20101110_1749898936.uvl,19,20,25928781,true,1626581,22317734,1482833,129180,130902,2550
7,../model_20130811_391981530.uvl,41,51,93772888,true,1697960,88957943,1938978,544009,309214,3724
9,../model_20141119_1459706454.uvl,34,33,37172126,true,1729318,33068815,1742664,162812,87702,2453
15,../model_20160925_2087627141.uvl,47,44,74826978,true,1942022,69763371,1888162,532562,374348,3763
2,../model_20230322_604627146.uvl,22,18,41672414,true,1467946,37766762,1799983,223197,123419,4145
8,../model_20160606_412121552.uvl,14,13,27955288,true,1465631,24116859,1878676,145545,82662,4606
1,../model_20190502_1338968023.uvl,34,39,39825604,true,2024806,35548454,1615640,219370,120385,2785
11,../model_20200901_93573304.uvl,38,29,40979217,true,1831121,36846181,1764373,171680,98630,2231
12,../model_20130116_382639902.uvl,31,30,34246520,true,1643881,30275785,1672194,197407,100396,2648
0,../model_20171207_1015871671.uvl,18,34,34319783,true,1600234,30530636,1564890,220237,108461,2155
13,../model_20170320_149190356.uvl,50,56,45970733,true,1835038,41593544,1746301,264447,145649,2543
14,../model_20130619_405989942.uvl,10,10,24913903,true,1394848,21672844,1499439,97693,62588,3044
9,../model_20170517_1468714593.uvl,10,10,31569123,true,1618614,27809887,1676362,156952,47549,2153
5,../model_20160329_1368375444.uvl,33,32,39830271,true,1678911,35938194,1561786,208121,123566,2280
7,../model_20180222_1895267586.uvl,22,25,46246661,true,1737208,41866498,1788511,269912,248583,4037
6,../model_20160623_1415871890.uvl,13,11,26301088,true,1419939,22849034,1560264,85440,61799,2139
15,../model_20190730_1957937065.uvl,25,25,29560996,true,1581451,25697097,1697070,158173,88262,2318
10,../model_20100927_1382418986.uvl,10,12,20779053,true,1494463,17110294,1784219,77243,45571,2852
2,../model_20150423_1422172417.uvl,14,12,23136039,true,1612688,19706919,1456309,80268,47814,2369
1,../model_20200810_1274447969.uvl,33,31,43293500,true,1757883,39271746,1572084,201662,120849,3574
4,../model_20180227_1765307019.uvl,116,84,94085833,true,3323180,86806035,2341946,582367,327804,2919
11,../model_20110826_1744501275.uvl,24,24,35002711,true,1439503,31451410,1661428,120072,68011,2028
13,../model_20120110_1754443954.uvl,10,9,23382184,true,1504810,19976677,1542757,75423,45571,2388
14,../model_20140422_1825362104.uvl,21,21,32000917,true,1546513,28181302,1680643,200247,120337,3494
12,../model_20180306_422218475.uvl,53,36,105667476,true,1950728,101189347,1701542,248603,130374,2621
3,../model_20150305_15208156.uvl,30,34,54444705,true,1810210,49541279,2136723,337749,279905,3862
0,../model_20131129_2135897376.uvl,10,10,38145352,true,1710950,34184791,1742752,150683,83909,3338
5,../model_20180512_660942805.uvl,36,38,32393537,true,1824227,28184794,1667280,214349,110551,3216
15,../model_20120627_1512389149.uvl,11,10,27262243,true,1658587,23515447,1594309,142486,79378,3659
10,../model_20111031_386778867.uvl,25,13,38776274,true,1766234,34640062,1771017,116881,139057,3035
1,../model_20230608_1658584159.uvl,24,24,35121429,true,1520057,30172223,2784410,204977,118307,2837
4,../model_20101111_1790887308.uvl,10,12,20839589,true,1570702,17409880,1438409,150215,49774,1986
2,../model_20130908_2094539725.uvl,81,81,76891003,true,2286696,71401579,1971445,382943,253712,2904
11,../model_20120110_855603964.uvl,10,10,37745705,true,1623993,33989222,1713003,87869,63170,2776
8,../model_20160317_1483846003.uvl,46,46,60994790,true,1992923,55576745,2320137,426271,240698,3977
13,../model_20171012_484328807.uvl,36,36,26436881,true,1467605,22817423,1567817,173980,98594,2299
0,../model_20200412_2136556876.uvl,12,12,20711917,true,1917982,16669947,1725617,73340,47423,1982
14,../model_20121102_443205816.uvl,26,18,48531678,true,1670064,44407179,1752885,241464,137354,4282
5,../model_20170821_744427680.uvl,15,23,59533584,true,1653928,55166976,1775306,424387,204562,4657
15,../model_20160330_218438641.uvl,23,15,32966195,true,1670717,29073886,1725962,112418,61765,2961
10,../model_20111027_966072474.uvl,10,10,24503460,true,1569280,21093456,1480763,64277,38390,2848
9,../model_20150222_409043024.uvl,52,41,66138575,true,1991946,60865933,2071914,470465,271321,3395
7,../model_20151111_460133826.uvl,40,41,47646999,true,1896326,42912987,1824036,386381,224283,3806
6,../model_20180411_122889136.uvl,26,23,47981094,true,1673622,43581611,1879632,250151,289492,3985
1,../model_20101116_1022976130.uvl,34,33,34335639,true,1527529,30378781,1783345,205894,98721,2970
2,../model_20120418_828883554.uvl,52,28,52136347,true,1918448,47499628,1915864,204769,152260,2424
4,../model_20160229_171128808.uvl,48,48,53712711,true,2062238,48013698,1759049,373173,1061468,2237
8,../model_20190129_1004578234.uvl,18,19,36136468,true,1510545,32424465,1631809,199902,118214,4273
11,../model_20221029_568257220.uvl,17,27,57769608,true,1609185,53344267,1849867,442929,220113,3757
14,../model_20151103_1678219280.uvl,19,19,26290135,true,1674085,22370877,1651736,188180,102996,4439
15,../model_20120512_712347860.uvl,13,12,23410460,true,1395155,19674743,1925145,101835,66780,3637
3,../model_20180305_2101436905.uvl,47,24,37665286,true,1864665,33180412,1951528,181594,96546,2245
12,../model_20131112_1315617761.uvl,58,62,51057344,true,2103021,46314192,1711911,309910,173303,2842
10,../model_20180306_73619671.uvl,48,30,59874892,true,1928762,55551533,1715410,228584,124406,2475
9,../model_20180729_701594854.uvl,22,25,29451740,true,1616768,25357980,1766223,227997,151681,4125
5,../model_20180302_974887082.uvl,122,150,107424484,true,3597759,99110472,2159515,813396,926800,4302
6,../model_20150301_527193150.uvl,24,24,43861965,true,1668820,39619825,1856390,233151,138730,3352
1,../model_20161128_2006303576.uvl,96,66,78672795,true,2385407,72107374,2300356,642543,476020,4219
4,../model_20230323_1971213764.uvl,46,42,36344018,true,1756565,32074979,1722002,231303,186769,2736
2,../model_20111130_1614470655.uvl,77,70,76691027,true,2455359,70450590,2152416,645622,332754,3434
14,../model_20100415_947132043.uvl,31,37,58283856,true,1805944,53546665,1942216,407791,220674,3889
13,../model_20190128_1522973155.uvl,23,28,40551129,true,1789284,36316221,1679246,269244,149601,4187
15,../model_20131112_1191150070.uvl,57,55,36429799,true,1769220,31975639,1911246,271593,152342,2378
12,../model_20110519_1142211980.uvl,14,12,36347439,true,1576258,31931105,2446504,81237,47617,2277
10,../model_20180530_1810935889.uvl,11,13,62886445,true,1509349,59437483,1529521,84799,50340,2437
5,../model_20131112_1353790761.uvl,23,20,24541334,true,1570993,20731911,1739366,117553,63935,2326
9,../model_20170310_195700687.uvl,47,44,50556209,true,1821847,46211218,1729664,346851,176362,2453
6,../model_20160121_1141972007.uvl,20,20,25577578,true,1629910,21759864,1694777,125171,67260,2761
1,../model_20150620_2057636397.uvl,13,10,22451770,true,1653345,18491256,1824634,125046,71650,3184
2,../model_20160329_926312476.uvl,21,14,31035586,true,1776169,27192546,1571005,107342,59275,2306
7,../model_20230423_1943321532.uvl,27,27,46300754,true,1652901,41774321,2034564,321860,153613,4082
4,../model_20140310_1022041880.uvl,88,72,61470893,true,2488108,55194032,2126497,669542,364755,4402
13,../model_20101104_260803083.uvl,11,10,34944554,true,1557774,31219031,1677793,124995,73125,3753
8,../model_20111020_455520177.uvl,11,11,36903132,true,1798508,32858019,1750654,124894,75180,2912
11,../model_20110406_353034837.uvl,40,35,32495722,true,1652600,28232987,1927515,201000,112286,2266
0,../model_20180611_1800915628.uvl,10,13,23730685,true,1580917,19751640,1928024,134074,78007,2411
3,../model_20100805_1484639410.uvl,31,35,36647267,true,1653182,32604862,1711419,275604,109748,2516
5,../model_20121123_2085968892.uvl,17,16,24048334,true,1458220,20637762,1565022,93753,52375,2637
9,../model_20130916_894347834.uvl,15,17,32952791,true,1598895,29161770,1650350,165527,106749,3813
14,../model_20120829_191972511.uvl,168,199,148106944,true,5037649,137835339,2431320,1149844,656224,2171
1,../model_20120422_1648870831.uvl,14,15,28947042,true,1695353,25030577,1678782,159382,91919,3709
10,../model_20160103_2012826523.uvl,94,55,99899775,true,2541710,93105255,2375480,722803,479840,3517
4,../model_20120328_1227899142.uvl,21,20,35627900,true,1595983,30495162,1811477,203765,124615,3694
11,../model_20130916_1112744253.uvl,15,17,25525041,true,1740176,21805105,1549455,95127,58543,2270
13,../model_20190430_348224224.uvl,33,25,33731476,true,1684220,29810086,1685639,147536,81332,2227
8,../model_20160227_1275602559.uvl,47,58,71422090,true,2165207,66298306,1795063,579569,227003,2516
0,../model_20170718_2017313962.uvl,18,18,101152634,true,1615100,97516427,1614935,97259,58480,2528
3,../model_20130916_1467348272.uvl,16,18,23865401,true,1458496,20331137,1626949,100136,60001,2378
5,../model_20121018_820869482.uvl,16,15,29937326,true,1616564,26384827,1505721,91691,50046,2132
14,../model_20190920_56721129.uvl,15,15,20751109,true,1599193,17366883,1407210,89740,52523,2915
15,../model_20190922_729177560.uvl,21,21,30459398,true,1521189,26496574,1887613,210776,123600,4142
12,../model_20140819_1738890661.uvl,10,10,30861857,true,1579792,27413423,1516934,62594,38840,2324
6,../model_20170402_1978825740.uvl,263,264,255966340,true,9530711,239140504,2796398,2052148,1013163,2518
10,../REAL-FM-6.uvl,11,10,37421652,true,1552675,33682450,1706066,161688,86082,3775
7,../model_20120328_361613983.uvl,16,18,27865473,true,1596289,24211686,1664784,103030,60343,3054
2,../model_20170818_812208818.uvl,31,31,30680125,true,1919605,26366823,1697051,182935,89903,2100
13,../model_20121123_1668268132.uvl,13,13,38489841,true,1622647,34737643,1606647,172383,98595,4167
4,../model_20130307_609838668.uvl,176,161,114894703,true,4507720,106362849,2086944,843422,507687,2814
8,../model_20200128_1186233455.uvl,23,23,29761725,true,1750153,25826449,1641344,148003,80017,2806
0,../REAL-FM-13.uvl,12,11,30655589,true,1437574,27214176,1485132,115110,55914,2319
3,../miniset/stack_fm.uvl,17,13,23421359,true,1562638,19902144,1559702,91299,49534,2754
12,../model_20181119_2037159342.uvl,23,24,48923442,true,1893956,44692963,1595796,298004,166561,4227
6,../model_20160307_1341241097.uvl,12,9,30063563,true,1533526,26566333,1594398,70180,39416,2156
14,../model_20130815_1890929461.uvl,56,62,56926676,true,2340836,51731322,1770944,409202,291287,2685
5,../model_20150310_1642957582.uvl,29,32,94081692,true,1448927,90427145,1559448,181665,149898,2504
10,../model_20190328_829158427.uvl,14,16,24161719,true,1515203,20639237,1546755,110807,63492,2494
9,../model_20221208_1038664369.uvl,28,21,74747408,true,1806758,70431472,1949947,130560,71936,2651
1,../model_20120328_1814590478.uvl,36,34,46476687,true,1574081,42191039,1932609,310426,185742,3685
7,../model_20140925_285704903.uvl,20,17,29377081,true,1602770,25692124,1601055,106339,56379,2243
13,../model_20141109_1274255950.uvl,11,11,27525314,true,1504221,23851796,1718172,102358,71863,3314
2,../model_20151122_103763227.uvl,47,20,59131041,true,1968963,54374396,1821475,355132,177457,4127
8,../model_20160906_1914580505.uvl,31,28,38389925,true,1451744,34353085,1838237,262143,154410,3621
4,../model_20150209_1183047948.uvl,29,47,57166694,true,1758473,52737818,1782793,298328,201372,3030
0,../model_20140824_1421620261.uvl,51,62,45922507,true,1927546,41143615,1874283,319254,228246,3038
12,../model_20190416_545039882.uvl,21,21,32227202,true,1542394,28260439,1828068,179969,88665,7444
14,../model_20131121_194495737.uvl,12,10,23732589,true,1609474,19976222,1717287,100708,49216,2314
5,../model_20160301_235863217.uvl,20,27,46819407,true,1714153,42567466,1784995,304009,166963,3894
15,../model_20221004_622223252.uvl,26,26,82481746,true,1624222,78672624,1620766,132578,79694,2296
9,../model_20131122_913576973.uvl,23,23,39081308,true,1605161,34957056,1853202,221126,130000,4054
10,../model_20150512_534005467.uvl,31,32,32156395,true,1534965,28316466,1676131,195224,106950,2351
7,../model_20170308_1789444441.uvl,28,28,33260243,true,1756987,29345515,1520119,141524,166376,2498
13,../model_20160122_407616496.uvl,29,26,31896354,true,1734413,27845202,1684976,168744,93368,2165
2,../model_20140614_1599125118.uvl,13,12,34052056,true,1624421,30333571,1711216,91880,45554,2160
8,../model_20190917_1598073515.uvl,16,16,20809126,true,1348561,17557345,1555062,87471,52722,2734
4,../model_20160329_1092215724.uvl,17,22,39154389,true,1724925,35399820,1535481,160331,84870,2718
0,../model_20140819_424669215.uvl,17,17,37227449,true,1629544,33354697,1792902,95119,54185,2272
3,../model_20160226_1944186213.uvl,48,56,64429971,false,1900078,59760012,1787009,505421,287366,3771
14,../REAL-FM-16.uvl,26,29,30165056,true,1439902,26618854,1544505,155620,98470,2824
12,../model_20160330_1632759327.uvl,19,13,40494451,true,1665906,36460383,1739182,190145,101252,4361
5,../model_20121212_1167666293.uvl,15,17,40080091,true,1364317,36408259,1759894,187427,110846,4158
9,../model_20190917_1294871534.uvl,16,13,23616099,true,1525322,20170921,1478696,88618,51173,2853
11,../model_20170420_1165511748.uvl,77,39,58016103,true,2208174,52665805,2182453,293526,187034,2518
15,../model_20140428_1301432646.uvl,72,71,53583722,true,2054491,48443960,2042942,326564,233508,2711
7,../model_20100904_226530663.uvl,38,38,52334914,true,1713186,48091727,1733444,248989,204282,3198
13,../model_20190513_1749709644.uvl,20,23,25111366,true,1460213,20936633,2322447,124334,69827,2934
1,../model_20150713_1448325014.uvl,32,27,44078182,true,1795731,39985630,1677694,177093,92296,2166
4,../model_20221229_1000010819.uvl,17,17,39335736,true,1640391,35542069,1638649,170281,101338,3704
0,../model_20110826_1180494500.uvl,24,24,27717177,true,1712945,24020106,1495840,142289,73120,2361
12,../model_20120718_813832704.uvl,11,12,23450201,true,1615590,19732691,1664550,125051,81492,3656
14,../model_20191012_1432325334.uvl,40,38,37886525,true,1591812,33726215,1895077,235129,124909,2122
11,../model_20160812_1476754989.uvl,10,10,32598076,true,1517354,29151889,1469581,158516,47612,2391
9,../model_20120411_196667302.uvl,26,23,27565081,true,1571441,23752259,1626528,201501,92290,2952
3,../model_20110214_751339643.uvl,56,128,92123430,true,1923420,86192801,1780134,1069613,686744,4405
15,../model_20131210_413521746.uvl,13,14,22425884,true,1420899,18955599,1613206,109434,59031,2901
7,../model_20171028_1906143627.uvl,13,14,25783977,true,1301948,22625721,1463430,96441,54352,2250
13,../model_20190228_1201197026.uvl,16,18,37636812,true,1610423,34098115,1481991,103324,62113,2531
10,../model_20130917_737900063.uvl,13,15,32923128,true,1582416,29266713,1633909,105851,59438,2156
6,../model_20190917_1855142600.uvl,38,33,53069866,true,1757876,48022873,2176336,348631,359224,4313
1,../model_20230615_1063099089.uvl,38,18,31678935,true,1739699,27643272,1654300,158584,85509,3112
4,../model_20130115_768867592.uvl,11,9,36084475,true,1559595,32241580,1804945,136326,80358,4568
0,../model_20130224_1469220523.uvl,10,10,34124875,true,1740899,30096739,1765413,166405,74297,3674
8,../model_20111129_1932950448.uvl,13,13,20860213,true,1440681,17345447,1698899,74141,45181,2331
2,../model_20160726_1855902901.uvl,12,13,22694020,true,1494424,19313740,1506891,80961,48206,2837
14,../model_20160913_269001380.uvl,49,43,83126428,true,2074201,78030763,1938464,370435,245203,4022
9,../model_20130725_1929838118.uvl,41,27,35500701,true,1887757,31158927,1775785,175247,98637,2414
3,../model_20131206_656913635.uvl,13,15,29961373,true,1621231,26224455,1675425,97268,59350,2987
15,../model_20120201_865979127.uvl,28,36,52621958,true,1819831,47979364,1821636,472429,254859,4218
7,../model_20100830_561967343.uvl,32,31,38359372,true,1611536,34571374,1610826,164298,90147,3057
5,../model_20170527_1802227256.uvl,11,13,83532089,true,1694821,79685338,1738247,92138,52940,2750
6,../model_20170316_174511349.uvl,16,17,39604142,true,1644044,35384985,1955358,193502,109153,3222
10,../model_20190917_75070341.uvl,33,15,47179289,true,1591590,42946992,1929652,244379,142908,3948
13,../model_20110507_674768061.uvl,40,52,78376730,true,2026758,73303809,2150557,331751,175029,2730
1,../model_20160330_925748995.uvl,16,12,92120063,true,1566152,88570378,1561748,89381,49305,2529
4,../model_20230422_2139223494.uvl,37,34,100979697,true,1828136,96757171,1721944,175989,99164,2258
8,../model_20190917_552843992.uvl,10,7,33488146,true,1443213,29870577,1745047,111742,62237,3607
2,../model_20200901_328439811.uvl,35,20,32735887,true,1788600,28500282,1844958,148922,77385,2322
9,../model_20160822_713171625.uvl,28,29,32616616,true,1733104,28551076,1686828,196831,90207,2155
14,../model_20121018_271963732.uvl,16,15,37885640,true,1431670,34268291,1781586,93537,53645,2292
12,../model_20140305_1485634182.uvl,28,29,54039146,true,1642118,49576467,2017345,311452,188653,3819
15,../model_20160603_398155586.uvl,15,10,26340049,true,1542958,22795668,1597958,81651,48203,2884
11,../model_20150228_222823272.uvl,37,43,63929835,true,1867273,58830145,2109414,481696,245241,3992
3,../model_20230322_307237036.uvl,29,23,36523826,true,1779632,32290684,1729719,247265,145176,3552
7,../model_20200813_1618100589.uvl,28,28,45177467,true,1550783,41024071,1862462,239959,149865,4432
13,../model_20180222_1925875374.uvl,45,43,57304155,true,1935884,52198558,2069567,417508,244463,4046
5,../model_20161128_1478224089.uvl,77,66,68988622,true,2380082,63751262,1932519,344478,195256,2585
6,../model_20160322_2014722365.uvl,54,54,45534040,true,1976730,40338299,2024568,434648,291132,3139
1,../model_20131112_1591180910.uvl,29,25,36938644,true,1793453,32516871,1861994,252121,146049,4123
2,../model_20121025_1656878048.uvl,26,26,44979578,true,1708426,40586625,1840979,247637,248281,4072
0,../model_20230323_901833353.uvl,74,62,64829140,true,2566324,59165694,2061793,322676,176620,2399
8,../DELL-LAPTOP-NOTEBOOK-FM.uvl,47,122,134668811,true,2609613,128111686,1831071,1089074,678121,4514
9,../model_20140205_954857783.uvl,11,9,27805387,true,1572952,23985300,1807602,139364,82642,4083
14,../model_20150330_63301402.uvl,11,9,36405186,true,1586993,32733465,1593204,127614,72326,4019
15,../model_20110216_608697455.uvl,14,18,24793327,true,1714849,20996530,1643498,112281,73018,2393
11,../model_20120902_865058601.uvl,19,19,26974197,true,1493849,23443053,1593948,100919,59712,2422
7,../model_20190504_755268837.uvl,43,46,63147261,true,1920585,58214768,1987042,406953,274657,2969
3,../model_20170918_1157652981.uvl,48,29,44052414,true,1740597,39844722,1672243,240646,134003,2661
13,../movies_app_fm.uvl,13,10,20918783,true,1402363,17466192,1691472,78763,43036,2579
5,../model_20180226_492552032.uvl,11,7,19556136,true,1497053,16355258,1328859,64280,37676,2895
6,../model_20170215_1278541927.uvl,41,39,35497229,true,1788011,31462522,1575131,198417,116890,2431
1,../REAL-FM-7.uvl,14,15,31947659,true,1600819,28139918,1657806,161319,95014,3583
10,../model_20150506_306101537.uvl,33,33,41385070,true,1973075,36964234,1822498,166312,93094,2316
4,../model_20151216_1220822165.uvl,15,15,32030232,true,1662994,28389236,1585268,94012,50343,2584
2,../model_20160504_1687809818.uvl,30,28,38380644,true,1699236,34094973,1775398,353058,156477,3921
8,../model_20170228_1437582980.uvl,10,10,31478537,true,1585103,27743036,1691780,98511,63650,3990
9,../model_20141106_309720283.uvl,57,54,45981878,true,1811003,41158247,1983733,320237,233951,4146
15,../model_20111029_1654942500.uvl,37,27,52258090,true,1848286,48249103,1563311,196324,102218,2318
7,../model_20121123_1807427529.uvl,17,18,23656420,true,1594516,20101896,1494505,101452,77211,2521
3,../model_20200817_1333981485.uvl,33,20,33807857,true,1764348,29968524,1512591,141309,75935,2403
5,../model_20151116_762410606.uvl,29,29,42750228,true,1796869,38453502,1734032,269543,168890,3938
13,../model_20160330_999254735.uvl,14,14,36357998,true,1444858,31481867,2949332,145477,85668,3557
1,../model_20120824_761159432.uvl,23,20,29454196,true,1758311,25524027,1615388,145366,81748,2687
12,../model_20140310_1916029542.uvl,144,54,116383763,true,3214984,109186742,2405973,498065,370142,3454
10,../model_20200413_90255108.uvl,48,41,57669780,true,1936545,53077948,1882515,213742,121223,2971
2,../model_20170911_1850240044.uvl,13,13,33231157,true,1625391,29565928,1642287,76270,46549,2553
4,../model_20230322_342259021.uvl,33,29,32773092,true,1629209,28930606,1726187,158440,86568,2713
8,../model_20171005_1816009957.uvl,10,7,25945069,true,1601446,22524262,1499186,63321,35567,2217
9,../model_20160905_338518821.uvl,25,25,27930727,true,1690560,23872089,1828304,126583,73573,2845
0,../model_20150306_503606823.uvl,27,26,48906323,true,1700980,44600480,1895117,259025,144896,3770
7,../model_20150610_685576256.uvl,15,17,28346971,true,1408206,24953823,1561928,108590,64072,2846
15,../model_20150614_1325491211.uvl,24,26,48501051,true,1805087,44113502,1862956,270953,153539,3460
14,../model_20141202_104116345.uvl,10,9,20765473,true,1430393,17133642,1724586,164896,45057,2723
13,../model_20091009_1552375070.uvl,37,40,61279745,true,1907117,56736653,1662956,423454,239385,4045
1,../model_20150715_75174593.uvl,17,16,42330957,true,1497985,38335660,1949199,191153,110649,3331
12,../model_20120425_1998125226.uvl,71,71,46361695,true,2198421,41296780,1830104,378043,180738,3176
4,../model_20150411_1026005127.uvl,10,12,29202004,true,1442737,25949234,1450355,77541,46277,1977
2,../model_20230120_1200060194.uvl,20,20,40259378,true,1521267,36595193,1551048,199974,115414,3560
9,../model_20130418_1158438101.uvl,19,12,25074701,true,1483734,21639185,1520747,122870,61562,3754
8,../model_20150523_372542452.uvl,47,35,43821679,true,1814724,39301649,1740799,404473,223755,4298
0,../model_20140824_2115796112.uvl,43,49,35692587,true,1813012,31449545,1624517,242327,166901,2281
7,../model_20200524_149606280.uvl,35,42,40995852,true,1680162,36961255,1688771,252183,128495,2220
14,../model_20160506_174377233.uvl,40,22,29637399,true,1530296,26009265,1568116,159262,86489,2985
15,../model_20111201_1252018702.uvl,61,40,45584587,true,1657398,41545644,1660666,267103,146189,2664
1,../model_20151117_1411945431.uvl,22,22,23771190,true,1534969,20183397,1652692,116591,67156,2716
3,../model_20131129_1765219729.uvl,14,14,22923710,true,1588175,19293132,1627610,105415,60528,2762
12,../model_20130302_1361528923.uvl,10,11,32330114,true,1470589,29006659,1498462,90299,49747,3081
5,../model_20200811_368165701.uvl,11,10,34191142,true,1603832,30379712,1731353,129679,70465,4080
11,../model_20100324_1996898492.uvl,11,14,30327620,true,1519283,26929292,1543395,94677,54753,2209
4,../model_20160125_1378351345.uvl,38,33,35997184,true,1690654,31891109,1696213,217552,114539,2702
6,../model_20131202_1575628003.uvl,19,19,23043005,true,1638288,19029329,1799862,155349,100217,3845
10,../model_20180509_988672632.uvl,27,18,32076134,true,1771153,28054055,1723874,125876,70649,2507
8,../model_20120422_2100930135.uvl,25,27,29976085,true,1533512,26158386,1666429,190952,92746,2763
9,../model_20130726_597280131.uvl,47,44,41228225,true,1695339,36943966,1781960,263581,156609,2548
7,../model_20150310_1191030699.uvl,30,33,37461212,true,1862577,33117897,1772201,183164,166915,2291
0,../model_20190223_2034909826.uvl,88,28,66179878,true,1834095,60871558,2083085,562260,285554,4367
15,../model_20230630_666266911.uvl,13,13,39631323,true,1677218,35685675,1688179,175989,99260,3835
12,../model_20120110_1719396361.uvl,10,10,32759977,true,1547851,29216326,1520929,159335,49596,3205
3,../model_20130821_1446947208.uvl,49,49,40650585,true,1783006,36013965,2012551,246453,173133,2677
5,../model_20100308_1032655961.uvl,15,16,40070969,true,1545898,36600547,1521217,102444,60045,2662
11,../model_20140615_1417385367.uvl,35,30,29543067,true,1685541,25505253,1657319,166593,157082,3088
13,../model_20190220_184230257.uvl,38,42,45989742,true,1884835,41223005,1821337,442481,263293,3424
6,../model_20200503_927740000.uvl,21,23,30566026,true,1792229,26398221,1710032,139598,201128,2673
2,../model_20150703_1928436983.uvl,10,10,28821865,true,1545384,25313711,1594536,66178,40054,2804
8,../REAL-FM-2.uvl,23,18,32014871,true,1479377,28309233,1679529,138463,77799,2719
10,../REAL-FM-11.uvl,67,65,59818778,true,2189131,54498066,2054289,330035,225016,2303
0,../model_20190214_582844610.uvl,11,11,25115803,true,1579408,21381026,1713917,107919,55937,2171
15,../model_20161107_751073207.uvl,11,11,20796774,true,1484190,17438284,1500627,64901,40472,2140
9,../model_20190219_265960660.uvl,178,140,133914792,true,4462999,123506639,2571848,1472627,935875,3741
14,../model_20170921_244476382.uvl,47,33,72084762,true,1888908,67758120,1699994,268812,196021,3044
3,../model_20160524_3029237.uvl,19,17,30938366,true,1541475,27092979,1850454,119679,65563,2934
1,../model_20100625_251719781.uvl,16,16,30268986,true,1489609,26676838,1659932,111447,74592,2971
11,../model_20110203_1382675896.uvl,14,14,36368131,true,1645966,32343737,1826173,147337,89045,3657
13,../model_20100719_944437142.uvl,29,25,48163696,true,1640945,44353584,1605537,175285,94388,2423
6,../model_20150715_1425609053.uvl,12,10,35490448,true,1602071,31659041,1731167,132814,76514,3430
2,../model_20171128_2320585.uvl,14,13,80173532,true,1615672,76493814,1660777,88619,81176,2908
10,../model_20190416_284413958.uvl,37,35,40163459,true,1778615,35510191,1861984,322527,276498,3575
0,../model_20221122_1612835830.uvl,20,16,41129311,true,1609720,37268088,1640124,195997,110088,4230
15,../model_20190917_80747458.uvl,16,14,31198565,true,1896072,27469691,1446286,89479,52292,2018
7,../model_20160519_1235536625.uvl,34,33,104813696,true,1630590,99965742,1928340,498014,241965,4060
1,../REAL-FM-19.uvl,30,35,32321269,true,1790414,28233714,1591734,207980,111048,2200
9,../model_20170317_1165725.uvl,50,57,61875491,true,1774136,56756241,2036992,570480,297898,4027
11,../model_20221009_1635938665.uvl,42,32,44414273,true,1655627,40448138,1645216,191455,112655,2598
13,../model_20121018_1495134161.uvl,17,15,81413328,true,1661783,77750717,1549603,95793,54198,2400
12,../model_20221229_2070974785.uvl,17,17,38935136,true,1731894,34993469,1625130,172920,108227,4373
5,../model_20150411_1055039600.uvl,18,13,23366839,true,1725444,19733253,1518297,96617,51093,2359
6,../model_20161125_1777261352.uvl,33,28,29991244,true,1519093,26012930,1835460,172136,94500,2001
10,../model_20120531_2078087379.uvl,17,20,30468113,true,1609728,26826713,1522851,124022,71413,2519
0,../model_20150527_830434674.uvl,34,34,36604253,true,1754346,32698151,1537387,157187,93129,2959
4,../model_20190929_1773228224.uvl,17,25,28285823,true,1711642,24467326,1599709,152899,81805,2230
8,../model_20100904_330653656.uvl,10,10,22992765,true,1498369,19335330,1702288,103887,68773,4080
15,../model_20140411_114609198.uvl,12,18,30293003,true,1663884,26362511,1628376,235409,127126,3202
7,../model_20150521_1988107963.uvl,17,15,34799871,true,1679005,31112851,1529555,124676,86134,3757
9,../model_20131111_1434736548.uvl,34,34,55893653,true,1757027,51359465,1802439,370688,303753,4204
13,../model_20190922_1316746975.uvl,22,22,28821776,true,1595702,25179694,1561642,126424,72935,2680
12,../model_20190221_1604245950.uvl,18,18,25055750,true,1534222,21520197,1515200,117457,68279,2252
14,../model_20150105_1168070568.uvl,17,12,34047907,true,1720359,30516625,1404113,91546,51809,2742
3,../model_20160919_825563014.uvl,11,10,26489307,true,1802108,22443166,1772698,128807,75859,4090
6,../model_20230322_1548752135.uvl,45,32,38787906,true,1696964,34220909,1786829,422231,230992,4029
10,../model_20120710_919309758.uvl,19,8,26048396,true,1635291,22147422,1673703,164178,89382,3887
0,../model_20150304_173081072.uvl,20,27,30771022,true,1504114,27069931,1619141,169249,101184,2813
4,../model_20130725_608010428.uvl,12,12,23595577,true,1545222,19979885,1672852,116550,49974,2958
8,../model_20160907_1816738180.uvl,10,8,33525247,true,1701109,29703211,1689814,114909,64641,3898
7,../model_20160520_681202886.uvl,11,10,21635468,true,1434695,18077639,1553466,75140,240068,3523
2,../model_20170115_352040991.uvl,17,18,33373412,true,1515338,29551468,1746587,183074,111911,3302
9,../model_20170919_1425490791.uvl,47,42,47074897,true,1693199,42743744,1711578,373722,194881,2181
13,../model_20160329_1999221629.uvl,24,24,27200988,true,2684062,22303531,1693207,132510,72378,2276
14,../model_20170419_185164278.uvl,17,12,23845840,true,1515885,20513732,1400557,87664,50158,2835
12,../model_20200819_498504850.uvl,31,28,26227798,true,1434025,22741406,1522335,146778,90068,2976
1,../model_20110428_1131293346.uvl,13,13,24677381,true,1396139,21033205,1861295,75790,42322,2260
6,../model_20230322_1028761227.uvl,18,15,24804076,true,1618146,21254101,1511300,94432,52984,1943
3,../model_20120328_593032745.uvl,19,18,25259883,true,1647966,21453506,1638942,116983,97649,3228
11,../model_20160303_1645051071.uvl,17,15,28002437,true,1391944,24017921,2030499,184681,115033,4139
10,../model_20111220_1450733948.uvl,41,13,32288575,true,1513499,28655376,1596345,151980,77246,2042
5,../model_20160329_864839294.uvl,22,21,32118594,true,1607278,28357232,1748619,123826,68208,2975
0,../model_20170706_1181552122.uvl,11,12,22657702,true,1440378,19125044,1696143,105014,51116,2805
2,../model_20200907_1296105910.uvl,35,21,54931204,true,1816118,50385625,1821887,300132,263187,3155
15,../model_20130522_2044729096.uvl,31,26,26977433,true,1846056,23097037,1579892,143062,80088,2926
9,../model_20140905_372428255.uvl,13,10,22398953,true,1524837,18778967,1688763,87833,47936,2883
13,../model_20121123_1014773113.uvl,16,16,40121867,true,1491608,36252696,1837926,198532,110713,3599
14,../model_20170321_1279222212.uvl,10,10,30451975,true,1405901,27210054,1495218,81693,46327,2866
6,../model_20180511_622669496.uvl,18,18,25790267,true,1436241,22579579,1426933,97104,57627,2047
3,../model_20140209_1802656178.uvl,26,13,71976067,true,1669276,68411786,1417273,142181,73563,3067
0,../model_20141103_771283347.uvl,10,10,20688190,true,1316655,17505492,1470500,85483,56308,2337
5,../model_20130621_2143921379.uvl,29,32,33048566,true,1667560,29054605,1579454,285476,105427,2554
11,../model_20170424_781699396.uvl,142,84,77880603,true,3126931,70836478,2086670,573148,369531,2554
2,../model_20101123_920943759.uvl,15,15,36377011,true,1556032,32660113,1617097,151856,87825,3730
4,../model_20221125_1235088379.uvl,25,15,28061105,true,1446959,24530361,1593024,127532,70286,2872
8,../model_20110525_1619420630.uvl,45,41,49436226,true,1864817,44823489,1894186,249890,191265,2679
9,../model_20131112_1165253679.uvl,27,24,29027766,true,1651110,25147401,1679189,135230,75010,3005
7,../model_20161212_1631452800.uvl,23,25,45756007,true,1699260,41375783,2120205,178731,96685,2876
15,../model_20230322_1036375763.uvl,40,27,73316936,true,1469176,69391590,1809621,172777,101486,2707
6,../model_20120328_1309817018.uvl,14,14,37635025,true,1493921,33824256,1855205,145269,83596,3232
3,../model_20151102_2085331426.uvl,51,45,70813308,true,1866457,65429991,2213736,505747,288329,4593
12,../model_20171207_711618687.uvl,13,13,31275162,true,1502119,26702103,2745660,75950,46149,2192
5,../model_20181104_43638915.uvl,10,8,22403131,true,1505149,18840158,1723697,73995,36937,2684
0,../model_20140209_576830157.uvl,27,33,45232547,true,1703177,41087691,1783289,214647,108405,2771
11,../model_20130529_167247656.uvl,16,16,22683845,true,1514446,19097732,1587049,157037,64536,3167
10,../model_20141114_653359930.uvl,32,41,38440818,true,1923445,34112216,1708946,227337,150424,2438
4,../model_20181118_1641295184.uvl,12,11,23812835,true,1584553,20106813,1712723,80378,48667,2189
2,../model_20160906_802533043.uvl,21,24,100337757,true,1671085,96606143,1462574,172692,107981,2979
8,../model_20140411_279155356.uvl,11,12,21499107,true,1453534,17695475,1944088,79282,48666,2402
9,../model_20131113_2067550021.uvl,42,46,48598216,true,1924986,44137953,1737566,245844,132947,2604
7,../model_20150223_771673981.uvl,26,18,43978538,true,1762340,39643116,1879380,224503,126922,3440
15,../model_20130122_92211527.uvl,11,14,23549723,true,1542891,20033282,1529155,115982,62900,2629
6,../model_20150509_1341412445.uvl,10,9,22510834,true,1537874,19031407,1557970,73305,44403,2915
13,../model_20180306_1553572984.uvl,47,47,42087619,true,1848920,37174766,2129619,403441,180497,2891
14,../model_20121018_201916182.uvl,16,15,99121765,true,1373741,95648935,1702902,92975,53368,2539
3,../model_20230322_1814026223.uvl,20,18,30227922,true,1622240,26525709,1621638,108252,61537,2918
5,../model_20140402_1108338221.uvl,10,8,34712821,true,1551975,31028099,1707852,118362,65739,3874
0,../model_20200829_1325519775.uvl,22,22,43819860,true,1652798,39766631,1722425,214743,124009,3975
1,../model_20110323_789959080.uvl,15,11,105361868,true,1723238,101601938,1616355,84585,48613,2215
4,../model_20140628_1177734570.uvl,29,32,35015864,true,1412311,31170507,1731116,251031,134668,2470
8,../model_20140411_1742095150.uvl,12,23,46053429,true,1579702,42461820,1487915,169258,93143,2266
2,../model_20160315_697003579.uvl,27,20,47494316,true,1572096,43534583,1642924,257741,136905,3841
7,../model_20121219_629525870.uvl,18,24,39334535,true,1715959,35542921,1576530,160900,86705,2629
11,../model_20170316_1430061931.uvl,60,253,224281593,true,2597321,215673242,2181272,1850207,1603153,3552
15,../model_20120822_650185552.uvl,25,23,37614170,true,2860461,32427037,1716083,173586,101604,2410
6,../model_20200901_40084439.uvl,26,26,35058848,true,1608681,31296699,1659429,125009,77065,2384
13,../model_20130410_2115212559.uvl,11,10,20975241,true,1487340,17688281,1458668,69967,42013,2489
3,../model_20160304_168615633.uvl,29,32,41192381,true,1750769,37038406,1747643,199999,112245,2557
14,../model_20170502_101132737.uvl,33,37,51750387,true,1794651,47325235,1884774,231777,128608,2494
5,../model_20130916_1894002979.uvl,16,16,27377286,true,1547767,23619142,1601464,171693,98883,4017
0,../model_20130604_1500555803.uvl,13,13,32203618,true,1291464,28538629,1893693,144812,87419,4141
1,../model_20141107_655975442.uvl,10,9,28279355,true,1690348,24502223,1689938,74018,41986,2853
12,../model_20100730_1366577700.uvl,32,37,55363812,true,1659882,51208718,1865058,195441,115978,2688
4,../model_20171016_2132568250.uvl,12,4,32320079,true,1638619,27383069,2881362,65144,60617,3057
8,../model_20141023_437365215.uvl,35,38,34740060,true,1904771,30390508,1742523,281108,122147,2397
10,../model_20120328_794090001.uvl,22,22,25164627,true,1550435,21434140,1702582,128644,68029,4198
7,../model_20151123_702303189.uvl,40,44,48557271,false,1923830,43442220,1586591,265299,153260,4119
2,../model_20140819_1020837515.uvl,63,68,75318756,true,2072646,69908071,1980912,513083,347425,3668
9,../model_20120424_1703152596.uvl,59,45,48847574,true,2049755,44099693,1806378,257403,191681,2765
13,../model_20100824_837146809.uvl,22,22,32979502,true,1793770,28649812,1905379,189688,120850,2719
14,../model_20230323_1102049462.uvl,17,17,25988726,true,1514736,22478068,1555254,95040,60949,2990
3,../model_20140428_1917957920.uvl,63,62,47154144,true,2114673,42251660,1823153,286217,162313,2682
5,../model_20140902_941000321.uvl,13,11,22968884,true,1533153,19289195,1730378,81178,45932,3248
12,../model_20150616_74187279.uvl,17,11,24093354,true,1476508,20539105,1680794,90728,47932,2622
4,../model_20121123_913179730.uvl,17,16,27568968,true,1811053,23789732,1568460,103226,57300,2409
1,../model_20140420_1899694432.uvl,55,54,48015210,true,1895456,42835889,1999942,625556,311871,4089
8,../model_20221220_1576677705.uvl,14,10,24440572,true,1534194,20956154,1546289,92090,61009,2136
10,../model_20200901_2052923297.uvl,21,21,29150973,true,1660490,25372600,1633535,110832,62847,2239
2,../model_20200517_1501498720.uvl,11,12,36581410,true,1508334,32979967,1574910,157319,87079,3950
7,../model_20170312_968402737.uvl,49,33,68593087,true,1927385,63768695,1721519,414208,312423,4041
9,../model_20160106_443157632.uvl,13,13,24146727,true,1641394,20249400,1796566,140207,42088,3058
11,../model_20150305_94122420.uvl,31,31,47535713,true,1697153,43502476,1782909,152894,156536,2655
15,../REAL-FM-5.uvl,17,27,55204420,true,1698428,50885958,1719241,353683,276124,4147
14,../model_20171016_1973576375.uvl,11,13,39952107,true,1615292,35981454,1821718,173608,99409,3579
6,../model_20110124_2116036381.uvl,18,18,41571765,true,1486747,37642147,1801296,209881,132148,5111
3,../model_20180110_870365297.uvl,10,11,28841017,true,1357906,25230369,1816553,155678,89628,3821
13,../model_20160913_600398973.uvl,48,38,100586824,true,2189160,95588371,1948576,294378,137498,2537
1,../model_20121018_1970318852.uvl,16,15,26507896,true,1571537,22830132,1681176,93840,49736,2225
12,../model_20170904_444361354.uvl,46,33,38104561,true,1764005,33720543,1865061,207806,129251,3016
4,../model_20121018_1186774722.uvl,16,15,22918768,true,1642878,19213453,1604968,91792,50624,2408
8,../model_20120111_1667229430.uvl,24,19,35945938,true,1779071,32134251,1544665,139732,80304,2763
0,../model_20120124_94644767.uvl,12,12,33968357,true,1524901,30148222,1809824,124232,77992,4660
10,../model_20190510_899437477.uvl,13,11,35897498,true,1679930,31921174,1780873,139840,83532,4092
7,../model_20200901_1615961503.uvl,38,29,97518089,true,1736822,93538731,1642404,213369,95502,2210
3,../model_20160420_1926809017.uvl,12,5,23945180,true,1498763,20286293,1736799,115118,61781,3708
14,../model_20170919_1946252337.uvl,48,29,39286270,true,1800449,34792757,1892176,228201,117656,2685
13,../model_20151202_1529785580.uvl,40,40,38474598,true,1732408,34258451,1767566,208126,117954,2082
6,../model_20180304_290046860.uvl,48,28,39375960,true,1800410,34886514,1835337,262489,162623,2142
4,../model_20150506_2068045691.uvl,20,20,33203078,true,1661097,29615392,1441846,107245,63736,3031
5,../model_20160330_1306243394.uvl,21,21,41688806,true,1478499,37770420,1888361,208674,120951,4148
1,../model_20130809_353548541.uvl,57,52,42031065,true,1933342,37211625,2012466,259535,143189,2455
8,../model_20101208_1056693380.uvl,25,25,43401525,true,1585467,38080092,3045427,242637,135984,4067
12,../model_20160912_1428022317.uvl,49,57,55384353,true,1780141,50693006,1948012,330603,198465,2811
0,../model_20150302_1660900120.uvl,31,34,80656722,true,1615699,76559666,1823312,259368,106469,2096
10,../model_20200128_1669015551.uvl,23,19,45669303,true,1734232,41314520,1937514,219447,126045,3610
2,../model_20160309_1721210506.uvl,14,11,21723830,true,1436503,18053323,1882425,78511,44080,2130
14,../model_20110715_945252556.uvl,32,32,53004223,true,1844347,48641468,1686955,290318,178398,3844
9,../model_20120205_24117969.uvl,34,34,30872327,true,1574891,27065201,1635379,169688,102447,2498
3,../model_20111111_1026730216.uvl,37,29,42469842,true,1795680,38275419,1659102,236793,100344,2258
11,../model_20101124_661702924.uvl,15,15,83942286,true,1703797,80200794,1580434,113736,61291,2784
15,../model_20121018_242475712.uvl,16,15,26669218,true,1680045,23039982,1545935,93988,55805,2361
5,../model_20230322_1882971454.uvl,21,21,36855840,true,1763331,32952493,1619150,129256,66293,2111
4,../model_20110704_555218409.uvl,11,11,26109312,true,1683597,22515653,1573154,67245,39774,2769
0,../model_20140425_366530615.uvl,11,10,25588555,true,1578991,22090426,1467164,168208,50083,2977
10,../model_20230609_1502711362.uvl,22,22,29915144,true,1677447,26241453,1507047,111689,63547,2266
8,../model_20230426_159926820.uvl,59,43,41538994,true,2038873,36938545,1776465,261050,142644,2547
14,../model_20131112_1855381012.uvl,31,30,36895525,true,1620083,32971294,1628001,206176,143890,4200
2,../model_20200403_1286696698.uvl,37,34,44429700,true,1817553,39538451,1594330,238165,841872,2619
9,../model_20140306_1313194877.uvl,32,31,35912856,true,1632367,32029309,1615113,161511,93042,2722
3,../model_20180511_935028612.uvl,20,23,43398439,true,1411572,39086528,1481911,1075151,78394,2284
7,../model_20150310_563618715.uvl,33,40,55049833,true,1904242,50208594,1962111,391793,215698,3501
11,../model_20200810_1781368898.uvl,21,20,24749254,true,1648678,21064663,1557014,111739,62083,2338
15,../model_20230322_208918165.uvl,40,27,34293957,true,1816872,30085378,1717757,173588,97974,2280
13,../model_20230322_1573076538.uvl,17,16,38713527,true,1738721,34541137,1850266,184247,104444,3419
6,../model_20200425_1144751894.uvl,10,12,24406911,true,1552124,20797572,1659919,98171,54487,2619
4,../model_20151124_1131991591.uvl,34,34,40140753,true,1767055,36042063,1684824,167902,96836,2555
0,../model_20140914_775838300.uvl,24,24,43987263,true,1732372,39650277,1979546,240571,142613,3967
10,../model_20150611_578706116.uvl,13,12,29399165,true,1762770,25664437,1585590,76814,44477,2913
12,../model_20160330_387052519.uvl,21,13,27143678,true,1767686,23336099,1627987,102595,57168,2362
1,../model_20150423_1415525319.uvl,27,21,45748166,true,1860550,41280478,1858359,249015,142710,3824
9,../model_20110330_919429247.uvl,25,27,27653395,true,1738210,23748258,1606788,140130,83469,2238
3,../model_20160716_1943328700.uvl,18,17,31844833,true,1533259,28105272,1639934,159566,88346,3261
7,../model_20200225_1125771038.uvl,43,40,35085364,true,2032694,30546785,1718307,222140,142895,3144
11,../model_20120201_899753062.uvl,27,31,39620944,true,1704441,35555954,1640592,256160,124938,2377
13,../model_20190416_886742925.uvl,12,12,20718263,true,1361065,17352312,1665014,71263,42186,2059
6,../model_20131112_64627122.uvl,13,12,31544382,true,1585655,26994365,2571547,77972,43441,2650
4,../model_20120920_383492576.uvl,11,12,23435688,true,1602779,19735987,1627503,119630,71461,3676
0,../model_20130916_1983257725.uvl,16,15,23393678,true,1466593,20009369,1521103,91938,50867,2558
10,../model_20120609_84195762.uvl,26,21,36873785,true,1732274,32986463,1604137,129756,83284,3733
12,../model_20140328_1965511118.uvl,10,10,19144320,true,1702581,15654041,1452656,66256,40169,2280
5,../model_20121025_1453237615.uvl,20,20,25107107,true,1571484,21429442,1617503,104626,61413,2462
1,../model_20180927_642324190.uvl,51,46,36555342,true,1712592,32328721,1685933,229141,173945,2877
8,../model_20130226_1908057354.uvl,16,14,32968880,true,1521905,29342244,1697818,109314,60336,2531
7,../model_20200320_13307140.uvl,10,10,20610559,true,1335561,17359846,1587361,64392,36621,1801
3,../model_20100415_240595643.uvl,31,32,32445485,true,1920651,28241635,1644815,173570,102216,2530
11,../model_20110216_1027109687.uvl,12,16,24387079,true,1381829,21125997,1476645,104831,61951,2419
2,../model_20230323_1108197556.uvl,17,15,69900823,true,1639983,66210877,1633535,135679,50655,2502
14,../model_20160519_1444507509.uvl,41,42,47280779,true,1912195,42541201,1996302,303311,149318,2314
13,../model_20200815_433256797.uvl,39,33,42972073,true,1629247,38735589,1784361,303372,160269,3777
4,../model_20140614_436006902.uvl,25,25,42942889,true,1906099,38725277,1687393,192692,95000,2153
0,../connector_fm.uvl,20,14,30688936,true,1843982,26591048,1693463,174095,57043,2178
15,../model_20131112_1630582425.uvl,28,20,33021927,true,1867140,28816905,1737507,225955,90282,3262
5,../model_20180512_810540422.uvl,23,23,35375230,true,1721153,31496751,1704804,127958,75299,2540
10,../model_20130820_1465112187.uvl,49,49,44705875,true,1924547,40247575,1843422,225938,146860,2282
12,../model_20140820_1349433690.uvl,22,22,42473245,true,1897458,38245217,1657863,210456,122652,3762
1,../model_20131112_817529963.uvl,40,40,49346823,true,1836821,45183564,1640149,192030,108009,2929
8,../model_20201010_633615094.uvl,12,11,37595050,true,1554934,33442438,1910341,134007,76844,4057
7,../model_20120419_1397354511.uvl,20,20,31772257,true,1630430,27587659,1848855,246654,138949,3909
11,../model_20170918_2076946141.uvl,16,10,25182489,true,1439382,21771549,1576243,83541,48072,2493
9,../model_20130414_861625706.uvl,15,15,32867073,true,1586527,28837539,1923533,147081,90350,4043
14,../model_20130529_1187431770.uvl,16,16,26591994,true,1619776,23085683,1460668,96321,54790,2066
2,../model_20121018_1550648286.uvl,16,15,36605356,true,1451421,32995580,1639585,167710,95062,3734
4,../model_20180222_786472237.uvl,12,7,79911584,true,1584342,76284967,1650794,100770,61225,3906
0,../model_20131122_1241273029.uvl,18,18,26916251,true,1594466,23335092,1512808,94752,55831,2553
6,../model_20170904_998227463.uvl,42,37,34816309,true,1660769,30832567,1757814,190932,105604,2527
5,../model_20140917_195564800.uvl,16,16,21068723,true,1592571,17573413,1504304,88717,52738,2781
15,../model_20131203_151571988.uvl,54,51,35651706,true,1971615,31179113,1661346,250426,151307,2908
12,../model_20101117_2128796258.uvl,72,69,77700348,true,2285484,72005986,2072971,482223,308453,2889
8,../model_20160229_1734203468.uvl,48,29,51265333,true,1788074,47058150,1744547,226957,119059,2806
7,../model_20190917_1484600794.uvl,17,13,23540455,true,1464540,20010438,1669280,91478,49970,1856
11,../model_20140207_1303140975.uvl,12,12,27426277,true,1512931,24010649,1594436,75231,44530,3593
14,../model_20140322_1340045027.uvl,10,10,27641854,true,1466249,24438290,1423869,62866,36428,2600
2,../model_20180729_2071913647.uvl,24,29,35370201,true,1726123,31401542,1647299,166891,94307,2479
3,../model_20190122_546529784.uvl,18,18,41441085,true,1657837,37496489,1648998,212209,125811,3639
4,../model_20190124_988857604.uvl,46,41,38155695,true,1897429,33630736,1851695,211612,120892,2448
0,../model_20130529_552715089.uvl,17,16,39827116,true,1562999,36362422,1477236,103317,62255,2503
6,../model_20190915_1211977272.uvl,22,21,29115931,true,1392556,25671862,1601865,115932,62725,1946
13,../model_20120328_663906927.uvl,28,25,33911288,true,1742158,30096651,1542201,145106,84500,2788
15,../model_20110127_1318390760.uvl,13,11,23532221,true,1408369,19863831,1801512,111177,66372,3379
12,../model_20130510_203163945.uvl,18,12,28556094,true,1620259,24915325,1632930,96638,51389,2317
8,../model_20120328_1974817485.uvl,13,8,25553822,true,1500200,22096657,1586893,75187,44399,2771
10,../model_20170918_1996976409.uvl,33,33,44067332,true,1547889,40317665,1622197,167647,105281,2509
1,../model_20120705_77954373.uvl,22,18,36947890,true,1578896,33178107,1733296,110706,65664,2259
7,../model_20120423_1625073325.uvl,32,26,31326415,true,2513407,26584199,1635381,161151,98680,2854
11,../model_20200128_23228584.uvl,23,23,39916583,true,1781124,35979900,1610806,182541,79778,2442
14,../model_20160308_190029672.uvl,33,32,39864529,true,1911046,35476296,1682689,270852,154705,3775
2,../model_20170414_1751865819.uvl,77,84,54513298,true,2315593,48106866,2107054,808488,516342,4222
9,../model_20140410_1285833987.uvl,11,21,38950472,true,1527105,35499421,1481552,145277,76765,2875
4,../model_20140511_603377022.uvl,15,14,25282793,true,1513995,21573934,1737119,109427,58622,3630
0,../model_20101020_1809093990.uvl,20,20,38949341,true,1551798,35094233,1724999,195179,114944,4123
15,../model_20200728_429027371.uvl,17,16,34262727,true,1670991,30550663,1610531,96556,53715,2322
5,../model_20171021_192017753.uvl,17,15,28846060,true,1575897,25314583,1580119,91255,52750,2049
10,../model_20160308_79396455.uvl,41,44,41475247,true,1644196,37308376,1734196,250719,183772,2206
12,../model_20150527_1979644627.uvl,72,58,93410114,true,1954500,88431154,1925680,328504,209658,3512
8,../model_20130123_686198065.uvl,40,40,54885470,true,1654211,50471775,1773112,366083,218771,3817
1,../model_20190430_2137275351.uvl,37,35,54418032,true,1820999,49952878,1659971,365057,205969,3811
14,../model_20200128_745414394.uvl,23,19,25502889,true,1592577,21580033,1806347,140331,66987,2538
4,../model_20120909_341305614.uvl,32,34,32660193,true,1837753,28512159,1647422,170217,110761,3604
9,../model_20140819_709073537.uvl,43,44,35721656,true,1650674,31417864,1872145,214868,154278,3065
0,../model_20190917_512190943.uvl,45,37,39575478,true,1718998,35398545,1608984,287087,124806,3847
15,../model_20110428_553405269.uvl,37,29,60244505,true,1671022,55752358,1849050,377799,218639,5681
3,../model_20200121_827473084.uvl,17,17,37520935,true,1607902,33499372,1873519,153015,93136,3151
5,../model_20181019_994429580.uvl,10,10,24151880,true,1606477,20433807,1686495,91353,58679,2292
6,../model_20200819_710049424.uvl,28,25,44260894,true,1501363,40492199,1717426,155627,92284,3066
10,../model_20160329_1152124785.uvl,21,20,31494648,true,1587207,27619338,1701947,187396,117443,4296
13,../model_20160227_1389842098.uvl,48,51,109764480,true,1864265,105191888,1901869,270796,141605,2313
8,../model_20140403_1688136935.uvl,45,42,63634029,true,1892423,59072205,1795477,322244,131900,2901
1,../model_20101111_156018899.uvl,12,11,27903549,true,1626556,24185259,1704140,74366,42646,2663
12,../model_20161207_285955518.uvl,54,46,60086412,true,2043426,54882430,2149573,381711,157729,2478
7,../model_20230322_1855764436.uvl,26,22,27289076,true,1756271,23332498,1649539,146099,68039,2307
11,../model_20170618_724645944.uvl,13,14,39209435,true,1571698,35433927,1668655,184629,100268,3591
9,../model_20200810_1006372985.uvl,36,36,41512463,true,1914260,37168711,1751988,173725,108028,3115
15,../model_20130121_710180273.uvl,10,11,25984835,true,1628783,22217322,1724543,89412,56599,2549
0,../model_20180917_1978871462.uvl,50,45,44044630,true,1955784,39571453,1682626,226866,161702,2371
2,../model_20140430_1532303117.uvl,32,20,32390364,true,1866234,28074265,1695937,228278,146153,4790
3,../model_20180305_1393570452.uvl,48,43,53923483,true,1966990,49261016,1803369,428387,173762,3191
5,../model_20160329_268958808.uvl,47,54,55105626,true,1930072,50560558,1785230,284939,160375,2240
10,../model_20121123_1672558767.uvl,15,17,41784132,true,1549627,37881088,1791038,195801,111266,3601
1,../model_20141205_2005181775.uvl,33,28,51110474,true,1816806,46766113,1775872,295772,162823,4140
12,../model_20110525_564104612.uvl,27,32,55739838,true,1771447,51190719,1796540,355046,302420,3617
14,../model_20141106_1014782772.uvl,17,17,39670765,true,1494019,36141378,1650480,92307,56013,2189
11,../model_20140824_525404983.uvl,47,47,36046439,true,1893594,31533635,1836524,221434,126192,2496
9,../model_20121018_436901160.uvl,16,15,38814010,true,1800468,34783820,1661821,171466,98078,4055
15,../REAL-FM-17.uvl,25,24,43752878,true,1668198,39854128,1638365,166563,91643,3214
7,../model_20141104_1527188029.uvl,140,140,79744736,true,3498375,72325510,2017817,666112,424740,2293
2,../model_20150208_2120373387.uvl,25,21,32034426,true,1789009,28115748,1619748,170770,84270,2447
4,../model_20140825_2017008690.uvl,58,59,39122852,true,2054222,34631461,1692202,273414,155616,2677
3,../model_20150428_2048110240.uvl,11,12,30889951,true,1389563,27561753,1517755,121379,62806,4706
10,../model_20170505_1428478521.uvl,24,26,32252312,true,1773202,28005448,1737782,249442,156128,4097
1,../model_20140801_240918546.uvl,22,13,24279910,true,1702465,20504894,1594458,100616,54651,2746
6,../model_20150301_300492477.uvl,33,32,43740103,true,1750980,39616762,1722468,249092,116817,3138
12,../model_20110622_260389190.uvl,12,10,21018173,true,1430754,17634377,1560696,72022,40167,2666
13,../model_20120513_373795895.uvl,14,13,37370181,true,1740251,33119556,1837402,286761,90478,4316
8,../model_20221101_871584152.uvl,19,28,47286773,true,1658618,43273059,1663368,273459,123631,3332
14,../model_20171204_404453510.uvl,21,22,28905251,true,1515775,25254730,1665016,126196,73112,2892
9,../model_20140423_277886534.uvl,21,18,26576285,true,1574735,22903539,1607832,109202,60309,2442
7,../model_20100712_329430908.uvl,20,20,40328448,true,1484981,36411676,1849252,185268,118484,4265
4,../model_20140422_2137156564.uvl,35,32,36939473,true,1698441,32829230,1765048,197338,108125,2743
2,../model_20120408_404695779.uvl,70,66,49363653,true,2241435,43627668,2046127,597437,352997,4033
3,../model_20121123_638033800.uvl,14,13,37738508,true,1564052,32547718,3107160,149733,87206,3723
0,../model_20130703_1107240012.uvl,64,27,67009475,true,2071874,61651537,2099144,441838,283576,5364
10,../car_fm.uvl,14,12,34085763,true,1721171,30187418,1758588,93267,52099,2372
6,../model_20121123_1445508018.uvl,16,16,21485149,true,1339160,18113475,1634829,87464,54175,2709
1,../model_20230505_1739075744.uvl,42,45,35983443,true,2153867,31452075,1549856,314817,136066,2531
5,../model_20110826_252647654.uvl,24,24,27870707,true,1699568,23979243,1671344,137489,78688,2051
12,../model_20150212_1516383976.uvl,12,8,24196918,true,1524527,20699237,1618425,79636,45062,2195
13,../model_20120701_1498696792.uvl,11,11,31292658,true,1619182,27551279,1668756,107470,64776,3602
9,../model_20180512_276218752.uvl,36,38,34618170,true,2449431,29921097,1600621,187136,167723,2775
14,../model_20110407_1283128166.uvl,51,52,53179667,true,1893557,48651222,1783491,253539,148440,2619
11,../model_20121102_768518520.uvl,14,14,25313917,true,1579469,21623184,1742695,81357,54125,2839
4,../model_20120314_1438691117.uvl,13,13,36120309,true,1471100,32546988,1654801,141814,80967,4239
3,../model_20130722_443972122.uvl,12,12,35361677,true,1523844,31531411,1843077,139620,84641,4108
2,../model_20100322_955726153.uvl,20,20,29923709,true,1701028,26212402,1497293,118265,72824,3011
10,../model_20190922_718247414.uvl,12,10,30303532,true,1415432,26852367,1653934,76521,41257,2608
0,../model_20110527_1847306763.uvl,63,106,81050555,true,2253890,75392925,1758389,662584,544968,4453
1,../model_20160620_457730604.uvl,20,20,23130409,true,1633815,19526293,1548805,108023,59487,2574
15,../model_20200316_153170359.uvl,124,103,84795466,true,2679008,78063518,2150718,589854,603521,3846
13,../model_20151119_424700280.uvl,10,10,30152433,true,1673411,25149999,2873768,111207,63840,3503
9,../model_20121219_1714348674.uvl,10,10,33827905,true,1381209,30564236,1561806,60896,38839,2633
5,../model_20171018_1720986032.uvl,130,107,90408437,true,3345891,82329344,2455994,930386,520293,3385
11,../model_20130916_1649901124.uvl,16,15,22934309,true,1383160,19649119,1515378,91136,50722,2973
14,../model_20180512_427876131.uvl,37,37,33975247,true,1695087,29799686,1834285,220819,96362,2805
8,../model_20150411_1378086632.uvl,15,9,34882845,true,1752189,31247527,1460853,88310,49988,2985
4,../model_20110823_1386366267.uvl,15,14,33690965,true,1533348,30066817,1583592,150258,79762,3723
3,../model_20140508_536536644.uvl,36,34,61734959,true,1700324,57373459,1773009,421825,216251,3825
2,../model_20120829_28461699.uvl,11,13,35468161,true,1756798,31507180,1570313,267053,88571,3996
7,../model_20161118_228131771.uvl,66,79,56006719,false,2275897,51006543,1810679,497870,220052,3793
10,../model_20110116_381192414.uvl,60,61,69869351,true,2334692,64786053,1861611,293448,239736,2559
13,../model_20150208_1225865238.uvl,42,34,66147468,true,1821329,61740990,1803478,271874,132206,2171
6,../model_20140819_2062208658.uvl,26,26,41548639,true,1703098,37534593,1819291,133628,78079,2376
12,../model_20110301_216655728.uvl,10,10,22139486,true,1767112,18518911,1485020,64823,39129,2302
5,../model_20131112_990013628.uvl,10,10,20348545,true,1614046,16976835,1414787,60872,38148,2468
9,../model_20180514_381391194.uvl,20,20,33831420,true,1576892,29969148,1726652,181371,104089,3038
11,../model_20141108_202761108.uvl,10,8,33010715,true,1412558,29567518,1654742,105209,43034,3129
8,../model_20120328_1373483522.uvl,13,14,24001997,true,1578545,20498282,1506970,97042,56179,2806
4,../model_20141108_701198022.uvl,11,11,29608694,true,1639366,26239903,1392158,65764,40503,2025
3,../model_20120717_770767926.uvl,11,10,21774148,true,1581084,18259931,1549588,69511,41567,2285
2,../model_20120110_1256867454.uvl,10,10,25691882,true,1734804,21850681,1649708,160673,47612,2317
7,../model_20110605_1465859222.uvl,17,17,22625570,true,1726809,18820376,1631669,90691,54212,2704
10,../model_20110207_1623721536.uvl,27,32,33493745,false,1722142,29715550,1573942,199140,104269,2318
13,../model_20170720_160368734.uvl,14,14,24807399,true,1482416,21168400,1735741,86884,60414,2390
0,../model_20131112_2028027455.uvl,13,11,25279820,true,1539812,21622170,1676726,120235,69499,3691
12,../model_20110207_906076676.uvl,12,8,32431767,true,1457353,28919188,1695556,70440,38709,2398
1,../model_20150307_1251635490.uvl,35,36,53961355,true,1647057,49520467,1827739,341592,295467,3848
15,../model_20121019_1128529660.uvl,14,12,30599664,true,1527702,27081256,1592715,87973,52236,3919
5,../model_20160304_1567363129.uvl,19,23,32005448,true,1409663,28510364,1583706,151075,81180,2233
11,../model_20091210_241985787.uvl,16,16,31875890,true,1817724,27941100,1644744,115266,62651,3738
9,../model_20170918_191476099.uvl,48,49,42869750,true,3384239,36872525,1743133,276216,136502,2820
8,../model_20170518_1713871521.uvl,15,16,86423231,true,1589092,82603163,1675883,192476,113432,3886
4,../model_20221015_510481451.uvl,12,14,38047473,true,1719312,34089553,1728694,166358,95819,3626
3,../model_20160911_493856736.uvl,45,29,55147916,true,1828644,51009258,1704092,223982,122724,2592
2,../model_20160329_304357596.uvl,23,15,31329279,true,1626214,27344498,1781131,173478,75383,4087
14,../model_20160229_707006027.uvl,13,14,36070121,true,1569574,32114660,1820284,159973,97007,3390
10,../model_20140109_637429284.uvl,11,9,27757417,true,1582726,24103913,1731073,70278,36783,2169
0,../model_20121015_1348696629.uvl,10,8,99138945,true,1406665,95617751,1677566,71597,40117,2441
12,../model_20200513_1559879338.uvl,11,11,30373567,true,1770605,26781176,1440550,68377,44394,2635
9,../model_20120423_1196408273.uvl,16,11,30232910,true,1629792,26383289,1711332,155938,90886,3554
5,../model_20110406_656545830.uvl,17,17,39849130,true,1638259,35934941,1687751,172851,99905,4058
13,../model_20160913_2142740300.uvl,48,48,63703846,true,1897909,59132485,1726866,354840,183332,2835
11,../model_20221018_544175819.uvl,29,29,34773409,true,1710123,30546594,1738050,271222,159411,4002
1,../model_20160329_1144142418.uvl,54,33,107030633,true,1926156,101871709,2097827,426947,239044,3323
6,../model_20170518_711240246.uvl,36,36,48728291,true,1766681,43642574,1795729,168783,987153,2503
8,../model_20200909_844580970.uvl,17,9,37881500,true,1763143,33879587,1715429,152640,82458,3697
3,../model_20190513_554652357.uvl,10,10,29499385,true,1650970,26125626,1393226,67112,40994,2884
14,../model_20110130_639381749.uvl,12,12,21369138,true,1429575,17317764,2231255,73127,45400,2754
2,../model_20180222_1790291836.uvl,22,19,41646893,true,1581787,37433311,1974341,211418,115374,3591
7,../model_20170313_788976149.uvl,12,9,36794701,true,1599596,32736110,1951277,131216,71248,4103
10,../model_20150304_617127008.uvl,56,66,53268352,true,2199348,48236173,1742237,343048,269768,2520
12,../model_20090801_1908323193.uvl,13,13,37216372,true,1610718,33311390,1824766,137826,87227,3715
13,../model_20120701_899073101.uvl,11,11,33791742,true,1615326,30125657,1664518,72215,44718,2080
9,../model_20160329_578011837.uvl,23,18,26030847,true,1749767,21833081,1930869,117878,67221,2371
11,../model_20160926_2009081259.uvl,54,54,43471449,true,1871049,38917744,1834751,247588,170638,2479
1,../model_20100326_770562654.uvl,27,19,41960602,true,1666048,37959554,1783570,139905,77698,2269
8,../model_20140324_1142291623.uvl,11,11,25248326,true,1382825,21937609,1601664,70076,41195,2644
6,../model_20130125_189285641.uvl,18,19,39463053,true,1547871,35527500,1749772,199727,121159,3436
15,../model_20131112_1399418967.uvl,35,28,35796957,true,1894634,31373901,1842386,175267,150136,3095
14,../model_20140514_1151327844.uvl,43,36,82374847,true,1737321,78212207,1661643,258669,136723,2881
2,../model_20091206_1647557456.uvl,10,10,27735892,true,1522171,24351215,1493282,64702,39352,2295
4,../model_20170517_1276361560.uvl,10,10,24606385,true,1506426,20958853,1802283,81545,47480,2116
7,../model_20141102_1778359466.uvl,23,22,35769927,true,1687379,31452332,2036332,205765,119587,3673
10,../model_20130916_1001858303.uvl,15,17,26749153,true,1594548,23243365,1474022,97380,57146,2047
9,../model_20141129_2117240468.uvl,12,14,39475131,true,3367932,33738735,1662460,159120,250293,4159
13,../model_20120113_1803352101.uvl,43,27,43517759,true,1886261,39131840,1762059,202732,109644,2495
1,../model_20171020_786614820.uvl,12,10,25317469,true,1355592,21960627,1549086,128122,63129,3588
11,../model_20160329_2023954051.uvl,24,20,33906316,true,1787184,29916900,1701293,121986,67334,2535
6,../model_20150523_1701783178.uvl,23,23,37724616,true,1624201,32862179,2594108,206714,110568,3329
0,../model_20190917_490456110.uvl,39,23,47524919,true,1797329,43146504,1915719,170804,91571,2983
15,../model_20121106_1816491064.uvl,23,20,79340699,true,1563360,75749340,1526637,119560,132139,2304
5,../model_20140423_1716161596.uvl,42,25,59711964,true,1968091,54948172,1853744,348737,181126,4079
14,../model_20120829_881090911.uvl,10,10,33527685,true,1404951,29956263,1747424,115098,70893,3301
2,../model_20131122_641443746.uvl,14,14,32799467,true,1635086,29148782,1577314,82065,73520,2660
4,../model_20190223_2023041805.uvl,19,22,33875347,true,1701213,29901161,1701761,175891,89555,2501
3,../model_20170505_1995894898.uvl,32,27,31621296,true,1438962,27930782,1621207,173580,174107,3134
10,../model_20120528_1294065815.uvl,13,12,37712706,true,1439509,33841726,1913485,147575,85332,4126
9,../model_20130529_1911302663.uvl,16,16,22897183,true,1639479,19117807,1580655,162240,100641,3529
11,../model_20121017_2007593800.uvl,10,8,33362507,true,1606979,29606690,1694728,121427,67728,3970
1,../model_20170704_1299892151.uvl,11,11,36145255,true,1574141,32574441,1540496,122215,77885,4127
12,../model_20131122_1877947099.uvl,15,13,39335901,true,1739134,35323981,1728818,159685,88378,3377
0,../model_20150226_64791123.uvl,26,28,75934549,true,1519019,72243984,1638016,144262,86599,2190
13,../model_20141018_2078980023.uvl,87,86,104989552,true,2349646,99496847,1886606,390528,240725,2975
5,../model_20140306_1994550432.uvl,12,9,36620777,true,1776440,31590761,2774089,131760,74548,4140
14,../model_20230323_58681865.uvl,17,15,39148813,true,1563965,35203003,1807973,173176,98891,3403
8,../model_20200810_903664942.uvl,25,27,39379701,true,1793921,35195624,1835601,141432,82880,2339
15,../model_20100829_787258873.uvl,57,48,41224228,true,1861937,36461316,1974509,287675,137798,2649
2,../model_20180512_893377341.uvl,24,22,29580511,true,1845601,25562179,1653764,148050,151176,2325
3,../model_20130916_552778902.uvl,16,17,40858748,true,1423289,37084939,1781622,196442,113244,3774
10,../model_20120412_1314362396.uvl,12,11,30962372,true,1645796,27140134,1774750,74804,44890,2818
7,../model_20140326_1693773444.uvl,13,14,41452037,true,1519900,37693643,1713634,179052,106556,3880
9,../model_20150701_451946642.uvl,22,14,30943359,true,1561670,27319711,1617913,107431,62877,2438
1,../model_20131122_224574976.uvl,11,11,25616090,true,1440444,22085304,1645758,117020,70340,3642
11,../model_20091225_1547989376.uvl,29,30,50600943,true,1859049,46171663,1736715,313305,177919,3937
0,../model_20230313_612090761.uvl,13,15,39565030,true,1637472,35626740,1707499,196761,107641,4053
13,../model_20091210_993249741.uvl,29,25,47843728,true,1785050,43450940,1816569,267833,157705,3391
15,../model_20140614_1989695192.uvl,29,35,55905066,true,1776663,51290918,1932056,408280,213624,3393
2,../model_20190304_818967793.uvl,29,28,47845452,true,1774188,43480775,1775286,280931,162529,4193
5,../model_20140305_850513381.uvl,63,103,80354758,true,2307115,73358005,2385696,1103321,673752,4416
3,../model_20141006_1946000492.uvl,14,10,27145939,true,1635067,23552346,1540777,83250,45098,2765
6,../model_20170405_957299568.uvl,142,211,172717331,true,4622068,162349470,2371707,1206247,1278176,2504
10,../model_20140614_81946339.uvl,22,24,80082464,true,1584609,21537243,56430136,130327,79889,2639
7,../model_20141129_6569546.uvl,25,21,28851759,true,1815789,24791568,1683733,136515,77931,2563
1,../model_20200815_41086763.uvl,31,28,48698737,true,1565195,44432559,1898144,307127,169858,4428
11,../model_20120510_220834497.uvl,53,44,59374657,true,2117911,54623279,1793531,239458,145156,2904
0,../model_20111027_1380540076.uvl,10,10,33707077,true,1558002,29925475,1767856,118031,67712,3241
13,../model_20170916_132089042.uvl,48,60,73829257,true,1804107,68219130,2257642,720644,383039,3831
12,../model_20180512_409172439.uvl,37,37,51797555,true,1913518,47504152,1629912,180546,181580,2654
15,../model_20121123_1692800929.uvl,16,16,23120743,true,1463192,19689872,1553378,100597,57394,2386
14,../model_20190223_1275185141.uvl,10,7,23095226,true,1571235,19513501,1664806,89385,42709,2318
3,../model_20200212_1763855182.uvl,12,12,34462868,true,1548168,30695888,1721619,131143,76913,4096
8,../model_20171029_714150136.uvl,10,10,30776727,true,1626680,26973440,1772792,113853,69397,3784
6,../model_20160813_60083737.uvl,10,10,31593182,true,1554512,27894543,1695285,117727,70293,3972
10,../model_20141113_1414990983.uvl,46,46,51236632,true,1829036,46401263,2010650,377074,216115,4287
7,../model_20120728_275737618.uvl,14,14,31396796,true,1567239,27837229,1569716,141103,55309,4108
9,../model_20110926_400852996.uvl,36,36,53541561,true,1980009,48873390,1620204,363503,309404,3505
0,../model_20130807_1787614695.uvl,13,13,33507381,true,2878647,28693691,1484957,131581,79588,3353
13,../model_20130821_470005647.uvl,43,43,33658119,true,1894391,29316175,1705780,214145,116338,2800
4,../model_20200907_1598312227.uvl,130,130,133910150,true,3419019,125244517,2783994,1013696,637557,4535
15,../model_20110925_62365838.uvl,23,23,36505828,true,1692037,32470686,1824819,123920,69522,2643
12,../model_20160512_1688304541.uvl,31,25,46537332,true,1628891,42724357,1550857,162204,110718,2418
3,../model_20230322_413432441.uvl,22,21,25426301,true,1671559,21801564,1442340,115384,64280,2536
8,../model_20170702_979744088.uvl,21,21,24880259,true,1642891,21161660,1605748,107302,61400,2638
6,../model_20171016_777651910.uvl,27,26,26267721,true,1698931,22319101,1662610,144201,74664,2279
14,../model_20111201_372659565.uvl,61,38,42349151,true,1757445,37935028,1849440,240575,130083,2711
10,../model_20180705_2136123533.uvl,10,10,23466552,true,1524765,20232294,1385554,65846,39592,2223
2,../model_20120828_1516795545.uvl,13,13,35248507,true,1433736,31761507,1692969,76571,48378,3105
5,../model_20180122_1429516018.uvl,40,18,45201102,true,1739356,40746944,1855623,299765,159280,3628
0,../model_20140305_1745306436.uvl,20,12,27156300,true,1523730,23472720,1659031,173154,92897,3512
9,../model_20170410_971411480.uvl,11,6,19827000,true,1546349,16212731,1650066,99835,56215,3217
1,../model_20230323_867226898.uvl,16,13,26200366,true,1432965,22706902,1666382,92425,53817,2723
11,../model_20140401_1527258088.uvl,13,20,47496964,true,1548252,43527798,1761264,277952,144549,4198
4,../model_20180409_394573881.uvl,10,10,28470860,true,1500310,25066291,1547480,62588,38138,2090
15,../model_20101115_2000504462.uvl,72,65,47542538,true,2185785,42436552,1912060,345584,230136,2357
8,../model_20190922_499979669.uvl,25,29,32481445,true,1522686,28398739,1919847,249913,150543,4075
6,../model_20141119_1676144838.uvl,14,14,37076570,true,1457448,33085608,1980574,201691,96414,3729
3,../model_20140819_940483638.uvl,11,11,90726708,true,1606216,86933921,1785296,100542,64868,3853
14,../model_20130627_888588099.uvl,17,16,32382059,true,1531354,28636039,1670349,186995,104836,4138
10,../model_20130808_465499656.uvl,22,14,35926590,true,1757489,31819350,1874475,105614,56693,2027
5,../model_20171012_432118074.uvl,28,28,28573847,true,1724463,24368355,1744301,236746,150602,3292
2,../model_20160330_888130075.uvl,73,73,50649468,true,2349074,42936053,2077717,656104,2034577,3984
7,../model_20150611_1748318240.uvl,14,11,24663161,true,1522442,21076910,1679309,79366,43296,2402
9,../model_20100216_713947806.uvl,12,12,34614268,true,1732682,30862055,1508156,143412,85962,3313
0,../model_20160225_419189676.uvl,47,52,41621340,true,1971857,36940727,1866843,292229,162853,2091
1,../model_20150228_41303449.uvl,33,33,51330094,true,1717019,46940417,1767058,333493,189236,4301
11,../model_20141023_1082000051.uvl,37,49,72545325,true,1838686,66580953,2900373,548422,284693,4310
4,../model_20141017_1234330746.uvl,38,48,37649612,true,1790909,33393602,1689487,286685,142621,2302
14,../model_20120905_104354355.uvl,13,13,21829701,true,1315593,18288703,1848945,81346,48710,2986
6,../model_20150222_2069201003.uvl,13,13,36383769,true,1631514,32461267,1807085,144707,88604,3475
3,../model_20160504_814917052.uvl,26,20,46328418,true,1626771,42435701,1699987,188963,76736,3152
12,../model_20100325_298677687.uvl,10,9,22938331,true,1534425,19327105,1646577,115354,65049,3609
13,../model_20200120_1111265554.uvl,10,8,34448783,true,1460299,30924925,1634270,118512,67310,3272
5,../model_20121123_1047250318.uvl,16,17,74562812,true,1555186,71269458,1352032,103867,58945,2552
9,../model_20151201_896154285.uvl,24,21,84384727,true,2738406,79363305,1715763,144377,84554,2988
0,../model_20180611_848416665.uvl,10,13,75986262,true,1562015,30306458,43666825,99867,52584,2186
1,../model_20150309_1544990511.uvl,39,42,35592583,true,1915679,31237627,1651791,256769,118426,2934
11,../model_20171213_638254090.uvl,11,10,22312167,true,1523662,18864719,1551392,75012,42794,2678
14,../model_20140209_1382642350.uvl,41,29,42960578,true,1942743,38745184,1616665,274108,113260,2301
3,../model_20130302_379367837.uvl,10,11,22176815,true,3194457,17066556,1547348,72593,43295,1838
13,../model_20160503_1174916821.uvl,42,44,34757037,true,2007564,30124964,1679902,220700,134534,2379
12,../model_20140826_2051139991.uvl,31,31,31571747,true,1685396,27691153,1598048,171132,92102,2173
15,../model_20161213_651973816.uvl,21,25,28263501,true,1538606,24556265,1616553,158875,88921,2772
8,../model_20141018_811394530.uvl,23,22,34225134,true,1876203,30238767,1579785,127309,75642,2835
10,../model_20160428_283258262.uvl,40,37,56041660,true,1929631,51664865,1766475,189646,119122,3082
9,../model_20150416_264061404.uvl,47,24,45267825,true,1659716,41040310,1897530,184626,98366,2122
2,../REAL-FM-8.uvl,17,17,39113976,true,1587781,35206853,1727285,197583,115707,4727
7,../model_20130916_302923469.uvl,16,17,41847563,true,1555000,38111409,1651347,210279,113282,4224
11,../model_20190526_2060834946.uvl,12,9,37290294,true,1888095,33191848,1697153,146328,84087,3292
14,../model_20150621_1174641946.uvl,36,32,37798614,true,1710703,33696263,1703074,187598,113614,3923
1,../model_20190917_729866659.uvl,83,56,51319464,true,2345777,45987672,1829337,362766,208568,2861
6,../model_20170402_765751837.uvl,329,359,285941873,true,13457034,264402331,2906695,2244381,1904376,2715
13,../model_20120110_1094246588.uvl,10,10,23062603,true,1473832,19650720,1561192,79036,44804,2243
3,../model_20160913_245590430.uvl,38,38,61504631,true,2086732,56878878,1584625,336538,215781,2074
4,../model_20131129_1795005487.uvl,10,10,34587200,true,1565707,31019972,1637751,84301,49351,2902
12,../model_20130812_1882708509.uvl,41,51,46420014,true,1986296,41852027,1740861,277214,150261,2866
10,../model_20120201_1444061231.uvl,38,37,49426841,true,1679158,44945820,1781307,399589,211891,3305
5,../model_20190326_164569423.uvl,10,10,31560865,true,1558887,27784883,1806732,109332,66670,4117
2,../model_20230323_425392427.uvl,33,29,44941493,true,1629079,40555322,1893041,309283,172768,3523
7,../model_20140824_1698583194.uvl,66,66,45404272,true,2072501,40220336,2042205,326685,205840,2898
11,../smart_home_fm.uvl,59,62,44815322,true,2068308,39709269,2040940,306038,219332,2400
14,../model_20180729_778045288.uvl,31,34,52057905,true,1811846,47168677,1602371,174707,921437,2384
6,../model_20190616_1868431112.uvl,40,31,32675974,true,1597303,28750924,1668516,179878,94423,2692
0,../model_20180306_832754487.uvl,49,53,97322796,true,2087375,91110578,2371267,878564,415352,3955
1,../model_20180307_2144246090.uvl,49,39,42187680,true,1730867,37784360,1826309,282564,140574,2462
4,../model_20110915_1159959623.uvl,10,8,37019016,true,1477268,33188357,1868835,143580,83134,3339
12,../model_20141103_285596543.uvl,25,27,47478067,true,1628164,43238191,1838076,275253,163007,3394
8,../model_20130725_1746580783.uvl,16,17,36357424,true,1678063,32721599,1519435,99610,63485,2251
5,../model_20190411_1457420991.uvl,18,27,39651090,true,1654766,35800155,1647389,186438,95786,2499
15,../model_20230616_862941800.uvl,30,26,31224896,true,1761181,27258834,1596994,151815,80508,2605
7,../model_20230323_642188361.uvl,23,22,25145078,true,1675469,21236169,1652320,199215,109463,4380
9,../model_20140403_1254324003.uvl,28,27,33887116,true,1772827,29897315,1714180,137191,142777,2195
14,../model_20221109_1435495840.uvl,14,15,30087418,true,1437790,26740014,1445444,164854,93097,4070
11,../model_20170219_358603289.uvl,62,62,40445029,true,2087112,35558740,1816686,280523,200506,2796
6,../model_20141129_264528063.uvl,13,14,24779985,true,1547192,21238703,1527852,134952,57700,3746
0,../model_20130418_1960440366.uvl,29,32,34265184,true,1762971,30090849,1708760,175929,158001,2018
4,../model_20131112_330151541.uvl,21,16,33099461,true,1689514,29033814,1739634,191933,103462,3733
1,../model_20140508_530056624.uvl,36,49,65927817,true,1822205,61364670,1906516,333294,161498,2737
12,../model_20130219_1778040846.uvl,40,38,43312081,true,1952621,38901997,1764565,185976,104670,2820
13,../model_20120328_1412454948.uvl,36,34,34962967,true,1768771,30298267,1991357,311725,257107,4056
3,../model_20140710_2059561340.uvl,33,25,56450262,true,1662208,51977796,1980069,351161,186691,3930
5,../model_20131206_684654596.uvl,12,12,39792640,true,1574702,35898150,1775600,160363,93750,3857
10,../model_20130309_1354780318.uvl,11,9,34197912,true,1914023,30161273,1642458,122831,68964,3775
7,../model_20150309_1129343473.uvl,33,38,34927169,true,1646709,30693060,1691479,364992,210169,3830
14,../model_20140427_1594857347.uvl,19,21,46192719,true,1588879,42269346,1632779,251236,128438,4413
11,../model_20200621_929471783.uvl,11,11,36048759,true,1546088,32256709,1723564,148804,94278,4367
6,../model_20190920_579117949.uvl,13,17,41752328,true,1449171,38072873,1658490,211497,115315,4077
4,../model_20170926_289427240.uvl,11,8,28245805,true,1602259,24644513,1632291,69667,37761,2339
1,../model_20150419_1225785874.uvl,11,9,35626811,true,1895894,31458032,1780349,146022,69878,3118
12,../model_20190513_110684557.uvl,10,10,24998855,true,1632925,21287507,1682346,84160,47490,2485
3,../model_20170504_370000031.uvl,36,37,33281957,true,1748039,29251256,1585365,205879,117160,2348
13,../model_20160225_2040495200.uvl,50,29,44718726,true,1961276,40468289,1598277,225945,123961,2171
5,../model_20190917_659690280.uvl,12,12,32720683,true,1567656,28918275,1740206,124020,79890,3740
8,../model_20131124_646639708.uvl,16,17,37105753,true,1599356,33475391,1599180,98310,58585,3190
10,../model_20180222_524224426.uvl,26,14,31176675,true,1827462,27327099,1502205,114533,62850,2999
15,../model_20110601_1103941862.uvl,12,12,39732397,true,1560893,35769514,1836277,192167,101945,3380
11,../model_20130916_156611854.uvl,17,15,38838902,true,1473724,35215335,1657221,177352,99808,4357
14,../model_20141129_1168519534.uvl,12,12,38384036,true,1645957,34546735,1649590,164831,99105,3627
6,../model_20190108_414883666.uvl,17,17,39585639,true,1778168,35603241,1639843,172039,100913,4063
2,../REAL-FM-4.uvl,290,310,171577224,true,9311388,152158085,3924051,2773368,1860597,4801
9,../model_20110919_127780100.uvl,37,27,37042241,true,1809244,32939479,1589164,204294,124358,2529
1,../model_20140530_1262796172.uvl,10,9,35369813,true,1681866,31489935,1739246,125018,68664,3932
0,../model_20200901_164722413.uvl,11,10,20785651,true,1469067,17383413,1594685,70525,41282,2548
12,../model_20161124_135805624.uvl,37,37,56477408,true,1691900,51903953,1826223,350814,311587,3507
5,../model_20170311_1316290182.uvl,48,48,94421283,true,1757282,89163305,1819227,739702,496952,4225
10,../model_20130116_1542765516.uvl,10,9,18558044,true,1473187,15254070,1505310,66427,37466,2445
8,../model_20150427_2103265175.uvl,56,54,39688840,true,1744305,35507701,1698845,270666,154354,2230
15,../model_20171005_661289758.uvl,10,10,30339243,true,1455073,26810449,1612932,114554,69031,3712
14,../model_20190922_267709941.uvl,35,35,30950854,true,1571768,26222900,2570922,165652,100513,3098
2,../model_20161122_1255346120.uvl,15,10,25107157,true,1617250,21631124,1489286,88151,53640,2842
6,../model_20131112_356575914.uvl,20,15,79890842,true,1472304,76180061,1768024,102300,67849,2518
7,../model_20120722_2065280700.uvl,13,9,22697832,true,1408007,19176945,1631345,164594,45152,2236
9,../model_20160504_18344306.uvl,13,14,25879809,true,1720655,22284277,1460894,91851,52353,2172
4,../model_20130916_667715515.uvl,16,16,72977585,true,1550949,69475418,1508344,98995,56549,2624
12,../model_20110823_553386338.uvl,21,21,40270656,true,1805848,36248157,1698502,118536,72610,2524
5,../model_20130311_1184229274.uvl,11,11,25254476,true,1417782,21966214,1511134,65056,40725,2312
3,../fame_dbms_fm.uvl,21,16,25191611,true,1351644,21655867,1747795,108735,58870,2950
13,../model_20140326_183546394.uvl,11,11,20375028,true,1502844,16933239,1546989,83353,44012,3114
8,../model_20190916_779041735.uvl,41,23,35498293,true,1763071,31264293,1771037,259493,89868,2493
10,../model_20180611_1140870617.uvl,10,13,26279536,true,1407790,21640057,1609503,1335543,54972,3137
15,../model_20161123_1530983999.uvl,36,36,50635713,true,1690986,46061295,1928336,343512,195749,4330
14,../model_20170703_1893075315.uvl,20,16,24779699,true,1467136,21287250,1586131,108163,62114,2703
2,../model_20190510_1232864614.uvl,12,9,20747283,true,1633293,17179440,1602574,71426,40860,2182
6,../model_20200816_33425673.uvl,39,33,31278707,true,1526056,27419176,1681929,182250,95508,2302
7,../model_20181016_583005690.uvl,32,34,54252801,true,1651231,49724219,2042829,372877,205858,4772
9,../model_20160229_490224198.uvl,49,39,47148237,true,1702715,42646643,1826931,315037,258367,3409
11,../model_20230322_928718925.uvl,20,16,86761934,true,1831793,83030776,1482319,103391,55481,2538
4,../model_20201002_1982652571.uvl,15,15,37015583,true,1654534,33018455,1777358,162632,96060,4339
12,../model_20101024_1938793748.uvl,29,32,33799492,true,1789303,29771181,1575954,211643,99527,3225
3,../model_20100213_206550190.uvl,38,33,61541988,true,1935488,56612599,1886469,425446,285163,3799
13,../model_20221031_340330235.uvl,35,35,30974551,true,1678940,26877793,1687882,230076,105067,2608
0,../model_20180304_1150769979.uvl,48,38,68949849,true,2148620,64101773,1756220,287950,209913,2429
5,../model_20170919_414938854.uvl,47,35,47034960,true,2003759,42458303,1840755,208318,118031,2120
2,../model_20101109_1698100628.uvl,15,15,32225078,true,1571172,28453228,1685653,156193,96228,3554
14,../model_20150425_1862491910.uvl,80,77,61633577,true,2518388,55973181,2109024,372537,302143,3326
7,../model_20221017_1844403757.uvl,10,10,21476316,true,1463993,18162462,1474594,64250,38832,2363
9,../model_20141129_1031364.uvl,12,14,23293084,true,1609902,19746750,1526703,87454,52680,2248
11,../model_20100321_1548012375.uvl,18,18,25405587,true,1493456,21928292,1575615,94372,54775,2139
4,../model_20170821_2117231347.uvl,28,42,47355408,true,1683188,43136195,1683835,311033,193919,2261
12,../model_20160519_1846923063.uvl,39,50,68092541,true,1855895,62946429,1844698,664637,341348,3564
3,../model_20190514_850677966.uvl,25,29,28754857,true,1538379,24931336,1702732,154030,92011,2882
13,../model_20140209_738203734.uvl,51,55,78101358,true,2184605,73178726,1739482,367511,198428,2497
0,../model_20131202_1775789712.uvl,50,50,36789749,true,1850748,31135265,2953754,229931,132970,2771
5,../model_20180214_1066016479.uvl,96,79,79411515,true,2621627,72647812,1832973,528987,1385537,2811
1,../model_20110310_1849309646.uvl,23,20,41819190,true,1697583,37515093,1964098,223498,123692,3873
8,../model_20140503_2024413965.uvl,16,14,25082591,true,1660508,21449605,1535599,93282,55773,2593
10,../model_20190916_1777637747.uvl,10,10,30782375,true,1779690,26916066,1675069,115346,64845,3542
2,../model_20140423_1890396897.uvl,36,31,35053268,true,1633782,31327105,1556635,193041,104983,2690
14,../model_20160606_235281629.uvl,13,13,34954058,true,1626247,31077811,1782435,149111,83810,3925
15,../model_20190913_1052617154.uvl,21,21,42733535,true,1745128,38496132,1834031,209538,125027,3971
9,../model_20160304_165509543.uvl,43,42,44223852,true,2013782,39763407,1734158,239178,159864,2680
6,../model_20140905_2124104947.uvl,10,9,20088108,true,1367742,17179299,1272060,64424,35808,2756
11,../model_20110712_1373520081.uvl,66,61,42148411,true,2145468,37493100,1658997,313608,183977,3088
4,../model_20130731_2029107317.uvl,76,68,48939628,true,1890956,43403953,1960543,322182,187047,2296
7,../model_20170316_1293936491.uvl,48,53,40599627,true,4310331,32388941,2545189,248868,182841,2629
