index,filename,n_features,n_constraints,execution_time,result,clif_gen_time,clif_ast_time,bridge_solve_time,code_gen_time,generic_csp_model_time,concrete_csp_model_time
0,../REAL-FM-15.uvl,25,21,28446662,true,3886896,22608397,1398884,165325,73318,2635
9,../model_20180612_712325117.uvl,15,15,25903184,true,1724271,22326005,1473251,82880,46533,2270
8,../model_20160921_24535453.uvl,29,28,29354959,true,1908973,25452329,1446315,161396,94852,2784
7,../model_20091109_376438407.uvl,22,21,25476679,true,1485683,22204666,1315315,111197,62955,2463
14,../model_20110826_819334011.uvl,24,24,30318034,true,1434590,26865509,1456093,138382,95797,2436
11,../model_20230322_492815120.uvl,41,32,36429216,true,1554904,31973447,1653125,232966,118675,3359
12,../model_20140428_1043688075.uvl,56,55,87611301,true,1878177,83295703,1712126,265993,148708,2963
9,../model_20160919_1142576711.uvl,20,20,22641617,true,1303194,19224221,1607125,153026,86768,2547
11,../cfdp_library_fm.uvl,13,18,27028671,true,1359196,23326511,1745301,208908,120119,3805
14,../model_20150527_2051574410.uvl,28,21,48744462,true,1451137,44666445,1977900,257735,141712,3362
12,../model_20160527_1098137653.uvl,20,20,37519185,true,1532819,33610575,1669018,312508,108508,3174
3,../model_20180913_1045465294.uvl,10,6,29916362,true,1455829,26483488,1581668,96850,56874,4373
10,../model_20160905_774306083.uvl,14,14,22310451,true,1422336,18865328,1605519,118699,49517,3394
6,../model_20180513_39795521.uvl,22,22,30948893,true,1495586,27307847,1528030,161792,114909,3865
1,../model_20131112_832913408.uvl,17,17,25732123,true,1450062,22030952,1681384,153243,85339,3748
15,../model_20121214_211817376.uvl,14,14,25012289,true,1407150,21407090,1741956,142732,71513,3280
13,../model_20140421_782765396.uvl,19,19,37089772,true,1541539,33259967,1722300,173133,99899,3693
5,../model_20150414_2125272166.uvl,21,24,51787185,true,1678830,47443923,1913298,286723,147862,4333
14,../model_20200403_1474941211.uvl,14,12,22727737,true,1545547,19104860,1630631,116387,44117,1984
11,../model_20141129_1141626102.uvl,12,12,19966993,true,1452895,16429429,1732519,71124,40972,2239
9,../model_20100106_985255768.uvl,20,11,24510538,true,1450015,21027071,1624550,97490,50651,1945
0,../model_20100308_1355834007.uvl,20,18,22686671,true,1327810,19059086,1784239,173107,76110,3461
10,../model_20121018_880874071.uvl,16,15,22523675,true,1516766,19045939,1530714,87804,51367,2722
6,../model_20150120_214372699.uvl,40,39,29901279,true,1523079,25965248,1753460,185468,100112,2016
15,../model_20221208_1116778716.uvl,22,15,25109701,true,1513192,21435397,1668072,132767,56148,2442
7,../model_20110826_1574631601.uvl,52,56,56740209,true,1706728,51587756,2255033,523971,291707,3992
8,../model_20170320_1505333083.uvl,47,25,40710097,true,1566548,35916879,2270980,354016,192160,3505
5,../model_20190917_595353381.uvl,13,12,21421295,true,1390480,18012690,1638593,75483,42736,2083
1,../model_20150621_2090653675.uvl,20,18,29713522,true,1510856,26183525,1554795,122100,70196,3473
13,../model_20170926_1539445221.uvl,14,12,80025547,true,1493891,76541620,1589853,90369,53188,2266
2,../model_20131112_1592384504.uvl,32,32,43420090,true,1693144,38772974,2112647,301740,182871,4643
4,../model_20140503_110898123.uvl,16,16,38270031,true,1485750,34284289,1843951,199657,119347,5526
11,../model_20190917_1882445879.uvl,16,12,38209496,true,1556952,34335743,1808708,159126,87879,4295
14,../model_20180514_1722608288.uvl,27,27,86878520,true,1883183,35494594,1607980,151836,100412,2354
10,../model_20121018_1578042435.uvl,17,15,25983593,true,1776494,22120127,1616796,96521,51455,2509
0,../model_20110926_608554224.uvl,30,32,36960376,true,1542882,32900218,1729206,157896,88536,2809
6,../model_20170809_1734454576.uvl,15,14,24767382,true,1430677,21441994,1533292,84857,47478,2130
12,../model_20181024_611767532.uvl,13,14,39406917,true,1376091,35536833,1991139,179754,98514,3070
13,../model_20120328_573707444.uvl,34,27,29893944,true,1819613,25686141,1663624,248193,90467,2884
4,../model_20120229_1103715736.uvl,14,13,23268739,true,1389465,19811510,1707219,81200,46694,2135
1,../model_20101112_864228137.uvl,137,138,73309806,true,3768476,65834847,2150199,596957,394817,2825
3,../model_20140423_969548559.uvl,49,48,40701586,true,1756421,35754019,2140701,414032,243334,4043
9,../model_20130908_1070185514.uvl,366,528,336543129,true,11444902,315142995,3197236,2781805,2228992,3012
14,../model_20170706_1588900401.uvl,30,26,50014529,true,1894317,45533988,1779182,288731,159288,3980
11,../model_20140227_661956564.uvl,47,43,100561477,true,1822729,95658561,2004865,426520,290599,3683
0,../model_20120515_1862354569.uvl,15,15,72061798,true,1561333,68626183,1457646,95654,56675,2963
13,../model_20141212_523199394.uvl,15,13,35925989,true,1588405,32134374,1692478,150700,83376,4027
10,../model_20221013_1054303307.uvl,66,56,76122644,true,2264868,70229883,2297962,596049,332986,4227
7,../model_20190915_1647283170.uvl,10,10,20121338,true,1571072,16736864,1449278,60642,35042,2115
4,../model_20160531_990808801.uvl,14,13,21984154,true,1600933,17640454,2329003,120179,45187,2958
1,../model_20140630_1564361664.uvl,10,5,23047763,true,1367743,19744314,1638911,59460,33766,2603
15,../model_20130529_51708559.uvl,16,17,25777114,true,1621452,22049413,1660112,110284,56489,2271
8,../model_20131202_1494824194.uvl,34,34,36178214,true,1660518,31872693,1861710,324707,185051,4457
3,../model_20110525_928187171.uvl,14,14,37026538,true,1553732,32117905,2824222,150677,83496,3717
5,../model_20110516_1331478109.uvl,88,145,94950497,true,3126422,88090671,1861354,781726,479994,2878
2,../model_20180512_316263333.uvl,41,36,31439224,true,1901138,26899245,1921506,202026,118737,3430
14,../model_20160721_972954567.uvl,10,9,23780271,true,1530550,20399779,1497104,63439,36007,2048
0,../model_20120113_1950870026.uvl,10,10,34433853,true,1492612,30601671,1877563,130845,77159,3599
13,../model_20221010_1477134717.uvl,51,44,39110657,true,1828230,34844702,1795646,228722,121678,2190
10,../model_20131122_1083650489.uvl,15,15,35526627,true,1583187,31631655,1693268,157584,216167,3921
6,../model_20140410_1905141388.uvl,11,20,32241661,true,1648130,28401296,1696254,154142,79415,2531
12,../model_20150505_1728564449.uvl,13,12,27667049,true,1517592,23835528,1831670,126955,73479,2772
8,../model_20130529_1165512118.uvl,10,10,21777259,true,1555946,18398253,1468964,60144,36069,2608
15,../model_20201007_667063467.uvl,72,63,45393461,true,1860853,40581365,1893649,319970,227952,2259
7,../model_20230322_572568226.uvl,51,36,41715668,true,1991534,36375072,2245810,381651,223014,4001
5,../model_20141202_107430422.uvl,36,30,55282871,true,1693908,50829920,1826975,315899,273015,3720
2,../model_20130916_882364260.uvl,15,17,30627624,true,1640241,27044868,1491542,100919,59535,2920
3,../model_20180306_1851656621.uvl,49,41,82335377,true,1918028,77047785,1993476,596226,325400,3523
9,../model_20150309_670536624.uvl,22,28,30993161,true,1741701,27020786,1650687,171398,90735,2372
14,../model_20140424_1672030888.uvl,65,45,50451792,true,1971442,43890242,3607301,326959,173469,2655
11,../model_20140408_1553357169.uvl,11,15,31432204,true,1506912,27912585,1611918,129052,61973,2350
13,../model_20190922_230985682.uvl,21,32,52976341,true,1742733,48561290,1714263,455973,179558,4243
12,../model_20190413_1966613868.uvl,42,18,55733300,true,1824679,51250762,1791164,305232,161616,3735
8,../model_20130917_1805517149.uvl,13,15,29167947,true,1766319,25507199,1501890,128038,62735,2207
15,../model_20170206_852070049.uvl,13,10,30880709,true,1664589,27445709,1375439,82534,45866,2283
7,../model_20170510_174347414.uvl,15,13,21305175,true,1517075,17828171,1550390,86066,47631,2244
2,../model_20140319_1506613330.uvl,16,12,25515019,true,1538784,21934468,1588197,108173,46154,2908
4,../model_20190117_1837815772.uvl,14,12,20849314,true,1612680,17394999,1495097,80312,42213,2139
5,../model_20150720_1580995178.uvl,22,24,46039793,true,1564973,41907054,1850037,244786,139956,3426
1,../model_20160329_925786350.uvl,31,29,27817202,true,1620296,24052970,1551621,153930,85735,2585
3,../model_20170315_692595151.uvl,23,18,29884964,true,1475540,26338542,1620215,119944,60862,2713
9,../model_20180611_1112345807.uvl,10,13,23704448,true,1528066,20198043,1516668,150710,46381,2591
11,../model_20200819_795623217.uvl,26,17,28075414,true,1476649,24423761,1635691,122253,159790,2709
13,../model_20150616_314969910.uvl,26,27,36605377,true,1597661,32874827,1558878,159474,90335,2453
0,../model_20230615_784426434.uvl,14,13,36461685,true,1657561,32384165,1900549,150479,78512,3407
15,../model_20140321_1655023261.uvl,14,14,26952198,true,1485617,23431377,1635332,81692,43774,2113
12,../model_20100529_1010171189.uvl,22,15,36796941,true,1532135,33108256,1704519,108590,62884,2418
8,../model_20170301_235251685.uvl,14,13,25355505,true,1393759,21875404,1623622,126434,90432,3173
7,../model_20170322_711096381.uvl,10,10,33419438,true,1437846,29684520,1877684,122185,61933,4123
10,../model_20100412_337845737.uvl,10,10,20021264,true,1565753,16462011,1649832,60708,35364,2262
6,../model_20140320_391816142.uvl,11,11,22107161,true,1541946,18447664,1717121,101321,41843,3008
2,../model_20140209_34267674.uvl,44,41,57391322,true,1865348,52791656,1833000,284454,193557,2275
3,../model_20141111_2120296387.uvl,51,18,37118848,true,1801535,32575720,1998696,193668,100370,2657
5,../model_20140301_728202228.uvl,49,45,48161138,true,2092037,43095241,2043907,327034,163211,3625
1,../model_20150507_425070085.uvl,44,44,55045310,true,1794135,50715987,1725352,269938,123292,2858
11,../model_20101119_1472596180.uvl,25,26,31501850,true,1994708,26913186,1878399,239531,129404,2864
14,../model_20141021_386995832.uvl,24,24,45950114,true,1707325,41550154,1854570,234670,270724,3907
13,../model_20180815_1120231956.uvl,26,33,42570294,true,1699200,38525883,1661488,201928,172346,2630
0,../model_20191119_1702487696.uvl,24,24,43011556,true,1742504,38791294,1763652,229768,131380,3573
15,../model_20190917_383002664.uvl,43,24,57827199,true,1858817,53209050,1858481,303786,179395,3263
7,../model_20160311_1359424486.uvl,50,50,50706467,true,1919619,46035638,1921443,240892,142709,3081
12,../model_20190914_1323674619.uvl,61,57,109676573,true,2147372,104664423,1821244,353843,186987,2302
10,../model_20160330_149443721.uvl,30,43,49186185,true,1616904,45081376,1754193,271588,136474,3241
2,../model_20180512_733862721.uvl,23,22,71505003,true,1771958,67504677,1687792,138416,74635,2124
3,../model_20170814_699386305.uvl,12,12,28273113,true,1480706,24652321,1815467,76077,45319,2225
6,../model_20160420_474055968.uvl,96,69,62730730,true,2915129,56255621,2191805,416338,297882,2303
1,../model_20200901_1590540568.uvl,38,33,36209786,true,1891354,30296684,3265859,251383,111808,2395
4,../model_20100416_811483774.uvl,16,9,34354073,true,1587457,30700418,1643794,84535,47693,2286
11,../model_20130422_139902368.uvl,40,34,44048792,true,1622404,40008322,1711468,187686,101954,2652
9,../model_20140423_813378270.uvl,48,44,38203017,true,1744238,33726606,1985939,231600,127019,2713
14,../model_20180306_177892963.uvl,45,37,56502344,true,2187951,51575740,1901885,291538,140504,2575
13,../model_20121018_1701181193.uvl,17,15,38704318,true,1601235,35031435,1577948,144754,91019,4020
0,../model_20100822_281357717.uvl,15,16,45661922,true,1605186,40231321,3220185,222166,126741,4407
7,../model_20140524_520707568.uvl,11,9,36160226,true,1511806,32476935,1709848,127116,67710,3886
12,../model_20110519_503436691.uvl,11,10,27299429,true,1511413,23916925,1491365,98801,40816,2308
10,../model_20131112_1617262618.uvl,30,25,30440575,true,1688598,26525741,1654753,212950,125826,2747
8,../model_20161018_1395239714.uvl,11,11,31021620,true,1569578,27496595,1531411,112816,64940,3012
3,../model_20110318_225131257.uvl,15,15,28372376,true,1680011,24666736,1621169,107705,57942,2141
4,../model_20120823_304633016.uvl,16,19,33697430,true,1648549,29822375,1731982,130480,70443,2220
5,../model_20201011_1804341944.uvl,59,59,57414696,true,2187996,51746313,1715870,275092,1025033,2808
11,../model_20120328_810464459.uvl,17,17,27370940,true,1605219,23848383,1483120,96427,51198,2214
9,../model_20151106_857588743.uvl,21,25,26164475,true,1575350,22465050,1611421,168563,83673,2223
14,../model_20161209_758532997.uvl,13,5,28375725,true,1664867,24565355,1704441,116041,63287,4186
13,../model_20180512_143602565.uvl,37,37,52503746,true,1627160,48159238,1811768,341462,282277,4468
0,../model_20170927_2140419024.uvl,87,69,58083956,true,2403825,52700969,1855082,439784,191728,3023
10,../model_20171202_671836466.uvl,14,14,30428122,true,1728775,26349188,1856528,124611,72588,3572
3,../model_20130916_330769314.uvl,17,18,31557842,true,1623232,27937175,1552609,103517,60503,2183
15,../model_20221114_1363146415.uvl,39,43,57158877,true,1992356,51977273,2091219,458923,229786,4892
4,../model_20140614_1407759983.uvl,29,29,39327111,true,1737089,35291750,1692237,166874,94644,2924
8,../model_20180305_1565538092.uvl,50,39,51319317,true,2357901,46174271,1889423,294034,149890,2581
5,../model_20171208_504832504.uvl,10,8,29267619,true,1557183,25605670,1677157,113485,59215,4012
6,../model_20160912_772295854.uvl,18,18,33625992,true,1818777,29560902,1779382,151170,88876,3527
1,../model_20140223_789634838.uvl,26,19,30459722,true,1692084,26436833,1768609,139477,67144,30943
2,../model_20141106_687094706.uvl,65,61,59177701,true,2096405,54310728,1833828,298626,161429,2265
9,../model_20120801_1784537083.uvl,12,11,37114076,true,1589162,33121150,1885570,135683,75532,4195
14,../model_20230322_61558144.uvl,16,16,24437881,true,1646906,20754041,1597034,85125,49904,2546
11,../model_20141029_1924517902.uvl,53,53,59442073,true,1895617,54472365,1937762,471338,311367,3688
13,../model_20130305_522520932.uvl,16,14,37386698,true,1610230,33503484,1726052,181336,77059,3622
0,../model_20140728_1532422166.uvl,23,37,124611874,true,1588571,120034484,1858295,537458,257686,4317
10,../model_20140430_1345238885.uvl,17,17,40123552,true,1695602,35943697,1886775,181568,100778,4505
3,../model_20150616_1287606127.uvl,22,21,26380406,true,1736815,22562047,1591470,117934,65724,2453
15,../model_20190825_1083955002.uvl,12,10,34108949,true,1705491,30261337,1725345,78669,42405,2144
12,../model_20190915_38921055.uvl,10,10,20853007,true,1377087,17556395,1614343,61593,38041,2013
7,../model_20230322_1914329788.uvl,32,32,28600939,true,1620157,24759788,1738539,160302,87462,3258
8,../model_20160311_358715911.uvl,26,26,30195604,true,1591455,26060039,1773774,245311,251633,4094
4,../model_20161101_1287284082.uvl,50,37,47380143,true,1638639,43283619,1735742,218860,115483,2443
6,../model_20130716_384525556.uvl,17,12,25251194,true,1491086,21948105,1473162,88218,47425,2326
5,../model_20130818_278315719.uvl,10,10,28015385,true,1495199,24739596,1489574,65242,35420,3093
9,../model_20180708_1907991672.uvl,24,30,34960483,true,1563572,31038235,1666052,190642,171116,2901
14,../model_20160329_736279509.uvl,14,14,23954384,true,1573154,20053071,1862464,139105,80210,3850
13,../model_20130426_1685243628.uvl,16,15,26194257,true,1644856,22578955,1540255,88299,49765,3027
10,../model_20140403_1425048263.uvl,12,12,22247616,true,1540714,18174154,2209104,82266,43212,2745
3,../model_20130821_361829065.uvl,30,30,27298640,true,1777327,23517716,1470637,152055,84281,2383
15,../model_20170607_1389753102.uvl,13,14,21434817,true,1455999,17912971,1667341,87512,53595,2135
8,../model_20160721_1827988269.uvl,19,24,26808637,true,1468600,23352350,1531638,131234,72509,2560
4,../REAL-FM-12.uvl,14,14,21708229,true,1334421,18547104,1435505,98339,60817,2823
5,../model_20111220_1184087779.uvl,15,9,22558884,true,1664269,18864882,1571676,89786,51890,2516
6,../model_20121026_334751192.uvl,28,28,27358017,true,1465574,23801298,1513298,141599,146887,4163
9,../model_20140613_2054294739.uvl,10,11,23043232,true,1314845,19801971,1565346,84952,51138,2897
14,../model_20110329_10104623.uvl,41,35,40236298,true,1929249,35941047,1599374,262310,113931,2771
13,../model_20130117_2075912065.uvl,13,14,25639711,true,1567123,22018616,1583492,111339,58026,2712
1,../model_20180913_872907572.uvl,15,15,22356455,true,1603205,18695803,1619374,85831,48669,2358
2,../model_20150515_2045521211.uvl,25,26,35838351,true,2013249,31579241,1653356,147548,82019,3148
11,../model_20120328_1357539597.uvl,18,17,35325527,true,1487660,31496632,1774009,183525,104830,4172
15,../model_20140823_1972464026.uvl,35,38,54781525,true,1686687,50292852,1812861,364218,312798,3765
8,../model_20110725_452580960.uvl,34,30,42236514,true,1733004,38198716,1687582,173033,92196,2448
4,../model_20141129_966803644.uvl,12,12,36787366,true,1689229,32946162,1684496,136083,81284,3362
5,../model_20200815_1845054862.uvl,39,32,30371659,true,1603109,26450887,1623989,182279,94852,2256
0,../model_20230322_729074756.uvl,29,23,27193693,true,1717611,22997467,1786126,208388,104724,3602
6,../model_20161118_1167269407.uvl,66,22,50954592,true,1951484,46271654,1765391,318139,199900,2655
12,../model_20171108_1643056811.uvl,12,6,36633664,true,1614058,32818649,1679318,127993,66682,3784
14,../model_20160712_1875218337.uvl,11,11,23568220,true,1470070,20327327,1404949,68430,39205,2338
7,../model_20140615_1755551630.uvl,24,22,43338768,true,1807073,39074598,1794612,229137,121321,3001
13,../model_20111214_733452875.uvl,15,15,25295403,true,1645053,21560420,1573609,161953,48025,2218
2,../model_20120529_2101702978.uvl,35,46,59353471,true,1999671,54733976,1737096,338891,148584,2096
11,../model_20110406_1047532859.uvl,29,28,48742320,true,1666530,43106568,1881881,1586698,176177,3807
1,../model_20190223_1159148955.uvl,103,70,64108130,true,2708547,57628474,2267910,551377,263667,2517
10,../model_20141129_1642511009.uvl,34,37,38377524,true,1758693,34164696,1739561,347752,137093,2914
3,../model_20130916_1448418245.uvl,14,16,25404502,true,1532550,21807990,1645143,97938,54332,2828
4,../model_20171109_1740328562.uvl,21,25,53734767,true,1687608,49464057,1784067,327382,172098,3817
5,../model_20120915_487659597.uvl,20,17,37067543,true,1509770,33316267,1766278,119214,76509,2391
14,../model_20170514_1578942718.uvl,40,44,64686831,false,2009911,59903706,1806048,550500,260695,4016
15,../model_20221031_379205114.uvl,158,208,210875514,false,4291557,199006195,2814144,2895591,1538485,3616
7,../model_20140306_1607259562.uvl,43,49,63999378,true,1850482,59066395,1861641,446233,333330,3752
9,../model_20111027_668940289.uvl,29,29,49258274,true,1730051,44745004,2021590,298547,159300,4355
2,../model_20170918_446567907.uvl,48,37,49269790,true,1814838,44947569,1647391,279915,134159,2253
10,../model_20160621_993334585.uvl,26,24,26356397,true,1692866,22404745,1705886,132082,76582,2667
3,../model_20150624_1191374126.uvl,13,12,30193404,true,1593457,26794450,1411204,118305,50337,2289
5,../model_20180930_1153905679.uvl,27,27,40087067,true,1654086,36267214,1579088,130767,157894,2739
8,../model_20140605_572628146.uvl,11,11,35453309,true,1623002,31574922,1790052,126066,76619,3672
15,../model_20110328_1177934440.uvl,18,20,22947895,true,1212718,19753136,1534321,120657,64241,2805
14,../model_20200810_956997411.uvl,39,36,34375174,true,1742239,30150097,1710656,196043,178030,3672
7,../model_20230322_1194175451.uvl,34,25,29852272,true,1553502,25939613,1752885,151495,83948,2669
6,../model_20140409_1370428339.uvl,24,28,36412158,true,1731625,32273673,1720146,207092,164332,3278
9,../model_20160330_469153666.uvl,13,13,21722223,true,1514308,18101746,1705275,76725,47590,2323
0,../model_20170310_2069806245.uvl,49,36,52104414,true,2017889,46977391,1940323,483571,244229,4350
12,../model_20161003_680973994.uvl,53,58,71860910,true,2082450,66164684,2212307,575244,368033,4326
13,../model_20181029_2093756359.uvl,18,18,25829912,true,1536490,21861772,1929975,127170,69368,2941
3,../stack_fm.uvl,17,13,32670158,true,1568596,28881423,1693516,147356,82437,3776
10,../model_20130105_1019508207.uvl,24,27,48704338,true,1642062,44526607,1785747,290699,159884,3835
1,../aircraft_fm.uvl,13,12,36938713,true,1596135,32971267,1856800,146626,76054,3660
5,../model_20150109_425963323.uvl,37,23,56202726,true,1705010,51655659,1972158,318571,159671,4256
14,../model_20180512_419383167.uvl,36,38,33617055,true,1788083,29501827,1621961,185879,161495,2349
7,../model_20200815_582760962.uvl,29,23,47991530,true,1828618,43670907,1718403,264976,143475,3152
6,../model_20130529_1162054266.uvl,16,16,33936771,true,1474511,30526294,1518752,111500,56628,2596
9,../model_20170528_1427439246.uvl,10,11,24906413,true,1701878,21123843,1674492,84605,49289,2521
12,../model_20160531_486171149.uvl,35,35,51687417,true,1608132,47681683,1620166,272828,182527,2777
0,../model_20170919_1393589103.uvl,48,45,102494551,true,1834657,97233586,2031252,665934,309700,3792
13,../model_20150625_1923523971.uvl,16,13,40008509,true,1808289,35943118,1671370,176491,97200,4270
2,../model_20230322_1299985155.uvl,31,20,31880044,true,1743012,28016090,1654543,131759,75707,2167
5,../REAL-FM-18.uvl,44,47,52499170,true,1534284,48134654,1831188,401002,241972,3952
3,../model_20170919_303553909.uvl,49,55,77594501,true,2154198,71378459,2194291,841776,564943,4270
11,../model_20170925_1698983864.uvl,19,19,23999340,true,1695507,20183380,1609181,105318,78537,2484
14,../model_20171129_847069382.uvl,35,32,43568356,true,1699524,39537009,1685706,222760,90676,2848
6,../model_20100607_746327867.uvl,20,15,43290046,true,1667866,39292190,1726577,195485,100232,3037
9,../model_20160531_1105256806.uvl,25,30,53002178,true,1585170,48402981,1664547,184600,849572,2178
0,../model_20170215_1976164448.uvl,35,20,42600748,true,1690597,38596464,1643265,210570,90990,2338
12,../model_20170228_2078125436.uvl,34,26,42588315,true,1753858,38551349,1659337,164559,87284,2917
13,../model_20150301_1821356180.uvl,28,33,42702615,true,1697898,38537684,1823209,185765,108201,2911
8,../model_20091205_755658379.uvl,94,71,98277637,true,2999806,91177679,2200413,776818,490183,4274
3,../model_20141023_1600573567.uvl,20,20,24832344,true,1552987,21243847,1561558,104540,59766,2251
15,../model_20170221_1848353506.uvl,210,161,151392990,true,6476719,138460514,2714871,1118725,1465302,3290
10,../model_20110809_1799855518.uvl,25,13,31754344,true,1753525,27732165,1717497,109053,126915,2227
1,../model_20181205_2097248492.uvl,19,24,29799216,true,1694360,25755248,1703149,246965,138659,3571
14,../model_20160429_2024552354.uvl,12,12,34954795,true,1636105,31129060,1688078,135275,76377,4032
4,../model_20190904_400441788.uvl,625,500,355316531,true,22624173,320656221,4395520,2791571,1781445,3391
6,../model_20160426_744600320.uvl,21,20,41146089,true,1701237,37212438,1647296,210364,118633,4395
9,../model_20190805_1041162508.uvl,23,13,41933933,true,1558341,38010778,1701149,220406,120119,3830
12,../model_20160125_59009200.uvl,37,35,43618331,true,1691785,39310811,1750043,366781,146360,3218
7,../model_20150612_1719519345.uvl,14,12,32582132,true,1678630,28887415,1604034,82036,46975,2556
0,../model_20130529_2135483929.uvl,16,17,41344520,true,1613328,37461127,1668910,197731,110809,3856
13,../model_20161109_258969269.uvl,10,11,25316027,true,1677287,21385471,1856338,85336,53101,2794
8,../model_20230613_1168762973.uvl,11,7,36152230,true,1559717,32449503,1719200,129107,64683,3914
2,../model_20170512_1532934104.uvl,24,24,26271232,true,1589238,22551832,1690444,117745,65831,2569
15,../model_20171029_1247758730.uvl,10,9,34435452,true,1516474,30840878,1662874,121267,65937,4202
1,../model_20150529_550903687.uvl,21,20,33091649,true,1587961,29356193,1644999,132693,79076,2329
3,../model_20170313_143405764.uvl,48,46,73943573,true,2068392,68673524,1914951,613548,240144,2459
14,../model_20120806_904481092.uvl,17,16,39810792,true,1836151,35700940,1670538,193498,107929,3952
5,../model_20120130_333619036.uvl,31,27,41822477,true,1577312,38033819,1671424,149116,80928,2276
10,../model_20140227_386614568.uvl,75,49,60335915,true,1970737,54943828,1983252,566917,363708,3426
11,../model_20230322_774285627.uvl,15,12,25995800,true,1540674,22292052,1706276,135675,63016,3489
4,../model_20230322_1887635433.uvl,32,32,48940612,true,1666025,44756863,1801450,301797,171367,4089
7,../model_20130422_1348727660.uvl,19,16,26285928,true,1505127,22670013,1705787,98088,53220,2248
12,../model_20160309_77134368.uvl,18,17,86774156,true,63591278,21138546,1571654,124456,87606,2496
0,../model_20160926_106687243.uvl,57,52,51179273,true,1958889,46578245,1775254,253814,133762,2203
13,../model_20121213_681234650.uvl,33,33,49720698,true,1665932,45625627,1779638,173541,100961,3046
2,../model_20131202_715513367.uvl,22,22,24858835,true,1580686,21213483,1572627,112238,64060,3076
15,../model_20170404_1821671055.uvl,13,14,22980725,true,1751393,19239735,1561515,99876,55815,2195
1,../model_20131122_1573422851.uvl,15,13,25929265,true,1331160,22532766,1688549,84319,46412,3033
3,../model_20130908_1057721135.uvl,14,14,23863513,true,1625736,19985728,1771719,130878,62800,3614
5,../model_20160329_174305764.uvl,44,49,40642152,true,1942992,36116004,1671951,292435,218870,3246
4,../model_20160330_1233914245.uvl,12,13,34302337,true,1542875,30727247,1608976,102742,56868,3142
7,../model_20191111_1176325905.uvl,16,14,27095101,true,1652238,23410654,1640077,84207,47575,2530
10,../model_20170930_228024571.uvl,62,69,74049248,true,1930587,69197164,1701114,481870,373599,2442
13,../model_20200816_1246721801.uvl,18,16,24304186,true,1646910,20611645,1592093,99912,55144,2395
6,../model_20180911_126281571.uvl,10,10,36280346,true,1580928,32468664,1717530,150363,85752,3657
0,../model_20160919_422339066.uvl,50,42,58433961,true,1883228,51714972,3641364,470143,263084,3725
8,../model_20180512_775268148.uvl,24,21,34757370,true,1721250,30990784,1495308,178072,67561,2190
2,../model_20131202_533920013.uvl,19,19,28478953,true,1642434,24882251,1486701,98443,55387,2141
3,../model_20140604_731553244.uvl,14,14,31317455,true,1406941,27881607,1648698,79887,49171,2251
5,../model_20180613_78021145.uvl,15,16,28873385,true,1674540,25431725,1382169,98005,55955,2314
4,../model_20190921_1186818003.uvl,15,13,21671615,true,1314874,18572380,1463290,85581,49449,2723
14,../model_20181103_2077285196.uvl,11,11,26563374,true,1576929,23036357,1507168,105363,62741,3205
10,../model_20160123_368502373.uvl,10,9,19154293,true,1368712,16084839,1381846,62920,34368,2767
7,../model_20180713_1002093829.uvl,23,17,29223644,true,1535038,25187491,1763612,270793,138173,4158
13,../model_20190513_215044614.uvl,10,9,21055657,true,1577098,17493818,1604830,68083,36785,2821
6,../model_20130508_1842381745.uvl,16,14,28096907,true,1540308,24620334,1511917,93027,50912,2150
9,../REAL-FM-3.uvl,43,45,50355322,true,1959230,45898582,1658611,258683,170969,3134
11,../model_20190917_1844149588.uvl,49,25,43744452,true,1604625,39715510,1867498,199650,96665,2670
0,../model_20131217_806985744.uvl,11,7,28357392,true,1730841,24644106,1572587,81253,52201,3111
12,../model_20121023_1328975384.uvl,14,14,28154270,true,1525944,23912058,2358878,80035,51688,2148
8,../model_20230322_310895789.uvl,26,26,80238266,true,1710929,76248664,1748912,132504,74987,2008
3,../model_20170627_231083922.uvl,14,14,23436212,true,1452834,20150511,1498348,96102,53179,2835
5,../model_20190513_639238065.uvl,10,10,22882160,true,1729771,19270261,1531905,75753,46297,2229
15,../model_20140101_941325443.uvl,10,10,34387967,true,1488704,30890715,1647774,111258,66175,3409
1,../model_20140615_1477062295.uvl,33,26,27782418,true,1509831,24120247,1687444,154061,83144,2359
14,../model_20200919_469515687.uvl,20,18,35136393,true,1424424,31730258,1554580,116022,61587,2351
10,../model_20180306_1625675392.uvl,48,25,34411064,true,1940885,30225623,1597115,224722,96070,2128
13,../model_20140819_535519547.uvl,13,13,22057233,true,1407896,18598411,1689481,75060,43554,2540
6,../model_20160824_2005849052.uvl,21,21,27171496,true,1514046,23721632,1497931,103723,61228,2464
9,../model_20120110_139114401.uvl,10,10,35908804,true,1351618,32482869,1534912,260300,82966,3076
11,../model_20180306_1110315637.uvl,39,19,31853508,true,1819220,27742912,1637800,186350,94701,2819
8,../model_20160329_1691896941.uvl,28,38,44858905,true,1728168,40824071,1586739,228879,114884,2675
3,../model_20160917_824197127.uvl,14,11,29409344,true,1454209,26144198,1430409,80293,43133,1964
5,../model_20121023_356761254.uvl,12,12,26101848,true,1620739,21695989,2384818,74468,45594,3016
2,../model_20131201_820966647.uvl,18,19,28514251,true,1326239,25124169,1651376,106342,76065,2880
15,../model_20200811_1911664133.uvl,17,19,33040054,true,2411166,28518141,1581693,137264,142328,2679
1,../model_20190916_233719618.uvl,10,10,19100900,true,1304665,15970867,1438358,61962,35618,2054
14,../model_20131122_23346211.uvl,15,13,71470002,true,1766279,67511928,1768484,84882,47530,2010
13,../model_20141107_377655341.uvl,24,25,28861153,true,1638440,24967249,1639517,203033,76007,2325
4,../model_20150521_1423870525.uvl,16,16,28927321,true,1562545,25420041,1614720,88193,53100,2585
10,../model_20160502_1352812691.uvl,38,32,53179413,true,1729892,48720762,1798487,339487,190445,3087
6,../model_20170315_1174513943.uvl,18,18,27454362,true,1571047,23700607,1637328,178214,103398,3410
7,../model_20110203_2097159983.uvl,18,18,40078043,true,1733320,36088179,1704767,161412,84481,4484
8,../model_20131112_605989901.uvl,25,18,38189098,true,1723587,34421878,1517191,120663,69901,2832
0,../model_20161128_2133107865.uvl,68,46,75375851,true,2413438,69317145,2321597,517821,284381,3805
5,../model_20160330_511669656.uvl,15,10,113935584,true,1478383,110210955,1752869,150414,78808,3276
15,../model_20120202_1596034358.uvl,10,11,24519640,true,1739239,20875575,1522987,72801,43010,2213
14,../model_20160329_160417479.uvl,20,17,22209978,true,1542114,18696461,1555041,104978,54645,2665
1,../model_20180612_1244406232.uvl,33,33,51774004,true,1741442,47375186,1791217,310499,178853,4454
13,../model_20151119_825568988.uvl,19,19,33406519,true,1887418,29537057,1500808,110641,62793,2896
10,../model_20190522_227919886.uvl,20,21,78576654,true,1700893,74742188,1588260,153545,72530,2182
6,../model_20160508_265400900.uvl,46,52,42543725,true,1972014,38132924,1630395,252380,174423,2836
7,../model_20120731_787433291.uvl,43,40,55502491,true,1765121,50027122,2955024,255231,130911,2714
11,../model_20190619_50728308.uvl,19,19,27475097,true,1652539,23848417,1581593,103770,59923,2286
9,../model_20141029_1107505375.uvl,12,12,84022712,true,1321780,80526407,1816051,101817,41806,2176
8,../model_20110222_2078967171.uvl,48,51,56599301,true,1686256,51741606,2018197,459680,257192,3018
0,../model_20130305_204544380.uvl,13,13,23095386,true,1421406,19732502,1544512,94277,66964,2282
5,../model_20200810_1487197226.uvl,29,29,28222002,true,1629267,24315946,1662615,178934,84052,2586
15,../model_20120109_1808102333.uvl,18,19,26691483,true,1678529,22966478,1528800,180791,64409,2154
12,../model_20130122_243381566.uvl,14,14,27899188,true,1421221,24261302,1759031,182387,50386,2506
3,../model_20091015_449909368.uvl,10,10,29644862,true,1445435,26024990,1752934,117882,68231,3916
10,../model_20161101_1188178549.uvl,36,36,52590142,true,1677880,48163728,1789013,320607,279976,4062
14,../model_20110704_328391695.uvl,172,145,137598985,true,4537201,127436310,2557750,1236499,929630,4513
2,../model_20170328_1485540940.uvl,451,428,405836882,true,22366465,372251194,4711930,2749911,1618927,2709
4,../model_20180403_1861855205.uvl,14,14,65381342,true,1514309,61974055,1496731,75520,43482,2522
7,../model_20191126_842054213.uvl,21,23,34480242,true,1699632,30317631,1719960,234194,226202,3823
11,../model_20120522_87989914.uvl,35,47,62244525,true,1865205,58001451,1586443,292290,198624,2731
5,../model_20170517_1986241278.uvl,10,10,38421449,true,1454611,34648127,1799937,161546,117073,4658
15,../model_20131109_2060894287.uvl,14,13,30524285,true,1651127,27032591,1490274,102731,56069,2142
0,../model_20120329_788560154.uvl,55,49,56706745,true,1995392,51783367,1968395,317594,162854,3410
3,../model_20130916_2072761889.uvl,15,17,22186690,true,1730564,18387435,1550765,148608,56366,2441
12,../model_20131016_1224723724.uvl,11,13,24024856,true,1463435,19697419,1624908,923819,49472,2292
14,../model_20160608_755102753.uvl,12,12,22736308,true,1447426,19114091,1737683,120183,71764,4157
10,../model_20160315_505457800.uvl,28,28,32444223,true,1617430,28650627,1569324,137042,145399,2705
2,../model_20110306_314567479.uvl,14,14,24487253,true,1395893,20998187,1730185,79010,45964,2990
13,../model_20131125_731391866.uvl,18,19,35722013,true,1801584,31451721,1864708,197612,115733,4898
1,../model_20190824_1440931285.uvl,104,104,106041491,true,2676826,98798306,2412670,901330,636466,4447
7,../model_20160221_544170906.uvl,11,10,35945436,true,1470936,31238294,1731220,1193995,80934,3900
6,../model_20130122_1064508817.uvl,12,17,38057992,true,1651109,34091401,1694541,222986,111786,3827
11,../model_20130324_1541392486.uvl,51,43,61153309,true,1894620,56444471,1984964,241122,130842,2381
5,../REAL-FM-9.uvl,14,15,23958204,true,1448089,20456576,1616419,99670,68212,2480
15,../model_20190920_1330526555.uvl,10,10,22095145,true,1511050,18696557,1519332,66003,39605,2064
0,../model_20120328_1667195252.uvl,24,25,47591577,true,1761881,43342042,1747517,255362,145489,3823
12,../model_20160411_1158715394.uvl,11,11,34311088,true,1429551,30648291,1792066,122278,70529,3266
9,../model_20230228_1021126902.uvl,11,11,28451547,true,1659822,24251106,2055053,136459,77326,3328
8,../model_20170916_973590519.uvl,48,39,48760102,true,1725796,43624334,2084403,594296,324337,4067
14,../model_20200128_1154759905.uvl,23,23,47047539,true,1839615,43020558,1644035,147011,78922,1992
10,../model_20190503_1463982406.uvl,41,45,37507310,true,1893533,33166057,1769971,233241,131728,2949
2,../model_20220910_809454030.uvl,37,39,61780777,true,1695872,56882257,2005073,511912,281430,3612
13,../model_20171010_332868283.uvl,12,11,26044787,true,1364918,22533731,1796593,76377,42100,3040
1,../model_20160330_1356575467.uvl,10,10,33099408,true,1473606,29599061,1591555,118375,68757,3263
7,../model_20180819_995624779.uvl,14,14,33535413,true,1637416,30021998,1454466,150417,47504,2267
11,../model_20200609_1715293706.uvl,12,12,27987107,true,1565345,24324793,1653386,102240,58788,2872
4,../model_20160821_1946133193.uvl,14,14,23481204,true,1684695,19586750,1800368,88772,49494,2454
15,../model_20140225_1829795152.uvl,14,13,39455715,true,1481902,35780959,1643525,164993,96637,3779
5,../model_20171008_377237228.uvl,43,43,97439585,true,1634763,93322053,1768014,203607,111916,2773
12,../model_20181219_1343761699.uvl,20,14,26160621,true,1626170,22468867,1560574,137978,65574,2134
9,../model_20101117_1571856147.uvl,10,10,26681418,true,1593880,23137084,1588685,61496,35983,1965
3,../model_20111025_1408959776.uvl,13,13,25138289,true,1539538,21562513,1637099,79332,49853,2102
8,../model_20100831_1378118837.uvl,35,32,51404642,true,1758246,46812260,1917262,364840,175873,3536
14,../model_20110826_1555954181.uvl,24,24,30068030,true,1414862,26308889,1787229,188687,127610,4204
2,../model_20130916_1980915056.uvl,15,17,35184892,true,1615627,31280005,1699742,163012,94081,3455
10,../model_20160111_1033692827.uvl,61,58,69704057,true,2081249,64796726,1852555,348085,160764,2195
1,../model_20131128_2046989275.uvl,15,15,38061052,true,1514351,34259036,1749259,159742,89578,3479
7,../model_20140428_1127346099.uvl,72,71,53986578,true,2330982,48356568,1975827,515980,270532,2926
11,../model_20150429_343028682.uvl,43,39,37908673,true,1874739,33557944,1739028,200054,127590,3381
5,../model_20150507_1665248699.uvl,15,14,37545066,true,1683860,33676051,1687094,163102,90615,4325
12,../model_20150320_593593000.uvl,13,13,40613060,true,1465259,36753865,1681448,330470,106471,3527
6,../model_20161012_1497804026.uvl,13,13,112868348,true,2325053,108437995,1731061,75501,63693,2699
0,../model_20230322_242202942.uvl,19,19,23984947,true,1439274,20430935,1671589,112643,57714,2943
3,../model_20221025_2010292001.uvl,22,22,24536008,true,1530492,20692612,1608116,111246,63495,2069
9,../model_20170310_906013336.uvl,47,33,38723022,true,2007458,34292780,1661701,252911,171530,2286
8,../model_20230322_2065877531.uvl,26,26,44359252,true,1822259,40194701,1667481,238002,92258,3402
2,../model_20120122_258977494.uvl,19,19,31612902,true,1625402,27855039,1611514,152716,69887,2129
10,../model_20150305_837831991.uvl,39,42,43613132,true,1675427,39032959,1873839,405963,211041,4345
11,../model_20161107_2119549052.uvl,12,12,35371717,true,1398491,31918719,1647354,134529,77718,4535
13,../model_20121123_388334786.uvl,16,17,27321331,true,1654471,23358865,1723925,194799,110901,4262
7,../model_20161128_844678202.uvl,39,31,40791592,true,1776169,36680659,1656079,190715,98743,2535
5,../model_20120829_1418879889.uvl,10,10,19721183,true,1479420,16399739,1508416,61500,34004,2046
6,../model_20120904_1604580471.uvl,13,8,28187513,true,1436846,24493661,1857754,81286,44788,3034
12,../model_20150223_339293957.uvl,26,25,81781343,true,1711054,77397661,1908891,274340,146376,3861
4,../model_20180126_2070362475.uvl,30,25,35247060,true,1850028,31172554,1687057,142234,77756,2303
15,../model_20130812_690840910.uvl,30,36,42655953,true,1772557,37859722,2112247,370009,197960,4027
0,../model_20160330_1191432205.uvl,19,19,23907574,true,1623324,20375681,1487078,96457,56006,2652
3,../model_20130911_2001583567.uvl,34,24,75455307,true,1619467,71494430,1702678,152143,142848,2236
8,../model_20131028_1719041666.uvl,19,19,37903983,true,1575924,34075528,1662123,181883,95214,3974
2,../model_20170818_1523700786.uvl,31,31,33806703,true,1706761,29933555,1638396,152618,96870,2611
10,../model_20190917_1679843058.uvl,11,11,36064048,true,1627978,32344257,1621836,124480,72838,3972
14,../model_20160329_1491802197.uvl,20,17,41552068,true,1754227,37534583,1662760,196323,103731,3824
13,../model_20180222_1813103418.uvl,26,18,28399420,true,1525598,24709096,1716107,122384,72117,2359
7,../model_20180311_1112468126.uvl,29,29,37618388,true,1633349,33500372,1755805,242658,134343,3181
5,../model_20180222_1531590612.uvl,18,17,40622676,true,1452511,36936220,1672093,193588,103009,3521
1,../model_20131122_1558809462.uvl,26,26,24905695,true,1486911,21219890,1710005,131527,78508,2857
6,../model_20160229_1590940306.uvl,50,58,48643301,true,2034900,43930983,1763511,302888,160815,2712
15,../model_20140509_978687642.uvl,10,10,20238632,true,1452534,16883680,1482048,94837,57023,4530
0,../model_20190919_887233558.uvl,17,17,33150213,true,1672238,29308016,1632799,160087,91918,3085
8,../model_20141116_913921823.uvl,44,41,33189854,true,1946882,28759954,1760477,206273,110276,2971
9,../model_20131111_1486670620.uvl,21,18,38450216,true,1571687,34685251,1633739,202371,108336,3754
2,../model_20190918_1569717148.uvl,17,17,38351652,true,1642194,34739765,1531222,95801,58251,2139
10,../model_20171014_936370428.uvl,10,9,19918312,true,1666670,16339161,1530922,68115,37789,2782
14,../model_20170131_61369545.uvl,39,39,40458893,true,1623534,36283996,1908360,179411,97586,2633
13,../model_20140303_1487935744.uvl,23,14,43225916,true,1460731,38193335,2962672,208315,108974,4385
7,../model_20190916_1591625575.uvl,42,24,39175687,true,1748899,34570782,1930009,327535,179999,3302
5,../model_20191115_635910941.uvl,37,28,34605754,true,1666918,30373825,1702476,280064,228750,3405
11,../model_20130220_406091727.uvl,43,48,41497847,true,2115280,36328449,1880029,463887,314056,3792
15,../model_20121123_1588832561.uvl,16,15,36757901,true,1520273,32989315,1729426,165518,92142,3452
6,../model_20170320_772300106.uvl,48,48,45241281,true,1884983,40242230,2097376,385839,223953,4625
0,../model_20160308_993894457.uvl,10,9,35453732,true,1560477,31688115,1751044,123754,67874,3689
12,../model_20230322_1023477919.uvl,73,55,46036651,true,2096780,41249037,1844736,328738,200709,2086
4,../model_20160906_881197553.uvl,18,14,41308867,true,1783922,37189815,1753426,178011,93859,3665
9,../model_20171012_404282969.uvl,25,25,25363621,true,1459943,21758274,1583357,136725,76530,2545
10,../model_20200619_2057881785.uvl,37,39,47404216,true,2012272,42363676,1932784,452131,229920,3298
1,../model_20170328_418838667.uvl,261,254,251239702,true,7652324,236191033,2973984,2191799,941624,3145
7,../model_20140326_801743865.uvl,13,19,38920179,true,1675383,34939167,1571043,336599,118034,3527
2,../model_20170321_1774846112.uvl,179,155,119784268,true,4952489,109938036,2619427,1073122,601650,2809
6,../model_20190624_198695067.uvl,24,24,32231717,true,1629882,28329625,1656910,203715,114205,3582
15,../model_20091219_494647199.uvl,11,11,20360998,true,1440517,17116818,1445109,65357,37046,2198
0,../model_20121018_795335675.uvl,16,15,32330128,true,1745844,28301320,1725531,158176,92287,4095
12,../model_20140130_912999540.uvl,13,13,27876629,true,1607139,24394497,1464737,91952,50635,2024
8,../model_20121018_1875808662.uvl,16,15,37916034,true,1541657,33932938,1883765,171841,95406,4046
4,../model_20180407_489573335.uvl,109,126,70304550,true,2518413,63165044,2923311,661010,308137,2001
10,../model_20230322_812446738.uvl,34,23,38299734,true,1738802,34317138,1616180,150109,86407,2683
7,../model_20091129_1734444143.uvl,12,13,35155645,true,1442647,31348044,1889268,145050,85599,3986
1,../model_20160913_482611615.uvl,48,37,63639906,true,1672185,58644379,2135492,534262,271521,3176
13,../model_20200810_1407499848.uvl,35,35,34174412,true,1823168,29893642,1763272,188546,109897,2461
2,../model_20230615_743611401.uvl,24,19,43820233,true,1598014,39643701,1828507,223427,234058,3719
14,../model_20140614_2029282468.uvl,54,54,56292035,true,2076547,51632893,1733052,260476,141391,2379
15,../model_20161025_210874268.uvl,10,10,30653249,true,1643612,26865189,1692918,116724,67487,3811
3,../model_20161127_1823059506.uvl,69,257,261141123,true,3282266,250357162,2494313,2847311,1609545,3721
6,../model_20151127_885194761.uvl,36,35,47651352,true,1809254,42885105,1970307,392077,211256,3948
0,../model_20160301_1978418899.uvl,24,32,33029182,true,1738811,28549022,1867200,349581,184899,3944
11,../model_20140629_1128400878.uvl,42,32,104023615,true,1659952,99835872,1809943,195235,155890,3015
12,../model_20140410_454790336.uvl,11,22,47465814,true,1564801,43540301,1690799,286258,150099,2992
8,../model_20190917_1352548057.uvl,59,33,39907160,true,1855207,35439518,1902752,231512,126992,2696
10,../model_20120202_114979109.uvl,22,19,30075627,true,1646333,25936526,1772818,288744,154533,3791
9,../REAL-FM-1.uvl,88,72,58899844,true,2396548,53394068,1927323,383486,218472,2987
2,../model_20121212_425431925.uvl,16,15,27718835,true,1651895,24079289,1557540,90203,50739,2347
13,../model_20190917_896971240.uvl,35,20,52581298,true,1678944,48285919,1771575,291929,150355,4028
6,../model_20171005_1407702877.uvl,28,28,42783567,true,1621471,38857705,1804067,138898,78948,1972
5,../model_20141030_1194865372.uvl,48,43,46746968,true,1838378,42352107,1822200,263128,152026,2242
14,../model_20120725_1460954667.uvl,97,81,61168651,true,2907464,54963755,1944026,404222,298670,2866
11,../model_20121123_1266693931.uvl,16,15,37548262,true,1666006,33587353,1726209,169162,92603,4087
0,../arcade_game_pl_fm.uvl,61,95,65091126,true,2137131,59480414,2072540,612250,308405,4128
15,../model_20221026_1860047321.uvl,103,93,66505174,true,2855826,60006808,2160516,445508,365256,2988
8,../model_20180618_656757926.uvl,11,11,33526689,true,1458725,29880309,1735287,123007,70650,3845
10,../model_20140411_1148485857.uvl,12,23,41342885,true,1532918,37774338,1547405,168813,88612,2689
12,../model_20200907_1678285822.uvl,63,63,70583840,true,2209538,65204279,1936912,523810,308933,3729
4,../model_20150310_1159520762.uvl,35,39,45785190,true,1784498,41226222,1922549,342865,127463,2794
9,../model_20140914_1816201365.uvl,37,39,43696019,true,1829838,39307593,1704063,304369,159723,3971
2,../model_20150114_50814742.uvl,33,32,64216922,true,1651576,58865039,1696056,441253,1226348,3177
1,../model_20110722_419227445.uvl,25,25,42056490,true,1716707,37793754,1900046,238268,137220,3904
7,../model_20160629_1032137585.uvl,16,15,41422850,true,1751546,37466428,1649672,199527,105531,3615
5,../model_20100624_2076952989.uvl,17,17,26323371,true,1558558,22718850,1597522,119054,64599,2390
6,../model_20181005_1705175151.uvl,26,20,46071662,true,1688819,41940993,1770789,237307,125586,3825
3,../model_20180222_1576024243.uvl,13,10,31652942,true,1522021,28169219,1648272,75292,39662,2310
11,../model_20130106_749900457.uvl,21,15,41368891,true,1638406,37439087,1753238,185388,106145,4073
0,../model_20190513_1805648090.uvl,10,12,35896933,true,1600562,32081361,1761826,148482,84044,4443
15,../model_20160502_596671432.uvl,25,18,29909572,true,1740612,25990335,1714700,138948,62510,2052
9,../model_20140613_1129301242.uvl,10,9,28221044,true,1398447,24760841,1639216,124190,63320,3995
4,../model_20110401_868452735.uvl,14,10,28262118,true,1459529,24793352,1612947,78321,45105,2528
2,../model_20110718_866950306.uvl,20,19,86473746,true,1461524,82917606,1688016,105531,56731,2502
1,../model_20120328_523540818.uvl,10,10,20854374,true,1426105,17695674,1449638,62256,39753,2201
6,../model_20121018_1639434192.uvl,17,15,34267496,true,1730217,30461582,1621755,94734,49817,2633
3,../model_20190502_109355269.uvl,18,18,38677401,true,1530603,34881883,1671141,181246,103596,4135
7,../model_20191016_1243022077.uvl,83,83,57063075,true,2277669,51309731,2274447,393148,296408,2612
5,../model_20131114_87095598.uvl,57,61,111233323,true,1991280,60797969,1981871,292132,45830341,2270
13,../model_20101120_2091447559.uvl,20,20,26087164,true,1751011,22284557,1548445,111523,63019,3028
0,../model_20230322_497943934.uvl,40,27,44949546,true,2058939,40503741,1726495,178148,108204,2532
11,../model_20141113_346832425.uvl,56,59,58329092,true,2163461,53113039,1912033,478643,193705,2243
15,../model_20130522_1326579656.uvl,45,45,58338921,true,1976129,53670099,1941758,210757,113499,2021
14,../model_20200810_1943380085.uvl,26,22,45638929,true,1820919,41131634,2026625,188725,128957,3607
9,../model_20230322_2049733851.uvl,24,22,43119251,true,1724926,38824910,1860367,241811,127551,3913
4,../model_20140819_914542251.uvl,62,59,70287703,true,2249713,64340265,2334335,554709,301209,4181
8,../model_20180301_203291309.uvl,13,13,27385873,true,1915027,23371119,1705692,76674,53754,2138
10,../model_20161117_1407262512.uvl,21,16,23715024,true,1505393,20229010,1567580,105162,58709,2700
12,../model_20200817_129447612.uvl,37,37,41918759,true,1730869,37655160,1741876,258057,185869,3436
2,../model_20160330_1846251072.uvl,39,38,50179600,true,1996314,45444336,1724504,321410,285355,3573
6,../model_20221102_1308706395.uvl,17,12,34714636,true,1858251,31048643,1306788,114051,60512,2321
7,../model_20160606_412121552.uvl,14,13,26550354,true,1537016,22818478,1780990,104419,66305,3984
13,../model_20190502_1338968023.uvl,34,39,33346915,true,1755868,29287034,1527026,211758,203476,2499
0,../model_20190203_959278211.uvl,27,27,24385373,true,1542474,20620725,1635073,136515,78674,68217
15,../model_20160303_1635209528.uvl,16,15,37706565,true,1617537,34068064,1446086,174163,94000,3629
14,../model_20160330_1784601624.uvl,25,22,35255310,true,1496656,31591319,1621284,124086,130928,2304
9,../model_20131112_1825068383.uvl,25,30,31972598,true,1555546,28191636,1635256,159935,86240,2131
4,../model_20130811_391981530.uvl,41,51,45581818,true,1855894,41197131,1718325,269961,143116,2843
10,../model_20160623_1415871890.uvl,13,11,20816787,true,1398663,17344165,1592296,81426,49944,2712
8,../model_20200901_1356822502.uvl,38,29,31724238,true,1719134,27872307,1616450,170786,93519,2087
12,../model_20101110_1749898936.uvl,19,20,28280225,true,1643808,24572129,1480702,131692,143641,2291
2,../model_20100927_1382418986.uvl,10,12,23360985,true,1462916,19724535,1800757,83391,49357,2755
7,../model_20141119_1459706454.uvl,34,33,34063889,true,1793515,30179158,1543701,168670,91378,2613
6,../model_20160925_2087627141.uvl,47,44,49965351,true,2055928,44221222,1842976,343533,1129767,3215
5,../model_20120328_288933955.uvl,17,20,43435005,true,1670537,39577114,1602451,218601,123181,4148
3,../model_20141030_1477913256.uvl,12,12,35692416,true,1601048,31897932,1673554,144397,89116,4195
14,../model_20130116_382639902.uvl,31,30,34540474,true,1681669,30587574,1602381,236150,103079,2043
11,../model_20200901_93573304.uvl,38,29,55757026,true,1907728,51093702,1852402,334773,178261,3562
9,../model_20170320_149190356.uvl,50,56,64381069,true,1861887,59436830,1950327,534718,278170,3559
10,../model_20130619_405989942.uvl,10,10,20474517,true,1457825,17219378,1462756,61712,35128,2163
4,../model_20171207_1015871671.uvl,18,34,44134022,true,1617800,39912908,1559048,399893,312924,3611
2,../model_20170517_1468714593.uvl,10,10,37620327,true,1467433,33811689,1841377,146422,82435,3743
12,../model_20180222_1895267586.uvl,22,25,45938499,true,1640654,40475379,1745016,265173,1471403,3295
8,../model_20160329_1368375444.uvl,33,32,58318983,true,1876119,53565354,1876094,405436,209498,3987
7,../model_20190730_1957937065.uvl,25,25,25358408,true,1582279,21764237,1472940,136913,117306,2937
6,../model_20150423_1422172417.uvl,14,12,20651272,true,1424036,17387745,1441338,79952,42399,2747
3,../model_20200810_1274447969.uvl,33,31,29948953,true,1711340,25903007,1748926,157180,90797,2931
1,../model_20131112_1840652917.uvl,17,18,29922555,true,1745594,26149903,1583496,101776,57943,2767
0,../model_20230322_604627146.uvl,22,18,28429869,true,1555913,24667676,1731041,112008,60382,2371
13,../model_20180227_1765307019.uvl,116,84,82214996,true,3177291,74434557,2326902,1065732,742582,4203
14,../model_20110826_1744501275.uvl,24,24,40693046,true,1650738,37111767,1470647,117150,66957,1899
15,../model_20150305_15208156.uvl,30,34,49756066,true,1721659,45745195,1580491,272809,149341,4262
9,../model_20131129_2135897376.uvl,10,10,38052186,true,2923590,32778810,1738479,288797,83532,3513
11,../model_20180306_422218475.uvl,53,36,74622953,true,1767566,69731820,1962021,518159,251713,3699
4,../model_20140422_1825362104.uvl,21,21,27727542,true,1605093,24198939,1475336,120328,66225,2639
10,../model_20120110_1754443954.uvl,10,9,24244420,true,1391715,21010448,1482210,77684,44467,2879
8,../model_20151111_460133826.uvl,40,41,39795272,true,1742409,35345035,1738514,378184,215695,4552
2,../model_20150222_409043024.uvl,52,41,51854527,true,2012958,47132163,1862846,255243,135646,2818
3,../model_20111031_386778867.uvl,25,13,30409291,true,1670771,26743401,1555440,112443,62219,2534
0,../model_20230608_1658584159.uvl,24,24,31354982,true,1454922,27711418,1663897,186144,67863,2249
14,../model_20120110_855603964.uvl,10,10,26860286,true,1818449,22968404,1493419,233354,79202,3446
13,../model_20101111_1790887308.uvl,10,12,35385246,true,1573598,30732227,1908274,863643,49440,2927
1,../model_20130908_2094539725.uvl,81,81,55101266,true,2269953,48889094,2204866,726828,416437,4340
5,../model_20160317_1483846003.uvl,46,46,49540461,true,1976943,44903070,1805739,303744,117147,2169
11,../model_20121102_443205816.uvl,26,18,31036367,true,1748196,27294828,1550878,118557,65983,2115
15,../model_20131112_1315617761.uvl,58,62,53246127,true,2236399,48178746,1877963,322121,171742,2395
10,../model_20200412_2136556876.uvl,12,12,36445634,true,1639688,32738277,1589384,126815,75687,3928
4,../model_20180305_2101436905.uvl,47,24,48252107,true,1919094,42755668,2851126,192855,101848,2524
2,../model_20160330_218438641.uvl,23,15,45610835,true,1671618,41547300,1802440,213186,112092,3291
12,../model_20180512_660942805.uvl,36,38,28232190,true,1486551,24325193,1648644,283641,164444,2155
6,../model_20120627_1512389149.uvl,11,10,26119943,true,1552387,22172967,1921784,153199,86530,4384
7,../model_20180411_122889136.uvl,26,23,48312364,true,1717210,43940527,1763498,253039,286176,3803
1,../model_20221029_568257220.uvl,17,27,39177127,true,1563993,35226243,1718120,242698,115066,2442
5,../model_20190129_1004578234.uvl,18,19,27691220,true,1847073,23669048,1651863,179130,102668,3924
13,../model_20120418_828883554.uvl,52,28,96082282,true,1568287,92034682,1698285,208623,106198,2620
11,../model_20190128_1522973155.uvl,23,28,38033786,true,1703016,33896725,1756306,231439,124900,2762
10,../model_20151103_1678219280.uvl,19,19,103730077,true,78440079,23217025,1607915,101817,62937,2266
9,../model_20171012_484328807.uvl,36,36,39036619,true,1812159,35038807,1576169,173624,96357,3407
2,../model_20120512_712347860.uvl,13,12,21171569,true,1517237,17697702,1552979,77155,43059,1869
8,../model_20170821_744427680.uvl,15,23,40956157,true,1362962,37332746,1612833,241727,151948,3238
6,../model_20180729_701594854.uvl,22,25,29031777,true,1675987,25343906,1470833,139295,151662,3021
12,../model_20180306_73619671.uvl,48,30,41419202,true,1874610,36980231,1806547,233706,130862,2253
4,../model_20180302_974887082.uvl,122,150,89941085,true,3513979,80832106,2585362,1372009,842767,3971
7,../model_20230423_1943321532.uvl,27,27,24719236,true,1668578,20789934,1636241,131520,138771,2122
3,../model_20111027_966072474.uvl,10,10,33838464,true,1452199,30281437,1654308,117362,67740,3137
1,../model_20150301_527193150.uvl,24,24,47331998,true,1729563,42966053,1905066,254793,163868,4355
0,../model_20101116_1022976130.uvl,34,33,41372045,true,1792354,37198609,1798765,171674,95223,2221
13,../model_20230323_1971213764.uvl,46,42,41388660,true,1742337,37255785,1658577,219604,121161,2296
14,../model_20160229_171128808.uvl,48,48,52169095,true,1721374,46422723,2008569,431307,1155679,3801
10,../model_20111020_455520177.uvl,11,11,34410788,true,1429372,30766789,1775202,125680,74141,3874
11,../model_20111130_1614470655.uvl,77,70,78671867,true,2329529,72730034,2145750,714943,377276,4270
9,../model_20110406_353034837.uvl,40,35,39358827,true,1841799,35295977,1552211,186070,101918,2482
15,../model_20180611_1800915628.uvl,10,13,36974447,true,1694881,33044955,1618498,278151,91726,3516
12,../model_20110519_1142211980.uvl,14,12,30529127,true,1669387,26751139,1603493,128274,68172,2986
6,../model_20100805_1484639410.uvl,31,35,88904337,true,1822480,36844555,1759426,197196,47900377,3055
7,../model_20170310_195700687.uvl,47,44,57869924,true,1917369,53087696,1746805,466600,255836,3550
3,../model_20131112_1353790761.uvl,23,20,26858605,true,2366576,22239665,1791384,118394,66101,2068
1,../model_20160121_1141972007.uvl,20,20,39354700,true,1556042,35484984,1750858,191604,104820,3588
0,../model_20150620_2057636397.uvl,13,10,27580458,true,1466180,24226941,1536391,75946,41592,2921
14,../model_20160329_926312476.uvl,21,14,42806240,true,1647540,38838955,1696823,201849,102168,4207
11,../model_20101104_260803083.uvl,11,10,34638556,true,1520055,30839759,1805548,130399,72724,3592
13,../model_20140310_1022041880.uvl,88,72,53246162,true,2592836,47245682,2259544,391388,206270,2719
9,../model_20190922_729177560.uvl,21,21,41981367,true,1721433,37931601,1668224,213044,120364,4300
5,../model_20161128_2006303576.uvl,96,66,57845005,true,2239393,52280466,2071600,449556,217202,2914
6,../model_20121123_2085968892.uvl,17,16,28665947,true,1509140,24916381,1707238,177458,97914,3290
2,../model_20100415_947132043.uvl,31,37,52556995,true,1894748,47845550,1879696,383704,196969,3859
10,../model_20120829_191972511.uvl,168,199,151163560,true,5939894,139397394,3156930,1032362,681389,3431
7,../model_20130916_894347834.uvl,15,17,38982429,true,1625782,35214309,1631813,161537,95338,4396
4,../model_20180530_1810935889.uvl,11,13,27946997,true,1661066,23911420,1875684,161222,98850,3934
8,../model_20131112_1191150070.uvl,57,55,68061319,true,2092294,62359531,2336698,529262,304238,3547
12,../model_20160103_2012826523.uvl,94,55,67154808,true,2612784,61270725,2107100,393495,205548,2168
1,../model_20120422_1648870831.uvl,14,15,25669560,true,1493333,22216977,1572308,97649,54682,2096
0,../model_20170818_812208818.uvl,31,31,39731368,true,1777498,35925168,1521446,148938,85507,2331
5,../model_20130916_1112744253.uvl,15,17,26866192,true,1640231,23214647,1543549,100709,60575,2785
15,../model_20140819_1738890661.uvl,10,10,30081974,true,1419957,26906736,1454845,64426,37611,2027
6,../model_20170718_2017313962.uvl,18,18,38468023,true,1419312,34901203,1594188,181107,106367,3712
2,../model_20130916_1467348272.uvl,16,18,25746884,true,1568187,22132169,1564486,129095,57772,1938
10,../model_20121018_820869482.uvl,16,15,34586727,true,1617408,30933787,1586930,91077,63400,2212
7,../model_20221208_1038664369.uvl,28,21,26763730,true,1539807,23374143,1428953,129338,68094,2048
12,../REAL-FM-6.uvl,11,10,35336032,true,1791370,31565519,1548114,92582,75540,2504
3,../model_20170402_1978825740.uvl,263,264,187087264,true,7523281,173062791,2764167,1486491,910873,2356
8,../model_20120328_1814590478.uvl,36,34,37308275,true,1795994,33249201,1626015,175348,162855,2900
4,../model_20190920_56721129.uvl,15,15,86735636,true,1353297,83507530,1500949,88646,46238,2453
0,../model_20121123_1668268132.uvl,13,13,21772904,true,1516019,18260383,1560410,89983,52641,2306
1,../model_20130307_609838668.uvl,176,161,132299925,true,4702959,121174580,2970297,1513434,975208,3653
11,../model_20120328_1227899142.uvl,21,20,45182014,true,1869690,40792205,1718375,244323,146549,3958
5,../model_20170420_1165511748.uvl,77,39,50540977,true,1663006,46011651,1843924,295997,205806,3001
14,../model_20120328_361613983.uvl,16,18,84038010,true,1947984,80057853,1562504,99156,74699,2832
13,../model_20190430_348224224.uvl,33,25,37037981,true,1780013,33144752,1520535,150931,79525,2581
15,../model_20200128_1186233455.uvl,23,23,47247453,true,1766992,42827660,1939465,285078,149353,3653
9,../model_20160227_1275602559.uvl,47,58,150851490,true,2405644,145303774,1735790,626960,324639,3768
7,../model_20130815_1890929461.uvl,56,62,84067057,true,2092229,78342033,2040532,664480,459250,4048
3,../model_20181119_2037159342.uvl,23,24,42160365,true,1734195,37975164,1709203,256358,159407,4427
4,../model_20190328_829158427.uvl,14,16,23108217,true,1539963,19625110,1504400,114208,59724,2462
8,../model_20160307_1341241097.uvl,12,9,37103734,true,1468275,33426390,1768362,132361,72085,3315
0,../model_20140925_285704903.uvl,20,17,105827569,true,1815939,101683539,1757905,198166,103281,3198
1,../model_20151122_103763227.uvl,47,20,35647409,true,1768055,31407338,1757085,188932,106209,2377
11,../model_20141109_1274255950.uvl,11,11,26029318,true,1443301,22608176,1597341,75932,44340,2097
5,../model_20150209_1183047948.uvl,29,47,38658125,true,1669215,34660077,1576622,264502,146682,2684
15,../model_20160226_1944186213.uvl,48,56,59958215,false,1738708,55039892,2099388,570328,300154,4049
13,../model_20140824_1421620261.uvl,51,62,67517669,true,1776680,62233183,2112028,601555,383889,3752
9,../model_20190416_545039882.uvl,21,21,35721384,true,1657953,31829146,1705015,127408,68077,3165
3,../model_20131121_194495737.uvl,12,10,23049683,true,1400378,19517162,1636183,147700,78246,4558
7,../model_20190917_1855142600.uvl,38,33,52643532,true,1848375,48257939,1716803,184200,239618,2841
10,../model_20150310_1642957582.uvl,29,32,54801133,true,1774742,50233655,1783055,453186,195523,4149
8,../model_20150512_534005467.uvl,31,32,51689283,true,1799198,47015140,1832654,358159,306877,3911
12,../model_20221004_622223252.uvl,26,26,104760326,true,1625407,101110777,1528942,130294,74183,2400
0,../model_20131122_913576973.uvl,23,23,39776422,true,1721983,35592199,1811226,207581,115793,3315
1,../model_20150713_1448325014.uvl,32,27,99263076,true,1684237,95370904,1596160,171308,91012,2276
11,../model_20170308_1789444441.uvl,28,28,28220455,true,1708772,24257653,1627059,135336,148485,2604
5,../model_20160122_407616496.uvl,29,26,30183730,true,1774872,26194018,1580824,177815,143358,3374
15,../model_20140614_1599125118.uvl,13,12,35522009,true,1716330,31814660,1606587,77894,44645,2736
14,../model_20160906_1914580505.uvl,31,28,46863257,true,2099342,42500171,1744977,156360,86191,3147
3,../model_20140819_424669215.uvl,17,17,22182816,true,1411183,18852350,1519432,93028,53932,2710
9,../model_20160329_1092215724.uvl,17,22,28803269,true,1729542,25105318,1494222,151225,76181,3435
7,../model_20160330_1632759327.uvl,19,13,22050607,true,1459936,18616839,1531116,95076,48194,2137
10,../REAL-FM-16.uvl,26,29,27901050,true,1472654,24167132,1715377,161188,94970,2736
8,../model_20121212_1167666293.uvl,15,17,23686331,true,1590039,20116793,1551383,100600,58607,2294
6,../REAL-FM-13.uvl,12,11,28241845,true,1407552,24773685,1528240,170484,97020,3803
2,../miniset/stack_fm.uvl,17,13,38003011,true,1727001,33923223,1806361,168970,86625,3910
12,../model_20140428_1301432646.uvl,72,71,65651309,true,2075315,59240484,2127472,648423,1045594,3786
0,../model_20190917_1294871534.uvl,16,13,24686134,true,1556169,21055455,1647681,87296,45691,2267
4,../model_20160301_235863217.uvl,20,27,47922113,true,1823119,43528063,1811182,303281,159710,3207
11,../model_20100904_226530663.uvl,38,38,35472318,true,1641810,30945557,1940978,318024,284190,5372
1,../model_20130917_737900063.uvl,13,15,40058096,true,1535622,36195221,1753043,202093,104705,3453
15,../model_20160726_1855902901.uvl,12,13,33644452,true,1425341,30122688,1735540,81055,50886,2167
14,../model_20111129_1932950448.uvl,13,13,37200205,true,1725132,32948990,1988159,145445,86692,3847
3,../model_20221229_1000010819.uvl,17,17,39852680,true,1621818,35844014,1823592,178211,103837,3847
9,../model_20110826_1180494500.uvl,24,24,41950212,true,1580263,37920087,1761321,228897,125464,4029
10,../model_20191012_1432325334.uvl,40,38,36487368,true,1698268,32264412,1747719,258290,120817,3008
13,../model_20190917_1598073515.uvl,16,16,22411604,true,1559309,19011973,1481475,103713,64728,2828
7,../model_20110214_751339643.uvl,56,128,114420271,true,2416566,108317022,1774770,905786,519520,2803
8,../model_20120718_813832704.uvl,11,12,35989809,true,1400934,32548131,1593544,143507,82053,3852
6,../model_20170527_1802227256.uvl,11,13,38219417,true,1723219,34395141,1660687,124732,56074,3119
12,../model_20160812_1476754989.uvl,10,10,30668503,true,1642144,26035846,1536255,1143951,47238,2217
0,../model_20131210_413521746.uvl,13,14,27659578,true,1691311,23917070,1561806,175104,86817,3066
11,../model_20190228_1201197026.uvl,16,18,25592888,true,1613133,21945482,1555158,108495,64122,2603
1,../model_20230615_1063099089.uvl,38,18,34457417,true,1676933,30426245,1715713,179584,111161,2962
15,../model_20130115_768867592.uvl,11,9,34935724,true,1365880,31386048,1719504,141491,84327,3530
5,../model_20190513_1749709644.uvl,20,23,43785534,true,1586889,39616406,1899939,244166,133711,3847
14,../model_20130224_1469220523.uvl,10,10,34745099,true,1484696,30920709,1857705,122206,73925,4891
3,../model_20140305_1485634182.uvl,28,29,43980092,true,1631104,39688561,1879994,268729,162305,3935
9,../model_20160913_269001380.uvl,49,43,61924628,true,2128879,56604715,1831728,610046,319459,4095
10,../model_20150228_222823272.uvl,37,43,56918691,true,1600331,52955338,1736547,236747,149779,2399
8,../model_20120201_865979127.uvl,28,36,39581128,true,1672972,35081796,1808078,472326,224237,3754
7,../model_20131206_656913635.uvl,13,15,29663429,true,1691498,25636180,1795830,174140,88108,3958
6,../model_20100830_561967343.uvl,32,31,48137129,true,1702817,43807645,1762715,339938,159469,3314
12,../model_20110507_674768061.uvl,40,52,68114430,true,1780064,62861560,2130278,654853,323199,4059
0,../model_20190917_75070341.uvl,33,15,43976196,true,1793848,40095481,1540938,137951,71917,2213
11,../model_20170316_174511349.uvl,16,17,42918553,true,1634011,38915477,1749843,216615,116828,3290
2,../model_20120411_196667302.uvl,26,23,31339697,true,1831466,27030834,1888264,157406,82673,2222
4,../model_20171028_1906143627.uvl,13,14,38651693,true,1729825,34649013,1686236,180934,105264,3920
1,../model_20160330_925748995.uvl,16,12,34166699,true,1417501,30500183,1798078,156119,80931,4470
14,../model_20190917_552843992.uvl,10,7,25506701,true,1733922,22030058,1434083,60389,33230,2445
5,../model_20230323_901833353.uvl,74,62,42904390,true,1899838,37961758,2054664,339506,191522,2286
3,../model_20200901_328439811.uvl,35,20,53402596,true,1783233,49019725,1855937,286311,152396,4086
10,../model_20160822_713171625.uvl,28,29,36078474,true,1644946,32147135,1702570,161273,89506,2283
7,../model_20160603_398155586.uvl,15,10,38273784,true,1655854,34183889,1722444,326221,77263,3995
8,../model_20230322_307237036.uvl,29,23,45727003,true,1722561,41483831,1767008,253545,146912,3531
13,../model_20130725_1929838118.uvl,41,27,40095719,true,1680364,35804445,1827852,286924,127692,5259
12,../model_20161128_1478224089.uvl,77,66,86475712,true,2317275,80509413,2140698,666766,378411,4469
0,../model_20160322_2014722365.uvl,54,54,66186761,true,1905913,61006923,2049811,502113,297572,3754
4,../model_20131112_1591180910.uvl,29,25,40472099,true,1500852,36293619,1910875,251572,142658,4463
1,../model_20151216_1220822165.uvl,15,15,39068187,true,1545684,35257123,1715305,162950,98604,3467
15,../model_20230422_2139223494.uvl,37,34,91372992,true,1818342,87274840,1642299,173529,94745,3114
10,../model_20150330_63301402.uvl,11,9,20091476,true,1488263,16753899,1485991,67264,38088,2498
3,../model_20140205_954857783.uvl,11,9,33588275,true,1547707,29935626,1730232,86209,46080,2534
14,../DELL-LAPTOP-NOTEBOOK-FM.uvl,47,122,141193248,true,3743880,133279525,1882411,1145142,669637,3308
8,../model_20110216_608697455.uvl,14,18,26180505,true,1517053,22558241,1654119,106864,61557,2663
13,../model_20120902_865058601.uvl,19,19,25320731,true,1517671,21638480,1710812,105838,63389,3536
9,../model_20121018_271963732.uvl,16,15,81945851,true,1501191,78210355,1708466,167903,90141,3469
7,../model_20140310_1916029542.uvl,144,54,110683895,true,3373993,102310957,2656878,981923,506463,4370
6,../model_20200813_1618100589.uvl,28,28,47239353,true,1819013,42844175,1712427,266459,262594,3688
12,../model_20170918_1157652981.uvl,48,29,58312150,true,1607064,54126490,1726251,232723,126930,2317
0,../model_20190504_755268837.uvl,43,46,54047993,true,1910885,49441058,1828083,281703,150608,2549
1,../model_20180226_492552032.uvl,11,7,22159052,true,1562821,18790837,1444928,66467,41849,2463
4,../movies_app_fm.uvl,13,10,33588977,true,1491864,30161526,1568948,78654,44704,2318
11,../model_20150506_306101537.uvl,33,33,50969848,true,1749448,46635531,1799510,298121,175782,4277
2,../model_20180222_1925875374.uvl,45,43,45231968,true,1950218,40395386,1856802,388878,229589,4721
10,../REAL-FM-7.uvl,14,15,39559398,true,1889921,35619877,1612274,101752,57405,2702
14,../model_20150306_503606823.uvl,27,26,48920088,true,1688980,44843844,1671666,233958,141865,4025
8,../model_20170228_1437582980.uvl,10,10,33899930,true,1573600,30204840,1658206,110955,68542,4025
5,../model_20121025_1656878048.uvl,26,26,46259872,true,1742636,41769642,1859169,253396,261881,4131
9,../model_20141202_104116345.uvl,10,9,36208804,true,1445767,32583126,1722698,149362,82345,3654
13,../model_20141106_309720283.uvl,57,54,58027092,true,1863885,53137243,2005275,462885,257649,4067
6,../model_20100324_1996898492.uvl,11,14,24094146,true,1589071,20573549,1515248,93228,53694,1924
7,../model_20111029_1654942500.uvl,37,27,56204539,true,1770701,51866661,1884334,194186,98505,1940
0,../model_20200817_1333981485.uvl,33,20,33931887,true,1716826,30015068,1622281,147014,76682,2246
1,../model_20160330_999254735.uvl,14,14,36455348,true,1600156,32444763,1882495,155502,89658,3170
11,../model_20131202_1575628003.uvl,19,19,38758316,true,1576233,35285376,1472449,102526,58661,2455
2,../model_20120824_761159432.uvl,23,20,38773885,true,1842155,34730838,1655489,142431,76038,2133
14,../model_20230322_342259021.uvl,33,29,35926269,true,1630421,31820611,1858965,201059,87282,2514
8,../model_20170911_1850240044.uvl,13,13,35889737,true,1751727,31931191,1688920,148028,81724,3674
10,../model_20200413_90255108.uvl,48,41,38855069,true,1723265,33606875,2732762,240266,129278,2718
5,../model_20171005_1816009957.uvl,10,7,33805261,true,1613348,29972099,1661692,153679,139673,3475
15,../model_20170215_1278541927.uvl,41,39,50266102,true,1908578,45751850,1891235,206888,107743,2840
9,../model_20160905_338518821.uvl,25,25,26377649,true,1727504,22340406,1775901,191463,70664,3215
3,../model_20160504_1687809818.uvl,30,28,47772509,true,1746708,43295894,1903409,296741,168441,4981
13,../model_20150614_1325491211.uvl,24,26,27699264,true,1686990,23807378,1649728,149277,87368,2548
6,../model_20150610_685576256.uvl,15,17,41714347,true,1426501,37959064,1749996,209045,112449,3619
7,../model_20131129_1765219729.uvl,14,14,36778150,true,1541852,33195592,1613437,95874,54732,2465
1,../model_20091009_1552375070.uvl,37,40,41015880,true,1758598,36699720,1839424,239418,127365,2934
12,../model_20121123_1807427529.uvl,17,18,29206435,true,1566511,25422266,1647179,177131,109532,3774
4,../model_20151116_762410606.uvl,29,29,49112656,true,2018421,44505017,1852540,278967,158016,4015
10,../model_20150411_1026005127.uvl,10,12,19746711,true,1461419,16402986,1507137,77160,46863,1980
8,../model_20230120_1200060194.uvl,20,20,27016216,true,1745991,23263125,1555010,102435,59277,2050
15,../model_20130418_1158438101.uvl,19,12,25568540,true,1624802,21729218,1674744,114982,71121,3569
9,../model_20140824_2115796112.uvl,43,49,63221753,true,1991316,58126000,1908862,466026,322893,4102
3,../model_20200524_149606280.uvl,35,42,42415830,true,1512197,38259116,1887954,285445,135034,2661
5,../model_20150523_372542452.uvl,47,35,39439458,true,1832424,35122725,1801171,230089,117870,2508
6,../model_20160506_174377233.uvl,40,22,31130929,true,1679980,27160039,1648919,162763,83034,2079
1,../model_20151117_1411945431.uvl,22,22,27023012,true,1695913,23213403,1626562,112887,62993,2043
7,../model_20190220_184230257.uvl,38,42,85976377,true,1565429,81659791,1951583,251849,129567,2432
12,../model_20130302_1361528923.uvl,10,11,96831019,true,1438742,93445972,1551765,90499,63903,3003
0,../model_20200811_368165701.uvl,11,10,35087424,true,1440947,31416792,1812623,127298,68932,3874
4,../model_20160125_1378351345.uvl,38,33,41245767,true,1931100,35302763,3328472,213687,113620,2183
11,../model_20150715_75174593.uvl,17,16,107546898,true,1527360,104018132,1628486,107566,58479,2827
10,../model_20150703_1928436983.uvl,10,10,29695746,true,1592618,26051746,1695736,62618,43290,2210
2,../model_20120425_1998125226.uvl,71,71,45954223,true,1947596,40233026,2305979,608468,332617,4131
8,../model_20130726_597280131.uvl,47,44,44102022,true,1818088,39549660,1898721,271633,144936,2648
5,../model_20170921_244476382.uvl,47,33,60127173,true,1591883,55842935,1806466,346830,168720,3313
14,../model_20180509_988672632.uvl,27,18,129940430,true,85153667,42335927,1742744,239237,134229,3910
9,../model_20190223_2034909826.uvl,88,28,141120886,true,2410358,135747953,1868705,282043,191450,2678
1,../model_20100625_251719781.uvl,16,16,38728707,true,1652448,34761621,1759935,165299,93628,3885
13,../model_20111201_1252018702.uvl,61,40,54420228,true,1998231,49793218,1756848,253367,137736,2756
7,../model_20130821_1446947208.uvl,49,49,57356261,true,1926321,52402820,1902892,438279,245499,3647
0,../model_20100308_1032655961.uvl,15,16,30013118,true,1761933,26120173,1670971,107813,64596,2360
4,../model_20140615_1417385367.uvl,35,30,41094558,true,1808376,36988953,1508485,205183,177554,2639
10,../model_20200503_927740000.uvl,21,23,27068975,true,1607616,23294186,1574283,214538,78469,2979
8,../REAL-FM-2.uvl,23,18,47499142,true,1702994,43366678,1727578,248157,130383,4036
2,../REAL-FM-11.uvl,67,65,46955178,true,2017905,42002198,1885264,329218,219513,2947
9,../model_20190214_582844610.uvl,11,11,29290447,true,1437317,25951397,1455446,106882,78544,3886
1,../model_20161107_751073207.uvl,11,11,27010024,true,1449385,23715548,1483540,65460,36993,2144
3,../model_20150310_1191030699.uvl,30,33,40322297,true,1775233,36001828,1809451,215426,175982,2075
6,../model_20230630_666266911.uvl,13,13,25238062,true,1606567,21531330,1735303,97609,52970,2645
7,../model_20160524_3029237.uvl,19,17,27050022,true,1656899,23052368,1830802,143702,65568,2169
5,../model_20190219_265960660.uvl,178,140,114635948,true,4544903,105798414,2149626,838831,579495,3813
0,../model_20150411_1055039600.uvl,18,13,38763222,true,1427576,35043475,1759743,171736,93821,3979
4,../model_20110203_1382675896.uvl,14,14,22159079,true,1535531,18580647,1694760,79264,45548,2172
12,../model_20120110_1719396361.uvl,10,10,36825992,true,1594690,32876190,1715264,289870,84858,4145
10,../model_20100719_944437142.uvl,29,25,45387914,true,1596939,41625389,1572358,183444,99214,3062
8,../model_20150715_1425609053.uvl,12,10,27211058,true,1444506,23678412,1771087,74688,59587,2118
2,../model_20171128_2320585.uvl,14,13,32958819,true,1445281,29632509,1481016,81558,48389,2490
11,../model_20190929_1773228224.uvl,17,25,47719946,true,1812876,43501171,1689171,296049,154559,4316
3,../model_20221122_1612835830.uvl,20,16,30381755,true,1620953,26475916,1670187,190282,100249,3447
1,../model_20190416_284413958.uvl,37,35,38370195,true,1805288,34179414,1619066,175432,200762,2410
14,../model_20190917_80747458.uvl,16,14,23770801,true,1701760,19932539,1706123,88535,49996,2481
15,../model_20120422_2100930135.uvl,25,27,28780245,true,1622799,24979554,1668829,162115,87368,2738
7,../model_20170317_1165725.uvl,50,57,41486003,true,1803330,36791978,1983285,296254,154867,2517
0,../model_20160919_825563014.uvl,11,10,35500438,true,1605794,31697689,1708718,137296,77438,3667
13,../model_20221229_2070974785.uvl,17,17,36042552,true,1564288,32500692,1605225,90588,51699,2391
4,../REAL-FM-19.uvl,30,35,37576624,true,1605284,33592009,1659167,211428,109868,2076
12,../model_20221009_1635938665.uvl,42,32,33719793,true,1689643,29524692,1753842,206357,104060,3084
10,../model_20121018_1495134161.uvl,17,15,39226223,true,1571902,35409122,1664408,176517,96534,3721
2,../model_20170115_352040991.uvl,17,18,23791175,true,1550114,19987397,1654500,184990,109714,3624
11,../model_20120531_2078087379.uvl,17,20,32055641,true,1585264,28066400,1768253,221501,120238,3989
8,../model_20161125_1777261352.uvl,33,28,42085335,true,1813619,37639346,1823329,329012,185287,4156
3,../model_20150527_830434674.uvl,34,34,39285979,true,1676935,35293608,1739580,159204,91564,2750
14,../model_20150521_1988107963.uvl,17,15,33509438,true,1580030,30004354,1523210,101516,56506,2524
15,../model_20110428_1131293346.uvl,13,13,29964885,true,1389981,26384870,1747620,121333,65648,2826
9,../model_20100904_330653656.uvl,10,10,34579699,true,1748037,30675553,1707860,115869,64839,3477
7,../model_20131111_1434736548.uvl,34,34,40607563,true,1810392,36453627,1668193,184447,102375,2403
0,../model_20160303_1645051071.uvl,17,15,41775040,true,1739616,37752485,1663928,199573,108679,3738
6,../model_20160519_1235536625.uvl,34,33,51959666,true,1879023,47349900,1843128,364433,221648,3017
4,../model_20190221_1604245950.uvl,18,18,43894120,true,1757330,39923645,1542258,228186,124894,4146
5,../model_20150105_1168070568.uvl,17,12,31333261,true,1517251,27803435,1590725,92080,48465,2567
12,../model_20160329_864839294.uvl,22,21,32538118,true,1664315,28615693,1832648,118389,65226,2405
10,../model_20230322_1548752135.uvl,45,32,41609854,true,1895319,36808802,1863799,401303,215703,3963
11,../model_20150304_173081072.uvl,20,27,49429917,true,1559743,45528506,1789344,170844,98278,2429
2,../model_20120710_919309758.uvl,19,8,27698680,true,1703596,23691627,1743172,160783,86717,3995
8,../model_20130725_608010428.uvl,12,12,32189595,true,1802359,27964585,1952346,125816,74590,3739
3,../model_20160907_1816738180.uvl,10,8,35030063,true,1548184,31491986,1534631,110803,63465,3435
14,../model_20130522_2044729096.uvl,31,26,28294426,true,1849730,24269447,1614596,150217,80422,2399
15,../model_20160520_681202886.uvl,11,10,20009163,true,1549311,16612972,1464799,67141,37000,2101
1,../model_20140411_114609198.uvl,12,18,45470787,true,1512750,41331975,2027801,250692,131544,3446
9,../model_20170919_1425490791.uvl,47,42,45916506,true,1710445,41450208,1783501,343485,232832,3515
7,../model_20160329_1999221629.uvl,24,24,31396557,true,1548598,27222569,1931288,229193,132484,3729
6,../model_20170419_185164278.uvl,17,12,24623395,true,1479819,21117616,1622438,103479,46971,2115
5,../model_20230322_1028761227.uvl,18,15,29484545,true,1773905,25565567,1623356,170145,95241,3373
10,../model_20170706_1181552122.uvl,11,12,22294777,true,1442611,19092434,1386467,89766,49328,2328
12,../model_20111220_1450733948.uvl,41,13,54589295,true,1749836,50343334,1689295,290498,147124,4105
13,../model_20190922_1316746975.uvl,22,22,40264133,true,1677854,36225534,1694573,221009,125096,3952
2,../model_20110525_1619420630.uvl,45,41,59661343,true,1898918,55236681,1731594,239458,173206,2677
8,../model_20161212_1631452800.uvl,23,25,41602562,true,1480996,37519968,1869288,294376,156880,3427
14,../model_20140905_372428255.uvl,13,10,32938249,true,1787499,28818367,1868595,134807,70094,4381
15,../model_20121123_1014773113.uvl,16,16,22621222,true,1622248,19043100,1497277,104754,63822,2334
1,../model_20170321_1279222212.uvl,10,10,24262515,true,1612213,20705420,1578447,78004,43648,2209
7,../model_20110323_789959080.uvl,15,11,25224588,true,1686946,21729980,1495045,83386,46054,2817
9,../model_20171207_711618687.uvl,13,13,35556754,true,1483452,31833942,1761387,122549,70376,3817
5,../model_20180511_622669496.uvl,18,18,38829086,true,1544038,35427493,1409321,97942,59453,2109
12,../model_20141114_653359930.uvl,32,41,86145471,true,1576287,82077199,1848827,209442,112965,2259
4,../model_20120328_593032745.uvl,19,18,24048314,true,1597821,20441321,1530231,102188,57069,1927
13,../model_20130621_2143921379.uvl,29,32,55277892,true,2028404,50523332,1883440,363897,198216,3665
8,../model_20101123_920943759.uvl,15,15,21135071,true,1514326,17585175,1617098,80738,48855,2213
2,../model_20141103_771283347.uvl,10,10,35805403,true,1623279,31917146,1761322,151997,81589,3946
10,../model_20170424_781699396.uvl,142,84,93264541,true,2962739,84323223,2415875,1007520,1591240,3884
11,../model_20221125_1235088379.uvl,25,15,34262842,true,1680969,30290417,1748662,130426,81859,3464
14,../model_20230322_1036375763.uvl,40,27,38801867,true,1682886,34865720,1598720,176581,93087,2936
3,../model_20200907_1296105910.uvl,35,21,36288619,true,1672207,32278767,1750805,194920,91665,2051
1,../model_20180306_1553572984.uvl,47,47,31824593,true,1713438,27639838,1647579,224393,206496,3623
15,../model_20131112_1165253679.uvl,27,24,46651421,true,1552350,42708133,1718913,235542,138684,3599
5,../model_20151102_2085331426.uvl,51,45,60562349,true,1873223,55092353,2768116,285061,140714,2143
12,../model_20140209_576830157.uvl,27,33,33087955,true,1551298,29363918,1529521,245894,118694,3052
4,../model_20181104_43638915.uvl,10,8,20442351,true,1330441,17016070,1671453,94690,59558,3940
6,../model_20140209_1802656178.uvl,26,13,43828668,true,1709615,39638453,1801449,224747,115406,3371
0,../model_20200819_498504850.uvl,31,28,34013413,true,1669715,30087560,1762860,157258,88139,2851
8,../model_20160906_802533043.uvl,21,24,34790609,true,1851481,30758005,1613809,185218,76397,2122
2,../model_20181118_1641295184.uvl,12,11,24259416,true,1583030,20815620,1465074,79831,46317,2637
10,../model_20140411_279155356.uvl,11,12,21536055,true,1576302,17834470,1729816,87209,47643,2218
11,../model_20131113_2067550021.uvl,42,46,40608680,true,1800390,34490650,3389216,364175,189346,3777
14,../model_20150223_771673981.uvl,26,18,47644385,true,1747577,43524383,1664224,257037,132693,4924
15,../model_20230322_1814026223.uvl,20,18,25841602,true,1455045,22347455,1581072,107951,57137,2488
1,../model_20150509_1341412445.uvl,10,9,23001974,true,1530459,19671428,1436215,74988,42798,2299
5,../model_20100730_1366577700.uvl,32,37,41069474,true,1721958,37055728,1665657,203442,117925,2775
9,../model_20120328_1309817018.uvl,14,14,36505350,true,1472265,32491470,1895160,289930,89793,4284
7,../model_20121018_201916182.uvl,16,15,36208399,true,1447750,32721298,1653552,91323,51252,2341
12,../model_20140402_1108338221.uvl,10,8,25612123,true,1544820,22250145,1462140,63729,35144,2184
2,../model_20160315_697003579.uvl,27,20,29582665,true,1610028,25659386,1563283,177428,222198,4142
10,../model_20140411_1742095150.uvl,12,23,34339978,true,1319671,30909056,1500551,233379,136883,3733
8,../model_20140628_1177734570.uvl,29,32,42641102,true,1550317,38873828,1586191,221467,114176,2952
13,../model_20130529_167247656.uvl,16,16,38951805,true,1640621,35018437,1703280,192408,105490,4056
6,../model_20170316_1430061931.uvl,60,253,282105206,true,2601547,273482434,2381576,1925029,1169309,2900
11,../model_20120424_1703152596.uvl,59,45,55465337,true,2000457,50759692,1819634,256161,179222,2490
14,../model_20121219_629525870.uvl,18,24,51780865,true,1668150,47488315,1857880,307741,151337,3796
15,../model_20120822_650185552.uvl,25,23,45048163,true,1637410,40767049,1891382,320551,161395,4033
5,../model_20130410_2115212559.uvl,11,10,35327359,true,1444991,31755016,1680488,128400,72372,4086
3,../model_20130122_92211527.uvl,11,14,43923605,true,1578217,40273307,1483371,214427,107762,3440
12,../model_20130916_1894002979.uvl,16,16,74761725,true,1702453,71159576,1488080,98276,53391,1970
4,../model_20200829_1325519775.uvl,22,22,25384058,true,1652712,21610410,1652470,117841,61824,2379
2,../model_20130604_1500555803.uvl,13,13,19380010,true,1346332,16006963,1664500,76414,44836,2840
8,../model_20171016_2132568250.uvl,12,4,23065771,true,1614956,19450184,1625253,65455,38674,2708
10,../model_20141107_655975442.uvl,10,9,22791140,true,1494265,19404711,1476855,109209,44520,2833
13,../model_20141023_437365215.uvl,35,38,35882147,true,1970607,31584561,1639722,202314,108142,2701
0,../model_20120328_794090001.uvl,22,22,36594268,true,1739304,32340389,1862667,210230,116033,3592
6,../model_20140819_1020837515.uvl,63,68,42289496,true,1807292,37697409,1937299,330931,176749,2626
11,../model_20151123_702303189.uvl,40,44,36992370,false,1641479,33014710,1753479,251504,134339,2848
14,../model_20150305_94122420.uvl,31,31,47991268,true,1686089,43679849,1821316,271586,160325,3227
15,../REAL-FM-5.uvl,17,27,35801831,true,1466121,32055180,1687509,212179,175071,2112
5,../model_20110124_2116036381.uvl,18,18,41288875,true,1484859,37776118,1528447,166583,96004,3739
3,../model_20100824_837146809.uvl,22,22,36046801,true,1556267,32243125,1631468,203334,121531,3906
1,../model_20200901_40084439.uvl,26,26,24207867,true,1583027,20335326,1771503,123409,69131,2322
12,../model_20140428_1917957920.uvl,63,62,42657784,true,2128955,37691155,1854206,313358,162404,2840
9,../model_20170502_101132737.uvl,33,37,62847525,true,1771707,58839890,1494563,232748,120611,2699
7,../model_20160304_168615633.uvl,29,32,32087438,true,1827193,27913430,1658121,277855,118302,3291
13,../model_20150616_74187279.uvl,17,11,37821030,true,1644784,34225190,1571816,94508,49216,2260
10,../model_20140420_1899694432.uvl,55,54,50868755,true,1814489,45534838,1823963,283735,1112740,2580
0,../model_20121123_913179730.uvl,17,16,25636807,true,1480583,22330756,1417201,107274,60074,3057
6,../model_20221220_1576677705.uvl,14,10,25390355,true,1602121,21850827,1514034,98404,79161,2799
11,../model_20200901_2052923297.uvl,21,21,24818981,true,1601823,21251121,1511444,127885,64876,3184
15,../model_20200517_1501498720.uvl,11,12,22143147,true,1541013,18690136,1497460,89407,53161,2732
5,../model_20160106_443157632.uvl,13,13,25524256,true,1763581,21793788,1490370,124892,72722,3760
3,../model_20160913_600398973.uvl,48,38,43372096,true,1502695,39379585,1634659,250089,177269,2469
1,../model_20171016_1973576375.uvl,11,13,23481134,true,1448435,20035335,1472032,206181,65759,3431
12,../model_20180110_870365297.uvl,10,11,37058334,true,1628459,33173340,1606732,289279,88303,3928
7,../model_20170904_444361354.uvl,46,33,39728895,true,1907466,35428714,1615119,239429,106872,2244
9,../model_20160330_1306243394.uvl,21,21,25716377,true,1576698,22065030,1560728,105362,69424,2025
13,../model_20121018_1186774722.uvl,16,15,32995869,true,1405932,29573173,1555095,125391,78867,3882
10,../model_20121018_1970318852.uvl,16,15,35581943,true,1550029,32059915,1568595,90463,49217,2098
2,../model_20140902_941000321.uvl,13,11,25373703,true,1484931,21857965,1628848,77266,42550,1925
4,../model_20230323_1102049462.uvl,17,17,27343563,true,1587654,23582912,1725128,94897,55590,2457
0,../model_20120111_1667229430.uvl,24,19,34661217,true,1520100,31008082,1625920,135214,74599,2557
8,../model_20120124_94644767.uvl,12,12,26914975,true,1630182,21795479,3097749,76446,72686,2456
15,../model_20200901_1615961503.uvl,38,29,99209444,true,1752015,94968466,1845457,171656,87006,2808
5,../model_20120205_24117969.uvl,34,34,35423450,true,1828966,30835066,1979779,278004,152400,3430
3,../model_20101124_661702924.uvl,15,15,24651301,true,1658474,20553036,1864601,180363,108128,3938
1,../model_20121018_242475712.uvl,16,15,34246017,true,1534672,30541416,1641558,145879,86747,4404
9,../model_20160420_1926809017.uvl,12,5,29281561,true,1697124,25620902,1545715,84763,47522,2621
12,../model_20170919_1946252337.uvl,48,29,68588713,true,2000284,63787634,1945774,283798,136641,2896
7,../model_20180304_290046860.uvl,48,28,105131327,true,1867745,100708422,1799438,212111,105631,2616
13,../model_20151202_1529785580.uvl,40,40,38700322,true,1792873,34015444,1878757,415916,224256,3946
0,../model_20150506_2068045691.uvl,20,20,27559012,true,1571091,23909678,1598451,107592,59176,2892
10,../model_20130809_353548541.uvl,57,52,39894434,true,1832835,35235637,1986743,262568,140250,2880
4,../model_20101208_1056693380.uvl,25,25,44329071,true,1634522,39970581,1995211,252285,134962,4000
2,../model_20160912_1428022317.uvl,49,57,46811958,true,2004226,41980975,1874500,308151,194862,2735
11,../model_20160309_1721210506.uvl,14,11,32139847,true,1564666,28584404,1546319,128969,48302,2935
6,../model_20190510_899437477.uvl,13,11,35347374,true,1690253,31311129,1847245,139289,78428,3495
5,../model_20150310_563618715.uvl,33,40,36141637,true,1486023,32354144,1663785,219366,116689,2539
3,../model_20111111_1026730216.uvl,37,29,102474091,true,1779648,98495513,1633341,179276,88779,2922
1,../model_20110715_945252556.uvl,32,32,34558121,true,1787612,30403643,1766570,157092,91662,2920
9,../model_20230322_1573076538.uvl,17,16,23892828,true,1387180,20362405,1672388,95771,53241,2425
12,../model_20200425_1144751894.uvl,10,12,25247584,true,1759930,21479967,1542267,103826,89367,2911
7,../model_20110704_555218409.uvl,11,11,29800207,true,1487055,26244336,1740380,69633,41869,2796
14,../model_20170312_968402737.uvl,49,33,115189986,true,1986210,110569042,1767155,254688,187331,2713
13,../model_20230322_1882971454.uvl,21,21,29952896,true,1529074,26090527,1696771,201415,113710,4024
0,../model_20150423_1415525319.uvl,27,21,28182550,true,1845166,24193472,1575666,135236,77166,2644
4,../model_20160330_387052519.uvl,21,13,25148235,true,1482261,21531263,1654127,106658,55299,2473
11,../model_20230609_1502711362.uvl,22,22,36141765,true,1562553,32510879,1582973,111887,66431,3087
6,../model_20200403_1286696698.uvl,37,34,36336406,true,1760382,31985452,1875205,177006,98254,63277
8,../model_20150302_1660900120.uvl,31,34,52415984,true,1897441,47585368,2053116,324004,185682,4095
10,../model_20230426_159926820.uvl,59,43,47794284,true,1886576,42914367,1954872,303753,259471,4310
5,../model_20131112_1855381012.uvl,31,30,48473760,true,1726046,44471931,1681513,163823,95579,3340
15,../model_20200128_1669015551.uvl,23,19,30509318,true,1861312,26421656,1714704,115067,61584,1947
3,../model_20140306_1313194877.uvl,32,31,30954055,true,1567159,27069791,1731761,164857,93444,2816
1,../model_20180511_935028612.uvl,20,23,36526818,true,1581975,32435879,1743843,323557,131492,4039
9,../model_20200810_1781368898.uvl,21,20,34571174,true,1692798,30583300,1708372,188887,107003,3845
7,../model_20121025_1453237615.uvl,20,20,29454064,true,1891239,25282964,1717102,181826,82683,3087
13,../model_20140914_775838300.uvl,24,24,75534426,true,2687478,70814307,1510609,143267,86112,3604
0,../model_20150611_578706116.uvl,13,12,34296857,true,1627432,30503086,1720126,140124,77005,3622
4,../model_20130226_1908057354.uvl,16,14,26265430,true,1648329,22432517,1711096,111810,61372,2272
2,../model_20140425_366530615.uvl,11,10,29547791,true,1624120,25824641,1596452,178138,66646,2130
6,../model_20230323_1108197556.uvl,17,15,32354708,true,1552079,28868851,1492059,110284,48920,1962
8,../model_20110330_919429247.uvl,25,27,29210254,true,1840562,24903048,1763517,237611,121850,4050
5,../model_20200225_1125771038.uvl,43,40,34060357,true,1539766,30059087,1755435,217277,119211,2833
15,../model_20120201_899753062.uvl,27,31,49005855,true,1723098,44382213,1789311,510296,245036,3893
1,../model_20190416_886742925.uvl,12,12,26204153,true,1623881,21768479,2454777,72356,41460,2815
3,../model_20131112_1630582425.uvl,28,20,48138654,true,1819783,43882779,1705589,248993,132066,3666
9,../model_20131112_64627122.uvl,13,12,32844838,true,1620099,29053243,1694023,120950,73718,3643
7,../model_20120920_383492576.uvl,11,12,35360142,true,1397674,31664729,1829246,147893,83762,4038
0,../model_20120609_84195762.uvl,26,21,24446157,true,1552325,20851521,1523177,127863,67091,2215
4,../model_20140328_1965511118.uvl,10,10,27320344,true,1592142,23732986,1639454,65649,38897,2635
14,../model_20151124_1131991591.uvl,34,34,43278333,true,1884731,39059477,1700042,164827,90790,2486
12,../model_20230322_208918165.uvl,40,27,81200201,true,1632450,77184351,1767208,172612,87537,2793
2,../model_20180927_642324190.uvl,51,46,34927519,true,1874756,30592379,1766832,238220,134206,2487
5,../model_20200320_13307140.uvl,10,10,28433867,true,1505407,25023247,1543743,62596,37875,2782
8,../model_20100415_240595643.uvl,31,32,52559457,true,1779253,48550163,1588329,207079,103510,2988
11,../model_20160519_1444507509.uvl,41,42,52528444,true,1754971,48253088,1726802,314895,150793,2655
1,../model_20200815_433256797.uvl,39,33,42749935,true,1872384,38100847,1911753,305581,178852,4668
9,../model_20140614_436006902.uvl,25,25,47285766,true,1691818,43213316,1674188,267560,112281,2510
10,../model_20160716_1943328700.uvl,18,17,34440706,true,1764600,30467019,1732009,126811,53117,2607
3,../model_20170904_998227463.uvl,42,37,59408718,true,1716943,54770503,1963024,379823,200354,3321
4,../model_20140820_1349433690.uvl,22,22,26557394,true,1504741,23126741,1452434,114760,66362,2206
0,../model_20130820_1465112187.uvl,49,49,59601243,true,1951407,54920471,1905916,231197,132523,2721
14,../model_20180512_810540422.uvl,23,23,27460980,true,1625429,23597592,1706347,126029,135407,2428
12,../model_20131112_817529963.uvl,40,40,31813858,true,1723348,27767359,1655351,188013,179129,2696
13,../model_20130916_1983257725.uvl,16,15,36156168,true,1448684,32366298,1822234,173378,98747,3557
2,../model_20201010_633615094.uvl,12,11,27669385,true,1655651,24038187,1574295,76856,44082,3078
5,../model_20120419_1397354511.uvl,20,20,29315540,true,1531859,25452026,1839479,126109,70588,2998
11,../model_20170918_2076946141.uvl,16,10,38633530,true,1558367,34829808,1707535,158681,89747,4035
6,../model_20130414_861625706.uvl,15,15,33813690,true,1662885,30148222,1483531,93743,51703,85982
1,../model_20121018_1550648286.uvl,16,15,29798619,true,1677820,26143164,1553380,89769,46887,3254
3,../model_20180222_786472237.uvl,12,7,21360052,true,1709036,17467662,1787821,73407,39069,2816
9,../model_20130529_1187431770.uvl,16,16,27006672,true,1621461,23281516,1637131,105925,63312,3776
10,../model_20120328_663906927.uvl,28,25,46935607,true,1758482,42599829,1830459,282034,158872,4265
15,../model_20110216_1027109687.uvl,12,16,24167831,true,1644931,20471574,1610744,99778,58998,3366
4,../model_20131122_1241273029.uvl,18,18,22615736,true,1587053,19131371,1495568,103897,58838,2261
7,../connector_fm.uvl,20,14,28150226,true,1517982,24568267,1679156,101190,54809,2398
14,../model_20140917_195564800.uvl,16,16,36316910,true,1639881,32388802,1714823,175831,96676,3686
0,../model_20131203_151571988.uvl,54,51,52481728,true,1913469,47395575,1894424,517941,285146,5294
2,../model_20120705_77954373.uvl,22,18,34528005,true,1599351,30555673,1803063,181504,104596,3273
13,../model_20101117_2128796258.uvl,72,69,61849761,true,2083986,56616233,1999680,444717,228419,2169
5,../model_20160229_1734203468.uvl,48,29,48877147,true,1945678,44437705,1722634,253970,115298,2151
6,../model_20140207_1303140975.uvl,12,12,24543676,true,1581800,21121724,1492086,76475,41627,1946
8,../model_20190122_546529784.uvl,18,18,25587610,true,1460115,22029246,1605107,119162,97262,3452
1,../model_20140410_1285833987.uvl,11,21,31327921,true,1396021,27679533,1674982,258044,82417,2647
9,../model_20180729_2071913647.uvl,24,29,31971883,true,1629084,28226258,1511825,170161,95811,2098
10,../model_20190124_988857604.uvl,46,41,34706095,true,1821409,30257723,1832483,228220,117640,2599
7,../model_20171021_192017753.uvl,17,15,23682597,true,1456027,20241001,1530365,97638,67017,2922
0,../model_20130510_203163945.uvl,18,12,32050773,true,1617293,28589817,1441124,95627,54878,2411
2,../model_20120328_1974817485.uvl,13,8,32965002,true,1642344,29304851,1561411,113333,61554,2964
13,../model_20120423_1625073325.uvl,32,26,28823087,true,1694864,24852121,1676506,155081,82608,2233
12,../model_20170918_1996976409.uvl,33,33,33414663,true,1644564,29430460,1665366,266001,152889,3248
5,../model_20200128_23228584.uvl,23,23,49409294,true,1538682,45351990,1730891,306616,148533,4095
1,../model_20200121_827473084.uvl,17,17,23853446,true,1637282,20078995,1699792,102195,65799,2890
9,../model_20140511_603377022.uvl,15,14,21642916,true,1405203,18166536,1670365,114355,49443,2200
10,../model_20101020_1809093990.uvl,20,20,32088784,true,1587433,28341366,1652437,106443,60604,2237
11,../model_20190917_1484600794.uvl,17,13,88932892,true,1571610,85422255,1548484,89043,46722,2308
8,../model_20170414_1751865819.uvl,77,84,74053498,true,2499511,68576914,1898255,409813,276202,2902
3,../model_20140322_1340045027.uvl,10,10,26963948,true,1653555,23295712,1649826,94380,51156,2821
15,../model_20130529_552715089.uvl,17,16,26111829,true,1635647,22684939,1384733,100196,57318,2765
7,../model_20200819_710049424.uvl,28,25,28258073,true,1635475,24530606,1543268,144262,83876,2731
2,../model_20200728_429027371.uvl,17,16,38609334,true,1639150,34791641,1611806,170968,99436,3650
4,../model_20190915_1211977272.uvl,22,21,24091540,true,1587466,20386326,1647526,115140,60160,2448
14,../model_20110127_1318390760.uvl,13,11,23548388,true,1451386,19875298,1859029,79420,41962,2313
1,../model_20190430_2137275351.uvl,37,35,52080657,true,1648863,47681961,1841550,348488,203416,2994
9,../model_20230322_1855764436.uvl,26,22,26865966,true,1593484,23165347,1556729,147112,74379,2733
10,../model_20170618_724645944.uvl,13,14,26787192,true,1565723,23338013,1464171,93107,54033,2508
11,../model_20200128_745414394.uvl,23,19,24638866,true,1571631,20803064,1770795,116733,65439,2788
6,../model_20160308_190029672.uvl,33,32,49109955,true,2008019,44403633,1910774,312723,178919,3989
3,../model_20140819_709073537.uvl,43,44,45580509,true,1910232,41392565,1568803,206759,116741,2559
7,../model_20190917_512190943.uvl,45,37,41333786,true,1941701,36541028,1837051,391779,206526,3738
2,../model_20110428_553405269.uvl,37,29,42416851,true,1793538,38421821,1596364,201819,106283,2531
4,../model_20181019_994429580.uvl,10,10,21379304,true,1543708,17651412,1728497,118278,68683,3747
14,../model_20160329_1152124785.uvl,21,20,24886707,true,1669322,21202024,1521185,112309,65016,2683
0,../model_20160227_1389842098.uvl,48,51,67169776,true,1963091,62064510,1952219,496880,276335,4163
1,../model_20161207_285955518.uvl,54,46,41276435,true,1799505,36783450,1912237,231005,125125,2967
10,../model_20101111_156018899.uvl,12,11,38611258,true,1654527,34792519,1648955,143224,86379,4073
9,../model_20140403_1688136935.uvl,45,42,96119742,true,1761231,91924407,1667825,235224,118041,2081
12,../model_20130123_686198065.uvl,40,40,42669216,true,1921104,37794546,2018880,349586,196126,4306
11,../model_20141106_1014782772.uvl,17,17,23048630,true,1405627,19724566,1518639,93886,52892,2689
5,../model_20160308_79396455.uvl,41,44,39567417,true,1683330,35010472,1903884,376025,194741,3868
13,../model_20150527_1979644627.uvl,72,58,69637206,true,2476870,63679248,2051172,405483,462465,4186
3,../model_20200810_1006372985.uvl,36,36,51425985,true,1631008,47178572,1730323,340398,188192,3963
6,../model_20140825_2017008690.uvl,58,59,45387347,true,1781504,40647295,2083471,278848,157198,2597
8,../model_20140430_1532303117.uvl,32,20,28918037,true,1687406,24899472,1743917,146814,78535,2329
7,../model_20180917_1978871462.uvl,50,45,39233348,true,1934772,34359751,1997421,376330,217491,3698
2,../model_20130121_710180273.uvl,10,11,36630458,true,1648333,32704850,1735119,162823,87512,3850
15,../model_20120909_341305614.uvl,32,34,35338965,true,1808690,30833785,2029906,204725,107145,2785
4,../model_20180305_1393570452.uvl,48,43,70179927,true,2076823,65431159,1813482,339551,167801,2681
0,../model_20150301_300492477.uvl,33,32,39318018,true,1676270,35018231,1703326,291591,251839,4136
1,../model_20121123_1672558767.uvl,15,17,30864600,true,1896420,26776023,1646590,162586,90144,3919
13,../model_20140824_525404983.uvl,47,47,56835094,true,1792470,52649301,1667553,224927,121562,2809
3,../model_20121018_436901160.uvl,16,15,39511174,true,1566294,35646029,1730169,181535,94502,4168
6,../REAL-FM-17.uvl,25,24,33078137,true,1830234,29083410,1707300,154965,80893,2846
5,../model_20141104_1527188029.uvl,140,140,140387480,true,3294195,133188621,2057812,617495,412216,2706
8,../model_20130703_1107240012.uvl,64,27,43715140,true,2192902,38785002,1876079,245518,122065,2856
2,../model_20150428_2048110240.uvl,11,12,36893966,true,1651227,33083581,1629452,162967,97806,3940
15,../model_20110826_252647654.uvl,24,24,42074849,true,1691198,37737456,1932772,235933,128596,3940
7,../model_20150208_2120373387.uvl,25,21,105301159,true,1580419,101291643,1819943,185669,98461,3786
4,../model_20170505_1428478521.uvl,24,26,30037670,true,1767356,26028733,1575687,191298,117417,2681
1,../model_20110622_260389190.uvl,12,10,21975275,true,1439379,18672312,1477643,75924,46201,2862
10,../model_20120513_373795895.uvl,14,13,24378015,true,1664060,19812634,1645317,928346,45464,2284
13,../model_20171204_404453510.uvl,21,22,27951360,true,1454136,24305494,1671124,143136,105060,2978
3,../model_20121102_768518520.uvl,14,14,38605752,true,1404242,34969138,1777157,154682,91879,3922
6,../model_20140423_277886534.uvl,21,18,41925744,true,1620788,37900836,1804382,215823,119064,3865
11,../model_20110525_564104612.uvl,27,32,43215846,true,1793519,38941369,1667722,359404,109946,2729
2,../model_20120408_404695779.uvl,70,66,48429983,true,1838855,43735522,1802052,313182,210194,2197
8,../model_20100712_329430908.uvl,20,20,83436263,true,1608289,79671604,1670343,106882,60768,2581
7,../model_20121123_638033800.uvl,14,13,37529341,true,1547255,33793599,1668027,157284,88242,3975
15,../model_20140422_2137156564.uvl,35,32,34745948,true,1804467,30695188,1649797,190892,106328,3167
5,../model_20200316_153170359.uvl,124,103,78327653,true,3351142,71129841,2133344,571426,361448,2101
4,../car_fm.uvl,14,12,24563065,true,1599753,20941584,1659332,88687,47418,2659
1,../model_20230505_1739075744.uvl,42,45,57112827,true,1932534,52146238,1965905,412340,223708,3921
0,../model_20140801_240918546.uvl,22,13,26022992,true,1599304,21985153,1957679,100370,54982,2504
13,../model_20150212_1516383976.uvl,12,8,37021211,true,1503231,33348912,1706521,152980,82352,3967
14,../model_20160329_268958808.uvl,47,54,52910121,true,2087465,47967038,1819813,448617,160260,2549
6,../model_20150411_1378086632.uvl,15,9,31366417,true,1347413,28165666,1456961,85829,51527,2663
3,../model_20120701_1498696792.uvl,11,11,27959746,true,1366028,24373307,1782643,125081,79043,3706
9,../model_20221101_871584152.uvl,19,28,40569117,true,1694980,36392858,1838628,242188,112729,2118
12,../model_20141205_2005181775.uvl,33,28,45313367,true,1649591,40939022,1890042,299216,166300,4594
15,../model_20100322_955726153.uvl,20,20,24818593,true,1481685,21227123,1598608,141974,66716,2352
8,../model_20161118_228131771.uvl,66,79,53885209,false,2401247,48875749,1627474,406827,347090,3223
5,../model_20130722_443972122.uvl,12,12,25038984,true,1585212,21312645,1750861,73458,58757,2676
2,../model_20180512_276218752.uvl,36,38,50765277,true,1719821,46148081,1831167,367755,303745,3992
1,../model_20190922_718247414.uvl,12,10,37468911,true,1734805,33481332,1818880,129855,73175,4247
4,../model_20110527_1847306763.uvl,63,106,96684017,true,2314651,90967023,1961052,591205,343378,2197
0,../model_20140819_2062208658.uvl,26,26,34304217,true,1726149,30260247,1764552,133777,79906,11603
13,../model_20160620_457730604.uvl,20,20,24751380,true,1714466,20819117,1662660,121180,105717,3296
3,../model_20151119_424700280.uvl,10,10,38040760,true,1449495,34383726,1718067,143860,82989,4025
9,../model_20121219_1714348674.uvl,10,10,36298960,true,1412408,32676360,1773182,123283,74026,4043
14,../model_20171018_1720986032.uvl,130,107,94596610,true,3467620,87171046,2200088,637294,349085,3022
10,../model_20121123_1445508018.uvl,16,16,79113950,true,1500104,75529026,1679912,88279,63900,2491
12,../model_20180512_427876131.uvl,37,37,42962627,true,3150850,37470239,1681681,184136,176370,2271
15,../model_20130916_1649901124.uvl,16,15,37806363,true,1553662,34259071,1593192,95957,56201,2777
8,../model_20110823_1386366267.uvl,15,14,38636840,true,1626111,34745845,1700615,165424,94152,3020
11,../model_20110407_1283128166.uvl,51,52,40907517,true,1835758,36580077,1724982,243147,134244,2080
5,../model_20140508_536536644.uvl,36,34,61778208,true,1682764,56934909,2105651,424079,228597,3534
7,../model_20120314_1438691117.uvl,13,13,20880594,true,1533623,17181376,1774289,76081,41502,2722
1,../model_20110116_381192414.uvl,60,61,56088456,true,2026451,51241297,1781701,342241,253060,3187
4,../model_20131112_2028027455.uvl,13,11,26507510,true,1454718,22658993,1935534,138828,77600,4637
3,../model_20150208_1225865238.uvl,42,34,41431455,true,1949080,37114192,1590966,299744,127022,2493
10,../model_20141108_202761108.uvl,10,8,24491437,true,1539845,21025025,1564296,63289,36617,2781
9,../model_20180514_381391194.uvl,20,20,41178290,true,1638044,37172656,1741134,200641,115661,3583
14,../model_20131112_990013628.uvl,10,10,29083207,true,1208949,25856629,1624582,109246,61619,3988
6,../model_20110301_216655728.uvl,10,10,32807624,true,1610082,29056041,1709470,114062,68866,3382
12,../model_20160229_707006027.uvl,13,14,67437241,true,1572500,63806410,1643140,96781,50237,3882
15,../model_20120328_1373483522.uvl,13,14,24033922,true,1461349,20459531,1624186,138950,53634,2559
8,../model_20141108_701198022.uvl,11,11,35023322,true,1618165,31274273,1634498,121526,71258,4093
11,../model_20120717_770767926.uvl,11,10,35269192,true,1503306,31762892,1530495,120953,67502,4040
5,../model_20120110_1256867454.uvl,10,10,21755304,true,1381665,18537665,1402394,164932,46448,2087
7,../model_20110605_1465859222.uvl,17,17,24035390,true,1591091,20366323,1590340,146694,79934,4468
2,../model_20120829_28461699.uvl,11,13,37176357,true,1598599,33316060,1623175,275471,88182,3705
1,../model_20110207_1623721536.uvl,27,32,32143206,false,1700409,28317451,1542732,195849,184586,2535
0,../model_20150307_1251635490.uvl,35,36,33851114,true,1649196,29891059,1655538,175075,166748,2404
13,../model_20121019_1128529660.uvl,14,12,24956715,true,1583882,21334912,1570828,126960,58703,3394
9,../model_20160304_1567363129.uvl,19,23,30652457,true,1868821,26389518,1710243,269194,104502,3455
14,../model_20170918_191476099.uvl,48,49,64802162,true,1840077,59416130,2394759,467302,266452,5199
6,../model_20091210_241985787.uvl,16,16,41688301,true,1716029,37552701,1726465,302198,97324,4561
12,../model_20170518_1713871521.uvl,15,16,32514697,true,1624312,28967458,1477348,102247,55796,2480
15,../model_20221015_510481451.uvl,12,14,22602248,true,1705531,18851221,1624033,85269,51694,2065
5,../model_20170313_788976149.uvl,12,9,27129825,true,1600031,23555038,1643864,71258,38588,2699
7,../model_20140109_637429284.uvl,11,9,29108912,true,1411219,25637345,1685431,111588,60577,3572
8,../model_20160911_493856736.uvl,45,29,65498060,true,2148212,60433191,1825050,441032,227650,3536
1,../model_20121015_1348696629.uvl,10,8,36419789,true,1565076,32744998,1628761,134022,73058,3935
2,../model_20160913_2142740300.uvl,48,48,48626471,true,1794789,44059913,1692838,471645,185026,2232
4,../model_20170720_160368734.uvl,14,14,21847574,true,1309987,18491087,1691452,78061,45376,2318
0,../model_20200513_1559879338.uvl,11,11,37190961,true,1475490,33542715,1706717,133293,75862,4466
9,../model_20131112_1399418967.uvl,35,28,33351952,true,1871054,29072438,1714308,184741,126448,3133
13,../model_20160329_1144142418.uvl,54,33,57583517,true,1963084,52956493,1845901,220351,110754,2563
14,../model_20110406_656545830.uvl,17,17,29504095,true,1524318,25816656,1694473,141515,70598,3803
12,../model_20120423_1196408273.uvl,16,11,40278504,true,1387802,36756326,1625101,164744,90297,3844
10,../model_20110207_906076676.uvl,12,8,21349794,true,1677915,17646619,1640956,73892,38038,2561
6,../model_20221018_544175819.uvl,29,29,29197728,true,1778899,25214357,1607102,163373,92111,2349
3,../model_20170518_711240246.uvl,36,36,30552748,true,1767532,26032421,1893708,263334,225208,3718
15,../model_20200909_844580970.uvl,17,9,23084747,true,1321245,19826621,1555076,81643,45002,2118
8,../model_20180222_1790291836.uvl,22,19,42887271,true,1655128,38493391,2064284,212191,112232,3701
7,../model_20190513_554652357.uvl,10,10,33544465,true,1513767,29886020,1703545,110929,63046,3797
11,../model_20160329_304357596.uvl,23,15,38937597,true,1664364,34735002,1974915,176828,60542,2952
2,../model_20150304_617127008.uvl,56,66,75901431,true,2207779,69901809,2254663,603770,442474,4390
4,../model_20190917_490456110.uvl,39,23,90009160,true,1671335,86328326,1519275,160374,83350,2629
0,../model_20090801_1908323193.uvl,13,13,24396831,true,1630704,20778846,1584384,79145,46231,2915
9,../model_20160329_578011837.uvl,23,18,38357898,true,1699808,34386132,1792771,111431,59216,2597
13,../model_20140423_1716161596.uvl,42,25,46737064,true,1740156,42739869,1719170,181637,94825,2298
6,../model_20130125_189285641.uvl,18,19,25833209,true,1634035,22115254,1577967,120436,83631,3977
12,../model_20160926_2009081259.uvl,54,54,41100104,true,2002323,36495939,1716377,247702,174591,2383
10,../model_20100326_770562654.uvl,27,19,28827969,true,1472853,25200529,1580783,148571,77468,2781
15,../model_20170505_1995894898.uvl,32,27,35040223,true,1717434,30741877,1841247,202670,175521,2613
8,../model_20140514_1151327844.uvl,43,36,52986581,true,1870765,47177497,3082750,274013,141508,2369
7,../model_20091206_1647557456.uvl,10,10,90271126,true,1439978,86838523,1600820,69983,99871,2982
11,../model_20141102_1778359466.uvl,23,22,25020703,true,1560772,21227259,1694238,147285,67138,2222
5,../model_20170517_1276361560.uvl,10,10,24827865,true,1761708,20975119,1609136,165000,48660,2693
2,../model_20130916_1001858303.uvl,15,17,38919252,true,1523540,35062675,1751539,191832,109519,4296
1,../model_20110130_639381749.uvl,12,12,29316378,true,1769789,25137650,1942340,114275,65773,3208
4,../model_20131122_1877947099.uvl,15,13,22654930,true,1616086,18999862,1613889,85956,48398,2094
0,../model_20120113_1803352101.uvl,43,27,38006673,true,1666842,33768042,1936121,191031,100698,2904
13,../model_20160329_2023954051.uvl,24,20,29937029,true,1710096,25983478,1715646,136571,69532,2822
9,../model_20141129_2117240468.uvl,12,14,38427775,true,1407979,34805901,1701060,164495,101924,3835
6,../model_20171020_786614820.uvl,12,10,36381763,true,1649248,32544233,1683589,136562,74398,4709
12,../model_20200810_903664942.uvl,25,27,31368133,true,1653438,27136247,1863210,271944,146590,3274
10,../model_20150523_1701783178.uvl,23,23,43800142,true,1712925,39439801,1970285,213611,128342,3527
15,../model_20121106_1816491064.uvl,23,20,44273724,true,1596993,40384425,1662304,219960,118438,3885
14,../model_20120701_899073101.uvl,11,11,36364641,true,1654450,32737778,1572364,119345,70993,3317
8,../model_20120829_881090911.uvl,10,10,30494848,true,1654460,26815032,1584907,115104,68025,4232
3,../model_20140324_1142291623.uvl,11,11,34697764,true,1608662,31158443,1561830,71516,39454,2360
11,../model_20190223_2023041805.uvl,19,22,54778210,true,1710668,50247208,1983769,343318,179752,3433
2,../model_20120528_1294065815.uvl,13,12,22506979,true,1615144,18965407,1573548,80835,45392,2870
1,../model_20130529_1911302663.uvl,16,16,22875652,true,1451456,19408403,1558068,98757,57231,2348
0,../model_20170704_1299892151.uvl,11,11,19667564,true,1394380,16440340,1513102,69089,40708,2415
13,../model_20121017_2007593800.uvl,10,8,31384874,true,1618621,27744629,1562002,117227,69315,3552
4,../model_20141018_2078980023.uvl,87,86,82661322,true,2518133,76748330,1985483,539903,249880,3395
10,../model_20140306_1994550432.uvl,12,9,24221059,true,1351884,20830813,1700865,68746,37625,2722
6,../model_20150226_64791123.uvl,26,28,27295578,true,1881426,22864317,1770752,276831,152972,3710
12,../model_20100829_787258873.uvl,57,48,41052981,true,1731276,36596325,1919709,251752,137216,2877
14,../model_20180512_893377341.uvl,24,22,28129412,true,1651109,24405378,1563176,140423,79112,2517
3,../model_20130916_552778902.uvl,16,17,36202535,true,1891992,32356491,1508744,97163,57317,2612
11,../model_20120412_1314362396.uvl,12,11,25240387,true,1490614,21507342,1808970,107655,68667,4215
7,../model_20131122_641443746.uvl,14,14,30653099,true,1740575,26557816,1852546,146114,93714,4241
1,../model_20131122_224574976.uvl,11,11,21714177,true,2319659,17479715,1578990,74653,41421,3146
5,../model_20140326_1693773444.uvl,13,14,36225648,true,1604058,32649868,1545063,101961,54301,2421
0,../model_20091225_1547989376.uvl,29,30,47758872,true,1702809,43762778,1671944,171995,95912,2271
13,../model_20180512_409172439.uvl,37,37,48283430,true,1849894,42869705,1802960,302948,1108696,3606
4,../model_20230313_612090761.uvl,13,15,36874930,true,1734780,33101007,1593533,104843,61904,2223
6,../model_20140305_850513381.uvl,63,103,87824314,true,2375599,80891067,2168678,1154933,711925,4387
9,../model_20170405_957299568.uvl,142,211,161747809,true,4649046,152290217,2166310,1264625,813794,3765
3,../model_20140614_1989695192.uvl,29,35,38546058,true,1678190,34762642,1506986,209120,113483,2734
11,../model_20190304_818967793.uvl,29,28,48040679,true,1644131,43892726,1693461,268388,160369,4108
15,../model_20230323_58681865.uvl,17,15,38222391,true,1940595,34160344,1567214,175094,94500,3465
7,../model_20141006_1946000492.uvl,14,10,37103393,true,1554285,33274774,1786769,138313,74787,3116
5,../model_20141129_6569546.uvl,25,21,27962524,true,1591095,24256095,1649089,139834,71107,2678
2,../model_20150701_451946642.uvl,22,14,33272087,true,1653479,29279182,1860814,116920,57736,2592
1,../model_20140614_81946339.uvl,22,24,45557326,true,1775498,41219892,1715281,250522,268652,4195
0,../model_20110926_400852996.uvl,36,36,53498119,true,1826086,48747692,1863734,461741,197200,4059
8,../model_20200907_1598312227.uvl,130,130,80740872,true,3566973,73566142,2034238,556930,397954,2630
4,../model_20120510_220834497.uvl,53,44,67279257,true,1951771,62026022,2094435,475886,270107,4142
6,../model_20111027_1380540076.uvl,10,10,20651303,true,1392153,17394405,1544139,61057,34487,2094
10,../model_20091210_993249741.uvl,29,25,38529844,true,1582837,34394088,1834940,244443,140845,4024
11,../model_20120828_1516795545.uvl,13,13,23059441,true,1563900,19440814,1638372,101025,43911,2452
12,../model_20190223_1275185141.uvl,10,7,35546229,true,1625682,31495794,1961052,124940,66883,3568
14,../model_20171029_714150136.uvl,10,10,20290583,true,1506010,16944399,1484656,61633,37416,2082
9,../model_20170916_132089042.uvl,48,60,52529076,true,2116997,47593427,1757070,387103,230143,2493
5,../model_20160813_60083737.uvl,10,10,18771018,true,1433385,15706415,1360613,63992,36115,2134
1,../model_20120728_275737618.uvl,14,14,29920828,true,1591461,26353379,1544661,80783,72742,2655
0,../model_20230323_867226898.uvl,16,13,22211244,true,1463074,18724407,1604208,96243,49592,2304
2,../model_20141113_1414990983.uvl,46,46,37805942,true,1675734,33723638,1707878,226441,129248,2956
4,../model_20130807_1787614695.uvl,13,13,33305077,true,1583713,29789184,1564511,81424,46073,2380
6,../model_20130821_470005647.uvl,43,43,30905485,true,1850669,26601120,1706316,199369,118918,3325
13,../model_20200815_41086763.uvl,31,28,30235098,true,1771446,26283551,1580380,162234,85730,2401
10,../model_20160512_1688304541.uvl,31,25,46819820,true,1707112,42746198,1662684,242097,132810,4081
11,../model_20110925_62365838.uvl,23,23,25352572,true,1479640,21936803,1466756,116167,64068,2142
14,../model_20230322_413432441.uvl,22,21,24835082,true,1454237,21324388,1572070,111164,61244,1949
12,../model_20111201_372659565.uvl,61,38,43695203,true,1924672,39058026,1874825,270705,130596,2553
5,../model_20171016_777651910.uvl,27,26,28412841,true,1501972,24606370,1749593,148722,83879,2587
3,../model_20121123_1692800929.uvl,16,16,30453449,true,1537899,26943610,1558623,98520,53745,2481
1,../model_20180705_2136123533.uvl,10,10,33864322,true,1418669,30301971,1722354,122543,66624,4156
0,../model_20150611_1748318240.uvl,14,11,24434536,true,1484823,21056764,1521747,80190,41487,2027
2,../model_20170410_971411480.uvl,11,6,21995833,true,1497584,18526175,1602635,66282,35564,3274
15,../model_20180122_1429516018.uvl,40,18,48448459,true,1869224,43670860,2015390,337005,177143,4045
7,../model_20200212_1763855182.uvl,12,12,33541838,true,1581013,29647773,1817697,136019,81621,3980
4,../model_20140305_1745306436.uvl,20,12,42248279,true,1654792,38242442,1769844,200383,105473,3881
6,../model_20200120_1111265554.uvl,10,8,20640597,true,1487726,17272429,1519898,64443,35396,2417
8,../model_20140401_1527258088.uvl,13,20,31075662,true,1468217,27218169,1747464,265219,136776,3436
13,../model_20180409_394573881.uvl,10,10,35164638,true,1490845,31404642,1819883,121677,69281,3271
10,../model_20101115_2000504462.uvl,72,65,84045453,true,2278941,77941206,2190629,651209,408431,4274
11,../model_20100325_298677687.uvl,10,9,22874637,true,1669086,19184368,1634096,70386,39353,2239
14,../model_20140819_940483638.uvl,11,11,21204468,true,1681139,17536976,1595171,66862,41353,2799
12,../model_20190922_499979669.uvl,25,29,50555209,true,1756570,46304141,1721208,289225,143281,3056
5,../model_20141119_1676144838.uvl,14,14,37663965,true,1657841,33829618,1658574,150423,87269,4005
3,../model_20130627_888588099.uvl,17,16,36004089,true,1702372,32318947,1506866,100262,81319,3207
7,../model_20100216_713947806.uvl,12,12,34370838,true,1631671,30430588,1819342,143203,98242,4599
2,../model_20171012_432118074.uvl,28,28,82774144,true,1603998,78719126,1709484,230020,123812,3047
0,../model_20160330_888130075.uvl,73,73,48200463,true,2422443,42681843,1956885,320477,263899,2623
6,../model_20141023_1082000051.uvl,37,49,41039850,true,1588876,36985251,1732073,287027,143744,2583
13,../model_20161213_651973816.uvl,21,25,49751577,true,1512694,45863015,1659209,322082,161340,3823
8,../model_20141017_1234330746.uvl,38,48,91848552,true,1660638,87614596,1822504,259881,135022,1991
10,../model_20141018_811394530.uvl,23,22,27636248,true,1576931,23893243,1630843,117410,65676,2782
11,../model_20150222_2069201003.uvl,13,13,28816946,true,2950407,23812240,1597196,137578,79534,3504
14,../model_20160504_814917052.uvl,26,20,30799107,true,1607290,26867629,1770866,136751,90184,3270
12,../model_20120905_104354355.uvl,13,13,30970898,true,1452970,26296527,2835583,81805,58768,2917
3,../model_20121123_1047250318.uvl,16,17,26602205,true,1547450,22916386,1587424,163521,89890,3078
5,../model_20160428_283258262.uvl,40,37,55364561,true,1848694,50596240,1901712,372677,201915,3976
7,../REAL-FM-8.uvl,17,17,33261756,true,2945776,28274962,1576598,108026,60915,2906
2,../model_20130916_302923469.uvl,16,17,26200280,true,1470383,22379723,1758670,185539,96606,3163
1,../model_20130808_465499656.uvl,22,14,44403176,true,1724146,40125685,1923157,205408,110072,4010
9,../model_20170702_979744088.uvl,21,21,44399799,true,1831695,39850547,2062942,213007,118152,4222
0,../model_20151201_896154285.uvl,24,21,47935920,true,1665364,43683756,1813788,269648,147117,5022
15,../model_20160225_419189676.uvl,47,52,59730217,true,1949070,55001192,1997004,245826,139357,2209
8,../model_20171213_638254090.uvl,11,10,35908478,true,1518986,32134784,1798390,124324,71261,3797
4,../model_20150228_41303449.uvl,33,33,36072821,true,2104634,31707789,1611404,178822,103843,3210
11,../model_20140209_1382642350.uvl,41,29,48188038,true,1823973,43511631,1852153,427778,234939,3968
12,../model_20130302_379367837.uvl,10,11,34994535,true,1616393,31188487,1740831,132719,76434,3479
7,../model_20190326_164569423.uvl,10,10,27587101,true,1504265,24145611,1585048,66263,38249,2451
2,../model_20150416_264061404.uvl,47,24,53049784,true,1858592,48260749,2075099,330965,187535,4114
0,../model_20190526_2060834946.uvl,12,9,22994539,true,1541280,19467157,1439931,174153,76001,3368
15,../model_20150621_1174641946.uvl,36,32,30393211,true,1800318,26416044,1610678,184426,96116,2708
4,../model_20120110_1094246588.uvl,10,10,22606930,true,1450668,19033427,1584322,218412,49816,2073
9,../model_20190917_729866659.uvl,83,56,45329783,true,2052944,40118095,2054750,325778,169865,2167
6,../model_20180611_848416665.uvl,10,13,28566049,true,1588797,24983708,1544291,84000,48814,2188
1,../model_20180306_832754487.uvl,49,53,53459996,true,2026482,48344807,2001103,424410,197703,2287
11,../model_20130812_1882708509.uvl,41,51,41057450,true,1832999,36945948,1588232,264651,135304,2729
14,../model_20170402_765751837.uvl,329,359,272261208,true,13718779,250068996,2997081,1984163,1758457,2702
13,../model_20150309_1544990511.uvl,39,42,41677608,true,1608184,37661204,1788520,208445,117603,2539
12,../model_20230616_862941800.uvl,30,26,26353080,true,1489727,22640307,1661482,162030,84282,2965
10,../model_20131129_1795005487.uvl,10,10,26769285,true,1497449,23062778,1821385,164910,48515,2135
7,../model_20130725_1746580783.uvl,16,17,41369038,true,1848669,37130303,1769498,197612,129272,4793
3,../model_20140826_2051139991.uvl,31,31,34743101,true,1729946,30738510,1655816,148267,82697,2119
5,../model_20160503_1174916821.uvl,42,44,105917356,true,1876714,101111298,1969789,426489,232150,3580
0,../model_20140403_1254324003.uvl,28,27,46312956,true,1732179,42226458,1691994,214635,142531,2550
4,../model_20140824_1698583194.uvl,66,66,67439944,true,1905294,62002611,2067071,584874,391230,3620
6,../model_20180729_778045288.uvl,31,34,118911836,true,1772958,114765517,1660586,177377,100096,2302
14,../model_20120328_1412454948.uvl,36,34,31322868,true,1659325,27201557,1644377,204316,127511,93405
11,../model_20190616_1868431112.uvl,40,31,49301820,true,1765407,45162077,1736111,178133,94415,2645
13,../model_20140710_2059561340.uvl,33,25,33736921,true,1802478,29706561,1667200,175144,94237,2363
8,../model_20160913_245590430.uvl,38,38,55907716,true,2169584,50657259,1811547,569024,293840,3662
12,../model_20110915_1159959623.uvl,10,8,29057168,true,1701682,25183276,1687944,134240,71638,3606
10,../model_20141103_285596543.uvl,25,27,48810181,true,1654217,44335242,1899294,275605,297972,4511
7,../model_20130309_1354780318.uvl,11,9,25854255,true,1444477,22524312,1518288,86649,34883,2553
3,../model_20190411_1457420991.uvl,18,27,54609025,true,1764230,50214301,1739829,371477,186772,4340
0,../model_20230323_642188361.uvl,23,22,28196988,true,1415553,22617917,3487202,233726,128739,3449
2,../model_20120201_1444061231.uvl,38,37,53128306,true,1729921,49027018,1730100,249472,125604,2712
6,../model_20221109_1435495840.uvl,14,15,39414525,true,1606177,35562601,1671654,187106,106633,4473
4,../model_20170219_358603289.uvl,62,62,45592158,true,1841010,40569780,1958505,473636,244201,3191
11,../model_20130418_1960440366.uvl,29,32,54800308,true,1504572,50563677,1691512,484129,213242,3319
8,../model_20131112_330151541.uvl,21,16,25914644,true,1717393,21714215,1891343,176232,89520,3512
15,../model_20230323_425392427.uvl,33,29,34683181,true,1788541,30585134,1715039,157912,86885,2324
1,../model_20180307_2144246090.uvl,49,39,42341448,true,1669331,37893859,1974511,269989,143165,2104
9,../smart_home_fm.uvl,59,62,72471012,true,2066338,66663741,2311711,559056,398552,3712
13,../model_20140508_530056624.uvl,36,49,130370578,true,1838974,125941339,1686861,319424,185933,2900
10,../model_20131124_646639708.uvl,16,17,32802544,true,1646356,28900881,1692594,192673,109300,3502
12,../model_20130219_1778040846.uvl,40,38,38627097,true,1757635,34493642,1728456,289387,110221,2370
7,../model_20131206_684654596.uvl,12,12,39738287,true,1717087,35579949,1791286,313155,96737,4002
2,../model_20110919_127780100.uvl,37,27,35572902,true,1461402,31921521,1603332,208788,123332,2240
6,../model_20140427_1594857347.uvl,19,21,28328992,true,1579036,24736098,1428935,177807,162590,2508
11,../model_20190920_579117949.uvl,13,17,27013473,true,1556796,23300365,1561351,220032,124113,3830
15,../model_20170926_289427240.uvl,11,8,20526414,true,1272493,17243996,1611566,73836,51899,3109
1,../model_20150419_1225785874.uvl,11,9,21470254,true,1494088,18110739,1487061,68076,38026,2770
9,../model_20190513_110684557.uvl,10,10,22994966,true,1414423,19502259,1643180,114969,48890,2110
13,../model_20160225_2040495200.uvl,50,29,35886905,true,1673062,31897293,1626116,227276,112194,1959
10,../model_20170504_370000031.uvl,36,37,31662244,true,1554280,27980002,1505840,212421,116240,2270
14,../model_20141129_264528063.uvl,13,14,38280204,true,1655051,34376938,1675151,209635,82322,2934
12,../model_20190917_659690280.uvl,12,12,22625647,true,1428619,19469330,1379273,71513,41960,2461
7,../model_20180222_524224426.uvl,26,14,27144495,true,1472750,23528221,1636309,117647,68073,2104
2,../model_20120722_2065280700.uvl,13,9,22188231,true,1326571,18895173,1584356,83495,53112,2876
3,../model_20110601_1103941862.uvl,12,12,37359559,true,1580401,33421774,1820185,164177,96596,4020
6,../model_20141129_1168519534.uvl,12,12,23866898,true,1530646,20009771,1797818,159075,86293,3851
5,../REAL-FM-4.uvl,290,310,199443450,true,9577981,183005513,2830490,1436916,1151394,3244
15,../model_20190108_414883666.uvl,17,17,39842492,true,1505558,36262705,1560474,178758,112200,4666
11,../model_20130916_156611854.uvl,17,15,41610132,true,2980706,36130802,1894059,182374,110497,3368
0,../model_20150309_1129343473.uvl,33,38,50639233,true,1820121,46180816,1788240,337235,203893,3522
1,../model_20130916_667715515.uvl,16,16,40697757,true,1384746,36836466,1899311,204736,109466,4340
9,../model_20140530_1262796172.uvl,10,9,100527559,true,1353124,96945125,1827567,115147,63669,3059
4,../model_20200621_929471783.uvl,11,11,38666409,true,1575884,34943340,1609954,174305,90022,3849
8,../model_20200901_164722413.uvl,11,10,31986980,true,1591371,28549036,1508929,80808,38069,2123
7,../model_20150427_2103265175.uvl,56,54,66603344,true,1986878,61468327,2047668,381018,224935,2633
2,../model_20130116_1542765516.uvl,10,9,22909229,true,1411215,19635183,1578886,67722,37673,2902
3,../model_20171005_661289758.uvl,10,10,69520633,true,1434978,66285544,1473835,63177,34998,2815
6,../model_20230322_928718925.uvl,20,16,25862338,true,1485894,22221908,1631522,108599,96145,4178
5,../model_20190922_267709941.uvl,35,35,33228189,true,1816617,29015847,1731600,178990,97554,2760
15,../model_20131112_356575914.uvl,20,15,26895721,true,1370230,23478635,1570103,124813,75602,2697
11,../model_20161122_1255346120.uvl,15,10,26736788,true,1677304,23197052,1477709,94642,53160,2470
0,../model_20160504_18344306.uvl,13,14,26162819,true,1537793,22727527,1516330,91409,51418,2316
1,../model_20110310_1849309646.uvl,23,20,27006051,true,1669631,23060338,1775535,122235,67248,2052
9,../model_20180304_1150769979.uvl,48,38,64533898,true,1850639,60092030,1734350,276613,144928,2621
8,../model_20130311_1184229274.uvl,11,11,22764603,true,2629065,18001484,1736867,65401,39084,2209
4,../model_20110823_553386338.uvl,21,21,24424677,true,1540153,20870835,1575327,110653,61343,2166
7,../model_20180611_1140870617.uvl,10,13,24886484,true,1513316,20862168,1861382,277211,84158,3894
10,../fame_dbms_fm.uvl,21,16,34870116,true,1487880,31005581,1791887,204462,111021,3478
13,../model_20161124_135805624.uvl,37,37,33360450,true,1749243,29038355,1867384,250450,101488,2252
14,../model_20140326_183546394.uvl,11,11,32852071,true,1689856,29088742,1613718,120974,69820,4009
12,../model_20170311_1316290182.uvl,48,48,67809090,true,2100305,62056527,2067619,707351,455254,3763
2,../model_20190916_779041735.uvl,41,23,33632450,true,1520679,29423264,1876558,274465,149964,3643
11,../model_20181016_583005690.uvl,32,34,52094835,true,1713862,47511591,1916965,454687,213292,4213
0,../model_20160229_490224198.uvl,49,39,68615698,true,1879256,63429865,2092349,501425,274723,4075
1,../model_20201002_1982652571.uvl,15,15,37322921,true,1593219,33420681,1776005,157808,86601,4108
9,../model_20101024_1938793748.uvl,29,32,31119763,true,1555314,27429852,1545972,163144,91439,2048
4,../model_20100213_206550190.uvl,38,33,82695047,true,1643577,78749347,1651236,219562,142913,2073
8,../model_20170919_414938854.uvl,47,35,50587702,true,2048205,45843597,1834630,343132,184111,4358
14,../model_20190913_1052617154.uvl,21,21,21986780,true,1341940,18681453,1515152,116826,63952,2728
2,../model_20101109_1698100628.uvl,15,15,24111640,true,1431637,20744494,1463912,87342,53447,92386
12,../model_20150425_1862491910.uvl,80,77,56918534,true,2044203,52065868,1879763,352683,203214,3276
0,../model_20221017_1844403757.uvl,10,10,19517468,true,1526593,16157533,1487248,60867,36844,2246
11,../model_20140905_2124104947.uvl,10,9,67722952,true,1389399,64474227,1534044,64969,38414,2526
1,../model_20141129_1031364.uvl,12,14,39437921,true,1547353,35703398,1574122,161561,216371,3744
9,../model_20100321_1548012375.uvl,18,18,35776400,true,1693579,31924117,1696310,103804,56497,2438
5,../model_20190510_1232864614.uvl,12,9,34820944,true,1758462,30430594,2153209,127293,75948,3702
6,../model_20170703_1893075315.uvl,20,16,30129282,true,1854800,25870670,1825694,178641,104903,3702
15,../model_20200816_33425673.uvl,39,33,39971589,true,1813754,35997509,1593928,180132,94841,2425
3,../model_20161123_1530983999.uvl,36,36,46391717,true,1717673,42283389,1752107,173938,94718,2804
4,../model_20170821_2117231347.uvl,28,42,48510172,true,1831816,44140750,1770729,306456,143270,2027
8,../model_20160519_1846923063.uvl,39,50,50446384,true,1927095,45985276,1625075,362264,208638,3997
10,../model_20140503_2024413965.uvl,16,14,39454663,true,1698437,35570407,1666943,171730,98029,3926
7,../model_20221031_340330235.uvl,35,35,49720647,true,1734880,45487454,1738585,335384,174274,3828
13,../model_20190916_1777637747.uvl,10,10,32970890,true,1732070,29568373,1328820,61125,34243,1908
12,../model_20131202_1775789712.uvl,50,50,60111603,true,1893441,55101179,2079282,453546,246944,3908
11,../model_20140423_1890396897.uvl,36,31,31749220,true,1595252,28071651,1505836,186337,104676,2123
1,../model_20160606_235281629.uvl,13,13,20882291,true,1495857,17525827,1484628,89044,56515,3317
0,../model_20180214_1066016479.uvl,96,79,69929066,true,2663559,64284746,1693229,507492,337055,2553
6,../model_20110712_1373520081.uvl,66,61,41864385,true,1931662,36139329,2174982,298543,157936,2013
14,../model_20190514_850677966.uvl,25,29,43815835,true,1678813,39285180,2143027,288095,164910,3687
2,../model_20140209_738203734.uvl,51,55,88577838,true,1916001,83007879,2285964,710955,348042,4443
5,../model_20160304_165509543.uvl,43,42,36357369,true,1616359,32718820,1270823,231469,208232,2135
9,../model_20170316_1293936491.uvl,48,53,34189663,true,2177773,29756606,1544989,258224,138380,1907
15,../model_20130731_2029107317.uvl,76,68,44732822,true,2116533,38788990,2112892,322372,160985,1972
