index,filename,n_features,n_constraints,execution_time,result,clif_gen_time,clif_ast_time,bridge_solve_time,code_gen_time,generic_csp_model_time,concrete_csp_model_time
4,../model_20140503_110898123.uvl,16,16,33801311,true,1662178,20875665,5370231,3355213,67571,2056930
6,../model_20180513_39795521.uvl,22,22,35504471,true,1560366,22321655,4696259,3668036,79426,2662848
2,../model_20131112_1592384504.uvl,32,32,43034089,true,1851237,26020575,6612999,3913970,93589,3959600
0,../REAL-FM-15.uvl,25,21,41968928,true,3118155,25573890,5882398,3560255,81590,3214864
9,../model_20180612_712325117.uvl,15,15,34284734,true,1521330,22189514,4502497,3501333,61180,2127471
13,../model_20140421_782765396.uvl,19,19,37069732,true,1509601,22555284,6310150,3823729,57572,2234632
5,../model_20150414_2125272166.uvl,21,24,58463196,true,1673791,34775417,9546818,6090183,155044,5538323
15,../model_20121214_211817376.uvl,14,14,41753996,true,1337900,25115891,8336563,3871969,61159,2590862
8,../model_20160921_24535453.uvl,29,28,52963568,true,1623813,31368574,9021352,5433918,90272,4703705
11,../model_20230322_492815120.uvl,41,32,54203892,true,1753495,33419992,6644187,4130403,127611,7282636
12,../model_20140428_1043688075.uvl,56,55,90530759,true,2009213,64904386,7518304,4429530,322974,10132804
6,../model_20160919_1142576711.uvl,20,20,42829121,true,1502829,30640085,4397967,3626343,59688,2200335
4,../model_20100308_1355834007.uvl,20,18,53398728,true,1602099,39308354,6138450,3556313,59713,2372074
2,../model_20170320_1505333083.uvl,47,25,47523687,true,1674361,30039555,6165482,3658765,94715,5257643
0,../model_20110826_1574631601.uvl,52,56,53471005,true,1681274,32694370,5609569,4734131,160312,7882616
8,../model_20141129_1141626102.uvl,12,12,32415728,true,3093149,17990843,4409977,3783287,48537,2693090
13,../cfdp_library_fm.uvl,13,18,43323553,true,1412854,26269561,8721076,3608642,119815,2679994
5,../model_20160527_1098137653.uvl,20,20,42611260,true,1435183,25881454,6946177,3614153,118979,4198588
11,../model_20200403_1474941211.uvl,14,12,40999020,true,1346014,26145365,6044170,4628774,48994,2418421
15,../model_20100106_985255768.uvl,20,11,45278413,true,1655518,27286172,6907497,5749579,72695,3154858
12,../model_20181024_611767532.uvl,13,14,36249523,true,1320265,23413394,5730538,3538998,56759,1777104
4,../model_20121018_880874071.uvl,16,15,57442238,true,1463585,35948094,9464591,6289271,98204,3636538
6,../model_20140423_969548559.uvl,49,48,83956282,true,3483971,54898925,8974337,5613811,321111,9649789
2,../model_20150120_214372699.uvl,40,39,74272279,true,1760065,51848649,7415853,5505129,107424,7068280
13,../model_20170926_1539445221.uvl,14,12,49380739,true,1697077,30481709,8909565,5459255,53041,2234763
0,../model_20150621_2090653675.uvl,20,18,57777607,true,1483113,34736851,9777037,6389868,118166,4631503
5,../model_20190917_595353381.uvl,13,12,46235285,true,3409364,25874359,8522955,5319483,76037,2597219
11,../model_20180514_1722608288.uvl,27,27,46037927,true,1479548,31036761,5126604,4366852,180746,3358137
8,../model_20221208_1116778716.uvl,22,15,67223172,true,1670356,42763906,10234151,6330777,116692,5392833
1,../model_20131112_832913408.uvl,17,17,50549509,true,1752069,29656743,8755009,6012979,103456,3660121
7,../model_20091109_376438407.uvl,22,21,52064026,true,1801830,35891732,6805114,4320654,64175,2720970
3,../model_20180913_1045465294.uvl,10,6,50114510,true,1647470,31904766,8068081,5686426,60148,2321673
15,../model_20190917_1882445879.uvl,16,12,59316180,true,1747120,37313708,9569755,6247714,98199,3729753
10,../model_20160905_774306083.uvl,14,14,45397250,true,1602029,28266918,7768469,4284457,83313,3028608
14,../model_20110826_819334011.uvl,24,24,45348630,true,1676158,31012141,4660103,4312816,73644,3113396
13,../model_20130529_51708559.uvl,16,17,41658782,true,3301334,26467478,5548446,3367207,66955,2486176
2,../model_20170809_1734454576.uvl,15,14,41831244,true,1653182,25473706,5679784,5480856,81981,3062299
9,../model_20150527_2051574410.uvl,28,21,39164635,true,1670383,23392925,6618735,3765601,69565,3164069
3,../model_20120229_1103715736.uvl,14,13,34720909,true,1587212,21473896,5682028,3291743,74846,2202765
15,../model_20140227_661956564.uvl,47,43,58883787,true,1830247,40024277,6744726,4205879,120683,5304011
10,../model_20170706_1588900401.uvl,30,26,43187449,true,1630987,26008445,6631942,4016292,86390,4256586
11,../model_20110516_1331478109.uvl,88,145,122991790,true,2557771,85455413,12129785,5492439,1354703,14300105
12,../model_20130908_1070185514.uvl,366,528,409239958,true,12228131,277826863,25555117,18380718,1596140,69215442
8,../model_20101112_864228137.uvl,137,138,130349462,true,3146306,94199934,9232660,5723544,400504,15841617
14,../model_20221013_1054303307.uvl,66,56,99621246,true,2234263,78406134,6178412,4209297,155703,7575555
13,../model_20120515_1862354569.uvl,15,15,34509055,true,1369045,21278055,6066955,3508464,60511,1881681
2,../model_20140410_1905141388.uvl,11,20,36900910,true,1465726,23841254,5424332,3523597,73026,2242146
9,../model_20150505_1728564449.uvl,13,12,32448449,true,1690533,19602346,5506716,3604352,59339,1604460
3,../model_20141212_523199394.uvl,15,13,36973913,true,1528730,23469706,5540937,4139368,49804,1847096
15,../model_20160531_990808801.uvl,14,13,33353426,true,4711597,17530273,5540377,3240072,79558,1850090
10,../model_20140630_1564361664.uvl,10,5,29476058,true,1286695,17000036,5869738,3618955,35650,1360921
11,../model_20110525_928187171.uvl,14,14,34181650,true,1454057,21783030,4893100,3782442,51778,1880218
12,../model_20150309_670536624.uvl,22,28,44637557,true,1486007,29932369,6020554,3363188,92718,3349729
8,../model_20160721_972954567.uvl,10,9,40564533,true,1421037,26064765,5465041,5206195,62593,2012298
14,../model_20140408_1553357169.uvl,11,15,45337143,true,1541970,32944649,5000011,3410844,66806,2103166
13,../model_20120113_1950870026.uvl,10,10,52598496,true,1430100,33426709,8712540,6005117,81015,2495647
2,../model_20221010_1477134717.uvl,51,44,95546597,true,1892165,62531466,10929828,7150641,251288,11550699
4,../model_20110926_608554224.uvl,30,32,55733623,true,2079791,39269507,6169335,3838729,90238,3678518
6,../model_20121018_1578042435.uvl,17,15,57116458,true,1773506,35410590,9466245,6304569,93959,3471109
10,../model_20160329_925786350.uvl,31,29,52706446,true,3457683,34296624,6732546,3916489,86120,3669450
15,../model_20190117_1837815772.uvl,14,12,39488442,true,1482785,26110959,6300029,3504037,45733,1697676
0,../model_20190915_1647283170.uvl,10,10,32676874,true,1629551,19526581,5962514,3864778,41077,1281900
5,../model_20131202_1494824194.uvl,34,34,47761883,true,1663475,31646165,5805642,3985721,97417,3949387
11,../model_20201007_667063467.uvl,72,63,82360098,true,2171858,45375678,12450004,7878324,246965,12728217
12,../model_20130529_1165512118.uvl,10,10,52428943,true,1508944,32852970,9248230,5993144,69636,2299273
1,../model_20120328_573707444.uvl,34,27,59287568,true,2491653,36886966,7426421,5178704,97515,5210775
3,../model_20230322_572568226.uvl,51,36,80096686,true,1851002,49280489,10065301,6163119,226843,11799076
7,../model_20180512_316263333.uvl,41,36,64727522,true,1987285,44557765,6792093,4483892,188321,5753235
8,../model_20180306_1851656621.uvl,49,41,99837226,true,3250996,63132502,11317531,7092358,334075,13542354
13,../model_20130916_882364260.uvl,15,17,32474036,true,3256618,17794685,5263774,3810354,61756,1914923
2,../model_20140424_1672030888.uvl,65,45,69302111,true,1627277,47156044,7066379,4330615,170553,7996277
6,../model_20190922_230985682.uvl,21,32,62509149,true,1527275,43391891,4197512,6127268,198793,6605035
15,../model_20140320_391816142.uvl,11,11,38551624,true,1526113,28262945,3692791,3331180,41221,1384629
1,../model_20140319_1506613330.uvl,16,12,34126986,true,1756238,19114163,7227897,3614812,49035,1874528
11,../model_20170206_852070049.uvl,13,10,34131365,true,1445714,19257766,7404220,3985880,66574,1600091
12,../model_20170510_174347414.uvl,15,13,34342321,true,1312656,18801988,6616868,4503857,50116,2697662
3,../model_20150720_1580995178.uvl,22,24,44142748,true,1575633,27813746,6755993,4209565,145988,3075141
7,../model_20170315_692595151.uvl,23,18,55651569,true,1696373,32999344,8810573,6106855,128811,5278948
8,../model_20180611_1112345807.uvl,10,13,49190438,true,1509871,34075795,4342392,4975331,81091,3858695
13,../model_20141021_386995832.uvl,24,24,37769649,true,1487232,23203557,5709945,3676744,77090,3162877
2,../model_20200819_795623217.uvl,26,17,44158067,true,1603837,29030623,6158223,3429251,71008,3349209
6,../model_20150616_314969910.uvl,26,27,43671718,true,1544279,29307411,5506569,3442684,91067,3241039
15,../model_20100529_1010171189.uvl,22,15,43776965,true,1736046,29016200,6078977,3427839,57206,2997552
9,../model_20131122_1083650489.uvl,15,15,33580508,true,1637187,21351536,4055017,4063824,155728,1954918
12,../model_20170322_711096381.uvl,10,10,29239260,true,1473924,17148732,4355831,4750451,36081,1166080
1,../model_20170301_235251685.uvl,14,13,47701852,true,1633705,27218141,9045299,5776976,96450,3410211
11,../model_20140321_1655023261.uvl,14,14,46071842,true,1575848,32799075,4419753,4221507,86171,2580392
3,../model_20140209_34267674.uvl,44,41,76066136,true,1967650,52898628,8643945,3992826,198993,7240949
7,../model_20100416_811483774.uvl,16,9,56607121,true,1526491,35181493,9336943,6112457,83625,3790089
8,../model_20140301_728202228.uvl,49,45,86175745,true,1849351,59025025,7898658,5466520,250864,10818437
14,../model_20141202_107430422.uvl,36,30,69872516,true,3342542,46972643,6457614,4102130,291746,8030045
13,../model_20150507_425070085.uvl,44,44,75901605,true,1826175,43417510,10517964,7269821,239473,11579680
2,../model_20141111_2120296387.uvl,51,18,89808984,true,1976714,57055152,11057161,6776668,184013,11503494
15,../model_20101119_1472596180.uvl,25,26,68965978,true,1604703,43760175,10347268,6378222,155131,6028787
6,../model_20140423_813378270.uvl,48,44,84827134,true,1787380,51644156,11677016,7003854,333977,11180462
9,../model_20180815_1120231956.uvl,26,33,64402148,true,1619302,41564554,9147334,6123422,143776,5288595
12,../model_20191119_1702487696.uvl,24,24,64893838,true,1716523,40563247,8841078,6081897,140424,6814551
4,../model_20230615_784426434.uvl,14,13,71556297,true,2407936,52171044,8168572,5487011,75717,2792642
10,../model_20100412_337845737.uvl,10,10,30139622,true,1723766,17263063,5264662,4165789,41144,1302502
1,../model_20190917_383002664.uvl,43,24,56210918,true,1835724,33431611,8981856,4888379,105106,6075222
3,../model_20161018_1395239714.uvl,11,11,34420631,true,1587907,21406511,4286646,4486035,38707,2142536
5,../model_20130917_1805517149.uvl,13,15,63356492,true,5201369,45585012,6117649,3965154,62268,2061679
0,../model_20190413_1966613868.uvl,42,18,63163352,true,1601435,36881575,11338667,5519653,162135,6680055
11,../model_20190914_1323674619.uvl,61,57,121609771,true,47825114,41905014,11232704,7280211,179419,11779134
7,../model_20160311_1359424486.uvl,50,50,62818892,true,3999339,40166455,7305037,4403621,143065,5949702
8,../model_20160330_149443721.uvl,30,43,70760610,true,1840348,47920793,9463879,6025686,131415,4583956
2,../model_20170814_699386305.uvl,12,12,56241058,true,1643080,41950113,5973955,4245907,43454,1971758
15,../model_20201011_1804341944.uvl,59,59,71521627,true,2062924,47194953,9180824,4968080,151892,6950966
4,../model_20121018_1701181193.uvl,17,15,35783847,true,1655751,22823168,5374793,3533993,54024,1885919
12,../model_20180306_177892963.uvl,45,37,81317326,true,1979810,57575963,6926867,5241763,141035,8734230
10,../model_20100822_281357717.uvl,15,16,48764462,true,2890065,32635976,5832361,3614983,132426,3270839
1,../model_20221114_1363146415.uvl,39,43,57955308,true,1818250,40214302,6399802,3901245,121916,4832458
0,../model_20131112_1617262618.uvl,30,25,44016638,true,3296255,26354806,6404330,3885044,77200,3435430
3,../model_20140524_520707568.uvl,11,9,45447616,true,3546615,23366594,9501019,5899280,71777,2614270
8,../model_20160912_772295854.uvl,18,18,46214117,true,1546813,33449382,5327834,3422692,57201,2065657
7,../model_20110318_225131257.uvl,15,15,59753181,true,1572026,38293047,9064746,5890973,158469,4205652
11,../model_20141106_687094706.uvl,65,61,100759516,true,2024869,77025662,7711432,4278009,288059,8532745
2,../model_20140223_789634838.uvl,26,19,38988683,true,1758716,24904175,5476165,3421969,68023,2883869
15,../model_20120823_304633016.uvl,16,19,38637034,true,1477764,25309793,5172709,3417302,151014,2711133
4,../model_20120328_810464459.uvl,17,17,33896811,true,1583716,20546795,5077237,4173277,52643,1994573
10,../model_20161209_758532997.uvl,13,5,36449405,true,1495360,22918604,6175858,3518828,36538,1878162
12,../model_20151106_857588743.uvl,21,25,47839210,true,1466713,31322980,6889283,3999204,96429,3461687
1,../model_20180512_143602565.uvl,37,37,54463597,true,1608823,37824322,5432987,4554439,107585,4359527
3,../model_20230322_1914329788.uvl,32,32,57048166,true,1634489,37127700,5575678,6823169,160861,5206726
8,../model_20190915_38921055.uvl,10,10,32787541,true,1641658,20786217,5513301,3201007,41335,1267158
7,../model_20171202_671836466.uvl,14,14,30043796,true,1446345,18446980,3969685,3325010,46722,2479382
11,../model_20180305_1565538092.uvl,50,39,83741143,true,2065121,63605161,6229554,3835472,189381,7063815
4,../model_20171208_504832504.uvl,10,8,33761469,true,1371802,21598627,5800193,3461870,34531,1194240
13,../model_20180512_733862721.uvl,23,22,51188021,true,1856695,29425742,8959611,5080719,300933,4970341
12,../model_20120801_1784537083.uvl,12,11,42758491,true,1436685,28436770,6915162,4195081,43393,1378767
14,../model_20160420_474055968.uvl,96,69,91498523,true,2778413,54768834,11042618,5567518,1518632,14557258
15,../model_20140614_1407759983.uvl,29,29,69803214,true,1788589,42062261,10710509,6750512,194071,7305070
10,../model_20141029_1924517902.uvl,53,53,84513587,true,2159743,51117225,10213221,7227157,310906,12253980
1,../model_20230322_61558144.uvl,16,16,56504805,true,1839422,35475149,8858323,6240408,100434,3477903
6,../model_20200901_1590540568.uvl,38,33,84581632,true,2001167,58733503,10450831,6520730,172443,5725798
3,../model_20130305_522520932.uvl,16,14,49407685,true,1561436,30750957,7570133,5206573,115766,3667742
9,../model_20130422_139902368.uvl,40,34,119837218,true,2010381,90224509,10366982,6725941,189060,9265719
7,../model_20140430_1345238885.uvl,17,17,50041961,true,2978865,28065985,8812397,5823075,91063,3681414
8,../model_20140728_1532422166.uvl,23,37,89145936,true,1701712,63148995,8663848,6294173,266016,8456254
5,../model_20110519_503436691.uvl,11,10,44101271,true,1768263,31421237,5537582,3611167,44797,1358739
11,../model_20150616_1287606127.uvl,22,21,50549153,true,1697371,32126536,8930959,4232925,72694,2809917
13,../model_20161101_1287284082.uvl,50,37,55710663,true,1772185,35467979,7523674,4474422,121223,5634994
14,../model_20130818_278315719.uvl,10,10,28334007,true,1665948,15567329,5901492,3448976,47099,1351210
15,../model_20130716_384525556.uvl,17,12,36782154,true,1646482,21762254,6750882,3748469,57960,2355436
1,../model_20150515_2045521211.uvl,25,26,42974222,true,1613616,26719575,6437961,4401854,85734,3099143
3,../model_20160329_736279509.uvl,14,14,35625101,true,3312162,21570189,4163961,4353067,49415,1781072
9,../model_20120328_1357539597.uvl,18,17,47342461,true,1636751,31340683,7022749,3747833,68735,3023925
7,../model_20130426_1685243628.uvl,16,15,38421517,true,1607753,22600620,7461376,3605678,52638,2684739
5,../model_20140403_1425048263.uvl,12,12,29432132,true,1541797,18670513,3964370,3285813,46190,1501148
8,../model_20230322_729074756.uvl,29,23,40810247,true,1644405,25373677,6051423,3733892,104681,3371130
11,../model_20130821_361829065.uvl,30,30,40659304,true,1646503,26216956,4373230,4047280,86897,3726896
0,../model_20170927_2140419024.uvl,87,69,122993335,true,4319954,95571129,7421871,4857341,192710,9547102
13,../model_20170607_1389753102.uvl,13,14,32281362,true,1725543,19158221,5465704,3728445,70549,1747189
14,../model_20171108_1643056811.uvl,12,6,33748261,true,1567527,20003003,6529837,3624387,36749,1583714
15,../model_20140615_1755551630.uvl,24,22,41176176,true,2767894,24413947,6390839,4111108,68937,2952922
1,../model_20160721_1827988269.uvl,19,24,40092126,true,1523704,25262968,6160197,3669161,82665,3001994
2,../model_20130916_330769314.uvl,17,18,36973412,true,1535944,21427093,7569538,3827063,60140,2078639
9,../model_20121026_334751192.uvl,28,28,45143556,true,1535734,26492746,7828246,4693438,102342,3935288
3,../REAL-FM-12.uvl,14,14,69657498,true,2783720,53880403,6119077,4113917,89580,2265641
7,../model_20111220_1184087779.uvl,15,9,67881670,true,1724348,55217112,5173095,3404375,51096,1892629
8,../model_20110329_10104623.uvl,41,35,51902019,true,1766126,33953016,6268923,3809282,118771,5328044
11,../model_20130117_2075912065.uvl,13,14,57465306,true,1606941,39241372,6819352,5491382,108839,3710230
0,../model_20141129_1642511009.uvl,34,37,50712935,true,1750704,32922889,6001331,3666435,124892,5644544
13,../model_20130916_1448418245.uvl,14,16,46247518,true,1750835,31426948,6365340,4199792,57030,2043140
14,../model_20140823_1972464026.uvl,35,38,57049243,true,1695110,37551782,6809965,4598418,1089393,4477656
15,../model_20110725_452580960.uvl,34,30,60904924,true,1751005,41154618,6918414,4807033,104104,5541142
1,../model_20141129_966803644.uvl,12,12,53382697,true,1643011,33996587,8314631,5901965,85151,3009024
3,../model_20111027_668940289.uvl,29,29,58401433,true,1476992,41782257,5783159,3751068,96665,4978026
4,../model_20190825_1083955002.uvl,12,10,53445570,true,3148436,32482357,8508303,5888518,79441,2901666
7,../model_20160712_1875218337.uvl,11,11,46233900,true,1424690,31552883,4512406,5706004,75767,2649945
9,../model_20161118_1167269407.uvl,66,22,92795917,true,1924764,57353495,9350809,5107082,1672281,16517172
8,../model_20111214_733452875.uvl,15,15,38510106,true,1745275,25017747,4386035,3984074,52396,2893414
10,../model_20180913_872907572.uvl,15,15,47257250,true,1505270,28831342,6890040,5898743,90278,3506159
12,../model_20160311_358715911.uvl,26,26,58479092,true,1713389,34770474,7708767,6236860,1361065,5923725
6,../model_20180708_1907991672.uvl,24,30,61008041,true,1861534,40190423,8696993,5468998,175117,3940737
11,../model_20190223_1159148955.uvl,103,70,112024846,true,4412870,78679117,8436881,4788411,323006,13902095
0,../model_20120529_2101702978.uvl,35,46,60938704,true,1896453,40627520,7540620,4390178,151140,5734010
15,../model_20140605_572628146.uvl,11,11,49719960,true,1753737,38012167,4248047,3795137,67164,1449990
13,../model_20110406_1047532859.uvl,29,28,46511303,true,1800549,29228342,6618494,4054955,100457,4161466
3,../model_20120915_487659597.uvl,20,17,37637942,true,1694861,22177450,6754448,3903144,63609,2590485
1,../model_20171109_1740328562.uvl,21,25,78283621,true,1691945,53453415,9201788,6332301,297624,6616831
4,../model_20170310_2069806245.uvl,49,36,72024595,true,3558106,50812196,6319130,4022196,198146,6376383
10,../model_20140306_1607259562.uvl,43,49,58900059,true,1730610,40301165,6825739,3995727,143975,5217811
5,../model_20140613_2054294739.uvl,10,11,35916303,true,1621568,22899864,6027424,3220443,65283,1744455
12,../model_20181029_2093756359.uvl,18,18,40206595,true,1816490,25155166,5866446,3459453,152905,3301986
6,../model_20170918_446567907.uvl,48,37,64842027,true,2000744,45470440,6337193,3730432,165371,6402581
11,../model_20170925_1698983864.uvl,19,19,58002916,true,1513051,36276757,8930073,6146697,122922,4402634
14,../model_20221031_379205114.uvl,158,208,208154970,false,4008132,152931523,10442599,10536722,1356378,28606417
0,../aircraft_fm.uvl,13,12,37417286,true,1668370,25127661,5165819,3485935,45408,1602718
13,../model_20150624_1191374126.uvl,13,12,39248582,true,1538963,26674868,5482106,3574610,54673,1611595
15,../model_20160621_993334585.uvl,26,24,65045490,true,1592644,43030002,7278857,6499009,145188,5994686
1,../model_20180930_1153905679.uvl,27,27,47973257,true,1623311,32413594,5758186,3529209,150105,3888872
4,../model_20200810_956997411.uvl,39,36,45046161,true,1830154,28451876,5610145,3915130,170049,4409442
2,../model_20200815_1845054862.uvl,39,32,50335555,true,1613418,30016672,7863049,3944994,100686,6068902
10,../model_20110328_1177934440.uvl,18,20,48275848,true,1684611,33998946,5592536,3711130,117873,2684007
12,../model_20160330_469153666.uvl,13,13,48348482,true,1553312,29695420,7367279,5943816,95358,3183855
5,../model_20230322_1194175451.uvl,34,25,54314739,true,1595726,27633040,9994306,6307185,156753,7738181
14,../stack_fm.uvl,17,13,58932911,true,1757826,37727601,8988772,5868263,86944,3932471
11,../model_20130105_1019508207.uvl,24,27,46707973,true,1659870,29586220,6617920,5210503,96773,3100117
6,../model_20230322_1299985155.uvl,31,20,65964738,true,1730670,43314367,6921206,6325781,145373,6957107
0,../model_20150109_425963323.uvl,37,23,76565905,true,1883595,52440325,6330191,6668456,222974,8379656
1,../model_20180512_419383167.uvl,36,38,69039477,true,1866757,43251471,7772750,6603670,289954,8286309
13,../model_20091205_755658379.uvl,94,71,112770626,true,2775076,77814077,8518197,5005317,512644,16818431
2,../model_20130529_1162054266.uvl,16,16,54999015,true,1763614,37207371,6483843,5163786,129922,3784452
10,../model_20170528_1427439246.uvl,10,11,41618820,true,1617755,25364265,8650068,3768329,52841,1472413
7,../model_20140409_1370428339.uvl,24,28,58823108,true,1796104,40551696,5893969,3619102,189181,6314815
9,../model_20161003_680973994.uvl,53,58,76558296,true,1986982,47439500,10764029,7013584,208096,7919305
14,../model_20150625_1923523971.uvl,16,13,42761798,true,1671634,29641027,5387920,3522838,52530,1985989
8,../model_20170514_1578942718.uvl,40,44,80745250,false,1924106,58765998,4486742,5313452,251615,9807088
12,../model_20170919_1393589103.uvl,48,45,112774625,true,2082188,82239087,9760499,6348469,341920,11107210
11,../model_20170919_303553909.uvl,49,55,78050066,true,4027350,51497038,7602577,4525259,263162,9337300
0,../model_20181205_2097248492.uvl,19,24,50509748,true,1759544,35291458,6232670,3568844,86638,3134329
15,../model_20170221_1848353506.uvl,210,161,224245868,true,6399391,168574727,12326681,6797522,805555,27069794
1,../REAL-FM-18.uvl,44,47,61739594,true,1981506,42446515,6701497,3911587,152264,5822410
13,../model_20171129_847069382.uvl,35,32,46715967,true,1676899,26613196,8959824,4536281,99253,4144114
2,../model_20150612_1719519345.uvl,14,12,56588284,true,1649904,35889704,9068670,6094300,86699,3266720
10,../model_20100607_746327867.uvl,20,15,54697527,true,1657259,39507218,6239519,4359810,59054,2415531
14,../model_20170215_1976164448.uvl,35,20,60159842,true,1695066,36525055,9118879,7218331,87841,4748987
12,../model_20170512_1532934104.uvl,24,24,39390927,true,1491605,23830012,6341710,3940435,91388,3201945
8,../model_20150301_1821356180.uvl,28,33,55994785,true,1785093,35990222,7047083,4063005,233826,6180323
11,../model_20120130_333619036.uvl,31,27,42474093,true,1574053,25942486,6413006,3749085,83004,4221447
0,../model_20141023_1600573567.uvl,20,20,39365080,true,1804198,24677410,5854528,3600240,57996,2941519
15,../model_20230322_774285627.uvl,15,12,34633034,true,1492858,20896312,5662337,4457940,46974,1733036
1,../model_20160429_2024552354.uvl,12,12,35104639,true,1516498,22459738,5686553,3344948,63618,1677819
2,../model_20190805_1041162508.uvl,23,13,49327898,true,1438152,29901887,6996202,5500137,117006,4937060
13,../model_20160426_744600320.uvl,21,20,71913628,true,1620069,56625324,6103745,4044719,64310,3006171
10,../model_20130529_2135483929.uvl,16,17,39702466,true,1685687,25297554,5583032,3968981,108232,2671982
4,../model_20200815_582760962.uvl,29,23,60923157,true,1846411,38769021,8223249,5486196,129996,5757909
12,../model_20161109_258969269.uvl,10,11,32215645,true,1470735,19003496,5686589,3994425,66645,1670061
8,../model_20230613_1168762973.uvl,11,7,36119485,true,3256104,20721126,6726109,3652395,34490,1308248
5,../model_20160531_486171149.uvl,35,35,61666864,true,1837359,41828482,6578858,3833507,237631,6687618
6,../model_20110809_1799855518.uvl,25,13,65342028,true,1787108,49802114,6214749,3900634,62520,3098456
0,../model_20171029_1247758730.uvl,10,9,51821361,true,3189155,31487355,8215149,6090315,68260,2333547
1,../model_20150529_550903687.uvl,21,20,37980915,true,1712756,24204905,5611223,3299694,66439,2570128
2,../model_20120806_904481092.uvl,17,16,46287213,true,1580636,31584969,6276563,4452813,58379,1955805
10,../model_20180911_126281571.uvl,10,10,51993833,true,3224515,31069494,8779547,5673966,80135,2751255
13,../model_20230322_1887635433.uvl,32,32,55701975,true,1749707,36443109,6417866,5166405,152893,5088739
4,../REAL-FM-14.uvl,18,16,49621269,true,2889655,33319095,6844154,3456100,56583,2597136
12,../model_20160309_77134368.uvl,18,17,52491472,true,1497006,39219732,5362794,3771311,60901,2179143
8,../model_20130422_1348727660.uvl,19,16,59696590,true,1674199,38091091,8755539,5985839,108252,4477446
7,../model_20160531_1105256806.uvl,25,30,46883187,true,1871284,30095986,6398849,4052092,100802,3844051
5,../model_20160926_106687243.uvl,57,52,59751455,true,1868550,34895785,8750067,4981013,186367,7820833
6,../model_20121213_681234650.uvl,33,33,65259118,true,1796706,35936974,10902229,7157120,188007,8376593
9,../model_20170228_2078125436.uvl,34,26,63431594,true,1812688,42772953,6408379,6491495,98303,5264095
0,../model_20180512_775268148.uvl,24,21,55155142,true,3259033,39501891,5491063,3657679,70862,2730312
1,../model_20131202_715513367.uvl,22,22,45208382,true,1634174,32367563,4513680,3676994,71313,2499579
2,../model_20170404_1821671055.uvl,13,14,35251559,true,1521194,21400697,6380916,3571218,62601,1839745
13,../model_20130908_1057721135.uvl,14,14,49347177,true,1477188,30810250,7394001,5880713,86571,3206599
10,../model_20131122_1573422851.uvl,15,13,48509200,true,1619943,30046578,9668620,4767357,52121,1822086
4,../model_20181103_2077285196.uvl,11,11,54572108,true,1660041,36072907,7777424,5396017,92354,3136590
14,../model_20160125_59009200.uvl,37,35,51179157,true,1701604,29170475,9524063,3833736,121234,5868932
5,../model_20160330_1233914245.uvl,12,13,47930212,true,1608487,27112036,9296278,6038178,107157,3238200
9,../model_20121023_1328975384.uvl,14,14,47156537,true,1485970,32238045,5531630,4912421,50337,2549347
8,../model_20170930_228024571.uvl,62,69,99489530,true,2441200,66378597,12400021,5233577,449671,11179184
6,../model_20191111_1176325905.uvl,16,14,57186353,true,1643790,35412349,9363791,6350155,94686,3783765
0,../model_20160919_422339066.uvl,50,42,68063671,true,1763781,43845795,8923754,5510523,147276,7067705
1,../model_20200816_1246721801.uvl,18,16,56823011,true,1708470,34878798,9107626,6191036,105332,4135806
11,../model_20170313_143405764.uvl,48,46,105814051,true,2013339,83026823,7203654,5078915,239367,7503136
3,../model_20190904_400441788.uvl,625,500,527849208,true,22205419,364525379,25763561,13302893,1810684,90045096
13,../model_20140101_941325443.uvl,10,10,37065974,true,1638438,18037753,9045237,6060354,36587,1801731
4,../model_20140604_731553244.uvl,14,14,37563526,true,1498328,22387965,6028997,4196147,47917,3021975
15,../model_20140227_386614568.uvl,75,49,88190763,true,1995987,47126147,12438203,7798453,442913,16732133
10,../model_20140615_1477062295.uvl,33,26,71852441,true,1678954,48189896,9390403,4545955,163531,7063192
14,../model_20180613_78021145.uvl,15,16,32044735,true,1534466,19252826,5517619,3406262,55009,1886888
5,../model_20190921_1186818003.uvl,15,13,33048914,true,1754304,19891660,5659617,3284436,49495,1930902
6,../model_20190513_215044614.uvl,10,9,33895322,true,1394358,20224059,6031797,3982127,40169,1860762
8,../model_20160123_368502373.uvl,10,9,51281751,true,1573811,31682036,9195061,5992223,67964,2341547
9,../model_20180713_1002093829.uvl,23,17,51107534,true,1456706,33114283,7081803,4564802,127122,4158045
11,../model_20131217_806985744.uvl,11,7,49816621,true,1534056,31977858,7589870,5775915,63389,2542602
3,../model_20230322_310895789.uvl,26,26,37113644,true,4896741,20005724,4528412,4001770,73919,3084036
13,../model_20131201_820966647.uvl,18,19,36303542,true,1671666,21668985,6100355,3709582,68145,2628265
4,../model_20170627_231083922.uvl,14,14,43054878,true,1516006,25774856,8519103,4783219,88342,1912096
15,../model_20190513_639238065.uvl,10,10,52802729,true,1435556,32711088,9259242,6099331,90402,2769231
10,../model_20150521_1423870525.uvl,16,16,40815288,true,1481087,26681279,5983505,4370139,53597,1884098
12,../model_20160329_174305764.uvl,44,49,59930523,true,2052225,38122059,7037764,4830719,236695,6924390
14,../model_20200919_469515687.uvl,20,18,59658201,true,1730262,46574928,5083338,3316194,61269,2425757
7,../model_20190917_1844149588.uvl,49,25,48226874,true,2085953,28510284,6565633,3798185,101936,5748996
8,../model_20140819_535519547.uvl,13,13,37668731,true,1483431,18751274,8911609,5791404,47066,2227720
6,../model_20110203_2097159983.uvl,18,18,43316476,true,3572918,28972679,4455790,3733681,54121,2046912
9,../model_20160824_2005849052.uvl,21,21,44447380,true,2796822,27176441,7055926,3865156,66119,2942789
5,../model_20180306_1625675392.uvl,48,25,73274283,true,1745791,41402081,11088275,6611724,243341,10946581
2,../model_20131202_533920013.uvl,19,19,32804806,true,1684159,20219355,4403238,3566166,60940,2488504
15,../model_20160329_1691896941.uvl,28,38,45720578,true,1507947,29609743,6100140,3655329,126137,4239456
10,../model_20160917_824197127.uvl,14,11,33116318,true,1525536,20572909,5030192,3698169,44814,1884402
12,../model_20121023_356761254.uvl,12,12,44419984,true,1472253,32310862,4643215,3647682,81226,1966574
14,../model_20200811_1911664133.uvl,17,19,39198751,true,1475124,25918868,4831860,3547859,787545,2310500
8,../model_20131122_23346211.uvl,15,13,36384550,true,1475942,21372712,5408350,4248009,87502,3397359
9,../model_20141107_377655341.uvl,24,25,43461826,true,1763121,28346959,6296757,3582078,85537,2833789
5,../model_20170315_1174513943.uvl,18,18,38799390,true,1378621,25355622,6063680,3550319,54922,1979236
6,../model_20160502_1352812691.uvl,38,32,47502515,true,1680447,29376936,7182993,4239600,169236,4233061
2,../model_20141029_1107505375.uvl,12,12,32273186,true,1586220,19606475,5913587,3361602,44050,1432609
0,../REAL-FM-3.uvl,43,45,55578631,true,1824366,35011280,8376806,4211381,137930,5361838
1,../model_20130508_1842381745.uvl,16,14,54016801,true,3274051,35195698,5872081,5072512,101230,3983237
15,../model_20190619_50728308.uvl,19,19,31167382,true,1597023,19175189,3968016,3419341,56364,2540714
10,../model_20131112_605989901.uvl,25,18,55630934,true,1642375,41398835,5758305,3443285,75517,2896666
12,../model_20091015_449909368.uvl,10,10,32529460,true,1363616,19656379,5929365,3872176,72231,1336916
14,../model_20160330_511669656.uvl,15,10,43657337,true,1517155,30826805,5294364,3466831,42867,2159200
9,../model_20120202_1596034358.uvl,10,11,42803351,true,1614859,28586012,6180981,4755285,44099,1230720
6,../model_20160329_160417479.uvl,20,17,42480861,true,1617871,26285920,6334763,4743929,95468,2924003
5,../model_20180612_1244406232.uvl,33,33,65901629,true,1704781,42025549,8600446,5990482,164510,6744761
0,../model_20180403_1861855205.uvl,14,14,47365769,true,1625780,30595191,5619607,5698237,95742,3329338
1,../model_20190522_227919886.uvl,20,21,48880112,true,3316439,28965228,7633946,4159919,75886,4134252
2,../model_20151119_825568988.uvl,19,19,52348230,true,3384359,34902160,6190803,4892602,70373,2398599
11,../model_20120110_139114401.uvl,10,10,54269729,true,1644364,34513215,9028850,5857300,91032,2736211
15,../model_20160508_265400900.uvl,46,52,94109808,true,1993095,62261918,10416862,7293710,288915,11171947
10,../model_20120731_787433291.uvl,43,40,71881551,true,1811622,49596713,6229776,4092286,240292,9105468
3,../model_20180306_1110315637.uvl,39,19,73488414,true,2001857,44324303,10568143,6642282,150556,8759449
4,../model_20130122_243381566.uvl,14,14,46473744,true,1763466,31214549,5643034,4807057,48541,2615423
14,../model_20130305_204544380.uvl,13,13,56928946,true,1684086,36477955,8868883,5997376,96183,3295188
12,../model_20110222_2078967171.uvl,48,51,74674858,true,2082042,44474658,11697329,7491401,145173,7197908
13,../model_20161128_2133107865.uvl,68,46,99840633,true,2326313,63714219,12285558,7260383,175277,12513332
9,../model_20200810_1487197226.uvl,29,29,53680728,true,3841831,37498480,4415414,3854115,97868,3393435
6,../model_20120109_1808102333.uvl,18,19,56545476,true,1597723,41834990,5486626,4227123,66526,2922738
7,../model_20190916_233719618.uvl,10,10,28382355,true,1685834,17379157,4781501,2986006,38599,1185911
1,../model_20131125_731391866.uvl,18,19,34294208,true,1467104,21031599,5502162,3525500,62927,2317172
11,../model_20130122_1064508817.uvl,12,17,59303900,true,1597248,39116301,8287098,5822932,116700,3873059
5,../model_20110704_328391695.uvl,172,145,163690405,true,5627627,108177782,10031530,8993216,532036,28420355
3,../model_20230228_1021126902.uvl,11,11,33374440,true,1695057,20185885,5891118,3526203,47031,1671284
12,../model_20170517_1986241278.uvl,10,10,30126251,true,1379173,18601036,5114736,3244137,48876,1395057
14,../model_20120329_788560154.uvl,55,49,56084742,true,1835107,34630806,7722668,4472499,134046,6274781
13,../model_20131109_2060894287.uvl,14,13,46196998,true,1656876,32440969,6313456,3439960,58150,1823255
9,../model_20131016_1224723724.uvl,11,13,38215778,true,1325585,24912303,6190984,3855618,50079,1566156
6,../model_20130916_2072761889.uvl,15,17,34495840,true,2585028,20837363,5274165,3359125,56578,2041509
7,../model_20160315_505457800.uvl,28,28,37504626,true,2748053,22961905,4078576,3554399,175534,3516915
11,../model_20110306_314567479.uvl,14,14,31577385,true,1570180,20367464,4135937,3406749,47750,1674308
5,../model_20160821_1946133193.uvl,14,14,46591698,true,1536355,25955370,9165255,6043024,99298,3315769
3,../model_20160221_544170906.uvl,11,10,38975465,true,1642619,26874239,5423358,3223351,48384,1461080
8,../model_20170328_1485540940.uvl,451,428,417284807,true,21153293,295075980,19194808,10688134,1793593,64483573
13,../model_20190920_1330526555.uvl,10,10,40259042,true,1527381,22828070,7950740,5454486,67000,2026125
12,../model_20130324_1541392486.uvl,51,43,66149323,true,3187134,43970028,6781335,4909766,148535,6231318
14,../REAL-FM-9.uvl,14,15,69936601,true,1559975,55138302,6775114,4008729,75226,1923434
9,../model_20120328_1667195252.uvl,24,25,48190313,true,1500571,32380393,6788418,3796518,152574,2944944
6,../model_20111025_1408959776.uvl,13,13,50138996,true,1489530,32275611,6788986,5796781,79944,3220377
7,../model_20160411_1158715394.uvl,11,11,37208912,true,1445084,26355907,3978915,3566910,41071,1426515
11,../model_20200128_1154759905.uvl,23,23,53177406,true,1721506,37919519,6233466,3797916,132215,2919209
2,../model_20161101_1188178549.uvl,36,36,49426544,true,1945600,28111077,7597346,4790078,188825,5616310
5,../model_20190503_1463982406.uvl,41,45,63377512,true,1749408,45279155,6613453,3699621,140238,5279314
3,../model_20220910_809454030.uvl,37,39,64925910,true,1847578,45165018,7263301,4658847,150346,5244847
0,../model_20190824_1440931285.uvl,104,104,94814226,true,2833814,63260484,9131851,5351747,297119,12553813
15,../model_20191126_842054213.uvl,21,23,60490269,true,1758901,42432762,6741090,3862566,145276,5017862
14,../model_20161012_1497804026.uvl,13,13,37263273,true,1668315,25545806,4524066,3406832,45543,1582303
13,../model_20160330_1356575467.uvl,10,10,48225949,true,3113914,29272065,6919000,5992531,67527,2381159
9,../model_20200609_1715293706.uvl,12,12,45035530,true,1584462,29710316,6409727,5275287,51540,1674612
10,../model_20120522_87989914.uvl,35,47,70190025,true,2086814,45648538,10472939,4873359,190791,5999978
7,../model_20140225_1829795152.uvl,14,13,41776374,true,1673936,22192744,8622408,5622242,89064,3150512
4,../model_20170916_973590519.uvl,48,39,73906527,true,2109502,46398010,11163476,6188043,150141,6686912
11,../model_20230322_242202942.uvl,19,19,33301653,true,1433424,20111854,5716442,3453460,63982,2117765
1,../model_20160608_755102753.uvl,12,12,32002918,true,1721944,20381141,4390800,3628872,43021,1450799
2,../model_20181219_1343761699.uvl,20,14,41941377,true,1760201,26620444,6179598,3862275,83595,2982348
15,../model_20160111_1033692827.uvl,61,58,63116149,true,1665214,39072347,7299850,4919163,876415,8348075
0,../model_20110826_1555954181.uvl,24,24,80550611,true,1698857,37953355,4396952,4705449,122705,31164034
13,../model_20121123_388334786.uvl,16,17,34185934,true,1627250,21461689,5103078,3538001,61819,1986410
10,../model_20140428_1127346099.uvl,72,71,66705941,true,2167197,42481127,7492004,5305832,246502,8089812
4,../model_20180126_2070362475.uvl,30,25,43898105,true,1532086,25366585,8552396,3812115,80866,3738636
7,../model_20150429_343028682.uvl,43,39,52736587,true,1691948,35217191,6075206,3995924,113065,4981940
1,../model_20150507_1665248699.uvl,15,14,33896840,true,1452193,19626593,7034995,3614756,48509,1785613
11,../model_20130812_690840910.uvl,30,36,46328828,true,1829930,29230930,6433794,4003949,116048,4115380
2,../model_20150320_593593000.uvl,13,13,35050626,true,1444374,22048624,5383402,3577195,56648,2165295
0,../model_20221025_2010292001.uvl,22,22,54288813,true,1698449,36625640,4320088,5881101,113212,5026556
15,../model_20170310_906013336.uvl,47,33,95440669,true,1911906,63655354,9850155,7006474,323673,11998950
13,../model_20230322_2065877531.uvl,26,26,54941777,true,1759215,39204149,4252270,3954694,142959,5117482
10,../model_20160329_1491802197.uvl,20,17,35999290,true,1343406,21915795,5983121,4004684,58169,2241221
8,../model_20171010_332868283.uvl,12,11,40546274,true,1547755,22652165,8094730,5123512,75435,2581290
12,../model_20180819_995624779.uvl,14,14,53086898,true,3455322,33488656,6333333,6038933,91211,3299981
4,../model_20120122_258977494.uvl,19,19,66519691,true,1569826,45230262,8850958,5327148,265196,4740342
7,../model_20150305_837831991.uvl,39,42,65282099,true,2016399,47535173,6091260,3773197,155758,4985177
6,../model_20171008_377237228.uvl,43,43,55658129,true,2031470,38335701,5967311,3772093,113683,4752984
1,../model_20131122_1558809462.uvl,26,26,52948032,true,1587447,38532653,5592680,3711450,137950,2900101
11,../model_20161128_844678202.uvl,39,31,85046518,true,1812478,59074783,10003138,6653364,111320,6423314
2,../model_20161107_2119549052.uvl,12,12,43795054,true,1622339,25760371,7142943,6016253,93427,2661720
0,../model_20120829_1418879889.uvl,10,10,34790484,true,1477965,24628687,3654885,3526503,38117,1192319
5,../model_20101117_1571856147.uvl,10,10,35247680,true,1796967,22650959,5679954,3541507,38997,1246027
15,../model_20150223_339293957.uvl,26,25,88013960,true,1705715,72452242,6048816,3683759,151181,3468783
3,../model_20100831_1378118837.uvl,35,32,46019519,true,1596856,28233721,6051401,4534605,93017,4917229
8,../model_20130911_2001583567.uvl,34,24,52526270,true,4720167,26041169,9430735,5821487,83543,5519332
12,../model_20131111_1486670620.uvl,21,18,59950076,true,3463069,35548841,9377212,6148148,112942,4715460
4,../model_20131028_1719041666.uvl,19,19,52843922,true,1547362,35461362,6312180,5148250,108775,3879445
14,../model_20130916_1980915056.uvl,15,17,50123218,true,3327292,27371062,9048128,6090928,108795,3612308
7,../model_20170818_1523700786.uvl,31,31,56778773,true,1720337,34016833,7984993,6102196,157245,5966092
9,../model_20131128_2046989275.uvl,15,15,50008057,true,1680878,31552548,7294568,5844355,53141,3027052
1,../model_20130220_406091727.uvl,43,48,64657774,true,1891585,46752017,6035604,4036838,128822,5148808
11,../model_20180222_1813103418.uvl,26,18,44510650,true,1700100,26989470,6661074,4795318,109931,3313229
2,../model_20180311_1112468126.uvl,29,29,44012448,true,1662508,22834426,9259631,6003971,87672,3389246
0,../model_20180222_1531590612.uvl,18,17,47982840,true,4685655,28116679,7433871,4194092,103367,2917783
3,../model_20160906_881197553.uvl,18,14,32762140,true,3289201,18640486,5014435,3278269,55295,2039106
8,../model_20140509_978687642.uvl,10,10,29672308,true,1602908,18136699,4467263,3664132,38216,1389733
12,../model_20190919_887233558.uvl,17,17,55017469,true,1529491,39346928,7475135,3753560,55492,2339055
15,../model_20230322_1023477919.uvl,73,55,75440613,true,1835385,45863773,9455164,5755824,245327,11211826
14,../model_20141116_913921823.uvl,44,41,54004497,true,1705332,30989926,8598250,4174715,162445,7571855
9,../model_20171014_936370428.uvl,10,9,52510430,true,1421071,33194593,9380860,5699433,68548,2345315
7,../model_20190918_1569717148.uvl,17,17,40629721,true,1563501,23531832,7013399,4761288,69217,3089788
1,../model_20170131_61369545.uvl,39,39,54402289,true,1810502,35459439,7155434,4549067,288881,4521908
2,../model_20190916_1591625575.uvl,42,24,58171078,true,1837892,29192263,11184583,6472552,94932,8338258
11,../model_20140303_1487935744.uvl,23,14,59184708,true,1621677,34988809,9786601,6577317,111984,5399914
0,../model_20191115_635910941.uvl,37,28,65756177,true,1625372,46711337,6520134,4682416,165364,5456613
4,../model_20161127_1823059506.uvl,69,257,296109799,true,3411895,227474202,14030471,8030844,1998941,39722851
12,../model_20121123_1588832561.uvl,16,15,35855981,true,3185547,21061940,5838256,3502508,50285,1817880
13,../model_20120904_1604580471.uvl,13,8,39452506,true,1777789,26095647,5911379,3375536,39420,1836896
15,../model_20160308_993894457.uvl,10,9,37975738,true,1678569,23714992,7365880,3562751,42499,1214665
14,../model_20121018_1875808662.uvl,16,15,41175350,true,1556830,26717096,6613457,3634641,52378,2148470
10,../model_20160330_1191432205.uvl,19,19,41620970,true,1668465,27522998,5086756,4210074,60252,2590441
9,../model_20171012_404282969.uvl,25,25,63009970,true,3098541,39020817,7982488,6271117,139101,5753135
6,../model_20190917_1679843058.uvl,11,11,48468097,true,2425443,31229445,6327957,5786106,78161,2242043
11,../model_20200810_1407499848.uvl,35,35,41114912,true,1872921,25952555,4589001,4065390,152328,3838961
0,../model_20140326_801743865.uvl,13,19,40738026,true,1614001,26933341,5581151,3931960,145889,2151901
4,../REAL-FM-10.uvl,14,13,34283557,true,1621110,19476624,6855569,3975124,46102,1850443
13,../model_20091219_494647199.uvl,11,11,33255385,true,1443160,19625118,5481170,4714697,40725,1631972
7,../model_20170321_1774846112.uvl,179,155,153457976,true,5309896,103578306,11931140,6516867,572127,23195793
5,../model_20160229_1590940306.uvl,50,58,82276661,true,1934227,60563443,7440251,4392151,245705,6934423
14,../model_20121018_795335675.uvl,16,15,65944954,true,2739456,50818561,6189192,3653678,49627,2093416
10,../model_20140130_912999540.uvl,13,13,48512916,true,1745429,33230882,6684873,3728265,53667,2655044
3,../model_20170328_418838667.uvl,261,254,273522634,true,10092466,203368296,13875607,7322267,889124,35296766
6,../REAL-FM-1.uvl,88,72,74478132,true,2369149,47525522,7897606,4626810,338475,10655389
9,../model_20180407_489573335.uvl,109,126,142091665,true,2958704,103239265,11120389,5546106,633629,16269501
11,../model_20230322_812446738.uvl,34,23,49000643,true,1497665,30494179,7187967,4330559,86214,4776875
4,../model_20091129_1734444143.uvl,12,13,43872077,true,1487452,26629703,7822236,4823285,89152,2674327
0,../model_20160913_482611615.uvl,48,37,71555406,true,1916717,48970432,7253853,4173313,146531,8318277
14,../model_20161025_210874268.uvl,10,10,29707943,true,1482385,17425268,5883967,3387230,36658,1144098
7,../model_20230615_743611401.uvl,24,19,62565608,true,1709175,47834834,6288904,3496584,64392,2689571
10,../model_20160301_1978418899.uvl,24,32,48005935,true,1614358,32433978,6091867,3892647,100522,3370868
5,../model_20151127_885194761.uvl,36,35,52199797,true,1718499,31011664,6492815,3737965,204008,8414221
3,../model_20140410_454790336.uvl,11,22,47036954,true,1551401,32224652,7033984,3623630,86009,2180605
8,../model_20170320_772300106.uvl,48,48,70568760,true,1920887,49189782,6950952,4310417,211308,6908299
1,../model_20200619_2057881785.uvl,37,39,48216755,true,1865662,30222957,6039049,3833630,117639,5562434
4,../model_20160629_1032137585.uvl,16,15,60400241,true,1527515,38917715,9269749,5905703,115329,4099700
9,../model_20150310_1159520762.uvl,35,39,62010386,true,1540201,33672805,10136188,6849814,249701,8633792
11,../model_20120202_114979109.uvl,22,19,103988692,true,1534531,79011535,10074464,6545859,155554,6148609
2,../model_20140614_2029282468.uvl,54,54,78338677,true,1968421,51374823,8087356,4513687,330776,11013329
0,../model_20110722_419227445.uvl,25,25,93353308,true,1651010,42191802,5608079,4617445,143384,38661813
7,../model_20121212_425431925.uvl,16,15,41624867,true,1665066,25157643,5802789,5038308,93602,3333249
12,../model_20140629_1128400878.uvl,42,32,52666208,true,1635561,36008465,5699289,3804853,103475,4811060
3,../model_20180222_1576024243.uvl,13,10,32585245,true,1490310,20126504,5433465,3397329,39336,1714973
8,../model_20171005_1407702877.uvl,28,28,48800757,true,1740917,26224542,7395742,6192540,171274,6269758
15,../model_20190624_198695067.uvl,24,24,92766185,true,1734264,71289332,7305865,6142130,132951,5468718
10,../model_20120725_1460954667.uvl,97,81,107272679,true,2852755,69021062,12784487,7728495,426406,12595120
4,../model_20121123_1266693931.uvl,16,15,35121847,true,1793830,22257105,5278593,3463230,52512,1856873
2,../model_20140411_1148485857.uvl,12,23,39651315,true,1459320,25941890,5622238,3783895,88113,2389340
11,../model_20180618_656757926.uvl,11,11,26612642,true,1532112,14971552,4470430,3774177,41404,1389239
0,../model_20140914_1816201365.uvl,37,39,45673117,true,1806528,28963822,4860282,4525987,118751,4746368
7,../model_20150114_50814742.uvl,33,32,83789532,true,1607093,56171603,9398546,6311149,223226,9184982
5,../model_20221026_1860047321.uvl,103,93,98452558,true,3973204,66454108,9233758,4840259,263384,12282360
13,../model_20141030_1194865372.uvl,48,43,70898160,true,3435864,47179026,7617830,4606986,215208,6896302
8,../model_20100624_2076952989.uvl,17,17,36488463,true,1648343,22972633,5374423,3316279,64366,2679719
15,../model_20200810_1943380085.uvl,26,22,35876635,true,1663612,21788433,5424143,3317647,76967,3092683
9,../model_20200907_1678285822.uvl,63,63,58479516,true,3883254,33717231,7041535,5084193,172108,7650698
10,../model_20130106_749900457.uvl,21,15,60743945,true,1583282,38305294,9232718,6162861,105204,4726201
4,../model_20190513_1805648090.uvl,10,12,44145757,true,1462680,31902793,5412749,3541200,53648,1482847
6,../model_20190917_1352548057.uvl,59,33,76352039,true,2164714,55092556,7540105,3789264,118381,6800444
0,../model_20161117_1407262512.uvl,21,16,39070370,true,1685267,24648351,6049097,3632754,57571,2572616
7,../model_20200817_129447612.uvl,37,37,43185513,true,1433163,27421099,5313398,3741011,113548,4541829
13,../model_20140613_1129301242.uvl,10,9,40458536,true,1511105,27375646,6346584,3591561,39922,1232745
5,../model_20110401_868452735.uvl,14,10,54346419,true,1616129,34456087,8632999,5867483,82918,3158156
14,../model_20190917_896971240.uvl,35,20,60685191,true,2745228,42819217,6376934,3763649,129117,4325393
8,../model_20110718_866950306.uvl,20,19,48513216,true,1594897,33284421,5824298,4481412,73022,2801547
15,../model_20120328_523540818.uvl,10,10,39575319,true,1628719,23153745,7488342,4959032,60380,1942355
9,../model_20191016_1243022077.uvl,83,83,104671128,true,2416357,62837265,11203587,8232092,502345,18414006
4,../model_20121018_1639434192.uvl,17,15,36185333,true,1521131,21856833,6366022,3915087,55952,2054960
10,../model_20131114_87095598.uvl,57,61,78085370,true,2062366,56999607,6780050,4341680,174369,6914395
6,../model_20190502_109355269.uvl,18,18,38597038,true,1566231,21888415,6967057,4008317,66870,3591852
0,../model_20141113_346832425.uvl,56,59,70210503,true,2042841,45816494,7972044,4854204,376601,7915169
13,../model_20130522_1326579656.uvl,45,45,58952451,true,1830288,38212886,7402016,3730865,170883,6617229
1,../arcade_game_pl_fm.uvl,61,95,115626667,true,2245832,90182531,7921336,4770573,312316,9320765
5,../model_20230322_2049733851.uvl,24,22,66141498,true,1671855,42035510,9317678,6559804,136148,5687295
7,../model_20230322_497943934.uvl,40,27,62808511,true,2809681,38636532,7240576,5911421,169062,7295504
14,../model_20140819_914542251.uvl,62,59,75107036,true,3486544,42579297,9478936,4137521,344838,13653515
12,../model_20101120_2091447559.uvl,20,20,58306039,true,1605287,38077510,7226569,6151448,117732,4547476
3,../model_20181005_1705175151.uvl,26,20,57181165,true,1797771,36012203,9131893,6080444,68014,3365602
9,../model_20221102_1308706395.uvl,17,12,39211151,true,1631014,24055873,6109991,4024595,57936,2863307
15,../model_20131112_1840652917.uvl,17,18,57579042,true,4317154,35258165,7507532,5931870,117922,3921791
4,../model_20141030_1477913256.uvl,12,12,55413301,true,1606118,35147257,8851762,6086494,92156,3183859
10,../model_20160606_412121552.uvl,14,13,56113955,true,1491602,36032002,8466723,6128707,97895,3420777
0,../model_20190502_1338968023.uvl,34,39,56391304,true,1831986,39660560,4819647,4430000,197136,4629901
6,../model_20120328_288933955.uvl,17,20,45225746,true,1681687,29167014,6493652,4088203,107945,3138787
2,../model_20160502_596671432.uvl,25,18,41194360,true,3022172,25236780,5524442,3826105,70092,3011920
11,../model_20180301_203291309.uvl,13,13,42168128,true,1702620,22731972,7155839,5901901,80857,4134568
1,../model_20200901_93573304.uvl,38,29,53125670,true,1746051,31238849,7798268,5539221,153875,5988144
13,../model_20190203_959278211.uvl,27,27,64636644,true,1677893,41852913,7698867,6246158,147093,6217395
7,../model_20160330_1784601624.uvl,25,22,65743996,true,1783206,41047238,9868167,6320760,141878,5892541
14,../model_20131112_1825068383.uvl,25,30,72020634,true,1678523,48317703,7890209,6726948,178065,6779831
3,../model_20200901_1356822502.uvl,38,29,43863827,true,1775249,27825018,5848416,3477976,95884,4256076
9,../model_20160623_1415871890.uvl,13,11,34239777,true,1691759,19808781,6140822,3589295,49000,2457110
15,../model_20101110_1749898936.uvl,19,20,40730133,true,1654816,25157568,6467693,3599319,854749,2527892
4,../model_20100927_1382418986.uvl,10,12,35116877,true,1634254,21832120,6095825,3550806,50290,1554379
10,../model_20160925_2087627141.uvl,47,44,80483988,true,1903827,61084973,6619154,4115955,237261,5830609
2,../model_20230322_604627146.uvl,22,18,38623741,true,1648479,24679316,5047637,3451218,87957,3219453
14,../model_20130619_405989942.uvl,10,10,32198312,true,1376405,20023952,5554436,3637750,36271,1238767
11,../model_20150305_15208156.uvl,30,34,53978729,true,1642401,34956515,7331872,5058832,268181,4144318
7,../model_20171207_1015871671.uvl,18,34,55459488,true,3159432,38657511,4489781,4027163,114138,4540775
1,../model_20130116_382639902.uvl,31,30,72742660,true,1848046,52288262,7204486,4503048,119827,6192771
13,../model_20170320_149190356.uvl,50,56,87890855,true,1797072,60462571,6167224,5905057,294932,12447884
8,../model_20160330_1846251072.uvl,39,38,76126330,true,1872643,49315137,8635882,6604731,302045,8801069
15,../model_20170517_1468714593.uvl,10,10,30669197,true,1517946,18293489,5606780,3252215,61965,1594465
9,../model_20180222_1895267586.uvl,22,25,40117781,true,1541799,22686353,8319621,3582857,152943,3126364
4,../model_20190730_1957937065.uvl,25,25,51565138,true,1755379,27441141,9224444,6300977,289711,5853435
10,../model_20150423_1422172417.uvl,14,12,41450029,true,1605358,28352157,5657595,3659734,45478,1697899
2,../model_20160317_1483846003.uvl,46,46,52933108,true,1980005,34579011,6030937,4102035,130057,5236774
14,../model_20200810_1274447969.uvl,33,31,42692968,true,3501235,24726703,6026938,3914620,83662,3811674
7,../model_20180306_422218475.uvl,53,36,68652427,true,1821836,39565573,8039492,5480800,282714,12572525
13,../model_20120110_1754443954.uvl,10,9,36908797,true,1589836,20048714,7719381,5330368,43626,1853869
1,../model_20131129_2135897376.uvl,10,10,39014031,true,1505647,25738397,5745157,3744713,82820,1825560
11,../model_20110826_1744501275.uvl,24,24,44557918,true,1731285,22308635,7519853,6385881,76296,5794863
5,../model_20160303_1635209528.uvl,16,15,42789472,true,1718116,28034038,5913291,3782397,87087,2816123
8,../model_20140422_1825362104.uvl,21,21,46578499,true,1646176,29159723,6667548,4039391,116420,4321947
12,../model_20130811_391981530.uvl,41,51,63371179,true,1913689,44473291,6637683,4038282,153549,5470489
4,../model_20151111_460133826.uvl,40,41,55951944,true,1914155,37189877,6096478,4321585,116110,5628276
10,../model_20180411_122889136.uvl,26,23,56767748,true,1655142,41264099,6105167,3856449,81499,3293489
2,../model_20120627_1512389149.uvl,11,10,53222333,true,1450427,35552087,6960989,6039822,91832,2817865
14,../model_20111031_386778867.uvl,25,13,64472943,true,1769784,44473503,6484257,5291130,111802,5857371
0,../model_20141119_1459706454.uvl,34,33,47258695,true,1788078,30819453,6138085,3713765,89888,4124373
1,../model_20101111_1790887308.uvl,10,12,39814222,true,1676367,26683008,5636821,4010155,51810,1371634
11,../model_20120110_855603964.uvl,10,10,43434139,true,1443438,26338986,7750258,4926337,81912,2506698
5,../model_20171012_484328807.uvl,36,36,71132745,true,2951515,42966950,8051227,6679658,180729,9401680
7,../model_20130908_2094539725.uvl,81,81,82593274,true,2258625,56312931,7891535,5483721,217304,9466554
6,../model_20180227_1765307019.uvl,116,84,137414180,true,2884322,91468950,11404394,5845000,560397,23176885
12,../model_20121102_443205816.uvl,26,18,70202920,true,1585610,45698268,9836481,6382868,125918,5933845
8,../model_20131112_1315617761.uvl,58,62,99961313,true,2167341,68372181,7816439,6482963,369937,13602322
3,../model_20160329_1368375444.uvl,33,32,51754937,true,1956984,35603348,5841053,3509891,108122,4111414
4,../model_20180305_2101436905.uvl,47,24,56589377,true,1910382,36314398,7577668,4405655,100194,5554734
10,../model_20200412_2136556876.uvl,12,12,47865399,true,1588980,32642405,4271163,4511259,81931,4427334
2,../model_20170821_744427680.uvl,15,23,52767059,true,1511117,37728725,6047908,3622759,107597,3381748
14,../model_20160330_218438641.uvl,23,15,46546682,true,1724496,33255883,5186519,3208272,56637,2700756
0,../model_20111027_966072474.uvl,10,10,48278264,true,1821447,30514175,7158885,6022964,67743,2282730
7,../model_20221029_568257220.uvl,17,27,60897777,true,1563774,45650396,5849431,3860600,107114,3449305
6,../model_20190129_1004578234.uvl,18,19,43054063,true,1477931,29981205,5432748,3541819,63906,2152611
5,../model_20120418_828883554.uvl,52,28,86262996,true,1806248,57868998,8715394,6826406,109991,10200237
8,../model_20180611_1800915628.uvl,10,13,43674898,true,1627712,27553551,7969231,4419524,53714,1636039
12,../model_20190128_1522973155.uvl,23,28,57211769,true,1611575,40753871,4213102,3835946,176996,6091250
3,../model_20151103_1678219280.uvl,19,19,39931017,true,3478644,25003328,4382327,4145505,64903,2374718
15,../model_20150222_409043024.uvl,52,41,81447886,true,1988553,47117866,10621482,6956022,258976,13366035
9,../model_20180512_660942805.uvl,36,38,68507208,true,1838231,48732208,4697910,4181968,223120,8221347
10,../model_20120512_712347860.uvl,13,12,43756113,true,1469074,27603215,6193979,4018665,76312,4047774
2,../model_20180306_73619671.uvl,48,30,63271346,true,1854262,43012581,7381723,4023706,122117,6181782
0,../model_20230423_1943321532.uvl,27,27,45171679,true,1669373,31462819,4187032,3983561,87559,3265518
14,../model_20180729_701594854.uvl,22,25,70653026,true,3537437,53752557,5884999,4153091,84818,2647927
13,../model_20230608_1658584159.uvl,24,24,47791594,true,1809263,31934736,6324952,4121960,71034,2763724
7,../model_20150301_527193150.uvl,24,24,51929036,true,1671704,32891060,8834438,5059746,69438,2793879
5,../model_20111130_1614470655.uvl,77,70,75421367,true,2201519,50950216,7464005,4550570,293070,9010174
8,../model_20230323_1971213764.uvl,46,42,55533123,true,1875720,37388172,6112487,3854584,142289,5472375
3,../model_20110406_353034837.uvl,40,35,60030740,true,1794221,38886505,6417855,3927931,212632,8125330
9,../model_20131112_1191150070.uvl,57,55,62480571,true,1896977,41129700,7049134,4654829,150048,6852815
15,../model_20100415_947132043.uvl,31,37,48952092,true,1547213,29803336,7174672,4749262,115726,4874800
2,../model_20110519_1142211980.uvl,14,12,36915253,true,1444888,21906084,6063237,4262344,49179,2799342
10,../model_20100805_1484639410.uvl,31,35,55191975,true,1904848,37165269,6182654,4573737,220075,4603161
0,../model_20180530_1810935889.uvl,11,13,51771945,true,1492631,33076314,7773307,5852944,102479,3039250
14,../model_20170310_195700687.uvl,47,44,70073501,true,1828878,46027501,6775360,4435896,169842,10106810
7,../model_20160121_1141972007.uvl,20,20,45434198,true,1513586,31070594,6504385,3595889,62573,2253535
13,../model_20131112_1353790761.uvl,23,20,53080802,true,1647239,36407240,7965492,3709578,64922,2629964
5,../model_20150620_2057636397.uvl,13,10,36680016,true,1567885,23291321,6178897,3514293,44530,1759607
1,../model_20101116_1022976130.uvl,34,33,47471133,true,2151226,29328946,7096053,3867045,110397,4292205
3,../model_20160329_926312476.uvl,21,14,39826493,true,1579006,25285694,6000557,3646242,90531,2803342
15,../model_20101104_260803083.uvl,11,10,33487490,true,1689231,20440654,6067595,3267316,67919,1558435
11,../model_20160229_171128808.uvl,48,48,75609975,true,2144637,52209931,7463161,4209452,253859,8547980
10,../model_20140819_1738890661.uvl,10,10,49866151,true,1473378,33019323,6842272,5732395,68791,2343370
8,../model_20140310_1022041880.uvl,88,72,121448361,true,2555020,84569230,12763120,7342285,203321,12072638
2,../model_20190922_729177560.uvl,21,21,58234482,true,1640669,37518397,7992436,6216935,126930,4066228
14,../model_20121123_2085968892.uvl,17,16,32592123,true,1671044,19085172,5834634,3542107,52017,1997025
7,../model_20130916_894347834.uvl,15,17,52005507,true,1496560,31516426,8756789,6089737,105075,3562812
1,../model_20170818_812208818.uvl,31,31,64818163,true,1688481,45580486,4564963,5266052,172342,7000277
0,../model_20160103_2012826523.uvl,94,55,114447605,true,2516386,84143089,9738388,4821766,292001,11609027
3,../model_20120328_361613983.uvl,16,18,40492881,true,1695675,24926749,5750558,4819483,99857,2658333
4,../model_20180302_974887082.uvl,122,150,142837707,true,3599305,89588585,14543892,8486098,833975,23183795
12,../model_20111020_455520177.uvl,11,11,48685192,true,1628435,31148189,7105719,5701202,81332,2581507
15,../model_20120328_1227899142.uvl,21,20,45208227,true,1812288,30317932,5838052,3601868,73905,2674436
6,../model_20161128_2006303576.uvl,96,66,100812697,true,3976463,55197804,11615839,8197931,312255,20055095
2,../model_20170718_2017313962.uvl,18,18,40195976,true,1677039,26609704,4979383,3485368,94304,2776093
8,../model_20130916_1112744253.uvl,15,17,57144388,true,1810272,36128608,8950794,5864230,107588,3740249
10,../model_20160227_1275602559.uvl,47,58,91699791,true,2188213,68043777,6609798,4182990,259217,9310455
14,../model_20130916_1467348272.uvl,16,18,35599819,true,1644424,22227169,5727860,3527116,60642,1990041
7,../model_20121018_820869482.uvl,16,15,50891190,true,1689877,32405948,7676202,5466910,55104,3105316
0,../model_20190920_56721129.uvl,15,15,42777608,true,1701050,28911039,6224536,3704301,48632,1796866
3,../model_20120328_1814590478.uvl,36,34,45762765,true,3741909,27603786,6016289,3540078,161865,4022830
4,../REAL-FM-6.uvl,11,10,36984152,true,1573541,21247012,6717598,4288544,85057,2657897
15,../model_20121123_1668268132.uvl,13,13,36192399,true,1711328,21918956,6965879,3366814,68944,1714661
8,../REAL-FM-13.uvl,12,11,56623205,true,1639956,37039567,8459176,5779832,94770,3152731
6,../model_20170420_1165511748.uvl,77,39,98503878,true,2398848,64922851,8608493,5131301,301489,16005580
2,../model_20200128_1186233455.uvl,23,23,63454762,true,1653990,44518644,6043009,5120815,156333,5424782
10,../miniset/stack_fm.uvl,17,13,38684409,true,1569930,22333235,7453426,4762374,50282,1993001
13,../model_20170402_1978825740.uvl,263,264,314411650,true,8329890,227205043,24191522,12041558,970002,36219519
14,../model_20150310_1642957582.uvl,29,32,66937661,true,1729802,45695604,8528318,5398473,289340,4481548
7,../model_20130815_1890929461.uvl,56,62,100674638,true,2089618,64649650,9740866,7663298,1592699,14043679
0,../model_20221004_622223252.uvl,26,26,47601153,true,1758942,31146268,7000677,3714967,81548,3253165
5,../model_20120422_1648870831.uvl,14,15,50615787,true,1748578,34659235,5874232,5064579,93969,2792978
4,../model_20160307_1341241097.uvl,12,9,53275341,true,1550641,33707152,8636665,5773545,73740,3099078
15,../model_20190328_829158427.uvl,14,16,50084704,true,1478572,35594795,6839479,3753624,64614,2000624
3,../model_20181119_2037159342.uvl,23,24,54640713,true,1818585,36026685,7560736,5188126,88649,3301997
9,../model_20120829_191972511.uvl,168,199,220570435,true,4560948,161725177,17466992,8142173,719641,24378386
2,../model_20141109_1274255950.uvl,11,11,52033299,true,1411830,32885103,8504405,5857209,84847,2880029
11,../model_20190430_348224224.uvl,33,25,66017280,true,1945893,44150385,8797274,5734464,107592,4658848
8,../model_20140925_285704903.uvl,20,17,61098593,true,1607925,38424011,9541509,6152289,111862,4640221
6,../model_20151122_103763227.uvl,47,20,78685058,true,1754755,53003512,8477855,5119068,182308,9517228
10,../model_20150209_1183047948.uvl,29,47,93059549,true,1744678,63373130,10496837,7037484,282770,9444130
13,../model_20160906_1914580505.uvl,31,28,71959466,true,1692954,44819105,10496250,6747617,167836,7128773
14,../model_20140824_1421620261.uvl,51,62,87282533,true,1876892,52905752,10423538,7439574,422275,13125400
0,../model_20190416_545039882.uvl,21,21,58397716,true,1455975,38191042,7574314,6228786,111771,4430657
7,../model_20160226_1944186213.uvl,48,56,81197318,false,2092552,63771179,4058343,4302770,187181,6573343
1,../model_20221208_1038664369.uvl,28,21,52282507,true,1645300,30670951,6544220,6249000,154569,6349313
4,../model_20131121_194495737.uvl,12,10,55881132,true,1733589,34951871,9500019,5998176,88176,3118879
3,../model_20150512_534005467.uvl,31,32,57948324,true,1751294,39100767,7775454,4382864,214108,4122618
5,../model_20190917_1855142600.uvl,38,33,61730484,true,1754468,39166605,7901842,4333238,1305423,6612430
15,../model_20160301_235863217.uvl,20,27,69326499,true,1657581,45349657,9704921,6225367,165077,5556532
8,../model_20160122_407616496.uvl,29,26,46040515,true,1601335,30181537,6114901,3890093,162609,3589445
10,../model_20190917_1598073515.uvl,16,16,47849093,true,3258148,33822704,4386623,3785399,52017,2144040
12,../model_20130307_609838668.uvl,176,161,125143417,true,4459863,79288929,10382029,6904128,507307,21221532
13,../model_20160329_1092215724.uvl,17,22,67164886,true,1625550,47497724,6369631,5663575,160322,5383277
7,../REAL-FM-16.uvl,26,29,44340995,true,1830424,29114558,5344190,4496455,85219,2999793
1,../model_20121212_1167666293.uvl,15,17,32194277,true,1564062,19297083,5535325,3435997,59653,1867555
3,../model_20190917_1294871534.uvl,16,13,33603517,true,1294156,20284294,6087078,3725917,46689,1837413
4,../model_20140428_1301432646.uvl,72,71,82147490,true,1813720,41847378,12620242,7796558,251195,16315258
15,../model_20100904_226530663.uvl,38,38,49050415,true,1734774,30593814,7483359,3919108,163510,4491701
5,../model_20130917_737900063.uvl,13,15,76017353,true,1504575,60625878,5822869,4454672,93347,3131725
8,../model_20190513_1749709644.uvl,20,23,75917866,true,3424122,36305265,5063566,3275622,77307,27345602
10,../model_20160726_1855902901.uvl,12,13,31080036,true,1381338,18825528,4464421,3677932,48426,2358623
12,../model_20111129_1932950448.uvl,13,13,44999980,true,1646533,32248790,4472017,4302502,46900,1871625
13,../model_20221229_1000010819.uvl,17,17,40637263,true,1462522,25476032,6916497,3771793,92241,2480124
7,../model_20110826_1180494500.uvl,24,24,40408752,true,1585981,26223402,4363576,3736068,67799,3967711
4,../model_20120718_813832704.uvl,11,12,53468345,true,1445774,34560799,8393202,5839024,85623,2724711
15,../model_20170527_1802227256.uvl,11,13,55875815,true,1611898,35678846,9139862,5787758,92109,3110618
3,../model_20191012_1432325334.uvl,40,38,66169434,true,1771884,43273213,9290537,4938162,123025,5816573
5,../model_20120411_196667302.uvl,26,23,52376922,true,1547303,35709770,6113703,3679001,155350,4578949
1,../model_20110214_751339643.uvl,56,128,183360332,true,2143628,149202580,8107257,5104753,619019,17232649
8,../model_20160812_1476754989.uvl,10,10,36021217,true,1649700,22984374,5945446,3454268,62062,1582547
9,../model_20131122_913576973.uvl,23,23,48797617,true,1884321,31162598,5471168,4402707,118582,5302480
11,../model_20170308_1789444441.uvl,28,28,44071240,true,1764319,27364860,6438300,4240525,166955,3440897
6,../model_20140614_1599125118.uvl,13,12,39053502,true,1514826,23075715,7476047,4164411,91978,2353675
2,../model_20150713_1448325014.uvl,32,27,52215969,true,1694814,29524675,10513298,5437077,173992,4072604
13,../model_20190228_1201197026.uvl,16,18,54156865,true,1738705,32458520,9046335,6186597,113623,4040163
12,../model_20171028_1906143627.uvl,13,14,59929887,true,1487511,38808840,9183686,6323159,115980,3489526
10,../model_20131210_413521746.uvl,13,14,104419158,true,1777785,82850894,9363601,6195818,110333,3531447
0,../model_20160330_1632759327.uvl,19,13,37321863,true,1844391,23428534,5485578,3677877,54034,2371884
14,../model_20140819_424669215.uvl,17,17,89437297,true,45886062,25588009,9100941,5722127,95251,2494937
3,../model_20140305_1485634182.uvl,28,29,58986631,true,1543914,34994887,10057528,5862724,173544,5600130
4,../model_20130115_768867592.uvl,11,9,38646210,true,1570795,25517327,5717206,3290439,81374,2074581
15,../model_20130224_1469220523.uvl,10,10,49573121,true,1656999,30716410,8440527,5825440,71647,2361416
1,../model_20150228_222823272.uvl,37,43,82917033,true,1885307,52916365,10305484,6839676,259019,9709137
8,../model_20130725_1929838118.uvl,41,27,64728261,true,2008808,42141274,8446191,4698577,95565,6419133
9,../model_20131206_656913635.uvl,13,15,48719298,true,1572894,29716279,8572841,5226059,110486,3053439
5,../model_20160913_269001380.uvl,49,43,104745950,true,2121002,75974048,10055890,5882322,345569,9247514
6,../model_20100830_561967343.uvl,32,31,44142938,true,1710978,26061931,7261635,4734685,91039,3616268
12,../model_20170316_174511349.uvl,16,17,36328834,true,3199087,21010886,6022337,3493670,61416,2128450
2,../model_20110507_674768061.uvl,40,52,64916303,true,1930718,44124981,7154857,4301471,209119,6556479
10,../model_20160330_925748995.uvl,16,12,38133353,true,1624020,20757081,7683629,5057237,55148,2527981
13,../model_20190917_75070341.uvl,33,15,74081966,true,1615266,56947447,6691064,3820569,124303,4319120
0,../model_20230422_2139223494.uvl,37,34,67572441,true,1914528,43247635,7326781,5104107,1341496,7996058
14,../model_20230323_901833353.uvl,74,62,72398516,true,2374983,46527687,7852987,5988468,167035,8490396
4,../model_20200901_328439811.uvl,35,20,43543034,true,1764695,26465912,6731440,3692057,81564,4236887
9,../model_20160603_398155586.uvl,15,10,39135601,true,1579597,21753780,7951356,5291403,44955,2039474
8,../model_20230322_307237036.uvl,29,23,47029708,true,1927052,31220941,6271553,3636226,76578,3314320
5,../model_20200813_1618100589.uvl,28,28,55756538,true,1640886,40735021,5319904,3745266,81297,3705450
1,../model_20160822_713171625.uvl,28,29,72176545,true,1996662,47891424,7927399,6531248,186282,6961102
6,../model_20161128_1478224089.uvl,77,66,72848719,true,1868766,46831891,9555094,4519656,178142,8949073
12,../model_20160322_2014722365.uvl,54,54,53238685,true,1972147,34897894,5069021,4015633,140168,6377811
10,../model_20150506_306101537.uvl,33,33,43792710,true,1721367,27562278,5225786,4630560,93505,3980172
13,../model_20131112_1591180910.uvl,29,25,45361363,true,1624082,29465470,6208985,3905577,79173,3466134
7,../model_20230615_1063099089.uvl,38,18,47131028,true,1799933,28762319,7439414,3811093,106891,4580060
0,../model_20151216_1220822165.uvl,15,15,54367614,true,1476197,33635880,8961697,6239641,92497,3441570
9,../model_20140205_954857783.uvl,11,9,31304717,true,1717344,19408705,4942722,3191046,45062,1671302
8,../model_20150330_63301402.uvl,11,9,51952644,true,1586873,32970265,8483461,5837771,74226,2541630
1,../model_20110216_608697455.uvl,14,18,50350291,true,1523647,32305647,6088493,6008935,120042,3873438
14,../DELL-LAPTOP-NOTEBOOK-FM.uvl,47,122,144400989,true,2367483,108022716,8667355,5582680,721265,18321359
6,../model_20120902_865058601.uvl,19,19,60647399,true,1515453,38180995,9461926,6252876,120979,4498864
5,../model_20140310_1916029542.uvl,144,54,120690943,true,3625243,82079767,10899797,5013037,321055,16587924
11,../model_20120201_865979127.uvl,28,36,59213154,true,2048510,39983432,6477396,4363176,128335,5623556
12,../model_20170918_1157652981.uvl,48,29,82846914,true,1836841,60560702,6956640,4283067,236281,8169049
10,../model_20190504_755268837.uvl,43,46,75328732,true,1764149,52791185,7373814,4314554,239483,8042272
7,../model_20180226_492552032.uvl,11,7,34925857,true,1987516,19106399,7073757,4704547,63507,1638465
13,../movies_app_fm.uvl,13,10,90634313,true,2742399,32495199,9128005,6127796,70903,39527612
0,../model_20170215_1278541927.uvl,41,39,78554465,true,1871455,51868873,7894837,7023765,210664,9036783
9,../REAL-FM-7.uvl,14,15,32376450,true,1569848,20616496,4816987,3187303,55367,1787947
3,../model_20190917_552843992.uvl,10,7,31045394,true,3332247,16660855,5544389,3808922,33054,1339121
15,../model_20121018_271963732.uvl,16,15,43683158,true,3817415,27544796,6353289,3624056,50496,1813203
8,../model_20160504_1687809818.uvl,30,28,70186570,true,2942187,43697507,9342739,6458350,155403,6811081
14,../model_20170228_1437582980.uvl,10,10,51223558,true,3147349,30505332,8809434,5929690,73836,2339975
5,../model_20141202_104116345.uvl,10,9,37222951,true,1688157,23644087,6287047,3718597,51863,1507232
12,../model_20100324_1996898492.uvl,11,14,39715562,true,1539352,28249447,4081897,3619088,132169,1740555
7,../model_20200817_1333981485.uvl,33,20,56908928,true,1589670,38242262,6879569,4171868,83891,5302087
11,../model_20111029_1654942500.uvl,37,27,55983923,true,1868894,37233377,7127247,4011203,122366,4939526
10,../model_20121123_1807427529.uvl,17,18,70466866,true,1555984,54709656,7023915,4301606,105419,2337074
9,../model_20131202_1575628003.uvl,19,19,44702965,true,1554984,26316852,6870904,5618293,81275,3694074
3,../model_20120824_761159432.uvl,23,20,68882916,true,3617898,41986433,10068381,6376957,155052,5997156
0,../model_20151116_762410606.uvl,29,29,59920512,true,1610981,35960559,9486409,6337993,149905,5513171
13,../model_20160330_999254735.uvl,14,14,45314247,true,1473092,26981981,7061353,5981787,90547,3215002
8,../model_20230322_342259021.uvl,33,29,74325495,true,1927983,46700291,10808770,6403538,158523,7444760
14,../model_20170911_1850240044.uvl,13,13,50062113,true,1527981,31478254,7619474,5914226,88139,2920872
4,../model_20121025_1656878048.uvl,26,26,107842711,true,1692210,85028506,9541383,5484025,135618,5339136
15,../model_20200413_90255108.uvl,48,41,95142947,true,3778860,59981768,11584477,7257810,275732,11031845
2,../model_20180222_1925875374.uvl,45,43,88371028,true,2054944,57383925,11192371,7161326,245319,9139275
11,../model_20150610_685576256.uvl,15,17,34119273,true,1726052,21144502,5378275,3446319,58994,1965217
10,../model_20131129_1765219729.uvl,14,14,35863544,true,3337466,20173409,6321112,3813772,62970,1771983
9,../model_20150715_75174593.uvl,17,16,36461597,true,1534788,21367632,7383085,3483080,65973,2183968
3,../model_20200811_368165701.uvl,11,10,35760456,true,1463345,20865340,8008479,3590143,39566,1363275
13,../model_20120425_1998125226.uvl,71,71,69298956,true,1952700,41212721,9925987,6017096,202312,8411984
0,../model_20091009_1552375070.uvl,37,40,60574899,true,1771239,39650226,8263217,4611847,197805,5360922
4,../model_20150411_1026005127.uvl,10,12,43932112,true,1528075,28348767,5250310,4981424,51029,3322431
8,../model_20180509_988672632.uvl,27,18,61723937,true,1703334,37969177,8943048,5976907,131845,6299042
2,../model_20130418_1158438101.uvl,19,12,54567824,true,1447117,33360670,9260709,6147291,108178,3672075
15,../model_20150523_372542452.uvl,47,35,63630921,true,1870581,41841356,6631938,4478919,140857,7982497
1,../model_20150306_503606823.uvl,27,26,55863954,true,1987237,39736455,5950769,3990149,98769,3573561
6,../model_20141106_309720283.uvl,57,54,55865566,true,4297486,33869086,6371648,3964126,137161,6368538
4,../model_20130302_1361528923.uvl,10,11,31032631,true,1408706,18429197,6167392,3164751,47643,1500883
9,../model_20160506_174377233.uvl,40,22,46040655,true,1655130,27813315,6919869,4193068,87084,4679010
2,../model_20150703_1928436983.uvl,10,10,30745521,true,1489715,19764225,4210162,3660992,41148,1259483
8,../model_20160125_1378351345.uvl,38,33,50512559,true,1602518,32271337,6354665,3973479,132963,5509186
15,../model_20130726_597280131.uvl,47,44,56087361,true,1527150,36953785,6995843,3955734,150985,5855834
1,../model_20120422_2100930135.uvl,25,27,43287003,true,1391243,27080741,5984376,4855586,94025,3402855
6,../model_20190223_2034909826.uvl,88,28,92042975,true,1837254,64571675,7526086,3938121,179300,12889360
4,../model_20150310_1191030699.uvl,30,33,40554793,true,1726823,25912367,5258760,3474507,157243,3535534
2,../model_20230630_666266911.uvl,13,13,33273460,true,2552633,18571878,6183668,3815088,53673,1730948
8,../model_20100625_251719781.uvl,16,16,35727372,true,1587890,21623911,6101939,3545940,84560,2308647
5,../model_20171005_1816009957.uvl,10,7,30073512,true,1514529,17714575,5530206,3600962,38843,1366978
9,../model_20170921_244476382.uvl,47,33,66897861,true,1861988,43420036,8612290,4757978,259709,6937767
1,../model_20120110_1719396361.uvl,10,10,36522407,true,2498821,21930350,6665296,3412878,71600,1620926
12,../model_20160905_338518821.uvl,25,25,58155199,true,1874899,32812658,10051694,6714738,152737,5786063
7,../model_20150614_1325491211.uvl,24,26,59753227,true,1769872,43791453,6466396,3857483,94961,3272232
14,../model_20230120_1200060194.uvl,20,20,42737858,true,1802647,28930223,5530304,3231993,66880,2671281
15,../model_20130821_1446947208.uvl,49,49,112864837,true,1839699,89663508,8289641,6277511,131094,5560187
6,../model_20100308_1032655961.uvl,15,16,33565927,true,1612090,21090962,5208723,3266817,60748,1913596
4,../model_20140615_1417385367.uvl,35,30,52658248,true,1722853,34896573,6336434,4301443,147632,4666836
8,../model_20200503_927740000.uvl,21,23,67718925,true,1757758,44314562,9338625,6154411,276676,5185180
9,../REAL-FM-2.uvl,23,18,66298413,true,1671506,42176576,9829512,6444416,136943,5333186
5,../REAL-FM-11.uvl,67,65,88230294,true,4181518,56359278,8154531,6349064,188807,11729801
11,../model_20140824_2115796112.uvl,43,49,83828912,true,3222978,58872992,7700844,4933282,278278,7963874
7,../model_20190214_582844610.uvl,11,11,45942493,true,1651223,29381907,7892428,3814891,94877,2664966
15,../model_20221229_2070974785.uvl,17,17,58443785,true,2248432,37062872,8606396,6060639,101705,3876186
10,../model_20200524_149606280.uvl,35,42,71661174,true,1791734,41073100,10890844,6869650,214810,9881938
0,../model_20151117_1411945431.uvl,22,22,58916320,true,1828868,36778295,7913512,6530103,128165,5090466
13,../model_20190220_184230257.uvl,38,42,87784803,true,1867429,56290207,11527300,7205629,283995,9528402
3,../model_20111201_1252018702.uvl,61,40,116348445,true,4049814,49353836,7489989,4287216,293101,50007614
6,../model_20160524_3029237.uvl,19,17,41223168,true,1784549,26574492,5833648,3977040,65267,2519552
12,../REAL-FM-20.uvl,44,34,85974950,true,1736572,56017590,10315754,6738351,207382,9889527
1,../model_20190219_265960660.uvl,178,140,162231436,true,4534748,117001565,10321055,6427394,485818,21211478
4,../model_20150411_1055039600.uvl,18,13,33300517,true,1511860,20283664,5468300,3507570,49467,2035258
8,../model_20110203_1382675896.uvl,14,14,31793229,true,1473062,20123552,4327205,3661988,55332,1803524
5,../model_20150715_1425609053.uvl,12,10,32651799,true,1287921,19326991,6524670,3744723,43263,1401085
7,../model_20100904_330653656.uvl,10,10,31707839,true,1627053,18704277,5776527,3934452,39010,1302042
3,../model_20170317_1165725.uvl,50,57,49937101,true,1810542,32867472,4366133,3820852,159621,6158956
15,../model_20190416_284413958.uvl,37,35,43043302,true,1805424,26669551,5755380,3754970,163856,4269687
6,../model_20150105_1168070568.uvl,17,12,35013045,true,1614117,21082153,5749346,3726822,50875,2354345
12,../model_20160919_825563014.uvl,11,10,37637623,true,1340137,20352247,7441388,5722333,69742,2416169
1,../REAL-FM-19.uvl,30,35,51727151,true,1574023,35477426,6228470,3765949,102392,4039189
4,../model_20221009_1635938665.uvl,42,32,46273746,true,1674489,28543739,6481886,3992483,97570,4843427
8,../model_20121018_1495134161.uvl,17,15,32948035,true,1431436,19602351,5783955,3759930,49866,1959303
7,../model_20170115_352040991.uvl,17,18,38594312,true,3213474,22365419,6226117,3922180,95254,2307522
5,../model_20161125_1777261352.uvl,33,28,50153012,true,1822829,33296141,6343485,3885658,174405,4038532
2,../model_20190929_1773228224.uvl,17,25,44146675,true,1665945,30028160,5680983,3467494,101449,2756878
3,../model_20120531_2078087379.uvl,17,20,33607041,true,1411721,20979312,5179547,3336113,71015,2261254
14,../model_20161107_751073207.uvl,11,11,29691022,true,1463867,16963128,6196929,3297672,44358,1386070
15,../model_20150527_830434674.uvl,34,34,54213184,true,1898977,36735197,6658797,4036213,102731,4120410
6,../model_20140411_114609198.uvl,12,18,47654038,true,3342419,32513165,5501895,3405903,81288,2438759
12,../model_20150521_1988107963.uvl,17,15,35061512,true,2586963,20052412,6166070,3671586,88733,2071844
1,../model_20110428_1131293346.uvl,13,13,33481190,true,3269550,18055593,5736400,3693142,49812,2319660
8,../model_20160303_1645051071.uvl,17,15,63065949,true,1470128,41403567,8910955,6432499,115917,4308261
7,../model_20190922_1316746975.uvl,22,22,43662045,true,1732818,23843384,7641796,6472748,64723,3293662
4,../model_20131111_1434736548.uvl,34,34,110433022,true,1674911,84100966,9015563,6550160,190673,8251402
5,../model_20190221_1604245950.uvl,18,18,61808057,true,1612119,38458825,10347984,5997557,129685,4637185
2,../model_20160329_864839294.uvl,22,21,49875873,true,1604917,29027808,7972871,5011244,80080,5586665
3,../model_20230322_1548752135.uvl,45,32,64913235,true,1806727,42724814,6959157,3733085,230003,8489789
14,../model_20120710_919309758.uvl,19,8,57002994,true,1838890,37710505,7141837,5458712,86527,3836458
6,../model_20130725_608010428.uvl,12,12,49216996,true,1510281,30616567,8250032,4771044,45692,3560887
9,../model_20100719_944437142.uvl,29,25,78193806,true,1824385,52762259,10168853,6043061,309510,6541906
12,../model_20160907_1816738180.uvl,10,8,45792029,true,1545930,26713134,9408835,5670885,67968,2030543
15,../model_20150304_173081072.uvl,20,27,72826244,true,1715428,47922528,9831486,6478717,195189,5997144
11,../model_20171128_2320585.uvl,14,13,43940833,true,1681992,29120337,6709255,4036533,47708,1974691
10,../model_20221122_1612835830.uvl,20,16,38095095,true,1678863,21315559,8090384,4022355,56166,2295620
0,../model_20190917_80747458.uvl,16,14,39835330,true,3206675,22326228,6836538,4734984,59322,2116153
1,../model_20130522_2044729096.uvl,31,26,45197651,true,1783272,27738093,7115394,4078211,133169,3729183
13,../model_20160519_1235536625.uvl,34,33,60883110,true,1843107,39687989,8271873,4373636,150773,5852925
4,../model_20160329_1999221629.uvl,24,24,35039824,true,1701131,21347933,4693591,3733873,72887,3030158
7,../model_20170919_1425490791.uvl,47,42,71015544,true,3853482,47118574,7690087,4209197,218229,7212286
14,../model_20230322_1028761227.uvl,18,15,43603902,true,1686141,23616669,8482982,5429791,92232,3562512
3,../model_20120328_593032745.uvl,19,18,60888504,true,1593283,37712371,10275049,6187124,112473,4359803
6,../model_20111220_1450733948.uvl,41,13,64506983,true,1698664,39571074,11759575,4525427,140492,5750751
9,../model_20170706_1181552122.uvl,11,12,55659426,true,3549427,32771865,9449164,6120996,114066,3160312
12,../model_20221125_1235088379.uvl,25,15,70123497,true,3352730,43439764,9970695,6529707,129408,6009551
11,../model_20161212_1631452800.uvl,23,25,53153771,true,1574336,36222184,6782056,4024459,96913,3963176
15,../model_20110525_1619420630.uvl,45,41,88831213,true,1834173,63212037,7150896,5016712,263767,10591270
0,../model_20140905_372428255.uvl,13,10,32820346,true,1576399,17086302,6382237,5746618,40898,1621825
10,../model_20200907_1296105910.uvl,35,21,44496670,true,3669784,25398599,6616562,3837439,85396,4208808
13,../model_20170321_1279222212.uvl,10,10,34244960,true,1561287,20710217,6386678,3625701,103903,1493694
7,../model_20110323_789959080.uvl,15,11,34307948,true,1484494,21149696,5636256,3743010,43979,1877474
14,../model_20140209_1802656178.uvl,26,13,41042772,true,3173543,23955050,6447509,3288132,69321,3606366
3,../model_20180511_622669496.uvl,18,18,31696465,true,1479713,19288689,4857385,3496861,56133,2099583
9,../model_20141114_653359930.uvl,32,41,53390404,true,1529432,34838037,7379734,4104548,127788,4875300
15,../model_20101123_920943759.uvl,15,15,46438106,true,1630264,32299723,6724078,3427890,51166,1860565
11,../model_20141103_771283347.uvl,10,10,46245523,true,1448497,29698552,7623257,5251349,80665,1774043
12,../model_20130621_2143921379.uvl,29,32,54087365,true,1739802,34623384,7371377,4122638,114282,5557522
13,../model_20180306_1553572984.uvl,47,47,62695208,true,1826455,42050564,7323809,4499400,194528,5974483
10,../model_20131112_1165253679.uvl,27,24,71363100,true,1633975,55459188,6073268,4515215,76212,3167506
0,../model_20230322_1036375763.uvl,40,27,55004983,true,1693370,34060003,8241734,4659596,179694,5585190
7,../model_20121018_201916182.uvl,16,15,36751152,true,1662429,22575954,5676446,3825015,46844,2563551
6,../model_20170424_781699396.uvl,142,84,140635002,true,3500847,100031890,9942587,5687750,568455,19066181
8,../model_20160520_681202886.uvl,11,10,36527117,true,1825325,22416018,6164026,3620665,42297,1546269
5,../model_20200819_498504850.uvl,31,28,41594253,true,1790483,26851331,5450853,3468298,81425,3439814
3,../model_20120328_1309817018.uvl,14,14,52704693,true,1533972,34838510,6767063,5830260,89603,3307098
14,../model_20151102_2085331426.uvl,51,45,65667101,true,1949530,42844535,8925004,3980484,145149,6591470
2,../model_20170419_185164278.uvl,17,12,48414244,true,1716198,28076356,9122251,5274762,88801,3533283
15,../model_20181104_43638915.uvl,10,8,36241695,true,1631945,22017850,7082761,3822821,45592,1320601
9,../model_20140209_576830157.uvl,27,33,72947777,true,1672160,53671253,6819583,4850490,120812,5181910
11,../model_20130529_167247656.uvl,16,16,43976693,true,1644749,27710016,7641747,4502146,65502,2061578
13,../model_20181118_1641295184.uvl,12,11,34502317,true,1640528,22221433,5068368,3311006,80553,1803778
10,../model_20140411_279155356.uvl,11,12,35382184,true,1739622,20731987,7552716,3381842,47779,1499629
0,../model_20131113_2067550021.uvl,42,46,77106934,true,1803395,47422073,9820196,6937766,247407,9833584
1,../model_20121123_1014773113.uvl,16,16,58389252,true,1721144,36760225,9067088,6294974,106929,3901180
6,../model_20130122_92211527.uvl,11,14,40220497,true,1382008,25016863,6891758,4531692,58968,1951846
14,../model_20140402_1108338221.uvl,10,8,30353398,true,1725702,18098749,5206781,3354451,38688,1553348
5,../model_20230322_1814026223.uvl,20,18,42852311,true,1675361,26610776,5705603,5326524,68148,2993771
4,../model_20171207_711618687.uvl,13,13,38173065,true,1549346,24394394,5287854,4698898,45909,1801459
2,../model_20200829_1325519775.uvl,22,22,40471714,true,3505471,25886318,4333911,3632111,73332,2538711
3,../model_20100730_1366577700.uvl,32,37,55242269,true,1713138,34188489,7807924,5642954,122816,4978860
9,../model_20120328_794090001.uvl,22,22,41328789,true,1728855,27186833,4285077,3780564,71143,3846572
11,../model_20140628_1177734570.uvl,29,32,64970790,true,1750090,45027022,7010525,4404468,119404,5859453
13,../model_20160315_697003579.uvl,27,20,69003000,true,1808521,44166736,9606922,6336005,140038,6175003
10,../model_20140411_1742095150.uvl,12,23,71539304,true,1574460,50011361,8498644,6160154,159782,4652664
1,../model_20121219_629525870.uvl,18,24,41933370,true,1663074,27373356,5553689,3983278,86689,2755517
15,../model_20170316_1430061931.uvl,60,253,264929054,true,2564876,216447634,9122197,6117199,1321904,28379427
0,../model_20120424_1703152596.uvl,59,45,94027120,true,2029205,60816680,11767261,6807973,212667,10988473
6,../model_20120822_650185552.uvl,25,23,64797859,true,1591923,46284976,6316339,3838105,190351,5994994
14,../model_20200901_40084439.uvl,26,26,64652862,true,3267951,38844020,7828737,6371638,147614,7531325
5,../model_20130410_2115212559.uvl,11,10,41437002,true,3633036,25017260,5512617,4548005,71963,2263287
4,../model_20170502_101132737.uvl,33,37,70355089,true,3010183,49741926,6880951,4477890,127798,5458022
3,../model_20130916_1894002979.uvl,16,16,37992237,true,1668633,25080491,5414557,3415007,56233,1924785
9,../model_20130604_1500555803.uvl,13,13,36234475,true,1537308,23046595,5981418,3523252,49577,1698007
11,../model_20141107_655975442.uvl,10,9,47676853,true,1561864,33199675,5819245,4031977,77058,2556962
13,../model_20171016_2132568250.uvl,12,4,51134021,true,1360027,32869003,8491325,5410720,61312,2506328
12,../model_20160906_802533043.uvl,21,24,53713665,true,1745522,31493100,9144735,5923235,88664,4700489
1,../model_20140819_1020837515.uvl,63,68,89952432,true,2029264,67341918,6999638,4783852,274984,7683718
15,../model_20151123_702303189.uvl,40,44,72570924,false,1946140,56619250,3687914,4476201,173034,5477576
0,../model_20150305_94122420.uvl,31,31,40372867,true,1674786,26200568,4441186,3912843,87146,3463846
6,../REAL-FM-5.uvl,17,27,45952654,true,1668015,30948876,6118279,3508624,166445,3095595
14,../model_20110124_2116036381.uvl,18,18,50341474,true,1727772,28907745,8776742,5927518,118091,4304696
5,../model_20100824_837146809.uvl,22,22,62775412,true,1617789,39682554,9393114,6209062,126642,5129512
8,../model_20150509_1341412445.uvl,10,9,53037671,true,1636144,34488920,7780483,6172075,80440,2470816
7,../model_20150223_771673981.uvl,26,18,53720247,true,1685708,35452141,7523857,4615113,74471,3794659
3,../model_20230323_1102049462.uvl,17,17,55808479,true,1582148,36321521,7166557,6047070,102023,4013707
9,../model_20140902_941000321.uvl,13,11,43407377,true,1602912,24716121,8621075,5847123,74605,2016509
11,../model_20120124_94644767.uvl,12,12,39184361,true,1595184,28252511,3876593,3518985,74970,1506748
13,../model_20140420_1899694432.uvl,55,54,78497947,true,1854025,56462030,8204196,4180915,159692,6902542
12,../model_20150616_74187279.uvl,17,11,59140628,true,1574648,37854350,9002326,6075096,91745,3972054
1,../model_20121123_913179730.uvl,17,16,42974276,true,1508802,28368454,5773917,4847457,62563,2046614
15,../model_20221220_1576677705.uvl,14,10,48057058,true,1649672,29097769,8263270,5470790,80279,3031089
0,../model_20200901_2052923297.uvl,21,21,34652556,true,1539729,21103214,4286546,4037179,89323,3174909
14,../model_20200517_1501498720.uvl,11,12,35338512,true,1477181,20636576,7666733,3644323,48740,1448926
5,../model_20160106_443157632.uvl,13,13,35341738,true,3480660,20765652,4857604,3987517,47225,1838744
7,../model_20171016_1973576375.uvl,11,13,38670854,true,1651118,23282475,6748137,4338609,90967,1828889
6,../model_20170312_968402737.uvl,49,33,93353503,true,2089247,64482251,11254240,7054512,146612,7128850
8,../model_20160913_600398973.uvl,48,38,69956311,true,1913933,50080726,6862708,3936962,137556,6311627
9,../model_20160330_1306243394.uvl,21,21,54933714,true,1672694,35732811,7656391,5330502,84801,3874326
2,../model_20160304_168615633.uvl,29,32,52750350,true,1815546,35529842,6761769,4074277,97682,3909637
13,../model_20121018_1186774722.uvl,16,15,48138841,true,1737658,35200665,5441761,3412767,54359,1921669
12,../model_20121018_1970318852.uvl,16,15,45929180,true,1679117,32382446,5459251,3449181,93490,2467109
1,../model_20120111_1667229430.uvl,24,19,50500828,true,1691896,34891105,6074336,3800440,76884,3382722
10,../model_20141023_437365215.uvl,35,38,63978762,true,1965097,45563379,6788286,4349716,183862,4484374
15,../model_20190510_899437477.uvl,13,11,36022874,true,2971100,21222917,5781124,3711826,47122,1960377
7,../model_20101124_661702924.uvl,15,15,37793898,true,1637032,23621954,6129462,4013897,62273,1943782
14,../model_20200901_1615961503.uvl,38,29,75982726,true,1853436,51096054,6963437,6567675,193780,8682106
5,../model_20120205_24117969.uvl,34,34,76127823,true,1721604,48366969,10230932,6788370,191658,7929794
6,../model_20121018_242475712.uvl,16,15,52642857,true,1488288,36583222,6541335,4009968,98816,3579167
8,../model_20170919_1946252337.uvl,48,29,68619561,true,2033556,47853430,6987053,3965715,200614,6739914
2,../model_20160420_1926809017.uvl,12,5,41075216,true,1568716,21821036,9073073,5542461,61739,2569354
4,../model_20140428_1917957920.uvl,63,62,92170271,true,2076710,53395090,13117071,7067744,456124,14260300
9,../model_20180304_290046860.uvl,48,28,76501935,true,1794905,55161526,7752098,4063248,253605,6761961
13,../model_20151202_1529785580.uvl,40,40,103378135,true,1741886,83254217,7647357,4213309,118001,5781564
1,../model_20160912_1428022317.uvl,49,57,66338067,true,1927230,45918459,6735579,4144440,225424,6670779
12,../model_20130809_353548541.uvl,57,52,87548367,true,1888056,65452023,7755074,4160455,157152,7175750
10,../model_20150506_2068045691.uvl,20,20,48311275,true,1559680,32847639,6552206,4393033,69119,2441625
15,../model_20101208_1056693380.uvl,25,25,61537058,true,1727785,39042567,7619558,6430778,133248,5847355
7,../model_20150302_1660900120.uvl,31,34,77861182,true,2158688,47952493,10563703,6943085,201440,9142886
14,../model_20200128_1669015551.uvl,23,19,57705986,true,2262928,31406538,9677573,6289001,121542,7195086
6,../model_20111111_1026730216.uvl,37,29,61236634,true,1869721,38537531,9251581,4498598,175722,6084611
3,../model_20180110_870365297.uvl,10,11,45066966,true,1638496,26477961,7897006,5106039,87903,3452128
2,../model_20230322_1573076538.uvl,17,16,35020400,true,1724473,20717335,6082949,3870060,54869,2162634
8,../model_20110715_945252556.uvl,32,32,60372436,true,1913125,40019434,6740299,5694838,94482,5229309
9,../model_20110704_555218409.uvl,11,11,31954883,true,1680520,18200750,5614436,4395905,46776,1569632
4,../model_20200425_1144751894.uvl,10,12,57846710,true,1543257,38344146,8636500,5788281,97174,2973691
13,../model_20230322_1882971454.uvl,21,21,61065219,true,1650845,38414207,9094668,6209825,116933,4913556
11,../model_20170904_444361354.uvl,46,33,81369250,true,1940556,49658781,10986584,6945096,219970,10437013
15,../model_20140425_366530615.uvl,11,10,31730431,true,2956949,17892185,5337249,3657487,45021,1523228
10,../model_20160330_387052519.uvl,21,13,35779227,true,1662928,21532205,6035103,3666083,58182,2405114
0,../model_20160309_1721210506.uvl,14,11,33802596,true,1548321,20180094,6163975,3686639,48969,1764340
7,../model_20230609_1502711362.uvl,22,22,47572598,true,1571672,28133464,6941561,5871608,103126,4379701
14,../model_20200403_1286696698.uvl,37,34,50074110,true,1935355,31969806,6736484,4370809,161004,4275596
6,../model_20131112_1855381012.uvl,31,30,73578727,true,1662899,47068644,10001326,6768849,173272,7109988
12,../model_20230426_159926820.uvl,59,43,72805640,true,2165901,47863309,9052718,5641131,156888,7027142
8,../model_20200810_1781368898.uvl,21,20,35802294,true,1715518,20878887,5934930,3690620,108965,3020476
4,../model_20121025_1453237615.uvl,20,20,35126737,true,3337837,20285931,5347545,3358094,61319,2249521
11,../model_20140914_775838300.uvl,24,24,35953169,true,1459173,19675199,5477015,5444120,104735,2985321
13,../model_20151124_1131991591.uvl,34,34,67395227,true,1786225,44580791,6435873,5801754,188453,7807851
10,../model_20130226_1908057354.uvl,16,14,33357565,true,1423836,20261966,5458411,3356324,63674,2392820
0,../model_20160519_1444507509.uvl,41,42,61701581,true,1627150,41336077,6926723,4329490,161463,6684540
6,../model_20160716_1943328700.uvl,18,17,44717934,true,1606301,29592457,6270124,4712308,54654,2066193
7,../model_20230323_1108197556.uvl,17,15,33631282,true,1620674,19951608,5966929,3657047,55039,1975318
14,../model_20110330_919429247.uvl,25,27,43720991,true,1574397,23868169,9864422,4442304,84538,3151919
12,../model_20200225_1125771038.uvl,43,40,56493926,true,1735343,38387815,6409345,3828016,125534,5344298
5,../model_20150310_563618715.uvl,33,40,59242450,true,1716850,34467077,9685305,6975868,131278,5380327
8,../model_20120201_899753062.uvl,27,31,88937993,true,1787597,68201331,6318437,4378541,255817,7495910
11,../model_20190416_886742925.uvl,12,12,37052230,true,1353175,18427292,7205177,5783286,69781,3771003
4,../model_20131112_1630582425.uvl,28,20,51215537,true,1801603,34449608,7126132,3554141,73267,3481776
13,../model_20131112_64627122.uvl,13,12,67486271,true,1498636,55270142,5286722,3354341,43829,1686482
10,../model_20120920_383492576.uvl,11,12,32120375,true,1580051,19701561,5547555,3514210,46979,1379794
0,../model_20130916_1983257725.uvl,16,15,39625321,true,1482438,23462871,7268408,4012563,51301,2927155
1,../model_20150423_1415525319.uvl,27,21,79396005,true,1613705,57697735,9052252,5689175,110077,4593996
7,../model_20140328_1965511118.uvl,10,10,46204973,true,1530853,30215830,6538256,5323451,70972,2121127
6,../model_20120609_84195762.uvl,26,21,61975021,true,1701367,41178081,7306499,5918328,134749,5097164
14,../model_20180927_642324190.uvl,51,46,89024940,true,1869106,60260689,9459707,6583327,339125,9659076
12,../model_20130414_861625706.uvl,15,15,97531999,true,1613829,78158620,7943450,5843902,93186,3425941
8,../model_20200320_13307140.uvl,10,10,47659179,true,1635414,30235384,7071633,5890032,60279,2321117
5,../model_20100415_240595643.uvl,31,32,66715353,true,2368671,46282972,6735764,4402111,178270,6154267
4,../model_20200815_433256797.uvl,39,33,66997321,true,1704241,39606531,9470681,6425658,184766,8659742
11,../model_20110216_1027109687.uvl,12,16,59853477,true,1590403,39427397,8563007,6234138,110460,3456213
2,../model_20180511_935028612.uvl,20,23,50412254,true,1639203,31314533,8805983,4912279,147072,2998841
3,../model_20140306_1313194877.uvl,32,31,63487647,true,1802263,39137203,9803375,5712118,92065,6139817
13,../model_20170904_998227463.uvl,42,37,65301259,true,1702676,45011964,6398311,3927318,184774,7474529
9,../model_20230322_208918165.uvl,40,27,51613113,true,1978423,33205362,7317584,3684967,106871,4699770
10,../model_20140614_436006902.uvl,25,25,54356564,true,1798709,37361115,6513911,3761146,178015,4167097
15,../model_20150611_578706116.uvl,13,12,32388057,true,1756570,19232722,5594923,3606628,47407,1783912
7,../model_20140820_1349433690.uvl,22,22,37573725,true,3344876,22717215,4627753,3619288,81477,2667592
6,../model_20180512_810540422.uvl,23,23,42185974,true,1621057,26051701,6547035,4223905,77138,3097354
1,../model_20130820_1465112187.uvl,49,49,56300811,true,2018502,36536954,6540888,4591598,129470,5686875
14,../model_20131112_817529963.uvl,40,40,68872962,true,1959065,51340268,5923247,3776917,327298,4942742
5,../model_20190122_546529784.uvl,18,18,53757470,true,1690229,36204332,5863287,5654656,106895,3689666
4,../model_20170918_2076946141.uvl,16,10,33665060,true,1612319,19786126,5709053,3773193,48264,2263558
11,../model_20121018_1550648286.uvl,16,15,35954227,true,1674413,22597128,5653685,3552373,86685,1972405
3,../model_20120328_663906927.uvl,28,25,39956177,true,1655211,24749720,5750794,3808306,83040,3310689
13,../model_20180222_786472237.uvl,12,7,43393743,true,1520094,27148753,6536307,5029930,61193,2725258
9,../model_20131122_1241273029.uvl,18,18,47300254,true,1730475,35892413,3871065,3308213,53852,2077656
15,../model_20140917_195564800.uvl,16,16,33581208,true,1657682,20555618,5033797,3796791,59023,2105947
1,../model_20120705_77954373.uvl,22,18,39955747,true,1744641,24701314,6445407,3754137,64018,2742556
7,../model_20170918_1996976409.uvl,33,33,43609189,true,1616340,26492524,6337086,4177895,96939,4148315
5,../model_20190917_1484600794.uvl,17,13,38497337,true,1593691,24842771,6096563,3484956,47473,2008856
6,../model_20101117_2128796258.uvl,72,69,92642938,true,2252110,64994267,7944610,4503279,241466,11786033
14,../model_20160229_1734203468.uvl,48,29,59991208,true,3781206,37566161,7547699,4192901,126270,6096386
4,../model_20140207_1303140975.uvl,12,12,30198675,true,1356810,17277157,5257652,3900558,46338,1957615
11,../model_20140410_1285833987.uvl,11,21,72177673,true,1349142,52371211,7907994,5738542,147974,4250960
3,../model_20140322_1340045027.uvl,10,10,39818976,true,1589754,27380690,4930229,3354775,65942,2123430
13,../model_20180729_2071913647.uvl,24,29,59594835,true,1555420,45389636,5454989,3485404,95139,3201122
9,../model_20190124_988857604.uvl,46,41,66434494,true,1725876,38583455,6736975,6804605,234929,11609040
15,../model_20130529_552715089.uvl,17,16,41406074,true,1573381,23403764,8597884,4258348,100847,2938740
7,../model_20171021_192017753.uvl,17,15,58169517,true,1562680,37060918,8792119,6064207,94812,4012337
0,../connector_fm.uvl,20,14,63594027,true,1915412,41820203,8272184,6315445,110638,4695533
1,../model_20190915_1211977272.uvl,22,21,87994738,true,1689299,71466041,6294578,3963385,118903,4038436
14,../model_20120328_1974817485.uvl,13,8,31712820,true,1459675,17599200,5698155,3515597,46758,2981877
5,../model_20110127_1318390760.uvl,13,11,44802360,true,1448711,23865302,9601852,6067453,79101,3250046
12,../model_20201010_633615094.uvl,12,11,51327715,true,3214371,31713183,8945311,5305835,46826,1663713
4,../model_20120423_1625073325.uvl,32,26,62881475,true,1715430,38913217,10381898,5315844,171882,5623910
6,../model_20130510_203163945.uvl,18,12,89693049,true,1607857,68383104,9463574,5993351,92121,3564937
8,../model_20120419_1397354511.uvl,20,20,48085695,true,1812215,33234439,5791345,3862651,97566,2877160
11,../model_20200128_23228584.uvl,23,23,60862738,true,2176172,38754612,8699728,5414922,148893,5030456
3,../model_20160308_190029672.uvl,33,32,53339381,true,1640647,35118756,7429104,3662720,90170,4785276
2,../model_20130529_1187431770.uvl,16,16,38285538,true,3551123,21489602,6698761,3819729,55964,2226292
9,../model_20200121_827473084.uvl,17,17,54245387,true,1867161,36465259,5991762,5523705,104052,3865536
7,../model_20101020_1809093990.uvl,20,20,57144872,true,1595442,36656181,7356913,6306019,114796,4535853
1,../model_20160227_1389842098.uvl,48,51,58519687,true,2073990,38524461,6765997,4109284,144032,6121246
10,../model_20131203_151571988.uvl,54,51,76294809,true,2063692,49602112,7119879,5645049,294393,10830147
14,../model_20200728_429027371.uvl,17,16,36085080,true,1729673,22806380,5381981,3720054,57901,2012680
6,../model_20190430_2137275351.uvl,37,35,53296979,true,1768662,34934694,6657420,4156599,216357,4918775
12,../model_20130123_686198065.uvl,40,40,49503227,true,1837959,31489585,6455830,4012784,145415,4903493
5,../model_20150527_1979644627.uvl,72,58,72351332,true,2043663,46436163,8796844,4797046,259138,8878745
8,../model_20230322_1855764436.uvl,26,22,44542481,true,1786172,25896393,8363235,4488535,76753,3350262
3,../model_20200128_745414394.uvl,23,19,50363848,true,1556638,28289326,9130888,5957938,76330,4659467
11,../model_20170618_724645944.uvl,13,14,55965220,true,1675253,36639273,7905787,5883040,103435,3405502
2,../model_20140430_1532303117.uvl,32,20,59467163,true,1477990,41082643,5791930,3945342,134222,6488203
9,../model_20140819_709073537.uvl,43,44,58996794,true,1724456,40565066,6276424,4205190,155264,5441613
7,../model_20120909_341305614.uvl,32,34,48517300,true,1430960,31785773,6479177,4106189,101894,4120421
1,../model_20190917_512190943.uvl,45,37,47104046,true,1741105,29444328,6032401,3806772,106560,5278089
10,../model_20110428_553405269.uvl,37,29,61318394,true,1417433,32837225,9303260,6523647,195945,10205902
14,../model_20181019_994429580.uvl,10,10,34177547,true,1432998,22654339,5070608,3369730,45371,1290640
6,../model_20160329_1152124785.uvl,21,20,49722302,true,1656512,33677869,6121229,3648487,122000,3995405
12,../model_20161207_285955518.uvl,54,46,91527157,true,1944030,65791675,7422645,4954312,267404,10366102
3,../model_20141106_1014782772.uvl,17,17,54087953,true,1743596,36521509,5372206,5894670,103972,3959955
11,../model_20140825_2017008690.uvl,58,59,86667349,true,1961419,62339573,7088166,4553731,313385,9599785
2,../model_20200810_1006372985.uvl,36,36,76391654,true,1797276,48800808,9571045,6641279,212562,8413584
9,../model_20180917_1978871462.uvl,50,45,113387417,true,1926523,93787295,6780707,4286682,132832,5770939
13,../model_20170414_1751865819.uvl,77,84,79366118,true,2102181,54068880,7526891,4583219,273372,9739258
15,../model_20140511_603377022.uvl,15,14,33170901,true,1624808,19908684,5786613,3609516,48798,1802110
7,../model_20130121_710180273.uvl,10,11,35183782,true,1447571,22670536,4718366,4443352,69806,1555478
10,../model_20160329_268958808.uvl,47,54,70608712,true,1870885,44606848,10307338,6074467,158797,6448893
6,../model_20121123_1672558767.uvl,15,17,51620158,true,3124796,29063992,8836930,6223587,96829,3710731
0,../model_20200819_710049424.uvl,28,25,61818164,true,1780421,42586200,8090423,4456713,80673,4222975
14,../model_20150301_300492477.uvl,33,32,76212214,true,1754845,48457006,10438313,6329079,313565,7841909
1,../model_20180305_1393570452.uvl,48,43,88908590,true,1886972,59649654,10295046,5007012,323571,10691347
4,../model_20160308_79396455.uvl,41,44,54912961,true,1940644,35405939,6910906,4085290,176921,5711565
11,../model_20141205_2005181775.uvl,33,28,75872803,true,1733249,49348398,9686352,6405134,173743,7701875
3,../model_20221101_871584152.uvl,19,28,71129362,true,1712459,52064533,5682817,4623785,228976,6380354
2,../model_20110525_564104612.uvl,27,32,44145097,true,1554681,26814124,6584451,3745622,813593,4142105
15,../model_20121018_436901160.uvl,16,15,40201186,true,1542190,26211945,6070773,4065351,52251,1852401
13,../model_20140824_525404983.uvl,47,47,62610543,true,1893447,36484247,7711512,6329362,224625,9250887
7,../REAL-FM-17.uvl,25,24,60533383,true,1912585,44288335,6523792,3861318,88237,3326058
9,../model_20141104_1527188029.uvl,140,140,126060808,true,3020124,82052568,11930756,6910943,354999,19173209
10,../model_20130703_1107240012.uvl,64,27,103600392,true,2029920,72547584,8352116,4469039,296014,14865967
0,../model_20150428_2048110240.uvl,11,12,55678486,true,1467913,36205898,8456166,6100507,104299,2898100
6,../model_20150208_2120373387.uvl,25,21,67434456,true,1611094,42260030,9911263,6356585,166505,6514259
4,../model_20140801_240918546.uvl,22,13,35861125,true,1715248,21827890,5790263,3491771,54117,2520902
11,../model_20110622_260389190.uvl,12,10,42951750,true,1508429,29027112,6025977,3490544,42748,2474763
8,../model_20101111_156018899.uvl,12,11,38053041,true,1639059,23446505,6999440,3971319,41406,1580281
5,../model_20140403_1688136935.uvl,45,42,83188296,true,2043078,52185246,10092733,6821551,265357,10634116
2,../model_20121102_768518520.uvl,14,14,46004180,true,1732026,26652911,8409749,5561348,90484,3032862
15,../model_20140423_277886534.uvl,21,18,35213655,true,1606164,21688873,5462159,3614058,59154,2343822
7,../model_20100712_329430908.uvl,20,20,38287768,true,1575672,24249486,5775994,3518513,62846,2571040
9,../model_20120408_404695779.uvl,70,66,66693909,true,2320702,42003266,7847003,4921576,226050,8360682
0,../model_20121123_638033800.uvl,14,13,41530454,true,1443974,23694904,7491209,4809260,47604,3636794
10,../model_20140422_2137156564.uvl,35,32,69517158,true,1803243,47175347,6534308,4656972,318597,8370359
8,../model_20150212_1516383976.uvl,12,8,50164338,true,1495319,38775623,4953506,3110061,45820,1503627
11,../model_20121123_1445508018.uvl,16,16,30744300,true,1552803,18482576,3999658,3983423,49574,2142660
12,../model_20120513_373795895.uvl,14,13,35559183,true,1451503,22127873,5807107,3683586,68232,2073059
5,../model_20120701_1498696792.uvl,11,11,46151132,true,1614523,32574959,5740889,4413420,45676,1393328
2,../model_20150411_1378086632.uvl,15,9,54814255,true,1595310,37116658,6433682,5692239,90174,3494823
13,../model_20200316_153170359.uvl,124,103,165866976,true,3936777,117265645,9258732,6485935,717215,26669616
15,../model_20110407_1283128166.uvl,51,52,87525192,true,1917012,64679150,7058890,4299719,275896,8546524
7,../model_20180512_276218752.uvl,36,38,45653838,true,2811901,26575885,4900019,4222408,1247665,5120577
0,../model_20120314_1438691117.uvl,13,13,41213426,true,1384235,28986749,3762874,3715401,89196,2854863
9,../model_20161118_228131771.uvl,66,79,85337779,false,2031855,62655029,4592531,5659366,216953,10021688
10,../model_20100322_955726153.uvl,20,20,62870700,true,1624420,39786609,9472309,6264886,125215,4909535
14,../model_20110826_252647654.uvl,24,24,47258120,true,1603135,34512197,4016460,3483960,75662,3142973
8,../model_20130722_443972122.uvl,12,12,34345674,true,1514890,21297271,5709443,3715606,52982,1678503
12,../model_20190922_718247414.uvl,12,10,32419677,true,1668319,19027623,5582125,3989698,66072,1701400
1,../model_20170505_1428478521.uvl,24,26,46161332,true,1773316,29018691,7678370,3677482,85421,3222233
5,../model_20140819_2062208658.uvl,26,26,46793143,true,1732097,26478821,7168776,5908029,102098,4667245
3,../model_20171204_404453510.uvl,21,22,39861255,true,1846164,25213608,5798473,3630181,69374,2808689
2,../model_20160620_457730604.uvl,20,20,44085301,true,1611829,30837169,4447966,3920518,61401,2769444
11,../model_20110527_1847306763.uvl,63,106,134629277,true,2340415,87672854,11880665,8583924,712385,22031462
7,../model_20151119_424700280.uvl,10,10,40419730,true,1449575,26958056,6065276,4001251,62692,1576507
0,../model_20121219_1714348674.uvl,10,10,46334816,true,1534691,29044654,8002725,5240617,67952,2113456
13,../model_20171018_1720986032.uvl,130,107,111788812,true,3319853,66211561,13195226,6702067,316208,19680436
9,../model_20180512_427876131.uvl,37,37,115431780,true,1772687,89775338,7850841,6598480,190224,8179453
6,../car_fm.uvl,14,12,40498042,true,1623531,27973725,5247893,3514153,49538,1725143
14,../model_20110823_1386366267.uvl,15,14,35683386,true,1527551,21720239,5890432,3790224,54938,2246798
8,../model_20140508_536536644.uvl,36,34,59753005,true,1932258,36125647,10261660,5311961,167124,5006911
5,../model_20131112_2028027455.uvl,13,11,40288450,true,1460209,23562566,6806670,5280850,72524,2773560
12,../model_20120829_28461699.uvl,11,13,45369163,true,1522428,28371872,7859043,4550023,92897,2652360
4,../model_20230505_1739075744.uvl,42,45,72787400,true,1946606,39349571,10863090,7240165,244890,12164425
1,../model_20110116_381192414.uvl,60,61,103961229,true,2099210,72167448,10632851,6291020,466262,10839949
2,../model_20121019_1128529660.uvl,14,12,44561740,true,1554901,30616398,6655856,3707253,49089,1654294
3,../model_20150307_1251635490.uvl,35,36,54027591,true,3140025,35315434,6351395,4010787,117343,4470235
7,../model_20180514_381391194.uvl,20,20,34784513,true,1561677,22050505,4400079,3954523,62198,2307883
13,../model_20141108_202761108.uvl,10,8,35494449,true,1634954,22534990,5620637,3601211,75900,1602175
0,../model_20131112_990013628.uvl,10,10,38776959,true,2146864,23883804,6405694,4542849,39206,1324321
9,../model_20160229_707006027.uvl,13,14,51211070,true,1632067,33122785,6678236,5887006,88861,3296540
6,../model_20120328_1373483522.uvl,13,14,37201608,true,1642111,23550172,5818466,4028579,66338,1730752
8,../model_20120717_770767926.uvl,11,10,32944760,true,1468023,19576820,5782505,4291865,38733,1432194
5,../model_20120110_1256867454.uvl,10,10,31716927,true,1670846,20128983,4817629,3144727,47043,1554910
12,../model_20110605_1465859222.uvl,17,17,43786747,true,1648077,27187294,6954674,5134619,55906,2265794
1,../model_20170720_160368734.uvl,14,14,49796991,true,1559862,34439109,6065344,3922650,92759,3357018
4,../model_20110207_1623721536.uvl,27,32,56653910,false,1754432,41459543,5539799,3632007,111600,3955359
3,../model_20110207_906076676.uvl,12,8,50050483,true,1521191,31984110,7471357,5920291,69958,2751885
2,../model_20170518_711240246.uvl,36,36,79953963,true,1688170,51303516,10142022,7070941,202775,8625520
0,../model_20091210_241985787.uvl,16,16,55763703,true,2739497,35638600,7263059,6015083,101025,3671670
15,../model_20110301_216655728.uvl,10,10,33567226,true,1666402,19537045,5663184,4171331,58206,2113764
13,../model_20170918_191476099.uvl,48,49,62665358,true,1854286,37905599,7965336,6632384,211796,7331693
7,../model_20160304_1567363129.uvl,19,23,62356447,true,3015373,43719699,7542945,4273171,132268,3201049
9,../model_20170518_1713871521.uvl,15,16,41207115,true,1691705,28147829,5501495,3585319,62297,1848519
10,../model_20130916_1649901124.uvl,16,15,66306977,true,1694629,51632964,5948903,4651339,52029,1905284
6,../model_20221015_510481451.uvl,12,14,36765291,true,1623539,22562519,6556107,3780799,95421,1754035
12,../model_20170313_788976149.uvl,12,9,30374526,true,1664074,18101076,5491259,3137711,41893,1546129
1,../model_20140109_637429284.uvl,11,9,37379660,true,1433965,23154595,5856955,5175061,38577,1424783
3,../model_20121015_1348696629.uvl,10,8,51650780,true,1558168,32488745,8438486,5925179,80216,2758578
4,../model_20160913_2142740300.uvl,48,48,71057661,true,1920449,45272229,7089876,3994831,190221,11666045
13,../model_20110406_656545830.uvl,17,17,32532199,true,1657463,20519645,4162922,3703705,54862,2008175
15,../model_20131112_1399418967.uvl,35,28,50920621,true,1703723,29142561,8240548,6337976,107457,4811904
7,../model_20221018_544175819.uvl,29,29,54535793,true,1466726,34541770,6129480,5137605,181709,6512448
0,../model_20160329_1144142418.uvl,54,33,118746701,true,3584353,92431377,10197521,4485319,150805,6664068
11,../model_20150208_1225865238.uvl,42,34,64938882,true,2161124,41339162,10094261,4530571,126623,5642395
9,../model_20120423_1196408273.uvl,16,11,37072920,true,1545558,19158215,9000347,4721806,50080,2035312
10,../model_20200909_844580970.uvl,17,9,44801108,true,1675789,27938230,6717189,4771967,47087,3266750
6,../model_20170517_1276361560.uvl,10,10,53834717,true,1528263,34001972,8879664,5985571,91134,2888128
12,../model_20190513_554652357.uvl,10,10,32930160,true,2955034,21054366,4127903,3272237,37935,1182317
1,../model_20180222_1790291836.uvl,22,19,50257471,true,1773624,35325194,6443940,3485051,74133,2670745
14,../model_20141108_701198022.uvl,11,11,48548113,true,1541501,32539326,7170746,4246505,78281,2542195
3,../model_20110130_639381749.uvl,12,12,50172163,true,1691587,34690132,4460942,6036914,77850,2844164
15,../model_20090801_1908323193.uvl,13,13,35038314,true,1724353,21103928,5987465,4041434,85282,1706520
13,../model_20190917_490456110.uvl,39,23,48586859,true,1700594,30247680,6963542,4128858,176275,4767457
7,../model_20160329_578011837.uvl,23,18,43516943,true,1708044,27525530,6979291,3735211,65435,2962182
4,../model_20150304_617127008.uvl,56,66,70353550,true,2013858,45089740,8077523,5384360,243492,8601733
0,../model_20140423_1716161596.uvl,42,25,54305306,true,1752952,32182092,9518188,3970506,89736,5786762
11,../model_20120701_899073101.uvl,11,11,53031122,true,1550533,33591645,8589671,6121930,82061,2624220
6,../model_20130125_189285641.uvl,18,19,45491131,true,1560048,29794888,6585183,3951112,61325,3146748
1,../model_20170505_1995894898.uvl,32,27,49862545,true,1755179,32502036,6015022,4842312,168892,4033153
12,../model_20140324_1142291623.uvl,11,11,33649186,true,1631295,19781308,5867260,4364171,44220,1331853
3,../model_20091206_1647557456.uvl,10,10,34882182,true,1616120,21205330,6742777,3663387,37233,1214970
14,../model_20140514_1151327844.uvl,43,36,78999090,true,3721319,44581908,11378312,6575852,277405,11320296
5,../model_20160329_304357596.uvl,23,15,40953923,true,1555699,23685999,7557457,4498538,59640,3094862
8,../model_20160911_493856736.uvl,45,29,84008835,true,2011186,63300068,7106322,4326462,114145,6400718
15,../model_20141102_1778359466.uvl,23,22,50296574,true,1610186,25354698,10340273,6569223,132252,5548193
13,../model_20130916_1001858303.uvl,15,17,44304936,true,1548184,29083809,7266311,3655982,62782,2143409
2,../model_20200513_1559879338.uvl,11,11,44685533,true,1588440,30199504,6799633,4129647,42570,1572866
4,../model_20120113_1803352101.uvl,43,27,59205088,true,1879038,40306261,6627544,4337537,118418,5287223
0,../model_20141129_2117240468.uvl,12,14,34046189,true,3364617,19042681,5832453,3774117,67703,1593864
11,../model_20160329_2023954051.uvl,24,20,62778050,true,1690681,41109365,7282271,6498285,121578,5565386
6,../model_20171020_786614820.uvl,12,10,45433661,true,1652999,29130714,7552958,4825277,41330,1858891
12,../model_20150523_1701783178.uvl,23,23,35284769,true,1470938,21643557,5537593,3367444,66534,2723029
1,../model_20200810_903664942.uvl,25,27,43589373,true,3332386,26713631,5807338,3752341,83587,3434798
14,../model_20120829_881090911.uvl,10,10,33153774,true,1347930,20732645,5861018,3588251,44575,1247871
3,../model_20121106_1816491064.uvl,23,20,43101539,true,2869884,23456299,5789674,4816831,76338,5637409
5,../model_20131122_641443746.uvl,14,14,41240199,true,1616255,26201065,5195331,5137770,58283,2573325
13,../model_20120528_1294065815.uvl,13,12,36855565,true,1633445,23295686,6266768,3326171,46883,1494318
8,../model_20190223_2023041805.uvl,19,22,63337665,true,1671743,47061534,6636858,3759001,156877,3555958
0,../model_20170704_1299892151.uvl,11,11,40714638,true,1684228,29438928,4077027,3775794,41805,1361251
11,../model_20121017_2007593800.uvl,10,8,30715104,true,1525094,18587852,5495650,3499903,43458,1191360
4,../model_20141018_2078980023.uvl,87,86,104514700,true,2749636,77545377,7505016,4864684,239799,10462959
10,../model_20100326_770562654.uvl,27,19,41149134,true,1855233,25796431,6073951,3424529,76701,3374612
9,../model_20160926_2009081259.uvl,54,54,54019812,true,2197062,34309968,5420207,4829058,225769,6161390
12,../model_20150226_64791123.uvl,26,28,46427560,true,1483415,29530154,6815146,4457973,88976,3595484
14,../model_20140306_1994550432.uvl,12,9,46063100,true,3288788,24257916,9098924,5817648,73879,3058988
6,../model_20170405_957299568.uvl,142,211,187417322,true,4393637,130826761,12602373,9257755,750242,27549285
5,../model_20180512_893377341.uvl,24,22,65371178,true,1707543,44517767,6129980,6489765,162238,5889055
1,../model_20100829_787258873.uvl,57,48,81989771,true,2091737,48934955,11096068,7244864,182017,11061409
8,../model_20130916_552778902.uvl,16,17,44869394,true,1654104,30736913,5822497,4045569,60502,2089720
0,../model_20120412_1314362396.uvl,12,11,41124999,true,2651428,21759616,8096327,5401619,84548,2683523
11,../model_20150701_451946642.uvl,22,14,64361284,true,3571057,39026027,9173470,6610284,117238,5175104
7,../model_20131122_1877947099.uvl,15,13,45009687,true,1729244,30276002,6104239,4538370,49541,1858746
4,../model_20131122_224574976.uvl,11,11,36073988,true,1611217,23455905,5534274,3615372,75550,1317352
10,../model_20091225_1547989376.uvl,29,30,43249466,true,1827243,26178661,7275267,3712704,93953,3647170
12,../model_20230313_612090761.uvl,13,15,35468516,true,1836575,21698213,5837746,3729173,61046,1916704
9,../model_20180512_409172439.uvl,37,37,47201793,true,1701258,28082866,7026922,4086431,211427,5472329
5,../model_20190223_1275185141.uvl,10,7,42059684,true,1543962,27263107,6676268,3863017,41602,2304813
14,../model_20091210_993249741.uvl,29,25,70838408,true,1721532,44524094,10536119,6781142,146749,6598485
0,../model_20190304_818967793.uvl,29,28,66601400,true,1711483,45257421,6550021,5643023,167729,6711930
8,../model_20140614_1989695192.uvl,29,35,54460141,true,1714480,35915021,6680276,4130192,110774,5335255
6,../model_20140305_850513381.uvl,63,103,116957938,true,2286096,88435607,8574553,5415947,381918,10935935
15,../model_20140326_1693773444.uvl,13,14,34757282,true,1674795,20917892,5799593,4231225,62278,1722593
11,../model_20141006_1946000492.uvl,14,10,34366938,true,1548113,20273600,5755185,4076196,56306,2269672
2,../model_20130529_1911302663.uvl,16,16,45627317,true,1677396,31712943,5994105,3593849,97606,2104364
7,../model_20140614_81946339.uvl,22,24,41468073,true,1550781,24010064,6764578,4082842,1264776,3189691
4,../model_20141129_6569546.uvl,25,21,57698748,true,3481752,31527712,9500451,6317829,274882,5848879
9,../model_20120510_220834497.uvl,53,44,64806981,true,1936120,42172873,6672432,5235425,147135,7781375
5,../model_20111027_1380540076.uvl,10,10,35045518,true,1528797,22796002,5618064,3569876,39648,1182151
14,../model_20170916_132089042.uvl,48,60,96144646,true,1998070,61023496,9892999,7409197,483412,14335505
0,../model_20121123_1692800929.uvl,16,16,42312960,true,1482303,28308775,5975987,4015035,91391,2034067
8,../model_20120828_1516795545.uvl,13,13,53612348,true,1555335,34088333,8315080,5822876,88344,3272503
3,../model_20230323_58681865.uvl,17,15,46245436,true,1689268,32129422,5786447,3874391,56669,2251910
6,../model_20180122_1429516018.uvl,40,18,63021103,true,1784476,42954842,7111001,4047973,101551,6337270
11,../model_20160813_60083737.uvl,10,10,36496495,true,1561591,25748018,4121901,3487898,38617,1208614
2,../model_20141113_1414990983.uvl,46,46,58011982,true,1876923,35263827,10026920,4047787,129959,5507926
7,../model_20120728_275737618.uvl,14,14,45624947,true,1738590,28184262,6866716,5517950,81745,2777932
4,../model_20230323_867226898.uvl,16,13,52530267,true,1643339,34694424,6430024,5353156,96257,3795480
5,../model_20130807_1787614695.uvl,13,13,41670104,true,3382555,27498173,4422847,3548911,45972,2413475
9,../model_20140401_1527258088.uvl,13,20,62670035,true,1556028,45990775,5525909,4410580,273465,4516413
14,../model_20130821_470005647.uvl,43,43,71617211,true,1565868,45374751,6631608,7416297,220084,9738139
8,../model_20110925_62365838.uvl,23,23,35446942,true,1567565,22050115,4280310,3660078,70216,3260047
0,../model_20160512_1688304541.uvl,31,25,55768795,true,1695454,39794191,6060943,3708122,86956,3904059
3,../model_20111201_372659565.uvl,61,38,72761811,true,2003363,47978483,8183395,4681835,197706,8639831
1,../model_20171029_714150136.uvl,10,10,47625837,true,1498189,30349465,6999023,5867794,143906,2374035
11,../model_20170702_979744088.uvl,21,21,46092961,true,3217830,29616394,6408880,3800759,70488,2533376
6,../model_20230322_413432441.uvl,22,21,50071641,true,1652622,28615208,8807872,5813061,114735,4470717
7,../model_20180705_2136123533.uvl,10,10,46210486,true,1588220,31495861,4934917,5344841,68357,2440757
2,../model_20171016_777651910.uvl,27,26,68875752,true,1617832,43579265,9987064,6446992,273033,6202103
4,../model_20150611_1748318240.uvl,14,11,58014988,true,1646122,36311188,9569691,6334077,92084,3549528
5,../model_20170410_971411480.uvl,11,6,33632340,true,1450535,19532596,6775422,3792604,59288,1645773
9,../model_20140305_1745306436.uvl,20,12,41738024,true,1667649,27018106,6329559,3765785,60105,2476452
10,../model_20110926_400852996.uvl,36,36,56115005,true,1819475,39063708,6622618,3569141,183186,4205362
14,../model_20200120_1111265554.uvl,10,8,47763286,true,1644365,32633460,6461444,4237025,62607,2346028
12,../model_20200815_41086763.uvl,31,28,69474160,true,1760530,44615750,8487947,6675392,168400,7004496
3,../model_20100325_298677687.uvl,10,9,50827085,true,3041122,30366589,8657088,5845383,70034,2388366
11,../model_20190922_499979669.uvl,25,29,54262671,true,1697338,38926201,5781285,3939245,91695,3316920
1,../model_20140819_940483638.uvl,11,11,40856810,true,1635549,28812836,4756767,3897323,42865,1363489
7,../model_20130627_888588099.uvl,17,16,48667642,true,3515084,28572458,7246408,5508003,56260,3341706
2,../model_20130808_465499656.uvl,22,14,60311476,true,1536544,37221623,9365894,6219861,111341,5228014
15,../model_20200212_1763855182.uvl,12,12,44201537,true,1564382,31272757,5552489,3862519,42637,1502040
5,../model_20171012_432118074.uvl,28,28,45068487,true,1538476,27460393,6873567,4292636,246854,4052261
9,../model_20160225_419189676.uvl,47,52,65642477,true,2085975,46250866,6724819,4169048,145529,5539047
14,../model_20150228_41303449.uvl,33,33,52831387,true,2992673,32292349,7006764,5634392,107614,4210867
4,../model_20160330_888130075.uvl,73,73,110229716,true,2205851,39989398,10984520,8021694,187285,47807501
10,../model_20100216_713947806.uvl,12,12,51427006,true,1606261,34059531,6897074,5658928,79596,2659504
12,../model_20141023_1082000051.uvl,37,49,96450969,true,1809160,68029023,7843226,7114649,295255,10750364
13,../model_20200907_1598312227.uvl,130,130,106168858,true,3383714,69456725,7443332,6939482,419083,16916257
1,../model_20141018_811394530.uvl,23,22,38600412,true,1717813,24095009,5924009,3447086,71045,2844635
11,../model_20161213_651973816.uvl,21,25,60543755,true,1752464,44881006,5930792,3979739,122114,3101646
7,../model_20150222_2069201003.uvl,13,13,73777982,true,1634482,55911460,6904561,5834991,80646,2933381
2,../model_20160504_814917052.uvl,26,20,44901953,true,1602179,28443644,7172907,4020500,67796,2966230
15,../model_20120905_104354355.uvl,13,13,44507842,true,1824193,31103155,5002703,3720722,83463,2311824
5,../model_20160428_283258262.uvl,40,37,75901995,true,1836934,56428526,7165812,4182283,116124,5388159
9,../model_20121123_1047250318.uvl,16,17,56233615,true,1486074,38307580,6617071,5176618,119202,4119747
14,../REAL-FM-8.uvl,17,17,43471660,true,1694130,30217711,5358889,3690497,78059,2036998
10,../model_20151201_896154285.uvl,24,21,49405527,true,1691837,33161784,5798327,3661235,79896,4209065
4,../model_20130916_302923469.uvl,16,17,42005515,true,1477741,25611771,6722219,4699461,64335,3046563
8,../model_20180409_394573881.uvl,10,10,36374069,true,3049445,22081240,5070553,4279784,44113,1468316
12,../model_20180611_848416665.uvl,10,13,56129875,true,1574776,34813563,8843613,5968599,54657,4464514
1,../model_20171213_638254090.uvl,11,10,49886301,true,1437752,30705652,8778366,5964763,75105,2541180
13,../model_20150309_1544990511.uvl,39,42,79976146,true,1772617,52278649,8631166,6719299,243503,9309980
6,../model_20141119_1676144838.uvl,14,14,32675387,true,1649949,19743140,4977208,3966572,48764,1812410
0,../model_20101115_2000504462.uvl,72,65,95054565,true,2358187,62218477,12339990,5937475,388483,10139315
2,../model_20140209_1382642350.uvl,41,29,64158725,true,2030350,46073657,6106884,3909712,109633,5093413
5,../model_20140826_2051139991.uvl,31,31,69200505,true,1870394,43965706,8997359,6379737,167928,7057108
9,../model_20160503_1174916821.uvl,42,44,74827973,true,2406878,49564787,9085817,6429890,151302,6541008
10,../model_20150416_264061404.uvl,47,24,81146096,true,2357555,53669679,6212882,6015386,195419,11981566
1,../model_20150621_1174641946.uvl,36,32,82805763,true,1805613,53946521,10154049,6939090,199712,8766504
12,../model_20190526_2060834946.uvl,12,9,34121636,true,1624959,19798105,6762852,3973706,47373,1546718
4,../model_20180306_832754487.uvl,49,53,85924121,true,2011170,60359407,8073441,5106758,228554,9299868
6,../model_20120110_1094246588.uvl,10,10,56971419,true,1714483,37172104,8799022,5847366,90272,2906145
13,../model_20160913_245590430.uvl,38,38,82756972,true,1626405,59448430,6894087,6540493,184214,7449069
0,../model_20130812_1882708509.uvl,41,51,63721650,true,1903539,43345127,7583001,4428195,206941,5577412
3,../model_20141017_1234330746.uvl,38,48,89865836,true,3892232,63585762,6522930,4696657,312141,10152359
8,../model_20190917_729866659.uvl,83,56,98342381,true,2541082,69630512,8797311,5405536,180480,10109630
2,../model_20230616_862941800.uvl,30,26,46117238,true,1942033,25872829,7060648,5880481,80674,4547222
5,../model_20130725_1746580783.uvl,16,17,47533392,true,1678263,30919155,7860817,4611638,68605,1905853
9,../model_20120201_1444061231.uvl,38,37,86713374,true,1934590,68574791,6050920,4062929,134606,5336102
1,../model_20230323_425392427.uvl,33,29,52761780,true,1756620,35823976,6431184,3873182,93370,4213969
4,../smart_home_fm.uvl,59,62,73864427,true,1983907,50240962,8247969,4745461,227934,7466481
12,../model_20140824_1698583194.uvl,66,66,120855226,true,2177116,60866735,10823242,5439542,31475792,8541288
11,../model_20131129_1795005487.uvl,10,10,44368580,true,1751278,27750441,8643176,4058597,72240,1647635
13,../model_20180307_2144246090.uvl,49,39,74297032,true,1954621,44461070,10099532,6507846,244891,10136962
7,../model_20170402_765751837.uvl,329,359,366618772,true,12039292,245843176,20043581,12015150,2375091,69537171
0,../model_20190616_1868431112.uvl,40,31,63415760,true,1863076,37684900,10693736,5575629,117056,6481230
3,../model_20120328_1412454948.uvl,36,34,68613411,true,1885491,51166300,6352783,3724914,290774,4604788
8,../model_20140710_2059561340.uvl,33,25,54749934,true,1846909,33175247,8820397,4560833,122227,5304933
2,../model_20110915_1159959623.uvl,10,8,47406215,true,1505736,33864267,5854423,4289702,52002,1553810
15,../model_20130302_379367837.uvl,10,11,81228577,true,1597787,68114823,5957953,3785798,44440,1439263
5,../model_20141103_285596543.uvl,25,27,59482301,true,1591239,35614592,9291511,6125983,169742,5979332
9,../model_20130309_1354780318.uvl,11,9,28853267,true,1504810,16834828,5263664,3450077,36787,1379636
14,../model_20190326_164569423.uvl,10,10,27795318,true,1839486,17582018,3656762,3185955,35923,1173937
1,../model_20190411_1457420991.uvl,18,27,44371183,true,1666710,29699612,5868829,3615134,94512,2991415
13,../model_20221109_1435495840.uvl,14,15,34903549,true,1463515,21562690,6273194,3430357,57587,1801200
0,../model_20130418_1960440366.uvl,29,32,65328309,true,1785302,49360758,5905534,3666738,100644,3986497
8,../model_20131112_330151541.uvl,21,16,37616533,true,1556791,23741134,5681297,3474708,62679,2617181
3,../model_20140508_530056624.uvl,36,49,62893120,true,1931682,41754072,7179104,4576598,199906,6603775
15,../model_20131124_646639708.uvl,16,17,39496344,true,1613761,23357824,7207005,4741578,81242,2008773
5,../model_20131206_684654596.uvl,12,12,36666959,true,1435675,22853786,6782037,3567321,58345,1622664
2,../model_20130219_1778040846.uvl,40,38,55083244,true,1742632,32608798,9234571,5102738,155722,5550748
9,../model_20110601_1103941862.uvl,12,12,35687369,true,1508317,21307623,6830653,3556683,53713,1935693
14,../model_20150309_1129343473.uvl,33,38,50345311,true,3342383,32320517,6076104,3798232,111497,4117853
1,../model_20110919_127780100.uvl,37,27,81945227,true,1613101,59435625,6804178,4088129,200827,9211769
10,../model_20140403_1254324003.uvl,28,27,63516664,true,1785782,42247728,7259961,5107560,155222,6395848
13,../model_20140427_1594857347.uvl,19,21,41608190,true,1655387,24784589,7401270,4027892,95219,3175313
8,../model_20190920_579117949.uvl,13,17,35134397,true,1533026,23636788,4001721,3494258,67457,1987080
0,../model_20200621_929471783.uvl,11,11,39259166,true,1513253,22915305,6315831,5142085,87382,2898322
6,../model_20180729_778045288.uvl,31,34,51343013,true,2004235,32730392,6354690,4417508,114473,5147739
15,../model_20170926_289427240.uvl,11,8,44017934,true,1466117,24881511,8722844,5918438,63537,2550072
3,../model_20200901_164722413.uvl,11,10,36765255,true,1603257,21601171,7497311,3848125,43772,1823230
5,../model_20150419_1225785874.uvl,11,9,38897250,true,1460411,25685103,6180301,3565517,42806,1604157
2,../model_20190513_110684557.uvl,10,10,55201219,true,1622792,35745208,8619128,5825376,85622,2853434
9,../model_20160225_2040495200.uvl,50,29,68752887,true,2048118,49205430,6931314,3878966,123977,5832343
14,../model_20170504_370000031.uvl,36,37,50336565,true,1733826,33215427,6213706,3686856,113413,4791022
13,../model_20120722_2065280700.uvl,13,9,56753173,true,1447097,36357094,9230309,5930062,77816,3269586
10,../model_20180222_524224426.uvl,26,14,69796839,true,1612872,45008659,10080922,6201545,117329,6037289
1,../model_20190917_659690280.uvl,12,12,87359999,true,1515618,35977280,40067148,6369046,87740,2923265
6,../model_20190108_414883666.uvl,17,17,33470927,true,1550317,20404290,5385664,3656912,57832,2023248
3,../model_20140530_1262796172.uvl,10,9,36941806,true,1593368,24131220,6048941,3464821,41671,1312745
15,../model_20130916_667715515.uvl,16,16,44401827,true,1508483,27904378,6496909,5339834,94079,2545088
11,../model_20170219_358603289.uvl,62,62,69516347,true,2972193,39312469,12373165,5113609,232722,8011845
0,../model_20130916_156611854.uvl,17,15,44672030,true,1601152,25695298,8830640,4684460,83558,3305683
12,../model_20230323_642188361.uvl,23,22,78650194,true,1662191,58596996,8993785,4512425,88280,4125587
7,../model_20141129_264528063.uvl,13,14,49251524,true,1702072,27999023,9277008,6271396,103524,3372056
5,../model_20161124_135805624.uvl,37,37,60011438,true,1825887,40320444,6946136,4606369,122664,5364435
2,../fame_dbms_fm.uvl,21,16,57157441,true,1739155,37676172,7994667,5403369,111843,3624915
13,../model_20150427_2103265175.uvl,56,54,56819895,true,1758467,34678360,7263043,4433034,184224,7415214
10,../model_20130116_1542765516.uvl,10,9,49418553,true,1579246,30760951,8715584,5531397,67095,2353096
1,../model_20171005_661289758.uvl,10,10,40024829,true,1479524,26071230,5689353,4318443,65876,2008027
15,../model_20131112_356575914.uvl,20,15,34181749,true,1518375,20261864,5860422,3763026,54228,2309647
12,../model_20110310_1849309646.uvl,23,20,38104068,true,1632820,22620841,6626424,3719313,71535,2929694
2,../model_20130311_1184229274.uvl,11,11,32883100,true,1411596,18221457,7129697,4203250,45710,1469522
0,../model_20160504_18344306.uvl,13,14,63543252,true,1551369,49818134,6067381,3491938,54025,2170247
7,../model_20180304_1150769979.uvl,48,38,81140577,true,1800544,46752062,11133550,7043631,403711,12823595
5,../model_20110823_553386338.uvl,21,21,80418749,true,1538674,64583725,5117428,4759116,111163,3823136
4,../REAL-FM-4.uvl,290,310,237612597,true,9602150,167607512,13889847,8419169,1319914,33463284
13,../model_20180611_1140870617.uvl,10,13,52954375,true,1355562,35276682,6988965,5934682,97449,2903108
10,../model_20190916_779041735.uvl,41,23,59545656,true,2956155,35612182,8069571,5143498,94060,6873605
1,../model_20161123_1530983999.uvl,36,36,52000252,true,3050849,32866051,4866277,4700323,158638,5566380
12,../model_20190510_1232864614.uvl,12,9,35848232,true,1596166,18710458,7478235,5689527,58831,1965012
15,../model_20170703_1893075315.uvl,20,16,35639427,true,1396761,21269675,6251029,3642469,65251,2564247
8,../model_20141129_1168519534.uvl,12,12,38047331,true,1741042,24268343,6291999,3484667,56308,1747308
2,../model_20200816_33425673.uvl,39,33,66522057,true,1595139,38959379,9636668,6539658,204213,8642457
7,../model_20160229_490224198.uvl,49,39,61864726,true,1693517,39265641,7615987,3891746,140872,8162164
0,../model_20181016_583005690.uvl,32,34,60627361,true,1902181,41461120,8516967,4045702,115249,3990981
5,../model_20201002_1982652571.uvl,15,15,52568160,true,1628257,33724068,7090976,5768373,89005,3655712
9,../model_20140326_183546394.uvl,11,11,51303025,true,1703864,33228219,7174775,6057367,77328,2592668
4,../model_20101024_1938793748.uvl,29,32,49104899,true,1742292,30297236,7958675,4770526,108144,3503014
13,../model_20170919_414938854.uvl,47,35,75209303,true,1765042,42401624,10800546,6904801,232131,11867854
10,../model_20100213_206550190.uvl,38,33,83207206,true,1726302,57108244,10640925,6479754,213071,6032223
1,../model_20221031_340330235.uvl,35,35,63084284,true,2101798,41997794,8982794,4644183,103208,4392127
14,../model_20170311_1316290182.uvl,48,48,114404373,true,2153310,78040645,11085758,7127277,460522,14354375
12,../model_20140503_2024413965.uvl,16,14,55347308,true,1613261,35450171,8759190,5654443,94873,3228070
15,../model_20190916_1777637747.uvl,10,10,50883939,true,1524362,33036110,7243651,6212234,75161,2385718
8,../model_20190913_1052617154.uvl,21,21,50022700,true,1905422,35820637,5546788,3554025,64635,2635258
6,../model_20230322_928718925.uvl,20,16,49214076,true,1910836,34240917,5756452,3710124,107998,2997101
0,../model_20140905_2124104947.uvl,10,9,33590215,true,1551833,20540011,6287645,3500646,37988,1249124
11,../model_20161122_1255346120.uvl,15,10,45108030,true,1622212,24181901,9136100,6227214,85859,3323579
3,../model_20190922_267709941.uvl,35,35,55792530,true,3687684,34822084,6768851,4360428,105862,5210434
5,../model_20221017_1844403757.uvl,10,10,37156448,true,1580553,25389051,4257938,4149567,40733,1310282
2,../model_20150425_1862491910.uvl,80,77,108453708,true,2408271,76222916,7324414,4656161,390094,16403512
1,../model_20190514_850677966.uvl,25,29,45067677,true,1807772,30318268,5593441,3485426,89863,3280814
13,../model_20170821_2117231347.uvl,28,42,59871438,true,1700389,42254777,6053955,3984430,227358,5145165
14,../model_20140209_738203734.uvl,51,55,69857095,true,2033397,47073662,6517416,4332088,184036,8939109
6,../model_20160606_235281629.uvl,13,13,33143547,true,4568957,18580575,4362652,3565363,46532,1611236
8,../model_20140423_1890396897.uvl,36,31,52123453,true,1782644,35517364,5816863,3721467,107848,4255224
0,../model_20170316_1293936491.uvl,48,53,54453578,true,1527807,36853543,5005104,4160373,177484,6032649
15,../model_20180214_1066016479.uvl,96,79,90448053,true,2364767,60364439,8798120,4793270,346540,12653863
3,../model_20110712_1373520081.uvl,66,61,57012181,true,1708878,36446385,6424692,4256859,163443,7207256
11,../model_20160304_165509543.uvl,43,42,50242357,true,3434155,30673318,5964737,3814407,154509,5467589
5,../model_20130731_2029107317.uvl,76,68,61746440,true,3732401,38796233,6256498,4083100,164758,7835668
7,../model_20101109_1698100628.uvl,15,15,29865607,true,1964686,17990816,4611110,3133885,46167,1780084
9,../model_20141129_1031364.uvl,12,14,29948046,true,3097012,16750900,4859892,3341694,55849,1523951
4,../model_20100321_1548012375.uvl,18,18,50121627,true,1504547,39105730,3743542,3420924,51727,1867039
10,../model_20160519_1846923063.uvl,39,50,59483280,true,1727675,41489108,6057067,3536803,158819,5861305
12,../model_20131202_1775789712.uvl,50,50,46439109,true,2333937,28663445,5258434,3829803,118426,5368908
