index,filename,n_features,n_constraints,execution_time,result,clif_gen_time,clif_ast_time,bridge_solve_time,code_gen_time,generic_csp_model_time,concrete_csp_model_time
4,../model_20140503_110898123.uvl,16,16,33035868,true,1479249,19720030,5729531,3621573,81074,2026417
12,../model_20140428_1043688075.uvl,56,55,52441485,true,1633473,31664659,7216778,4446021,164649,6535025
13,../model_20140421_782765396.uvl,19,19,35018736,true,1410090,19985340,6987786,3693000,60828,2435964
5,../model_20150414_2125272166.uvl,21,24,43731278,true,1521108,28264175,6754293,3635444,83925,3009643
0,../REAL-FM-15.uvl,25,21,43616969,true,1725568,23977658,9575262,4204341,99751,3455628
1,../model_20131112_832913408.uvl,17,17,41382348,true,1767902,23102372,8885036,4645581,59853,2349532
10,../model_20160905_774306083.uvl,14,14,44643459,true,1451814,23635567,9437736,6069281,97673,3376240
6,../model_20180513_39795521.uvl,22,22,42146058,true,1510006,26313965,5915866,5006973,124988,2780004
8,../model_20160921_24535453.uvl,29,28,56649104,true,1592919,35939571,8208855,5568850,168740,4658578
11,../model_20230322_492815120.uvl,41,32,57370233,true,1813408,32799414,9366060,5955861,175770,6349273
9,../model_20180612_712325117.uvl,15,15,87317787,true,1592577,71451338,6328003,4686807,50342,2727507
4,../model_20100308_1355834007.uvl,20,18,42825658,true,1622008,29875042,5194381,3287947,59852,2408409
12,../model_20160919_1142576711.uvl,20,20,31451686,true,1445444,19558679,4244846,3426383,62004,2289229
13,../model_20170320_1505333083.uvl,47,25,53489735,true,3735822,30114189,7349058,4743275,100710,6741822
0,../model_20150527_2051574410.uvl,28,21,41652736,true,1728862,25628002,6538425,3710001,86875,3373172
1,../cfdp_library_fm.uvl,13,18,38965585,true,1673708,25322615,5729116,3669624,71391,2061034
5,../model_20110826_1574631601.uvl,52,56,59910745,true,1918738,38518510,6548977,4914620,185013,7001384
8,../model_20141129_1141626102.uvl,12,12,35454554,true,1445330,22778660,5006582,3579220,76412,2182583
9,../model_20181024_611767532.uvl,13,14,51094954,true,1375894,34803164,8747916,3648362,64069,1984398
6,../model_20100106_985255768.uvl,20,11,63556088,true,3061791,38195034,10815443,6061949,107023,4745113
11,../model_20200403_1474941211.uvl,14,12,57416444,true,1513284,35312582,10926308,5898226,87640,3147122
10,../model_20160527_1098137653.uvl,20,20,48142368,true,1547575,28534105,8847123,4491950,69344,4140432
12,../model_20121018_880874071.uvl,16,15,59023799,true,3451144,36274533,8905526,5963996,97884,3763267
4,../model_20140423_969548559.uvl,49,48,73923390,true,1859353,51390851,7095763,6025773,156237,6537231
0,../model_20150621_2090653675.uvl,20,18,61784865,true,2683442,39792981,7759871,6217269,121566,4671412
13,../model_20150120_214372699.uvl,40,39,61898813,true,1909493,37665457,7408883,6476243,214052,7599982
9,../model_20180514_1722608288.uvl,27,27,54477376,true,1545602,36332440,5461437,6355257,157678,4121765
8,../model_20190917_595353381.uvl,13,12,58185452,true,1536336,39121269,7508387,6317948,96047,3236531
5,../model_20170926_1539445221.uvl,14,12,42147509,true,1813214,26148634,7805217,3819852,64426,1989587
10,../model_20110926_608554224.uvl,30,32,64848332,true,1587751,42515243,9343034,4693636,237201,5569551
6,../model_20190917_1882445879.uvl,16,12,48961090,true,1569125,31452223,7201300,5317423,91725,2931117
7,../model_20091109_376438407.uvl,22,21,64123672,true,1835445,40886306,9255446,6078259,129404,5232072
2,../model_20131112_1592384504.uvl,32,32,67543593,true,1932347,41169235,9463575,6442773,184587,7135812
3,../model_20180913_1045465294.uvl,10,6,47880243,true,1633523,30317425,7361129,5796634,54900,2261509
14,../model_20110826_819334011.uvl,24,24,47644561,true,1673874,30827324,7233570,4183937,82208,2994631
15,../model_20121214_211817376.uvl,14,14,51333595,true,1677189,29814319,9411871,6135252,103765,3632771
12,../model_20121018_1578042435.uvl,17,15,57437098,true,1678180,36245099,9050097,5942822,95163,3879572
0,../model_20130529_51708559.uvl,16,17,58279692,true,1732028,36560834,8802630,6037446,118526,4041412
13,../model_20190915_1647283170.uvl,10,10,36957897,true,1672950,24621877,5781633,3266722,41360,1203241
9,../model_20131202_1494824194.uvl,34,34,52288772,true,1621573,31411051,6330125,5610929,101493,6676774
10,../model_20120328_573707444.uvl,34,27,51038055,true,1790411,31280691,6688414,4210333,839048,5541142
2,../model_20140227_661956564.uvl,47,43,66754837,true,3224347,47103524,6313796,3997064,123470,5314858
7,../model_20120229_1103715736.uvl,14,13,37672477,true,1584866,21712858,7246081,4584453,48316,1967799
6,../model_20180512_316263333.uvl,41,36,76183267,true,4029191,49219360,8571239,4710140,206818,8626157
15,../model_20120515_1862354569.uvl,15,15,55833615,true,1685260,35630716,8208762,5800112,103736,3857570
3,../model_20170706_1588900401.uvl,30,26,61203388,true,2324755,42370063,5918084,3512796,86737,3653102
8,../model_20110516_1331478109.uvl,88,145,147948631,true,2929197,109596796,8738545,8383512,648939,16564407
5,../model_20101112_864228137.uvl,137,138,122697287,true,2997767,83009911,9623477,6409798,407517,18126017
14,../model_20221013_1054303307.uvl,66,56,93287105,true,2191660,69165455,7943911,4399914,181845,8110403
11,../model_20130908_1070185514.uvl,366,528,551701199,true,14486043,398951722,24536656,20378689,2158444,86960617
0,../model_20150505_1728564449.uvl,13,12,34644486,true,1500507,21754967,5706335,3579266,41928,1734210
9,../model_20160531_990808801.uvl,14,13,33328571,true,3341696,18971944,5150944,3218900,79543,2172503
10,../model_20140630_1564361664.uvl,10,5,31438814,true,1643158,19286977,5624083,3316410,31782,1191661
1,../model_20221208_1116778716.uvl,22,15,43328433,true,1702040,22978606,9272238,5809218,77981,2790711
2,../model_20110525_928187171.uvl,14,14,32087042,true,1821718,19521638,4082322,3566448,79390,2652554
7,../model_20150309_670536624.uvl,22,28,63888769,true,1575169,45888736,5655753,4076199,159989,5903231
8,../model_20221010_1477134717.uvl,51,44,53918719,true,2102438,34860063,6277611,4115431,122355,5688246
5,../model_20131122_1083650489.uvl,15,15,59566171,true,1544714,47749249,4337779,3628562,50156,1841436
11,../model_20190117_1837815772.uvl,14,12,49760067,true,1377915,34335862,6575294,3875419,93251,3149980
14,../model_20230322_572568226.uvl,51,36,55336959,true,1702288,36207681,6634232,4087533,122973,5841931
4,../model_20170809_1734454576.uvl,15,14,34365108,true,1772570,19704356,7055619,3438713,47981,1925267
10,../model_20130529_1165512118.uvl,10,10,30999161,true,1575570,17543548,6774656,3525250,38671,1178131
9,../model_20201007_667063467.uvl,72,63,64491340,true,2110532,39938810,8529745,4344277,236935,8280060
1,../model_20180306_1851656621.uvl,49,41,70000068,true,1731451,48040023,7512843,4461526,154417,7322184
7,../model_20130916_882364260.uvl,15,17,57944771,true,1460360,37333207,8533820,6004598,114189,3935631
2,../model_20141202_107430422.uvl,36,30,96003182,true,1782141,79395435,5999989,3726603,92593,4368202
8,../model_20140424_1672030888.uvl,65,45,78029925,true,1819425,54331249,7692568,4325085,198065,8851305
5,../model_20230615_784426434.uvl,14,13,35178250,true,1282766,20443677,6182491,4070699,73940,2770468
11,../model_20190922_230985682.uvl,21,32,50682682,true,1557851,30266619,7662670,6228560,99193,4188022
14,../model_20100412_337845737.uvl,10,10,29419181,true,1544160,17636757,4012264,4429013,36640,1460671
9,../model_20130917_1805517149.uvl,13,15,39640435,true,1489849,24095262,7201366,3748831,64117,2708399
10,../model_20190413_1966613868.uvl,42,18,62965496,true,1803578,43672407,7211341,3654879,156472,5787086
1,../model_20170206_852070049.uvl,13,10,57503835,true,1609770,37715630,8327489,5926593,83678,3361715
12,../model_20140410_1905141388.uvl,11,20,99536646,true,3618411,36577114,8697138,5966660,40251165,3976506
7,../model_20170510_174347414.uvl,15,13,51888276,true,1684706,36473534,5894905,4065568,88369,3176411
2,../model_20140319_1506613330.uvl,16,12,53716714,true,1656340,38327169,6140260,3755691,89029,3238767
13,../model_20141212_523199394.uvl,15,13,77239715,true,1897822,61564561,6171249,5057684,81907,2026462
15,../model_20140408_1553357169.uvl,11,15,39207391,true,1679277,26191902,5218388,3535436,66842,2193380
8,../model_20150720_1580995178.uvl,22,24,48884574,true,1568989,32496573,7042819,4047715,233826,3051482
6,../model_20160721_972954567.uvl,10,9,45197316,true,1671239,27401912,9203669,4395807,69762,2016490
3,../model_20120113_1950870026.uvl,10,10,51258242,true,3599270,31187549,6120023,5752206,80197,4144531
5,../model_20170315_692595151.uvl,23,18,42771654,true,1533080,25434098,7460329,4156092,132108,3366534
11,../model_20180611_1112345807.uvl,10,13,48910164,true,1579558,30827275,7076901,6026611,95766,2865139
9,../model_20200819_795623217.uvl,26,17,46309855,true,3976748,28207522,6156035,3909349,63412,3485397
0,../model_20160329_925786350.uvl,31,29,38847563,true,1705101,24066592,5639460,3484255,79701,3383305
1,../model_20100529_1010171189.uvl,22,15,37417862,true,1559958,22227491,6319993,4084094,58903,2661474
12,../model_20170301_235251685.uvl,14,13,33415305,true,1554480,19856162,6178221,3469065,59724,1835952
2,../model_20170322_711096381.uvl,10,10,37454240,true,1414199,19920585,7241070,5997407,70637,2374563
7,../model_20140321_1655023261.uvl,14,14,39831999,true,1548332,26993881,4226578,4281546,48490,2256587
13,../model_20140209_34267674.uvl,44,41,88528179,true,1765520,67451199,6350873,4065262,343888,7917079
6,../model_20150507_425070085.uvl,44,44,54576478,true,3816313,34335945,6684974,3992465,122098,4910783
3,../model_20141111_2120296387.uvl,51,18,48412120,true,1937570,29838581,6240316,3570791,88949,5870757
11,../model_20101119_1472596180.uvl,25,26,54631356,true,1665772,35032327,8363181,5678264,84706,3232198
5,../model_20140423_813378270.uvl,48,44,89372712,true,1837809,60033941,8030667,7066237,255318,11383859
9,../model_20180815_1120231956.uvl,26,33,45340551,true,1356962,27355381,7125759,4337125,197751,4463451
0,../model_20191119_1702487696.uvl,24,24,56544998,true,3419151,38127906,6637673,4383981,139647,3229187
1,../model_20190917_383002664.uvl,43,24,57325751,true,1747467,38621402,7071558,3846787,94927,5190753
2,../model_20161018_1395239714.uvl,11,11,37594758,true,1475019,26631971,4552000,3321967,49435,1266358
4,../model_20140320_391816142.uvl,11,11,36864179,true,3000039,24008662,4819825,3274165,57690,1371604
12,../model_20190914_1323674619.uvl,61,57,70387835,true,3800210,42892986,9351154,4833281,153597,8125295
7,../model_20160311_1359424486.uvl,50,50,64102233,true,1944653,44093013,7483898,4159462,153659,5608646
13,../model_20160330_149443721.uvl,30,43,72792494,true,1844449,52327907,5949584,4023134,269427,7876105
6,../model_20180512_733862721.uvl,23,22,53418779,true,1809004,30258315,8981003,5966959,141967,5596367
3,../model_20160420_474055968.uvl,96,69,92415397,true,2247244,62737719,8911003,5145100,309083,11482644
11,../model_20170814_699386305.uvl,12,12,55159571,true,1588044,35022525,9200228,5942654,79936,2892278
9,../model_20200901_1590540568.uvl,38,33,62342706,true,1750494,39052581,9063629,6087909,196157,5330118
5,../model_20201011_1804341944.uvl,59,59,81693419,true,2107034,56977345,8864308,4825057,203014,7717457
0,../model_20130422_139902368.uvl,40,34,52102764,true,1747820,34245778,6783245,4053249,97454,4495471
14,../model_20141021_386995832.uvl,24,24,48737447,true,3626676,26958056,8504017,4850776,86527,4013189
2,../model_20121018_1701181193.uvl,17,15,52884436,true,3519116,32282534,7899765,5415490,102052,3274590
1,../model_20180306_177892963.uvl,45,37,65277460,true,1823066,43188995,7260689,4213567,141879,7945741
4,../model_20100822_281357717.uvl,15,16,42846852,true,1495008,26150607,7699142,4337515,67665,2648740
10,../model_20150616_314969910.uvl,26,27,59234837,true,1788614,40013268,7157338,5789780,142525,3805423
7,../model_20140524_520707568.uvl,11,9,52920111,true,1573501,33594119,8700823,5904604,71379,2589802
12,../model_20221114_1363146415.uvl,39,43,86682912,true,2730301,55757865,10440316,6728691,260959,9758407
15,../model_20100416_811483774.uvl,16,9,55032987,true,1795722,34874046,8424161,5489656,79541,3658291
6,../model_20131112_1617262618.uvl,30,25,60255500,true,1837234,42871651,6662813,4931809,81537,3296457
3,../model_20141106_687094706.uvl,65,61,84875948,true,2050706,47969016,11234093,7408676,411667,14261678
8,../model_20140301_728202228.uvl,49,45,58854753,true,1991857,38075040,7474797,4366945,234725,5655607
11,../model_20110318_225131257.uvl,15,15,41731453,true,1756631,25023638,6802045,5383303,88777,2301847
9,../model_20160912_772295854.uvl,18,18,57880837,true,1596265,35098775,9847077,6528867,106722,4166261
14,../model_20120328_810464459.uvl,17,17,47815655,true,1568425,30150370,9012906,4489984,56403,2010361
0,../model_20120823_304633016.uvl,16,19,93265598,true,1978592,77877145,6146200,4040423,81422,2731713
4,../model_20180512_143602565.uvl,37,37,55866775,true,1932591,40207580,4488661,4064572,119983,4371453
1,../model_20161209_758532997.uvl,13,5,49695220,true,1627290,32756481,6111461,5310074,59270,3307461
12,../model_20190915_38921055.uvl,10,10,48616496,true,1566959,30322201,8273166,5713150,66231,2248913
7,../model_20230322_1914329788.uvl,32,32,68018395,true,3528062,41677363,8001860,6428561,168430,7296755
10,../model_20170927_2140419024.uvl,87,69,89738382,true,4285840,54851439,8656054,6794592,370121,13687971
15,../model_20171202_671836466.uvl,14,14,40551532,true,3405616,28276621,3600419,3226286,46082,1693579
6,../model_20180305_1565538092.uvl,50,39,98060580,true,1840960,74753717,7150551,4911102,161184,8511663
3,../model_20130916_330769314.uvl,17,18,37752052,true,1652838,24358114,5245132,3940758,60761,2029122
11,../model_20171208_504832504.uvl,10,8,34273968,true,1416937,21400355,6223632,3498233,38484,1371420
8,../model_20140614_1407759983.uvl,29,29,77060178,true,1848925,50237896,10067806,6722590,182415,7179423
14,../model_20120801_1784537083.uvl,12,11,39835759,true,1560320,21206353,8104448,5136130,42090,3313796
9,../model_20141029_1924517902.uvl,53,53,75693436,true,1940853,49900912,8467700,5110726,1643888,7766695
0,../model_20230322_61558144.uvl,16,16,41220031,true,1594690,21421590,9030838,6009780,66163,2605894
4,../model_20130305_522520932.uvl,16,14,42672479,true,1507548,28676171,5845162,3671971,63061,2410549
1,../model_20140728_1532422166.uvl,23,37,83923202,true,1830152,63431365,6154007,3789918,243417,7978781
12,../model_20140430_1345238885.uvl,17,17,57655361,true,1596372,36588837,8845705,6024397,107569,3895972
7,../model_20150616_1287606127.uvl,22,21,60519318,true,3643677,38697874,9271299,5053400,106657,3117442
10,../model_20190825_1083955002.uvl,12,10,42885139,true,1377852,28756735,6509731,4290991,54589,1570045
13,../model_20110519_503436691.uvl,11,10,36966595,true,1696004,23952510,5820336,3803460,44249,1307290
3,../model_20130818_278315719.uvl,10,10,43935355,true,3608903,26682174,7920727,3783927,69778,1447304
6,../model_20160311_358715911.uvl,26,26,58876596,true,1717435,39883703,6426848,5108547,245713,4951891
15,../model_20161101_1287284082.uvl,50,37,93851664,true,1974509,60769946,11672143,6929812,262890,11105499
11,../model_20130716_384525556.uvl,17,12,52309676,true,1566685,34101132,8625122,3922781,91533,3478300
14,../model_20150515_2045521211.uvl,25,26,57722395,true,1696380,42129828,6377481,4044541,88835,2918147
8,../model_20180913_872907572.uvl,15,15,40679714,true,1616627,25130643,5429310,4749628,85210,3125726
0,../model_20160329_736279509.uvl,14,14,32676927,true,1658896,19027799,4476543,3881817,51138,2822156
5,../model_20140223_789634838.uvl,26,19,57919573,true,1808838,37641233,8939349,4757018,80425,4108542
9,../model_20180708_1907991672.uvl,24,30,63032192,true,1812358,41358242,8386293,6138939,269790,4588987
4,../model_20120328_1357539597.uvl,18,17,62805376,true,1761608,40427319,9282958,6220980,121382,4389108
2,../model_20151106_857588743.uvl,21,25,55961391,true,1806284,36508438,7175546,5392400,132163,4508721
10,../model_20130821_361829065.uvl,30,30,49312203,true,1946874,35001948,4437537,3840884,84955,3462845
12,../model_20230322_729074756.uvl,29,23,38423801,true,1773049,22775882,6214943,3610107,75435,3414071
13,../model_20170607_1389753102.uvl,13,14,34157520,true,1588713,20966804,5669585,3800416,56515,1676084
3,../model_20171108_1643056811.uvl,12,6,33468182,true,3548274,17801492,5567659,3405526,48371,2711556
11,../REAL-FM-12.uvl,14,14,41020604,true,1717644,24159998,7011691,4725540,54019,2830959
6,../model_20140615_1755551630.uvl,24,22,62935091,true,1878715,39448002,9173026,6028013,135958,5515473
15,../model_20160721_1827988269.uvl,19,24,59716086,true,1572992,36520541,9414493,6423241,156084,5047599
8,../model_20111220_1184087779.uvl,15,9,43844040,true,1591114,31152326,5492147,3368147,50618,1840097
9,../model_20130117_2075912065.uvl,13,14,32980232,true,2643245,20205764,4009911,3697849,59644,1964886
5,../model_20110329_10104623.uvl,41,35,51330884,true,1830265,32251394,7230790,4071218,113113,5079011
2,../model_20130916_1448418245.uvl,14,16,40606158,true,1679368,27994266,5332531,3487516,57636,1715661
4,../model_20141129_1642511009.uvl,34,37,61681360,true,1760231,40835330,7914009,3968112,129602,6442947
12,../model_20110725_452580960.uvl,34,30,59379664,true,1981141,41727411,6068745,3922301,107567,4967531
13,../model_20141129_966803644.uvl,12,12,30748800,true,1482825,18799776,5254799,3346956,60081,1473587
3,../model_20200815_1845054862.uvl,39,32,44219841,true,1675697,28011047,5690745,3547865,101937,4533483
15,../model_20160712_1875218337.uvl,11,11,47148490,true,1480892,30196362,7115913,5506842,69125,2368500
6,../model_20111027_668940289.uvl,29,29,49730123,true,1657522,30278870,8044649,4043834,93972,5030306
11,../model_20161118_1167269407.uvl,66,22,80406100,true,2049625,53871534,8235594,4893515,194550,10327399
8,../model_20111214_733452875.uvl,15,15,42320917,true,1466036,28591638,4845113,4522399,88298,2342215
5,../model_20120529_2101702978.uvl,35,46,98479729,true,1927637,70534163,7194680,6272553,287973,11486202
2,../model_20110406_1047532859.uvl,29,28,51995034,true,1561978,31455131,7745888,5019205,167955,5549252
12,../model_20140605_572628146.uvl,11,11,35717576,true,1480096,24840095,4052943,3748152,39441,1265002
9,../model_20190223_1159148955.uvl,103,70,147173759,true,5457673,108801729,10332618,5459175,441782,15324742
13,../model_20171109_1740328562.uvl,21,25,57149825,true,1629436,40406529,7168245,3578490,189788,3727146
1,../model_20130426_1685243628.uvl,16,15,50318540,true,1809316,35934754,6138646,3963762,53960,2018123
7,../model_20140403_1425048263.uvl,12,12,37479405,true,1726933,23957250,5431421,3909576,79120,2028569
3,../model_20120915_487659597.uvl,20,17,40748894,true,1804083,25921021,5925198,3587231,74693,2795724
6,../model_20140409_1370428339.uvl,24,28,77289481,true,3581038,52411597,7554882,6173942,316846,6755882
11,../model_20161003_680973994.uvl,53,58,79700369,true,1919546,48421503,10305485,6736758,415510,10778011
15,../model_20170310_2069806245.uvl,49,36,106195600,true,1942166,71138329,11334907,7305539,360691,13083930
8,../model_20170514_1578942718.uvl,40,44,116954708,false,1891788,96778986,3288358,5134412,240607,9419964
4,../model_20221031_379205114.uvl,158,208,318096851,false,4640600,238521235,10761239,11988812,825430,51059504
14,../model_20121026_334751192.uvl,28,28,48022050,true,1955123,30342320,7727507,4146893,78080,3212588
5,../model_20140306_1607259562.uvl,43,49,59382428,true,1957547,35260596,10644156,4803889,198541,5412875
0,../model_20140613_2054294739.uvl,10,11,42360902,true,1772048,27776511,6850619,3679640,79793,1802808
9,../model_20170925_1698983864.uvl,19,19,53766039,true,1644314,35665398,6123431,6545402,60053,3268864
2,../model_20181029_2093756359.uvl,18,18,113045397,true,1648216,90330201,9146529,6378431,120100,4860748
7,../model_20150624_1191374126.uvl,13,12,54569307,true,1740429,35596092,7578198,5972952,99232,3168317
10,../model_20140823_1972464026.uvl,35,38,43897938,true,2005164,27532898,5606399,3727494,161846,4204049
6,../model_20180930_1153905679.uvl,27,27,48706933,true,1672616,28787926,7282620,5769985,79008,4405057
15,../model_20110328_1177934440.uvl,18,20,46733897,true,1711110,26108943,9376302,5719738,115256,3106155
11,../model_20200810_956997411.uvl,39,36,70016203,true,1853531,52348845,6407700,3847850,217216,4727409
4,../model_20160330_469153666.uvl,13,13,30175652,true,1479717,17384768,4383807,4881698,42422,1668317
14,../model_20230322_1299985155.uvl,31,20,46844980,true,1529517,31254260,5987165,3870408,77924,3597027
9,../model_20150109_425963323.uvl,37,23,53406755,true,1744254,34884327,6066938,3933222,139433,5933117
2,../model_20091205_755658379.uvl,94,71,77413389,true,2475865,50611998,7737942,4524752,302487,10650396
10,../model_20180512_419383167.uvl,36,38,41963231,true,1647834,26779562,4745601,3680899,127213,4429868
6,../model_20200815_582760962.uvl,29,23,44077047,true,1698602,27384484,6458336,4096753,77818,3767898
11,../model_20170528_1427439246.uvl,10,11,37855595,true,1587736,21794976,6638665,5030801,81097,2387426
15,../model_20130529_1162054266.uvl,16,16,47521473,true,1660714,32735451,6896424,3856802,55461,1912396
4,../model_20170919_1393589103.uvl,48,45,72888328,true,2035707,50210167,7171619,4986942,171364,7621921
14,../model_20160531_486171149.uvl,35,35,95150913,true,3521474,67809931,6516567,5637461,267358,10818163
9,../model_20150625_1923523971.uvl,16,13,57494775,true,1526598,36514460,9294937,5997146,100104,3537740
7,../model_20170221_1848353506.uvl,210,161,201042626,true,5483909,129505813,20964493,9603329,824136,30249568
13,../aircraft_fm.uvl,13,12,38624105,true,1708587,23003854,7251834,3713729,83112,2428236
12,../model_20170918_446567907.uvl,48,37,79210388,true,3480701,52679935,7751389,5279476,150734,8963257
10,../model_20110809_1799855518.uvl,25,13,45847329,true,1655612,29518667,7329873,3971195,63499,2847382
6,../model_20181205_2097248492.uvl,19,24,47201763,true,1743414,30603031,7185604,4138857,89186,2921763
1,../model_20160621_993334585.uvl,26,24,65052597,true,1816502,39836702,9728782,6422231,271669,5955284
15,../model_20171129_847069382.uvl,35,32,70567132,true,1642514,43025390,10610888,6694623,178444,7549173
11,../REAL-FM-18.uvl,44,47,90767799,true,3425168,59614334,8396032,7004567,279553,11334110
2,../model_20170919_303553909.uvl,49,55,118398529,true,2115957,86297560,9259464,6132163,404958,13461027
4,../model_20150612_1719519345.uvl,14,12,44612657,true,1656412,32031814,5265086,3592895,45037,1621801
8,../model_20230322_1194175451.uvl,34,25,49714968,true,1684398,32708500,5998616,4491580,83391,4193339
0,../stack_fm.uvl,17,13,52560785,true,1696116,36559912,5744697,4247628,93298,3804001
5,../model_20130105_1019508207.uvl,24,27,72256074,true,1702691,47475113,9880487,6380597,166789,5938603
7,../model_20170228_2078125436.uvl,34,26,66026765,true,1828419,46296282,7766070,4557536,227695,4760506
9,../model_20160531_1105256806.uvl,25,30,72492765,true,1773045,50449320,9420909,4776149,224585,5172958
1,../model_20141023_1600573567.uvl,20,20,47538731,true,1664659,33699842,5892617,3466410,66746,2308686
6,../model_20120130_333619036.uvl,31,27,58479711,true,1807761,41582458,6653605,4057325,105433,3648688
11,../model_20160429_2024552354.uvl,12,12,44533143,true,1707704,24697617,8651410,5864727,87967,3029396
15,../model_20230322_774285627.uvl,15,12,67487333,true,1629289,53127837,6581290,3858066,45163,1768954
2,../model_20160426_744600320.uvl,21,20,53029570,true,1637848,33902685,8400932,4776299,107938,3609783
4,../model_20190805_1041162508.uvl,23,13,57576611,true,1746387,41684842,5937538,3547818,110215,4079809
8,../model_20130529_2135483929.uvl,16,17,50603215,true,1630914,36668123,6230476,3614233,59701,2027439
5,../model_20161109_258969269.uvl,10,11,33183299,true,1439264,19640952,5663001,3766497,46603,2319892
0,../model_20160125_59009200.uvl,37,35,51227671,true,1502124,30517253,8442418,4253365,186820,5385554
7,../model_20230613_1168762973.uvl,11,7,45157462,true,1483079,29126288,7423676,4585408,39792,2079665
9,../model_20170313_143405764.uvl,48,46,99794378,true,1933067,76038233,7001184,5984263,234577,7847322
15,../model_20120806_904481092.uvl,17,16,35762565,true,2944032,19935200,6614951,3721938,58284,2057835
11,../model_20150529_550903687.uvl,21,20,55946879,true,1546006,32886291,9417794,6047515,136804,5242548
2,../model_20230322_1887635433.uvl,32,32,44121598,true,1576108,29486820,4801552,3812365,91062,3798274
4,../model_20180911_126281571.uvl,10,10,54081055,true,1601867,33489766,8405845,5791422,89520,4247301
8,../REAL-FM-14.uvl,18,16,39086323,true,1546205,25277814,5972458,3754011,59403,2045946
0,../model_20130422_1348727660.uvl,19,16,58665551,true,1572682,36992480,9113478,5908754,108138,4379528
5,../model_20160309_77134368.uvl,18,17,40793559,true,1507412,26103210,6671031,3692950,60756,2268398
14,../model_20100607_746327867.uvl,20,15,44188270,true,1856020,26621977,7341865,4063214,97157,3739992
7,../model_20160926_106687243.uvl,57,52,60963651,true,1710481,36624923,7464011,4936000,183585,9031003
9,../model_20121213_681234650.uvl,33,33,43816414,true,1736639,26834731,6219513,4365924,93353,3824298
13,../model_20170215_1976164448.uvl,35,20,57910309,true,1799570,37975174,8122154,4415384,97259,4955035
12,../model_20150301_1821356180.uvl,28,33,52625277,true,1957553,36629435,5914667,3592221,105481,3857142
10,../model_20170512_1532934104.uvl,24,24,49060697,true,1852238,34318968,5885390,3501477,73929,2926155
11,../model_20131202_715513367.uvl,22,22,46476577,true,1542487,32948538,4453833,3579841,66600,3455869
2,../model_20170404_1821671055.uvl,13,14,57257148,true,3113192,35907220,8237125,6005978,105620,3402155
8,../model_20130908_1057721135.uvl,14,14,31941832,true,1519726,20306085,4638690,3197502,44299,1863330
0,../model_20181103_2077285196.uvl,11,11,31371195,true,1546174,18254747,5738479,3545960,48848,1572720
3,../model_20190904_400441788.uvl,625,500,499205388,true,26134460,329649021,26326342,14658752,1839244,93108303
9,../model_20160330_1233914245.uvl,12,13,48692037,true,1737643,28627922,8641953,5915996,101565,3188136
7,../model_20190917_1844149588.uvl,49,25,90008366,true,3624293,55804534,11312922,6793042,198358,11038682
14,../model_20170930_228024571.uvl,62,69,100174824,true,2160901,65293158,9878334,7100110,529332,14189026
13,../model_20191111_1176325905.uvl,16,14,56062887,true,1602028,35260863,9286156,6392824,90139,2928824
12,../model_20121023_1328975384.uvl,14,14,42507413,true,1512874,24664910,7645937,6024928,94309,2235369
1,../model_20171029_1247758730.uvl,10,9,32495037,true,2880252,19284341,5465611,3280791,38832,1203268
10,../model_20160919_422339066.uvl,50,42,65310523,true,1905446,43232961,7317945,4332988,153780,7585723
11,../model_20200816_1246721801.uvl,18,16,49038652,true,1585870,35238733,5890205,3717856,66715,2104640
2,../model_20131202_533920013.uvl,19,19,45428253,true,1591936,33783133,4035863,3459764,58914,2145112
8,../model_20140101_941325443.uvl,10,10,42124053,true,1527679,29290730,6135168,3628895,37587,1200913
6,../model_20140227_386614568.uvl,75,49,77721920,true,2673015,53814362,6925374,4257584,224067,8866104
0,../model_20140615_1477062295.uvl,33,26,45457554,true,1556173,29226307,6314415,3769535,83203,3963252
9,../model_20180613_78021145.uvl,15,16,33781461,true,1579469,20126923,5837235,3500691,57082,2245836
7,../model_20190921_1186818003.uvl,15,13,50378866,true,1649497,30197644,8873162,5563013,91300,3455252
12,../model_20190513_215044614.uvl,10,9,32587576,true,1479960,19399964,6093742,4011151,37703,1259430
14,../model_20180713_1002093829.uvl,23,17,50601408,true,1771254,33286693,7257798,3969826,79711,3670665
13,../model_20160123_368502373.uvl,10,9,52414300,true,1462397,33236248,8935461,5863700,70574,2423920
10,../model_20130508_1842381745.uvl,16,14,43872946,true,3134717,27230966,5763007,4125376,79073,3093538
11,../model_20131217_806985744.uvl,11,7,42597617,true,1538087,27942571,6537330,4666460,38111,1486234
2,../model_20230322_310895789.uvl,26,26,39661524,true,1610618,25011167,4530032,4227267,87945,3593840
15,../model_20180512_775268148.uvl,24,21,87041122,true,1592313,70836658,6422252,4066852,84132,3543437
8,../model_20131201_820966647.uvl,18,19,61585581,true,3318360,38147969,8801004,6289390,116642,4324966
6,../model_20170627_231083922.uvl,14,14,57455213,true,1571348,36439003,9255485,6127862,94945,3492663
4,../model_20131122_1573422851.uvl,15,13,55274008,true,1701532,34474873,9013019,5997425,92232,3453437
0,../model_20190513_639238065.uvl,10,10,39878006,true,1669884,27395777,5590570,3502675,46730,1271185
7,../model_20200919_469515687.uvl,20,18,34741725,true,1586802,20067520,5621996,3640968,65346,3346683
5,../model_20160329_174305764.uvl,44,49,55393312,true,1704829,34762819,7281158,4549185,177752,6272479
13,../model_20140819_535519547.uvl,13,13,36832691,true,3474114,18713287,7319611,4335797,82497,2432433
14,../model_20110203_2097159983.uvl,18,18,60124613,true,3572564,37374531,7809507,6439476,105779,4199376
12,../model_20180306_1625675392.uvl,48,25,69540642,true,1749891,37396968,11382746,6658739,198022,10973324
10,../model_20160824_2005849052.uvl,21,21,57736424,true,1554909,38058245,8246706,4948796,127998,4202346
11,../model_20120110_139114401.uvl,10,10,56225938,true,1383765,36452673,8952259,5974263,91171,2937808
8,../model_20130122_243381566.uvl,14,14,30884579,true,1486511,20003683,3834477,3519440,46355,1652927
6,../model_20160329_1691896941.uvl,28,38,86929080,true,1643022,68572312,7062369,3968190,216925,4886285
4,../model_20160917_824197127.uvl,14,11,54526430,true,1596908,33898778,9520814,5867357,78029,3099103
15,../model_20161128_2133107865.uvl,68,46,93237403,true,1932531,56718013,11298629,7133658,287489,14928665
0,../model_20121023_356761254.uvl,12,12,49115579,true,1488988,31531926,6565272,5988003,80538,3006060
13,../model_20131122_23346211.uvl,15,13,37858872,true,1755497,24131476,5801066,3971130,52666,1756702
3,../model_20140604_731553244.uvl,14,14,36050039,true,1696377,22761580,5798992,3486147,52208,1872799
14,../model_20160502_1352812691.uvl,38,32,48523374,true,1858079,30151818,6799958,4238313,104877,4695144
10,../model_20170315_1174513943.uvl,18,18,42972513,true,1552635,28610503,6466434,3512818,58522,2248581
11,../model_20141029_1107505375.uvl,12,12,51974146,true,1572977,32030812,8917797,6067279,86629,2828395
12,../model_20141107_377655341.uvl,24,25,85901493,true,30791131,38616602,7583017,4205188,146362,3877092
8,../model_20190619_50728308.uvl,19,19,36916193,true,1697253,22844628,4939058,4567514,59975,2319485
1,../REAL-FM-3.uvl,43,45,111979088,true,3776178,90766396,6519481,4285543,138707,5841222
4,../model_20091015_449909368.uvl,10,10,52191637,true,1521509,32269665,9232970,5972332,79211,2715099
15,../model_20160330_511669656.uvl,15,10,87075614,true,1604089,73011479,6499490,3537701,45022,1972741
6,../model_20131112_605989901.uvl,25,18,59143254,true,1642487,43508243,6796420,3548837,160803,2986482
13,../model_20120202_1596034358.uvl,10,11,30099792,true,1385672,19319714,4334772,3426621,43796,1280181
9,../model_20150521_1423870525.uvl,16,16,37537908,true,1768076,24337465,4535975,3845824,58517,2566941
14,../model_20160329_160417479.uvl,20,17,54603362,true,1596152,37504710,6060508,4341028,108664,4577092
10,../model_20151119_825568988.uvl,19,19,61333035,true,1632736,38815923,9501965,6020171,123941,4576435
11,../model_20180403_1861855205.uvl,14,14,34733365,true,1564544,22032570,4721191,4050627,63433,1897421
12,../model_20190522_227919886.uvl,20,21,51617496,true,1758685,32829296,8129257,4331740,169454,3922245
8,../model_20160508_265400900.uvl,46,52,94322926,true,1911458,63219932,9277818,7175363,355089,11595329
1,../model_20120731_787433291.uvl,43,40,74634345,true,1761808,56345683,6256832,3951129,236142,5337009
2,../model_20180306_1110315637.uvl,39,19,49439613,true,2105392,30131075,7667965,3987804,86972,4726355
15,../model_20130305_204544380.uvl,13,13,56137283,true,1509553,36362089,8468834,5921315,99834,3299107
4,../model_20110222_2078967171.uvl,48,51,83533832,true,1944218,60433085,8350033,4052087,239180,7765131
13,../model_20120109_1808102333.uvl,18,19,54354518,true,3539739,34221568,7664355,4925916,95440,3494683
11,../model_20161101_1188178549.uvl,36,36,56302257,true,1630856,27685507,10639538,6613904,208254,8191303
7,../model_20200811_1911664133.uvl,17,19,45426860,true,1805048,29218783,6805596,3956790,115619,2960443
5,../model_20190916_233719618.uvl,10,10,47750266,true,1462172,31149778,7398719,5274980,67813,2054042
10,../model_20131125_731391866.uvl,18,19,55969536,true,1720464,36652886,8128473,4815501,120554,3932546
12,../model_20130122_1064508817.uvl,12,17,44560190,true,1510704,28314438,6701886,4603567,69481,3025597
14,../model_20190824_1440931285.uvl,104,104,147907753,true,4600790,103614904,9205828,5640590,606693,22644086
1,../model_20120522_87989914.uvl,35,47,77821149,true,1706496,59466584,6272098,4065906,181274,5560173
2,../model_20230228_1021126902.uvl,11,11,31400509,true,1582435,18906690,5163933,3692378,75363,1661507
13,../model_20170517_1986241278.uvl,10,10,42517669,true,1468755,27996896,6533475,3545387,81991,2594424
15,../model_20170916_973590519.uvl,48,39,91673013,true,1655760,66590462,7785121,5291859,345498,9049845
4,../model_20120329_788560154.uvl,55,49,92260326,true,1984934,66360898,10364516,4846606,162234,7422001
11,../model_20131109_2060894287.uvl,14,13,35759608,true,3175144,19375119,7158395,3733495,56817,1896451
7,../model_20131016_1224723724.uvl,11,13,34555646,true,3378008,18759791,5519819,3392118,51506,3084641
3,../model_20180612_1244406232.uvl,33,33,48029515,true,1611315,27889982,9659228,4190535,97031,3690619
5,../model_20130916_2072761889.uvl,15,17,58977930,true,1631047,38113720,8785039,6035590,114347,3755533
12,../model_20160608_755102753.uvl,12,12,87158954,true,1567605,69078081,7163918,5872734,78936,2891778
10,../model_20160315_505457800.uvl,28,28,51319383,true,1757849,28538818,8526106,6698865,80812,4898889
1,../model_20160821_1946133193.uvl,14,14,57686005,true,1482975,38281339,7965633,5928705,98244,3518990
2,../model_20160221_544170906.uvl,11,10,40225608,true,1586431,26888472,5399531,3511003,44512,2423553
0,../model_20170328_1485540940.uvl,451,428,474933458,true,22022344,343143443,20939993,12335093,1877203,69270780
4,../model_20190920_1330526555.uvl,10,10,33808066,true,1380847,17876400,7652783,5154261,44585,1344823
15,../REAL-FM-9.uvl,14,15,44386674,true,1474297,31609029,5458116,3657444,61244,1798816
13,../model_20130324_1541392486.uvl,51,43,85369576,true,1832743,60458427,8970031,4974347,268735,7855809
6,../model_20200810_1487197226.uvl,29,29,56503355,true,1683141,39415570,6265524,4680699,155684,3595980
7,../model_20111025_1408959776.uvl,13,13,39142149,true,3776528,25219476,4319248,3565244,57423,1793038
3,../model_20160411_1158715394.uvl,11,11,58883666,true,2216968,46957439,4097178,3778856,39769,1442862
5,../model_20200128_1154759905.uvl,23,23,48643152,true,1663914,33653319,5860063,3873448,85760,3053653
10,../model_20220910_809454030.uvl,37,39,65256315,true,1862921,40448723,10531145,5816144,137566,5505622
1,../model_20171010_332868283.uvl,12,11,40691726,true,1601916,24031918,8560810,4301014,41124,1659920
12,../model_20190503_1463982406.uvl,41,45,76426363,true,1932383,54820166,8301649,4908904,141272,5648981
8,../model_20191126_842054213.uvl,21,23,49981944,true,1599263,33834223,6809909,4520546,162082,2652249
9,../model_20110704_328391695.uvl,172,145,156475818,true,4529005,92518688,17425207,11386465,766141,26242774
0,../model_20180819_995624779.uvl,14,14,49059913,true,1411107,30790484,8713029,4293702,86400,3329224
4,../model_20161012_1497804026.uvl,13,13,50567920,true,5342522,31485146,4988206,5523640,82090,2744252
15,../model_20200609_1715293706.uvl,12,12,45475469,true,1657680,32494649,5843232,3514376,55394,1560721
13,../model_20171008_377237228.uvl,43,43,72207851,true,1871491,48222744,7955517,5026688,195511,8202837
6,../model_20140225_1829795152.uvl,14,13,35427917,true,1624567,22361943,5453872,3558739,52288,1910739
7,../model_20230322_242202942.uvl,19,19,56769503,true,1632282,36685198,7357107,6275448,110959,4203380
3,../model_20181219_1343761699.uvl,20,14,47038396,true,1466868,31801746,6579066,3858596,81349,2828674
12,../model_20110826_1555954181.uvl,24,24,40151977,true,1562952,27749515,3843469,3560457,69067,2882052
10,../model_20100831_1378118837.uvl,35,32,56489313,true,1894399,38715775,6243329,3993700,125241,4826937
14,../model_20110306_314567479.uvl,14,14,41993661,true,1546354,28995621,5083414,3958460,48599,2006432
8,../model_20130916_1980915056.uvl,15,17,41686962,true,1700404,25190743,6438316,4260307,108723,3571769
0,../model_20131128_2046989275.uvl,15,15,41985565,true,1493802,22814784,7791685,6038581,90977,3269228
9,../model_20121123_388334786.uvl,16,17,42222302,true,1596903,23601681,8964161,4388627,88476,3026720
4,../model_20140428_1127346099.uvl,72,71,82480003,true,2011979,49665609,11995176,7562847,248221,9409145
15,../model_20150429_343028682.uvl,43,39,61775637,true,1881431,39655423,7477949,4228449,116086,7561253
13,../model_20180126_2070362475.uvl,30,25,72433149,true,1786567,46081501,10327457,6524582,153720,6698505
6,../model_20130812_690840910.uvl,30,36,50178206,true,1638872,32250862,7083940,4145826,187839,4081670
7,../model_20150507_1665248699.uvl,15,14,31493215,true,1443559,18131307,5768394,3796068,61889,1895573
3,../model_20150320_593593000.uvl,13,13,34107891,true,1555463,20682675,5852159,3771667,55724,1823502
11,../model_20120328_1667195252.uvl,24,25,44121880,true,1710996,27668318,5860677,5167553,83282,3164959
10,../model_20221025_2010292001.uvl,22,22,43020074,true,1557628,24374681,7879142,5896164,68406,2625891
12,../model_20170310_906013336.uvl,47,33,81308538,true,1981639,51484432,10139553,6100933,296486,10359879
9,../model_20150305_837831991.uvl,39,42,55165654,true,1546209,37333599,6278194,4401773,173635,4839982
2,../model_20160330_1356575467.uvl,10,10,30262850,true,1466311,18543834,4531682,3644969,67386,1709571
4,../model_20131122_1558809462.uvl,26,26,40919297,true,1657597,24394353,6245318,4254610,76500,3739511
13,../model_20161107_2119549052.uvl,12,12,36538782,true,1678362,24697685,4483339,3738749,48838,1507018
6,../model_20120829_1418879889.uvl,10,10,34897243,true,1497691,24188254,4254029,3366385,45629,1228898
15,../model_20161128_844678202.uvl,39,31,76735032,true,1670683,48229292,8460160,6725392,211842,10638789
7,../model_20150223_339293957.uvl,26,25,50149418,true,1718511,29680339,9711160,4042415,87810,4222998
3,../model_20120904_1604580471.uvl,13,8,41117182,true,1566100,23228684,7856161,5125619,62759,2816802
11,../model_20160330_1191432205.uvl,19,19,33844427,true,1505693,21760161,4232274,3609396,61818,2260381
5,../model_20101117_1571856147.uvl,10,10,43702052,true,1627223,31769103,5178835,3238249,66550,1438067
12,../model_20131111_1486670620.uvl,21,18,49572521,true,1712996,32328434,7655088,4694043,100661,2621319
10,../model_20130911_2001583567.uvl,34,24,48209130,true,1498416,29633110,7408290,4446590,105213,4537991
9,../model_20131028_1719041666.uvl,19,19,67258944,true,1525665,54694687,4197442,3737990,70377,2551783
2,../model_20170818_1523700786.uvl,31,31,41889559,true,1759257,26380422,5174854,4073430,155469,3807754
1,../model_20160111_1033692827.uvl,61,58,79365414,true,2252413,55681752,7966738,4102819,217189,8211168
13,../model_20130220_406091727.uvl,43,48,69808128,true,1958980,50887167,6843362,3882901,170587,5352019
6,../model_20180222_1813103418.uvl,26,18,46904780,true,1575758,28434355,6942546,4787315,69932,4417096
15,../model_20180311_1112468126.uvl,29,29,67059887,true,5049528,42267327,7879872,5852494,174227,5099289
7,../model_20180222_1531590612.uvl,18,17,48480122,true,1548741,32331936,8179691,3682431,55757,2091886
3,../model_20160229_1590940306.uvl,50,58,95466592,true,1838790,75679173,6469004,4136718,199551,6493989
5,../model_20160906_881197553.uvl,18,14,54626803,true,1593013,34417009,8609215,5520398,163392,3458546
10,../model_20190919_887233558.uvl,17,17,58324062,true,3438019,35011411,9226005,6044247,103151,3852318
12,../model_20140509_978687642.uvl,10,10,49564333,true,1768661,32347995,6809138,5762464,69534,2377464
11,../model_20230322_1023477919.uvl,73,55,114112013,true,2290568,75829204,11787371,6965823,429748,15348580
2,../model_20141116_913921823.uvl,44,41,84570432,true,1871574,54318748,10153294,6707879,242729,10140313
0,../model_20120122_258977494.uvl,19,19,44816974,true,1717269,28263359,7220680,4033711,79045,2941475
1,../model_20190918_1569717148.uvl,17,17,65492803,true,1820004,50005880,6304964,4823639,54563,2072429
13,../model_20171014_936370428.uvl,10,9,48723847,true,1664611,34535312,5383176,4418472,69496,2325163
8,../model_20160329_1491802197.uvl,20,17,43533922,true,1700459,26915383,7534966,3819928,56743,2913862
14,../model_20230322_2065877531.uvl,26,26,68353893,true,1901307,44033557,8511610,6809077,177517,6137403
15,../model_20140303_1487935744.uvl,23,14,45715169,true,1738912,30718262,6397372,3477133,57176,2744001
6,../model_20170131_61369545.uvl,39,39,79970574,true,1858602,52792271,8721772,6992150,326666,8630915
7,../model_20190916_1591625575.uvl,42,24,83125549,true,1945778,53218151,10531154,6684445,204189,9480219
3,../model_20191115_635910941.uvl,37,28,76003503,true,1742628,49868768,8571913,6764393,174661,8330996
9,../model_20161127_1823059506.uvl,69,257,397527191,true,3820959,333351045,9012972,5841290,2314403,42173555
10,../model_20170320_772300106.uvl,48,48,69404602,true,1852642,50239274,5082728,5923053,132151,5412255
11,../model_20160308_993894457.uvl,10,9,51847311,true,3536555,30741991,8799951,5874961,72479,2385845
2,../model_20121018_1875808662.uvl,16,15,52249985,true,3356222,32668927,6325173,5786917,93154,3564769
0,../model_20171012_404282969.uvl,25,25,51888619,true,1695458,33129507,7797181,4695001,74633,3788338
13,../model_20200619_2057881785.uvl,37,39,72904331,true,3650139,52147727,6968390,3967844,144654,5374311
4,../model_20190917_1679843058.uvl,11,11,53340008,true,3385318,31038126,9630124,6154260,89373,2619258
8,../model_20140614_2029282468.uvl,54,54,109842802,true,1925484,77480864,11169908,7562967,216078,10266114
15,../model_20140326_801743865.uvl,13,19,53525865,true,1733294,37714582,6383232,4139051,165338,3071925
6,../REAL-FM-10.uvl,14,13,38580624,true,1592144,23482508,6604691,4302937,50855,2089992
7,../model_20140629_1128400878.uvl,42,32,55229323,true,3520510,29667481,7354250,6742676,99158,7198612
9,../model_20190624_198695067.uvl,24,24,34157625,true,1561615,21390537,4180941,3706414,73975,2773177
10,../model_20121018_795335675.uvl,16,15,36171610,true,1538393,21964222,6261373,3637154,51013,2240165
11,../model_20140130_912999540.uvl,13,13,54730315,true,3358624,33570515,8086522,5927812,96412,3252324
1,../model_20170321_1774846112.uvl,179,155,184663333,true,5181154,137604906,10485344,6139267,599840,22637523
8,../model_20091129_1734444143.uvl,12,13,31256602,true,1366970,18297133,5603037,3915369,47772,1684511
13,../model_20230322_812446738.uvl,34,23,45016647,true,1549189,27811984,6687107,3814808,87943,4261860
6,../model_20230615_743611401.uvl,24,19,47001852,true,1499821,25647724,8608274,5736752,71056,4858732
0,../REAL-FM-1.uvl,88,72,80077462,true,2357815,47826966,9202476,5924532,319071,13034767
4,../model_20160913_482611615.uvl,48,37,98070903,true,1714697,64549403,10667142,6973592,381420,12405124
15,../model_20141030_1194865372.uvl,48,43,90883281,true,1785204,61074923,9531838,7049186,231732,10310667
7,../model_20151127_885194761.uvl,36,35,75161413,true,3718057,54199441,7276133,4196338,231771,4948443
11,../model_20140410_454790336.uvl,11,22,46078550,true,1537524,32929419,5290055,3421333,81568,2481079
10,../model_20160301_1978418899.uvl,24,32,74043801,true,1638569,49030248,9317099,6455348,200173,6717294
12,../model_20121123_1588832561.uvl,16,15,54015603,true,1712006,34934265,7450124,5786792,91919,3693883
13,../model_20120202_114979109.uvl,22,19,61585109,true,1680578,37088272,10622500,5777445,159641,5333381
8,../model_20150310_1159520762.uvl,35,39,60531855,true,1792653,41199396,7197138,4504933,131528,5090221
6,../model_20160629_1032137585.uvl,16,15,46138678,true,1645301,29711914,7230372,3677477,66544,3437962
0,../model_20110722_419227445.uvl,25,25,59869050,true,1579957,42079914,5815532,5629804,125728,4048562
1,../model_20190917_1352548057.uvl,59,33,138958794,true,2005306,102828575,11916400,7304197,241020,13388850
15,../model_20121212_425431925.uvl,16,15,57477836,true,1567556,35705278,9432397,6504323,82409,3613832
14,../model_20200810_1407499848.uvl,35,35,70407408,true,3945383,44648675,5963126,5949181,183769,8859055
4,../model_20190917_896971240.uvl,35,20,68789957,true,1590374,43743088,9343531,5723520,90443,7429428
3,../model_20091219_494647199.uvl,11,11,35969930,true,3311346,22260196,5335070,3425404,39313,1272256
10,../model_20180222_1576024243.uvl,13,10,35607464,true,1571738,22631911,5415377,3503699,39565,2039724
7,../model_20120725_1460954667.uvl,97,81,87445857,true,2331673,54378491,10478430,6148154,326206,12611964
12,../model_20171005_1407702877.uvl,28,28,48180152,true,1642884,30914597,5434041,4598655,83637,4807814
5,../model_20170328_418838667.uvl,261,254,288350399,true,51185934,168617051,13948704,12039618,939846,38744126
1,../model_20140411_1148485857.uvl,12,23,41709312,true,1479796,24893054,6004389,5961161,116460,2900508
14,../model_20150114_50814742.uvl,33,32,50227035,true,1578411,31847238,6618148,4347478,114341,5173059
2,../model_20180407_489573335.uvl,109,126,100147504,true,3152409,65509153,8519423,5649242,614960,15365158
4,../model_20101120_2091447559.uvl,20,20,49350742,true,1740957,34081127,5548589,3947867,60480,3475284
15,../model_20140914_1816201365.uvl,37,39,60827249,true,1706964,42934305,6133484,4502694,190786,4704846
11,../model_20221026_1860047321.uvl,103,93,105726905,true,4360925,74040007,7921149,4958297,261257,12897330
9,../model_20161025_210874268.uvl,10,10,40523519,true,1717362,26974446,6333699,3782727,37627,1329536
10,../model_20100624_2076952989.uvl,17,17,35844696,true,1571690,22723053,5264431,3392447,65056,2427264
12,../model_20130106_749900457.uvl,21,15,36121809,true,1566759,22354429,5732614,3593606,55815,2362057
7,../model_20200810_1943380085.uvl,26,22,63310904,true,1614030,42222466,6687797,6080536,141457,5980561
5,../model_20190513_1805648090.uvl,10,12,32372329,true,1408803,20194628,5481728,3381660,52485,1522783
14,../model_20180301_203291309.uvl,13,13,29021518,true,1430154,18080841,4131338,3443097,43591,1592114
2,../model_20161117_1407262512.uvl,21,16,38558080,true,1484416,23011057,6493256,4200544,61202,2823759
15,../model_20110401_868452735.uvl,14,10,43870706,true,1618186,24533927,8359648,5644214,77353,3165356
4,../model_20200817_129447612.uvl,37,37,47772644,true,3374374,28958225,5830663,4097172,107488,4832283
11,../model_20140613_1129301242.uvl,10,9,31199419,true,2768071,16638778,5904609,4300670,38210,1175233
9,../model_20110718_866950306.uvl,20,19,41495052,true,1543368,27750877,5777332,3582430,62959,2342932
10,../model_20120328_523540818.uvl,10,10,33780343,true,1505116,22399871,5132882,3208686,40334,1185554
7,../model_20131114_87095598.uvl,57,61,68640378,true,1649850,40120728,11271719,7008267,251417,7051395
12,../model_20191016_1243022077.uvl,83,83,84811529,true,2084429,54040823,10282205,6408067,258821,10007634
5,../model_20121018_1639434192.uvl,17,15,57243715,true,1445188,37558577,8072344,5869607,101760,3829912
14,../model_20190502_109355269.uvl,18,18,60395331,true,1487612,38169394,9601015,6354246,110521,4123144
2,../model_20141113_346832425.uvl,56,59,67633131,true,1868509,47537459,6541226,4189722,205709,6561441
0,../model_20180618_656757926.uvl,11,11,50637536,true,1592666,32759021,7306802,5941294,70581,2526013
8,../model_20121123_1266693931.uvl,16,15,52788917,true,1679953,33552479,8407707,5288152,83196,3259363
4,../model_20130522_1326579656.uvl,45,45,91684138,true,1934876,58799198,12264849,7176990,259549,10149935
15,../model_20230322_497943934.uvl,40,27,62521996,true,1722575,37415625,9173105,5058784,175632,8141522
11,../model_20230322_2049733851.uvl,24,22,65931281,true,3593521,38086889,10373841,6243440,138195,6744570
13,../arcade_game_pl_fm.uvl,61,95,136017254,true,2086056,97805278,11627116,7665556,346471,15179116
10,../model_20160330_1846251072.uvl,39,38,67464496,true,3704498,39980420,8662675,6236887,322961,7648880
9,../model_20140819_914542251.uvl,62,59,98122517,true,3313593,65408458,9559345,6293332,358252,11923955
3,../model_20181005_1705175151.uvl,26,20,43546712,true,3428593,26371479,6098373,3895211,87509,3098735
7,../model_20131112_1840652917.uvl,17,18,37580414,true,1700651,24534683,4832662,4046377,61884,1994672
5,../model_20141030_1477913256.uvl,12,12,42242540,true,1626959,28416441,6540627,3363638,54319,1705163
14,../model_20160606_412121552.uvl,14,13,53824003,true,1670903,33520530,8664449,6039411,89128,3336805
6,../model_20200907_1678285822.uvl,63,63,79717374,true,3300381,53947144,8049134,4674310,309911,8488848
1,../model_20160502_596671432.uvl,25,18,41287962,true,1761549,26173346,6223268,3562961,67454,3016643
8,../model_20190203_959278211.uvl,27,27,50554781,true,1734177,28646776,6814056,6459831,146679,6205083
11,../model_20160303_1635209528.uvl,16,15,45501314,true,1797287,31260669,6300566,3846345,50498,1816974
15,../model_20160330_1784601624.uvl,25,22,49385057,true,1779274,33868496,6412394,3857333,152552,2846240
4,../model_20200901_93573304.uvl,38,29,64811066,true,1740977,41915815,10401435,4918925,102012,5083601
13,../model_20131112_1825068383.uvl,25,30,54251644,true,1806979,35688490,8151459,4068024,112990,3789496
10,../model_20130811_391981530.uvl,41,51,64197465,true,1979473,43691482,6823586,5182150,151337,5705106
3,../model_20160623_1415871890.uvl,13,11,44351742,true,1612716,24590726,9124390,5711632,74094,2743758
7,../model_20101110_1749898936.uvl,19,20,45117329,true,1633072,28523876,7705181,3616012,115539,2910602
5,../model_20100927_1382418986.uvl,10,12,35058639,true,1654530,22278315,5837601,3417135,54184,1445869
6,../model_20141119_1459706454.uvl,34,33,50415632,true,1793314,32531573,6120172,4202007,91426,5075513
14,../model_20160925_2087627141.uvl,47,44,66002040,true,1892333,45150012,7254871,4189160,186580,6652921
15,../model_20130116_382639902.uvl,31,30,55558431,true,1757134,38373006,6547797,3921817,112653,4322919
11,../model_20150305_15208156.uvl,30,34,72575516,true,1750854,49417058,6998144,6185398,296788,7284855
13,../model_20171207_1015871671.uvl,18,34,63345869,true,1688864,46185702,5724920,4810643,134028,4348130
4,../model_20170320_149190356.uvl,50,56,74409176,true,1991691,53635766,5905065,4425156,157066,7489787
10,../model_20130619_405989942.uvl,10,10,35696143,true,1513763,22039742,6003800,4332890,44048,1430743
1,../model_20180227_1765307019.uvl,116,84,173406786,true,3203201,133542667,11245915,5585688,403381,17653530
3,../model_20160329_1368375444.uvl,33,32,79999415,true,1815444,54549325,7574045,6713733,204266,8452061
7,../model_20180222_1895267586.uvl,22,25,37868154,true,1769417,22943287,5969981,3572831,168852,2930832
5,../model_20170517_1468714593.uvl,10,10,47263378,true,1476134,33596811,5637842,3540433,85306,2591908
12,../model_20221102_1308706395.uvl,17,12,48678835,true,1700700,33191405,5831268,4761344,70611,2605176
14,../model_20150423_1422172417.uvl,14,12,49315223,true,1608560,33824813,7374202,4217342,48014,1800473
6,../model_20190730_1957937065.uvl,25,25,67130320,true,2700224,41139036,9725720,6849673,149461,5859192
15,../model_20160317_1483846003.uvl,46,46,64063486,true,1989220,43746839,7316033,4542040,129905,5508208
2,../model_20120328_288933955.uvl,17,20,64413406,true,1777004,41209972,9616517,6492934,116336,4603090
1,../model_20120110_1754443954.uvl,10,9,54854749,true,1459945,33910703,9276170,5836601,90054,3882450
10,../model_20131129_2135897376.uvl,10,10,58482618,true,1650023,37024844,10040035,6242968,92029,2998143
13,../model_20110826_1744501275.uvl,24,24,55296663,true,3438018,35109439,6249739,4633428,206578,5053362
0,../model_20190502_1338968023.uvl,34,39,57763852,true,3828892,38648730,5226811,4423865,113609,4938399
11,../model_20200810_1274447969.uvl,33,31,116210610,true,1873793,96679542,6951852,4439183,128904,5540013
4,../model_20180306_422218475.uvl,53,36,80788220,true,1883814,57226105,8165930,4511631,225842,7694626
3,../model_20140422_1825362104.uvl,21,21,52796556,true,3758647,32874607,7041845,5456496,62876,3154096
5,../model_20180512_660942805.uvl,36,38,67561070,true,1699620,48287724,4832744,4069849,212842,7755620
7,../model_20150222_409043024.uvl,52,41,93251818,true,1997732,64663118,6869700,6990681,249640,11714414
9,../model_20200901_1356822502.uvl,38,29,61203814,true,1950954,42443944,7197823,4076570,99921,4748599
12,../model_20151111_460133826.uvl,40,41,62074594,true,1907067,35734676,9333096,6278188,226719,7809236
6,../model_20120627_1512389149.uvl,11,10,78434143,true,1577543,66461638,5258960,3310945,47955,1453890
8,../model_20230322_604627146.uvl,22,18,37145152,true,1700483,22291718,5942249,3701044,61240,2961724
10,../model_20101111_1790887308.uvl,10,12,32206521,true,1608531,19455685,5673645,3457024,60982,1557351
0,../model_20171012_484328807.uvl,36,36,45218697,true,1786126,27766443,5526916,4567386,108067,4794678
1,../model_20230608_1658584159.uvl,24,24,56587163,true,1476767,32539307,9598315,6443569,138354,5667884
4,../model_20121102_443205816.uvl,26,18,44607657,true,1766607,27466086,7068414,3776920,70842,3888990
11,../model_20131112_1315617761.uvl,58,62,105583049,true,1955952,46820208,7459673,4657774,200676,43672435
2,../model_20130908_2094539725.uvl,81,81,126858986,true,2593903,100907121,8364978,4712950,200112,9006286
7,../model_20170821_744427680.uvl,15,23,54351332,true,1809231,35646920,6400340,5915746,105443,3569031
12,../model_20111027_966072474.uvl,10,10,31592621,true,1796471,20502372,4329932,3373176,41100,1189489
6,../model_20101116_1022976130.uvl,34,33,44617526,true,1651923,28179355,6131296,3958175,175343,3987659
8,../model_20160229_171128808.uvl,48,48,75286616,true,1921135,53452538,6874841,4295167,237350,7759526
0,../model_20221029_568257220.uvl,17,27,48137000,true,1614115,32528161,6167479,3703644,108444,3618623
10,../model_20120418_828883554.uvl,52,28,54857305,true,2150304,34028265,7122424,4281829,153777,6336932
1,../model_20190129_1004578234.uvl,18,19,36164925,true,1558924,21859107,5927702,3990077,64428,2314067
4,../model_20190128_1522973155.uvl,23,28,40991314,true,1448513,27676066,4469487,3720254,95383,3079105
2,../model_20151103_1678219280.uvl,19,19,32777464,true,1620034,20111260,4670076,3402209,94920,2446579
11,../model_20180611_1800915628.uvl,10,13,38905077,true,1396536,25468339,6014642,4011293,50533,1608514
12,../model_20120512_712347860.uvl,13,12,52397400,true,1358376,34120004,7486400,5829533,88653,3187179
7,../model_20180302_974887082.uvl,122,150,147277459,true,3562373,105551343,8486002,6231248,456576,21062101
8,../model_20180729_701594854.uvl,22,25,38573517,true,1621368,23000566,6615314,3883392,144690,2850274
14,../model_20180411_122889136.uvl,26,23,68051282,true,1857876,44082973,10226093,5888853,144642,5102802
6,../model_20180306_73619671.uvl,48,30,78876119,true,2016261,53361879,9492485,5085703,127763,7760215
0,../model_20230423_1943321532.uvl,27,27,59600428,true,1756497,34288224,8238038,6708185,1604309,6206758
10,../model_20150301_527193150.uvl,24,24,67717021,true,2662283,42346650,9680905,6434648,138716,5742598
11,../model_20111020_455520177.uvl,11,11,34799861,true,1572996,19909969,7446861,3956145,41356,1418412
15,../model_20111031_386778867.uvl,25,13,63339438,true,1750384,38564971,10198093,6335337,224114,5526032
4,../model_20111130_1614470655.uvl,77,70,118672349,true,2278032,75261088,12884415,7898951,386799,18220694
2,../model_20230323_1971213764.uvl,46,42,73025045,true,1945056,46986825,9385762,4643946,221360,8862885
13,../model_20120110_855603964.uvl,10,10,52508527,true,2366764,32159818,8839267,5801156,92043,2820278
12,../model_20110406_353034837.uvl,40,35,70995138,true,1739098,43886055,10267137,6753454,209409,7188923
1,../model_20161128_2006303576.uvl,96,66,114168466,true,2695452,83660569,9333111,4918905,306033,11701003
5,../model_20200412_2136556876.uvl,12,12,40201497,true,1819118,25801838,4445272,5297861,69122,2384385
3,../model_20180305_2101436905.uvl,47,24,61920415,true,2067051,42420728,6890738,4116341,102610,5492747
9,../model_20160330_218438641.uvl,23,15,47095570,true,1931100,30425751,5571329,5286010,60609,3341256
7,../model_20100415_947132043.uvl,31,37,65090329,true,1938046,48268091,6467320,3654717,109173,4081703
8,../model_20131112_1191150070.uvl,57,55,76086301,true,2019486,41486744,10650724,7505236,306560,12915864
0,../model_20180530_1810935889.uvl,11,13,49450177,true,1689257,31276718,7306188,5659963,85508,2701043
11,../model_20131112_1353790761.uvl,23,20,59377630,true,1824475,35973779,10039001,6039321,123982,4688390
4,../model_20150620_2057636397.uvl,13,10,50383191,true,1550800,34673583,7148082,4569127,68511,1991071
13,../model_20160329_926312476.uvl,21,14,36605620,true,1729464,21666424,5666715,3502390,52206,3537930
1,../model_20101104_260803083.uvl,11,10,29800857,true,1325517,18414689,5073323,3266176,41295,1386275
5,../model_20190922_729177560.uvl,21,21,39559719,true,1601255,25765260,4693510,3988078,64648,2968795
2,../model_20140310_1022041880.uvl,88,72,80147720,true,2614421,51924294,8356666,4929062,201719,10975201
3,../model_20140819_1738890661.uvl,10,10,40700716,true,1449814,29043510,4562863,3956254,41731,1299041
7,../model_20121123_2085968892.uvl,17,16,35735637,true,1652623,22811589,5202262,3516148,59385,2090742
8,../model_20130916_894347834.uvl,15,17,38639512,true,1666206,25268861,5689835,3426640,58273,2122854
11,../model_20120422_1648870831.uvl,14,15,55169810,true,1507357,39588662,6510618,3992716,107273,3119868
4,../model_20170818_812208818.uvl,31,31,69891151,true,1865803,45189013,8146504,6602544,169109,7160503
13,../model_20120328_361613983.uvl,16,18,43491156,true,1609751,28172593,6080128,4086733,61748,3067744
12,../model_20120829_191972511.uvl,168,199,190954594,true,4816991,141770361,10831078,6717573,1086642,23813696
1,../model_20120328_1227899142.uvl,21,20,50485960,true,1750315,30133552,8010373,5384830,125267,4596369
5,../model_20190430_348224224.uvl,33,25,42862065,true,1642034,24963052,6830201,4701732,91122,4090460
3,../model_20130916_1112744253.uvl,15,17,50920623,true,1521655,29478740,9074906,6107417,119764,3656526
2,../model_20160227_1275602559.uvl,47,58,98570263,true,2424411,72371691,7161480,6642916,244071,8722911
7,../model_20170718_2017313962.uvl,18,18,54277823,true,1663457,34144044,7303355,6217669,104676,4259938
8,../model_20130916_1467348272.uvl,16,18,46947111,true,1574131,27100523,8860022,5975746,103792,2843295
11,../model_20121018_820869482.uvl,16,15,41479796,true,1676724,27409674,6011692,3667579,54116,2264018
6,../model_20110519_1142211980.uvl,14,12,65244638,true,1721148,51492904,6174269,3676255,44715,1712506
14,../model_20100805_1484639410.uvl,31,35,66391899,true,1787939,38511276,10341789,7041481,215441,7722737
13,../model_20190920_56721129.uvl,15,15,53430063,true,1585250,34144519,8418252,5420775,217388,3018358
4,../model_20221208_1038664369.uvl,28,21,61067119,true,3111540,35965633,10066129,5868679,76400,5167663
1,../REAL-FM-6.uvl,11,10,56195446,true,1550508,35939101,9438443,5765295,97379,2944508
15,../model_20160121_1141972007.uvl,20,20,59218147,true,1645416,36994460,9422437,6023811,107882,4388651
12,../model_20120328_1814590478.uvl,36,34,65440968,true,1705798,42683527,8490528,5645756,112133,5930718
10,../model_20170310_195700687.uvl,47,44,104955303,true,2088410,71366868,10023852,7326388,338249,12743584
3,../model_20121123_1668268132.uvl,13,13,98216258,true,1614656,80648796,6227044,5909552,95118,3306556
2,../model_20170420_1165511748.uvl,77,39,74439571,true,2341969,49237462,8247255,4628412,153100,8779022
0,../model_20170402_1978825740.uvl,263,264,314079854,true,9412560,237329130,14715052,8361946,1135130,39719486
7,../model_20200128_1186233455.uvl,23,23,65952064,true,1729086,45348180,6324588,6118897,154973,5819155
8,../REAL-FM-13.uvl,12,11,53861387,true,1492763,36098257,6842055,5898839,94125,3137699
5,../model_20130307_609838668.uvl,176,161,181706156,true,4612277,115066689,11935195,7940172,999150,38999495
4,../model_20181119_2037159342.uvl,23,24,46058187,true,1798459,31549579,5442936,3544330,101384,3131608
9,../model_20160103_2012826523.uvl,94,55,78082094,true,2341366,50413765,8496766,4441325,250995,10961315
15,../model_20190328_829158427.uvl,14,16,39444067,true,1991071,24578861,6409003,3624814,73562,2378066
12,../model_20140925_285704903.uvl,20,17,44063299,true,1729056,25489751,9923629,3700286,60204,2518631
3,../model_20141109_1274255950.uvl,11,11,46351181,true,1434716,26968330,9229334,5612229,87411,2610216
10,../model_20151122_103763227.uvl,47,20,109494030,true,1767266,81569651,10162959,5951244,209719,8884793
2,../model_20150209_1183047948.uvl,29,47,52819121,true,1513102,35159099,6879047,3832794,134225,4805304
0,../model_20160906_1914580505.uvl,31,28,49977926,true,1805853,33215253,6478910,4132479,114066,3679974
8,../model_20160226_1944186213.uvl,48,56,55714008,false,1478062,36241580,4518468,4355660,284827,8658655
5,../model_20190416_545039882.uvl,21,21,46352197,true,1573213,30483537,7149041,4237670,63460,2381563
7,../model_20140824_1421620261.uvl,51,62,71400520,true,1887690,38824560,7505860,7498189,300045,14494149
4,../model_20190917_1855142600.uvl,38,33,49391091,true,1758859,32954681,5859304,3651682,157196,4388135
15,../model_20160301_235863217.uvl,20,27,42578495,true,1755027,28553194,5381032,3553067,91764,2755390
12,../model_20150512_534005467.uvl,31,32,44370185,true,1633129,26840948,6336939,4355758,103693,4489868
10,../model_20150713_1448325014.uvl,32,27,43679599,true,1776573,26508386,6447342,3926899,161346,4242243
3,../model_20131122_913576973.uvl,23,23,48908221,true,1658039,31247726,6171355,4688516,117029,4573149
2,../model_20170308_1789444441.uvl,28,28,39725082,true,1720047,24210099,6019705,4012310,83160,3219290
0,../model_20160122_407616496.uvl,29,26,42561317,true,1462679,26848340,6459997,3805619,84241,3379892
8,../model_20140614_1599125118.uvl,13,12,53476469,true,1394678,33298623,9091400,5988318,81903,3141156
5,../model_20190917_1598073515.uvl,16,16,54841783,true,1533062,33992424,7546216,7320336,102485,3761101
7,../model_20160329_1092215724.uvl,17,22,57087352,true,1619032,41516029,6420493,3385617,143643,3506984
11,../miniset/stack_fm.uvl,17,13,53774564,true,1799119,36716950,6367133,4475774,98100,3876352
4,../model_20140819_424669215.uvl,17,17,55420408,true,1571600,35842449,7254192,6231091,118751,4024916
15,../model_20160330_1632759327.uvl,19,13,45338578,true,1729441,31395868,5681567,3685798,64168,2254850
10,../model_20121212_1167666293.uvl,15,17,36113026,true,1553689,20861991,7120642,3642791,61112,2526159
14,../model_20130815_1890929461.uvl,56,62,69301259,true,1959911,42694376,8307750,4697445,284274,10428539
1,../model_20160307_1341241097.uvl,12,9,40583003,true,1660680,20061536,9428152,6201382,76601,2645620
13,../model_20221004_622223252.uvl,26,26,67825368,true,1771799,42560702,9712033,6567300,311852,6089480
6,../model_20150310_1642957582.uvl,29,32,59710487,true,1892172,41765850,6963763,4313022,103526,4051475
3,../model_20140428_1301432646.uvl,72,71,92929506,true,2185337,63482857,8988505,6743458,241944,10013239
12,../REAL-FM-16.uvl,26,29,117968959,true,1689683,95062070,7712636,6388225,171098,6263787
7,../model_20160726_1855902901.uvl,12,13,31590667,true,1515901,20234572,4072248,3788591,48444,1565447
5,../model_20190513_1749709644.uvl,20,23,39604025,true,1744382,25234246,5860298,3595497,90026,2645642
11,../model_20111129_1932950448.uvl,13,13,31468811,true,1380289,20231018,4335442,3356713,43524,1719470
15,../model_20110826_1180494500.uvl,24,24,53729930,true,1493931,38886691,4379320,4128342,78041,4225136
4,../model_20221229_1000010819.uvl,17,17,46290823,true,1561850,32738194,5799395,3541003,87590,2129370
9,../model_20131121_194495737.uvl,12,10,31535970,true,1453955,19218489,5489634,3455906,46939,1507204
1,../model_20120718_813832704.uvl,11,12,32476980,true,1475633,19517741,5456545,4305650,56958,1308854
13,../model_20170527_1802227256.uvl,11,13,37907269,true,1559830,19397906,7940132,6043817,54697,2566991
3,../model_20160812_1476754989.uvl,10,10,33330418,true,1651872,20237314,5893336,3494182,78479,1624814
6,../model_20120411_196667302.uvl,26,23,49411573,true,1619483,32149835,7185310,4084052,94860,3730828
12,../model_20131210_413521746.uvl,13,14,45105211,true,2951787,30757390,5546738,3552339,97756,1844011
5,../model_20190228_1201197026.uvl,16,18,31734025,true,1493844,19237897,5092628,3542172,60864,1904414
4,../model_20130224_1469220523.uvl,10,10,32206297,true,1186240,20154465,5832129,3443084,37743,1244367
15,../model_20130115_768867592.uvl,11,9,52511834,true,1565282,32697193,8911620,5918347,77907,2884364
11,../model_20230615_1063099089.uvl,38,18,74853012,true,1806702,52724030,6785346,4025006,158232,8651848
9,../model_20140305_1485634182.uvl,28,29,52477344,true,1529778,29359315,9410836,5882275,111226,5541058
1,../model_20160913_269001380.uvl,49,43,86810659,true,2240217,52557728,11216584,7080449,168127,11970611
13,../model_20150228_222823272.uvl,37,43,57373625,true,2015970,34535409,9325830,4643718,219896,5880816
6,../model_20131206_656913635.uvl,13,15,52116984,true,1589037,33655116,8128622,5179119,106709,2903400
3,../model_20130725_1929838118.uvl,41,27,71127214,true,1837046,40151034,11563327,6995585,198511,9280727
12,../model_20120201_865979127.uvl,28,36,70256193,true,1689877,51799761,6352592,4443977,173449,5223571
5,../model_20100830_561967343.uvl,32,31,99289973,true,1690243,82245087,5996993,3627985,217945,4961435
0,../model_20130917_737900063.uvl,13,15,37118929,true,1627199,22445289,6512887,4212153,62466,1892049
2,../model_20190917_1294871534.uvl,16,13,39218133,true,3614938,22419021,6391031,4365844,82397,1943261
8,../model_20100904_226530663.uvl,38,38,72720658,true,1793222,49855406,7481283,4194655,299785,8521930
4,../model_20110507_674768061.uvl,40,52,85137771,true,3868380,61618294,6817693,4437375,244191,7476867
11,../model_20170316_174511349.uvl,16,17,63908897,true,1658045,41365455,9735387,6162068,129116,4269038
15,../model_20190917_75070341.uvl,33,15,72652753,true,1803235,47178169,8500011,6163173,134604,8036889
9,../model_20160330_925748995.uvl,16,12,54517773,true,3118200,32882476,8339896,5940170,90575,3649537
6,../model_20190917_552843992.uvl,10,7,31856132,true,1619710,19163575,5826494,3630905,36126,1246337
3,../model_20200901_328439811.uvl,35,20,50892082,true,1665529,30093867,10245110,3539651,90925,4354659
13,../model_20230323_901833353.uvl,74,62,72303714,true,2415830,42034797,12191949,4769603,217456,8945043
1,../model_20230422_2139223494.uvl,37,34,55661951,true,1842281,30551957,10184186,6876837,181491,5018514
14,../model_20191012_1432325334.uvl,40,38,75795110,true,2037521,50869761,6135657,5660407,255223,10173205
10,../model_20110214_751339643.uvl,56,128,143937068,true,2445707,110599602,7833994,5893108,609223,15707110
0,../model_20230322_307237036.uvl,29,23,61485929,true,1718712,44725353,6470290,3926675,145149,3952589
7,../model_20171028_1906143627.uvl,13,14,42739756,true,1705730,28860715,6250439,3614232,58361,1877867
8,../model_20200813_1618100589.uvl,28,28,37536411,true,1688061,23384334,4589660,3492271,75936,3312214
11,../model_20160322_2014722365.uvl,54,54,82404237,true,1913624,62913947,5814442,4484535,156236,6198259
4,../model_20161128_1478224089.uvl,77,66,90049995,true,2298345,59346028,11320794,4810565,272132,10246428
15,../model_20150506_306101537.uvl,33,33,61198799,true,1733253,45570750,4927313,3920183,104699,4306695
9,../model_20180222_1925875374.uvl,45,43,66941752,true,1957965,47492744,7012224,4138112,129205,5465766
6,../model_20131112_1591180910.uvl,29,25,50143763,true,3932089,30867588,6891520,4338234,79584,3445615
3,../model_20151216_1220822165.uvl,15,15,41757142,true,1742714,28330972,5326760,3791862,88161,2078827
14,../model_20140205_954857783.uvl,11,9,36376672,true,1841016,23819273,5365323,3398383,62749,1533831
10,../model_20150330_63301402.uvl,11,9,40201880,true,1567461,28191382,5181975,3499583,39020,1364752
7,../model_20110216_608697455.uvl,14,18,61417885,true,1473115,38867479,8823012,6675801,181888,4818470
13,../DELL-LAPTOP-NOTEBOOK-FM.uvl,47,122,217942698,true,2314105,184156002,7136495,5052084,576686,17930239
8,../model_20120902_865058601.uvl,19,19,59345831,true,1626963,37643174,8845692,6144556,117564,4384447
15,../movies_app_fm.uvl,13,10,41686478,true,1581201,28941944,5557743,3417914,41617,1738656
0,../model_20140310_1916029542.uvl,144,54,107392507,true,2644854,67572009,10945862,5688002,417045,18381771
11,../model_20170918_1157652981.uvl,48,29,62178684,true,1618671,41722064,7448008,3841588,239364,6646894
4,../model_20190504_755268837.uvl,43,46,85282856,true,3771890,51991567,10376677,6663711,286354,11115888
9,../model_20180226_492552032.uvl,11,7,36671209,true,1464649,21901951,6481298,4695524,38356,1707762
6,../model_20170215_1278541927.uvl,41,39,70277636,true,1948292,48769248,7620422,4715414,127199,6381952
3,../REAL-FM-7.uvl,14,15,57093973,true,1586761,37813634,8905185,5768732,114876,2388940
14,../model_20160504_1687809818.uvl,30,28,55059900,true,1712277,33512980,9443023,6029191,91082,3514287
12,../model_20121018_271963732.uvl,16,15,34783308,true,1754729,19364096,5514614,5114815,52777,2559130
7,../model_20170228_1437582980.uvl,10,10,28996885,true,1521143,17195381,5324734,3431382,41060,1148194
2,../model_20160603_398155586.uvl,15,10,31796983,true,1655426,18208752,5773669,3673096,42658,2015073
5,../model_20160822_713171625.uvl,28,29,43941594,true,1646952,26442072,5977050,3989268,105093,5291600
8,../model_20141202_104116345.uvl,10,9,37326831,true,3130921,23118825,5886885,3392499,46451,1353824
13,../model_20141106_309720283.uvl,57,54,69392497,true,1823043,40049971,11566754,7554622,175046,6906073
0,../model_20100324_1996898492.uvl,11,14,44228774,true,1814104,29433514,6309863,3719584,102545,2424678
6,../model_20151116_762410606.uvl,29,29,39641249,true,1729119,24415264,6085275,3619767,80985,3202251
3,../model_20131202_1575628003.uvl,19,19,33493300,true,1677503,20768451,4581639,3654270,70431,2230088
14,../model_20120824_761159432.uvl,23,20,52954966,true,1730526,37976811,6021682,3670263,77685,2945242
1,../model_20121025_1656878048.uvl,26,26,43149870,true,1751683,27216256,6067426,3766630,208795,3635081
12,../model_20200413_90255108.uvl,48,41,57346984,true,1728529,36928737,7148316,4561138,169777,6130277
2,../model_20170911_1850240044.uvl,13,13,31220019,true,1779040,18245384,4531925,3933779,45373,2319064
7,../model_20230322_342259021.uvl,33,29,46558947,true,3385237,27368268,6806318,4099393,104068,4171188
5,../model_20171005_1816009957.uvl,10,7,36157717,true,1404236,23102965,5983913,3912275,38377,1427218
13,../model_20150614_1325491211.uvl,24,26,44127393,true,1528715,28310694,6268884,3717397,136951,3533929
0,../model_20150610_685576256.uvl,15,17,39463054,true,1545149,23505836,6631852,4908927,63126,2335336
8,../model_20160905_338518821.uvl,25,25,87972394,true,1790367,67084546,6631888,6064485,255486,5644439
6,../model_20131129_1765219729.uvl,14,14,45549113,true,1525504,31718501,5848607,4213682,56794,1777083
3,../model_20200811_368165701.uvl,11,10,43776751,true,1566461,31197755,5857190,3356823,43559,1368183
14,../model_20091009_1552375070.uvl,37,40,52592094,true,1829528,33208880,6712220,5216547,203659,4793776
1,../model_20150715_75174593.uvl,17,16,38412550,true,1633705,22237665,7131774,4734664,78267,2100580
2,../model_20180509_988672632.uvl,27,18,41792281,true,1637271,25681114,6944339,3799867,72361,3187697
12,../model_20120425_1998125226.uvl,71,71,90091765,true,2184736,64817435,8532399,4765159,190926,8480317
7,../model_20230120_1200060194.uvl,20,20,47666835,true,1615821,27285157,8508253,5527812,107911,4058462
5,../model_20150411_1026005127.uvl,10,12,43860579,true,3505608,28576215,4389730,4480831,80862,2466967
10,../model_20150306_503606823.uvl,27,26,51326269,true,1765581,36378361,5937303,3624126,77520,3068183
13,../model_20150523_372542452.uvl,47,35,95295560,true,1889670,62675997,10805542,6941638,258360,11557101
0,../model_20130418_1158438101.uvl,19,12,56834950,true,1936242,39925860,6208383,3871467,112424,4242789
8,../model_20140824_2115796112.uvl,43,49,88092323,true,1798149,57453152,10021891,6747149,280022,10687014
15,../model_20111029_1654942500.uvl,37,27,80019100,true,1840848,59348694,6379969,3654896,217591,7917398
6,../model_20200524_149606280.uvl,35,42,58592346,true,1827167,37651017,8193103,4220335,212930,5913005
11,../model_20121123_1807427529.uvl,17,18,38472024,true,1769110,24968583,5571659,3551079,63763,2105950
3,../model_20111201_1252018702.uvl,61,40,74064827,true,3792826,48779544,8706715,4170254,167903,7551566
9,../model_20160330_999254735.uvl,14,14,39277538,true,1805993,22897956,6235995,5452483,57260,2319312
4,../model_20200817_1333981485.uvl,33,20,74825922,true,1948051,48638539,9629902,6094884,145606,7480105
14,../model_20160506_174377233.uvl,40,22,81101542,true,1821174,52167724,10475625,6447024,167112,8964520
12,../model_20130302_1361528923.uvl,10,11,37307807,true,3456194,20182938,6813189,4772036,50344,1671439
2,../model_20151117_1411945431.uvl,22,22,43871703,true,1809943,27937523,5759714,5049023,76906,2801736
10,../model_20130726_597280131.uvl,47,44,63137837,true,1956757,43813343,6533152,4070588,143773,5877607
13,../model_20120422_2100930135.uvl,25,27,43424951,true,1605526,26531664,6653999,4808983,90939,3301506
8,../model_20150310_1191030699.uvl,30,33,45050656,true,1714395,28851219,5926251,3773058,265659,3943169
6,../model_20230630_666266911.uvl,13,13,41704008,true,1501730,27994267,6034109,3393852,54758,2400295
0,../model_20190223_2034909826.uvl,88,28,76114539,true,2377472,48015442,8673117,4403111,148608,11302089
15,../model_20170921_244476382.uvl,47,33,80845202,true,1770921,59080345,7502504,4399917,158786,7237837
9,../model_20120110_1719396361.uvl,10,10,37055306,true,1366183,24925969,5481272,3444374,47939,1481560
12,../model_20190929_1773228224.uvl,17,25,38878400,true,2233256,23614769,5958273,4000863,86564,2652364
4,../model_20100308_1032655961.uvl,15,16,42936129,true,1655284,29049025,6132300,3426895,58735,2194516
2,../model_20200503_927740000.uvl,21,23,41382835,true,1640196,27143040,5700586,3557536,81821,2751381
13,../REAL-FM-2.uvl,23,18,38461218,true,1627774,23574688,6127978,3603210,68564,2983744
10,../REAL-FM-11.uvl,67,65,86222417,true,2186877,59666967,9873773,4270333,868406,7822258
15,../model_20161107_751073207.uvl,11,11,38111094,true,1484704,24444812,6213808,3918612,45541,1626943
0,../model_20190214_582844610.uvl,11,11,46383027,true,1509464,33274032,6135518,3550741,50646,1524669
9,../model_20221229_2070974785.uvl,17,17,37878066,true,1483995,24200347,6326298,3551659,52168,1914180
6,../REAL-FM-20.uvl,44,34,53926299,true,1751095,33391459,7259931,4493078,185902,6077561
2,../model_20110203_1382675896.uvl,14,14,35282710,true,1489091,21392981,4409930,3651536,53073,3846828
4,../model_20150411_1055039600.uvl,18,13,89199299,true,1483706,73364007,7138145,4407049,90641,2302887
12,../model_20160524_3029237.uvl,19,17,64718013,true,1607568,42385453,9209816,5980951,122142,4779766
8,../model_20190219_265960660.uvl,178,140,185884069,true,4053555,139439017,9864567,5834066,1089917,23410977
1,../model_20190220_184230257.uvl,38,42,82079923,true,1814000,61336084,7610721,4274053,252163,6134851
5,../model_20150703_1928436983.uvl,10,10,28864249,true,1388820,17856557,4184063,3878187,37710,1210090
7,../model_20160125_1378351345.uvl,38,33,57196756,true,1876139,36741319,8039652,4236004,116983,5380891
13,../model_20100719_944437142.uvl,29,25,91897839,true,1648285,66382118,9586134,6271907,166638,7057500
15,../model_20171128_2320585.uvl,14,13,54620574,true,1553409,34485836,8414790,6192549,89491,3445952
10,../model_20150715_1425609053.uvl,12,10,51014492,true,1475414,32175810,7912672,6108814,84860,2941114
0,../model_20100904_330653656.uvl,10,10,51603161,true,3365042,30293020,9230706,5902823,72431,2280585
6,../model_20221122_1612835830.uvl,20,16,54944420,true,1587797,39706900,5641578,3858405,108164,3519547
2,../model_20190917_80747458.uvl,16,14,32500055,true,1559335,19175471,5985671,3461512,50562,1843743
11,../model_20100625_251719781.uvl,16,16,40933110,true,1669334,19995815,9251832,5826467,58860,3569617
12,../model_20170317_1165725.uvl,50,57,59858593,true,1731011,37222569,5533346,5264685,290221,8948108
4,../model_20160519_1235536625.uvl,34,33,83824619,true,1909700,53950419,10058828,6521898,255628,10223314
3,../model_20130821_1446947208.uvl,49,49,83174424,true,2145872,52168740,9091675,7307408,247619,10994475
14,../model_20140615_1417385367.uvl,35,30,58908224,true,1903645,42034315,5742270,4004510,162756,4474248
7,../model_20221009_1635938665.uvl,42,32,48683476,true,1633944,30247288,6521996,3825521,190958,5615376
15,../model_20161125_1777261352.uvl,33,28,45257349,true,3606656,26443539,6199756,3679659,190529,4435284
13,../model_20121018_1495134161.uvl,17,15,36959989,true,1496840,22306773,6641978,3926766,50972,2076958
10,../model_20170115_352040991.uvl,17,18,56427963,true,3287807,33802650,8664040,5993776,113407,3992244
0,../model_20120531_2078087379.uvl,17,20,44760243,true,1467858,29958648,6510710,3961955,79052,2342967
6,../model_20150527_830434674.uvl,34,34,59757930,true,3070520,40186300,6172866,4055137,95945,5464350
12,../model_20110428_1131293346.uvl,13,13,30382147,true,1523689,17909180,5340767,3403587,47167,1780539
11,../model_20150521_1988107963.uvl,17,15,36993825,true,1521508,22179069,6245260,3939002,52685,2675471
3,../model_20160303_1645051071.uvl,17,15,41732102,true,1627244,24100955,6937173,4832584,95269,3703361
4,../model_20131111_1434736548.uvl,34,34,45884740,true,1613056,28092718,7372251,3892036,164054,4126721
14,../model_20190922_1316746975.uvl,22,22,59520484,true,1551679,40385062,5810115,6086032,123309,5006911
15,../model_20160329_864839294.uvl,22,21,36769563,true,1654727,21699211,6244446,4027161,66972,2623536
13,../model_20230322_1548752135.uvl,45,32,60490491,true,1944083,33699330,10658535,6110883,130186,6845945
10,../model_20120710_919309758.uvl,19,8,36298783,true,1628536,20976959,6995259,3575266,51432,2454163
0,../model_20150304_173081072.uvl,20,27,50594467,true,1631670,34307821,6869740,3917805,128608,3219616
6,../model_20130725_608010428.uvl,12,12,39493335,true,1479071,27222590,5346671,3579414,43675,1516837
12,../model_20160907_1816738180.uvl,10,8,35304737,true,1562120,20579128,6662978,4682349,57338,1411615
11,../model_20130522_2044729096.uvl,31,26,43732137,true,1613711,25638068,8270319,3834443,76777,3473779
9,../model_20190416_284413958.uvl,37,35,50383660,true,1873379,32081527,6410065,4636090,144034,4578074
3,../model_20160520_681202886.uvl,11,10,44398161,true,1419361,27451398,6731838,5776603,73191,2615024
4,../model_20170919_1425490791.uvl,47,42,124691635,true,1820729,103208854,7067740,4399245,163083,7364374
8,../model_20150105_1168070568.uvl,17,12,42174922,true,1779408,28059035,6068822,3746030,69394,2033403
15,../model_20200819_498504850.uvl,31,28,50740940,true,1468618,26852876,7846876,6890557,158721,7014368
1,../model_20160919_825563014.uvl,11,10,35452803,true,1610610,21272633,7394354,3282288,41681,1478708
10,../model_20120328_593032745.uvl,19,18,38378924,true,1597367,23205563,6546447,3922887,58807,2560575
13,../model_20170419_185164278.uvl,17,12,85350384,true,37463575,28111362,9431813,6011505,84315,3668949
5,../REAL-FM-19.uvl,30,35,53285868,true,1697535,30511441,9459613,6363644,113227,4407902
0,../model_20230322_1028761227.uvl,18,15,50320328,true,1688934,33137280,7252038,4830053,88164,2773417
6,../model_20111220_1450733948.uvl,41,13,80841035,true,1775217,54566679,7632753,6769048,154719,9119318
11,../model_20221125_1235088379.uvl,25,15,40856389,true,1507080,23271166,8203513,4031609,78232,3154086
9,../model_20110525_1619420630.uvl,45,41,54515505,true,1643277,33239411,8100690,3929352,129935,6705817
3,../model_20161212_1631452800.uvl,23,25,74879620,true,3427450,48271056,9334176,6206039,182894,6763825
2,../model_20140411_114609198.uvl,12,18,96458923,true,1771296,80155329,7153869,4246506,180259,2487726
4,../model_20200907_1296105910.uvl,35,21,75869951,true,2289477,50433821,7567921,6534696,183597,8335004
1,../model_20170321_1279222212.uvl,10,10,38229594,true,1653251,24097979,5793886,3605074,46256,2697603
10,../model_20171207_711618687.uvl,13,13,35929335,true,1533718,24260542,4023841,3399121,45070,2312946
5,../model_20140209_1802656178.uvl,26,13,44957527,true,5082303,23732655,6500287,4356130,66993,4578795
13,../model_20110323_789959080.uvl,15,11,46242388,true,3093884,23618093,9362961,6104104,86304,3446563
0,../model_20180511_622669496.uvl,18,18,58382813,true,1443112,37418817,8226452,6428633,114968,4174596
7,../model_20190221_1604245950.uvl,18,18,39970946,true,1550585,24941119,6151262,3771814,69509,3054643
9,../model_20130621_2143921379.uvl,29,32,43254843,true,1504074,26687275,6942237,3797427,155710,3571153
11,../model_20141114_653359930.uvl,32,41,56112252,true,1930834,36305996,7227053,4662784,222871,5073879
3,../model_20141103_771283347.uvl,10,10,53974491,true,1443356,35269443,8243321,5620697,94261,2892657
1,../model_20131112_1165253679.uvl,27,24,65780288,true,1701175,44213835,7216652,5673526,151568,6284039
14,../model_20160329_1999221629.uvl,24,24,45865071,true,2723989,29667296,5507535,3503324,70915,3902928
4,../model_20230322_1036375763.uvl,40,27,51637575,true,1611920,29958670,10481135,3894802,97607,4610886
5,../model_20121018_201916182.uvl,16,15,39238059,true,1623576,22848803,7354973,4845688,57018,2063091
6,../model_20170424_781699396.uvl,142,84,147182462,true,3609921,102525181,13008548,6084683,394883,18711313
13,../model_20120328_1309817018.uvl,14,14,41948547,true,1552337,24756913,7406261,5952815,49920,1734318
0,../model_20151102_2085331426.uvl,51,45,81871923,true,1942880,61674236,6720119,4158916,166003,6424719
7,../model_20140209_576830157.uvl,27,33,107721359,true,1783113,90181249,6268320,4502573,181817,4212099
12,../model_20170706_1181552122.uvl,11,12,38383028,true,1509639,19572220,8435103,6019712,78043,2363142
11,../model_20130529_167247656.uvl,16,16,46932833,true,3386279,28961035,6979228,3792780,105667,3312315
3,../model_20160906_802533043.uvl,21,24,52300799,true,1662635,36414098,6312857,4231319,224514,2907373
1,../model_20181118_1641295184.uvl,12,11,34908077,true,1489899,22091614,5378533,3635301,48627,1923494
6,../model_20130122_92211527.uvl,11,14,45444051,true,1671304,31283074,6179738,3906011,62209,1996747
13,../model_20150509_1341412445.uvl,10,9,31790343,true,1692920,18870338,6052806,3434145,42044,1315759
4,../model_20131113_2067550021.uvl,42,46,51722807,true,1948790,32126958,7762026,4054088,124382,5012852
15,../model_20121123_1014773113.uvl,16,16,39624638,true,1576526,24277780,7207662,4120549,61182,1988765
8,../model_20140905_372428255.uvl,13,10,46837002,true,3444349,26577089,8021840,5531822,57810,2785457
0,../model_20230322_1814026223.uvl,20,18,46055657,true,1490641,29259410,6617081,5497445,65657,2615635
7,../model_20100730_1366577700.uvl,32,37,48012300,true,1666361,32700306,5022896,3817319,119439,4055159
12,../model_20140402_1108338221.uvl,10,8,31214458,true,1546212,18755528,5759557,3550270,33965,1166892
11,../model_20200829_1325519775.uvl,22,22,35371149,true,1549687,22975719,4248450,3588246,73166,2467490
1,../model_20120328_794090001.uvl,22,22,51983948,true,1690312,37009368,3931075,3605687,127126,5137073
6,../model_20140628_1177734570.uvl,29,32,76156931,true,3568678,54370497,7951484,4525184,114364,5024528
2,../model_20101123_920943759.uvl,15,15,47200409,true,1416581,26631825,9007981,5924830,91089,3619688
13,../model_20160315_697003579.uvl,27,20,52344317,true,1740527,34186631,6684652,3924063,234749,5042737
15,../model_20120424_1703152596.uvl,59,45,61185994,true,1746432,38741385,7642219,5193755,193995,6872025
3,../model_20170316_1430061931.uvl,60,253,245864058,true,2973351,198557613,8155396,6393415,1097187,27739628
8,../model_20121219_629525870.uvl,18,24,66483008,true,1736889,48185800,6130428,4283458,172218,5484436
0,../model_20120822_650185552.uvl,25,23,60338037,true,3593404,39218998,7956588,5035834,136658,3913101
7,../model_20200901_40084439.uvl,26,26,58464075,true,1626158,41369889,4728572,3958876,146621,6196465
10,../model_20180306_1553572984.uvl,47,47,83350708,true,1975987,51770980,10333646,7163666,247925,10703515
12,../model_20130410_2115212559.uvl,11,10,33209644,true,2974416,19502498,5420743,3622714,55144,1299045
11,../model_20170502_101132737.uvl,33,37,71622367,true,3599758,40207966,9684283,6678250,223142,10311108
9,../model_20181104_43638915.uvl,10,8,52991492,true,1556905,33652810,9132791,5833814,66649,2337815
2,../model_20130604_1500555803.uvl,13,13,33134107,true,1622114,19680656,5765606,3779655,71564,1776817
1,../model_20160304_168615633.uvl,29,32,75212103,true,1702894,50989670,7718454,6499985,307644,7457803
15,../model_20171016_2132568250.uvl,12,4,42218228,true,1617144,28475633,5713141,3917894,59776,2017808
14,../model_20140411_279155356.uvl,11,12,31390457,true,1562321,18876814,5761734,3345824,54209,1434159
8,../model_20140819_1020837515.uvl,63,68,69052438,true,1987606,43874033,8745062,4449593,192051,8791949
10,../REAL-FM-5.uvl,17,27,47029576,true,1645457,31406389,6546277,3788402,179617,3113100
7,../model_20150305_94122420.uvl,31,31,48289964,true,1573151,30100405,6472097,4289310,85800,4971492
0,../model_20151123_702303189.uvl,40,44,108356413,false,1875440,80602255,6896492,6865619,356848,11523545
5,../model_20150223_771673981.uvl,26,18,106258778,true,1539879,85077703,7970893,6002549,120156,4966133
12,../model_20110124_2116036381.uvl,18,18,48699852,true,1768656,32824139,6862155,3827841,68521,2502455
11,../model_20100824_837146809.uvl,22,22,36973027,true,1564364,22656308,5752140,3651216,100400,2799834
9,../model_20140428_1917957920.uvl,63,62,92325337,true,3931786,36482450,7294659,4432362,162726,39162777
2,../model_20230323_1102049462.uvl,17,17,44840798,true,1528409,25260381,7582610,5838985,109585,3887875
1,../model_20140902_941000321.uvl,13,11,38107653,true,1472163,22346570,6207409,4808991,63616,2853374
15,../model_20120124_94644767.uvl,12,12,31626494,true,1607412,20544266,4102206,3435709,41547,1545141
10,../model_20121123_913179730.uvl,17,16,40655238,true,1500611,27951051,5354960,3436927,56246,1977242
4,../model_20140411_1742095150.uvl,12,23,46049469,true,1800315,30861081,6558892,3528627,103475,2430107
0,../model_20200901_2052923297.uvl,21,21,33377823,true,1603722,20032928,3919395,4601870,62787,2594791
12,../model_20200517_1501498720.uvl,11,12,50262484,true,1482733,34652308,5411736,5439660,94271,2853124
5,../model_20170312_968402737.uvl,49,33,64918233,true,1747197,44885118,7176619,3919784,152594,6331192
11,../model_20160106_443157632.uvl,13,13,45296250,true,1584898,32226047,4409130,3333627,82532,3289175
2,../model_20180110_870365297.uvl,10,11,44865284,true,1381824,28841514,7094047,4744029,79491,2451456
9,../model_20160913_600398973.uvl,48,38,70830544,true,1797440,37186784,11421340,6919247,266097,12060242
1,../model_20171016_1973576375.uvl,11,13,56173601,true,1549398,35794592,8968222,5929500,115260,3255682
15,../model_20160330_1306243394.uvl,21,21,61832112,true,1374322,40944021,7953178,5880156,151215,4926673
6,../model_20130916_1894002979.uvl,16,16,57810230,true,1541828,38537762,7222562,6273491,107386,3746650
4,../model_20121018_1186774722.uvl,16,15,43411092,true,1586483,30206040,5338595,3749521,55321,2070674
10,../model_20170904_444361354.uvl,46,33,62521905,true,1789623,43205420,6881428,4014248,131614,5817520
13,../model_20141107_655975442.uvl,10,9,35232231,true,1661313,21784593,6253792,3801779,45053,1334767
0,../model_20121018_1970318852.uvl,16,15,46662549,true,1447648,28210753,8066984,5380659,56786,3029915
5,../model_20190510_899437477.uvl,13,11,45487580,true,1664827,32319332,5628803,3747565,42849,1711655
3,../model_20141023_437365215.uvl,35,38,83026036,true,2001336,54502347,10037062,6882114,224598,8718431
12,../model_20120111_1667229430.uvl,24,19,64172082,true,1613876,45470990,6312941,4306280,140516,5812298
11,../model_20160309_1721210506.uvl,14,11,54300821,true,1642720,34277991,8620477,5924324,79807,3242812
15,../model_20121018_242475712.uvl,16,15,57843688,true,1550565,37454978,8803880,5911047,97162,3507230
9,../model_20120205_24117969.uvl,34,34,77395342,true,1685646,58583433,7664122,4622562,91506,4212210
2,../model_20200901_1615961503.uvl,38,29,80562936,true,4076266,50244948,9683596,6899608,181735,8700934
6,../model_20170919_1946252337.uvl,48,29,67569211,true,1891081,47849023,6746177,4398622,123757,5907071
13,../model_20151202_1529785580.uvl,40,40,52878584,true,1649752,32030380,7970575,5233702,198831,5029474
4,../model_20180304_290046860.uvl,48,28,74019722,true,1804966,50978728,7808223,4631753,134739,7630928
10,../model_20160420_1926809017.uvl,12,5,46246815,true,1670975,31101912,6282540,3900949,63421,2824295
14,../model_20140420_1899694432.uvl,55,54,74781590,true,2220727,52218702,7189216,4578068,264191,7503874
8,../model_20150616_74187279.uvl,17,11,60662805,true,1827825,38285689,9692982,6262627,86407,3926504
5,../model_20160912_1428022317.uvl,49,57,91958199,true,1878697,57423878,11037944,7553011,420633,12460385
0,../model_20130809_353548541.uvl,57,52,82390834,true,2138976,59735093,7891375,4730432,152657,6645181
7,../model_20221220_1576677705.uvl,14,10,40901716,true,1731777,25741817,6518709,4047197,53137,2433371
11,../model_20150302_1660900120.uvl,31,34,65998456,true,1788077,49420063,6488527,3796325,108831,3871925
15,../model_20200128_1669015551.uvl,23,19,36557996,true,1624979,22054371,5261383,3962814,64277,3103794
9,../model_20150310_563618715.uvl,33,40,63132848,true,1638798,46862586,6038203,3582118,121578,4361397
2,../model_20111111_1026730216.uvl,37,29,51185856,true,1848276,33949888,6507162,3814730,93506,4373043
6,../model_20110715_945252556.uvl,32,32,44431342,true,1509219,28242202,6476638,3893155,92896,3591552
10,../model_20110704_555218409.uvl,11,11,28613834,true,1433040,17236359,4447983,3609961,44889,1473680
8,../model_20150423_1415525319.uvl,27,21,36940393,true,1577014,22259142,5732638,3748886,75463,3040009
0,../model_20160330_387052519.uvl,21,13,38076620,true,1692328,22148485,6225552,3989621,52458,3503999
7,../model_20140425_366530615.uvl,11,10,54844413,true,1574542,35002822,8803466,6019669,87532,2898609
15,../model_20200403_1286696698.uvl,37,34,47753101,true,1817961,30491123,6326032,3842604,104401,4547766
5,../model_20230426_159926820.uvl,59,43,61066156,true,1631526,39049800,7204609,4655390,144402,7236658
9,../model_20131112_1855381012.uvl,31,30,43183747,true,1411148,26593295,6489882,4060873,95580,3991651
2,../model_20140306_1313194877.uvl,32,31,76767146,true,1436738,60206235,6532792,3979945,91655,3970247
1,../model_20101124_661702924.uvl,15,15,49204740,true,1611009,32157620,6417815,5039122,115051,3469817
10,../model_20200810_1781368898.uvl,21,20,49243723,true,2441162,29339541,9060184,4238964,104603,3288344
6,../model_20180511_935028612.uvl,20,23,66234926,true,2772992,40436647,9245070,6010596,155062,6974420
0,../model_20121025_1453237615.uvl,20,20,39652464,true,1740871,25424489,5708933,3810104,68573,2401080
8,../model_20230322_208918165.uvl,40,27,92554774,true,1581491,73537266,6843404,4952232,156996,4861690
3,../model_20150506_2068045691.uvl,20,20,37524938,true,1691007,22319766,6946963,3650602,62450,2412790
7,../model_20151124_1131991591.uvl,34,34,45866114,true,1781364,27358671,7208211,4095825,167241,4663577
12,../model_20101208_1056693380.uvl,25,25,50430576,true,1807545,36226711,4677421,3646343,126868,3474798
15,../model_20140914_775838300.uvl,24,24,47381940,true,1605738,33279913,5180599,3677975,69193,3136891
5,../model_20150611_578706116.uvl,13,12,31774156,true,1484178,17845133,5921229,4189529,46798,1941938
9,../model_20130226_1908057354.uvl,16,14,42224628,true,1614929,27661571,5669532,3476130,112749,3177063
1,../model_20230323_1108197556.uvl,17,15,55473727,true,3459758,33573774,8288352,5747203,98272,3801382
10,../model_20110330_919429247.uvl,25,27,64772654,true,1485843,40327727,9421405,6365261,164858,6047817
2,../model_20160519_1444507509.uvl,41,42,82552221,true,1885556,51286624,9779320,6665518,273666,11784268
6,../model_20160716_1943328700.uvl,18,17,58477089,true,1712563,36118123,9410344,6342117,108837,4176615
13,../model_20230322_1573076538.uvl,17,16,40193401,true,1599886,25271107,6198340,4258555,52424,2425671
4,../model_20200425_1144751894.uvl,10,12,35642960,true,1658193,21944887,6249039,3731765,52110,1643537
0,../model_20200225_1125771038.uvl,43,40,52778167,true,3020339,33003305,6384189,3845720,130621,5665940
14,../model_20230322_1882971454.uvl,21,21,36712002,true,1740449,22002527,6379148,3603595,68024,2403277
3,../model_20131112_1630582425.uvl,28,20,54426913,true,1487491,29049701,10332847,6441934,137784,6238698
7,../model_20190416_886742925.uvl,12,12,45021819,true,1667762,32433775,4605356,3724047,76436,2111532
8,../model_20120201_899753062.uvl,27,31,78849310,true,1806467,57872092,6316722,3805608,136369,8370796
12,../model_20131112_64627122.uvl,13,12,34113297,true,1443930,20675638,6277092,3628799,49935,1627984
11,../model_20230609_1502711362.uvl,22,22,60465024,true,1757581,39317327,6987152,6379910,141396,5423627
10,../model_20180927_642324190.uvl,51,46,51550712,true,1765009,31619592,6946061,4507523,127647,5848689
2,../model_20130414_861625706.uvl,15,15,34761729,true,1488523,20996595,6481823,3394392,53042,1875769
6,../model_20100415_240595643.uvl,31,32,48137514,true,1383565,30592358,6401794,4727460,118224,4331704
13,../model_20200320_13307140.uvl,10,10,51720298,true,1773593,33498866,7277467,6241522,68927,2410757
4,../model_20110216_1027109687.uvl,12,16,55974429,true,1504390,37791908,6842280,6018828,119816,3306057
7,../connector_fm.uvl,20,14,42975767,true,1499486,28831730,5863113,3577454,101664,2662060
14,../model_20170904_998227463.uvl,42,37,54112881,true,1880299,33189828,6802463,4035397,178206,6925946
3,../model_20140614_436006902.uvl,25,25,49411684,true,1598350,31259044,6647515,4115522,175990,4766073
12,../model_20140820_1349433690.uvl,22,22,39355387,true,1709170,23610528,5847248,4137490,106700,3393178
11,../model_20180512_810540422.uvl,23,23,52105801,true,1612128,33241759,8728731,4379997,161796,3366248
8,../model_20130820_1465112187.uvl,49,49,57725127,true,1810645,36904337,6350693,5362229,187775,6264610
10,../model_20131112_817529963.uvl,40,40,45907522,true,1737056,27112663,6983151,4272184,113041,5037173
2,../model_20201010_633615094.uvl,12,11,31728099,true,1426994,19191075,5089049,3318827,40944,2355656
6,../model_20120419_1397354511.uvl,20,20,43624796,true,1779113,28847855,5985740,3943622,70880,2554057
13,../model_20190122_546529784.uvl,18,18,60838252,true,2099844,37307965,9662372,6546530,122841,4344332
4,../model_20170918_2076946141.uvl,16,10,55434368,true,1669838,36849253,8168097,4956463,90805,3354001
14,../model_20130529_1187431770.uvl,16,16,31973965,true,1489800,19334420,5436350,3353336,57901,1909613
12,../model_20180222_786472237.uvl,12,7,39696782,true,1520979,26443079,5815909,3670326,37175,1830572
3,../model_20120328_663906927.uvl,28,25,65224151,true,1638627,48059427,6490399,4278331,160164,3877242
11,../model_20131122_1241273029.uvl,18,18,55834564,true,1711442,35242044,7794975,6208698,112085,4119092
8,../model_20131203_151571988.uvl,54,51,84831741,true,1954161,62190788,6871995,4150500,298171,8639086
15,../model_20120920_383492576.uvl,11,12,46179936,true,1755740,31499076,6675972,3982365,64602,1854488
5,../model_20130916_1983257725.uvl,16,15,41333131,true,1719311,27012695,5750041,4446805,51188,1863394
10,../model_20140917_195564800.uvl,16,16,51256200,true,1476681,33406061,7350695,5939857,51162,2535811
2,../model_20170918_1996976409.uvl,33,33,73546301,true,1798286,46362075,9923893,6778957,212037,7678953
1,../model_20140328_1965511118.uvl,10,10,34066676,true,1610973,22941070,4355548,3485718,39584,1310390
9,../model_20120609_84195762.uvl,26,21,65396712,true,1881530,43118154,7998045,6182669,133807,5496166
13,../model_20120705_77954373.uvl,22,18,44558272,true,1811662,29064363,6424148,3774752,61031,2525705
6,../model_20101117_2128796258.uvl,72,69,113286719,true,2261280,87122699,8083339,4483193,239740,10097605
4,../model_20160229_1734203468.uvl,48,29,108641678,true,2022197,86654783,8430847,4122221,153019,6215260
14,../model_20190917_1484600794.uvl,17,13,37383449,true,1541729,23056662,6443216,3645474,54189,2243856
0,../model_20200815_433256797.uvl,39,33,52901952,true,1779582,33258839,7302571,4504524,171746,5163311
12,../model_20140207_1303140975.uvl,12,12,42096133,true,1518040,26140101,6165314,5468507,71533,2389972
3,../model_20140410_1285833987.uvl,11,21,45932404,true,1590221,31667752,6280654,3654047,84745,2274062
15,../model_20190124_988857604.uvl,46,41,68238541,true,1870367,45647099,7954671,4468822,230772,7343282
8,../model_20180729_2071913647.uvl,24,29,47691456,true,1794446,31093428,6655706,4066039,93705,3510829
5,../model_20130529_552715089.uvl,17,16,39310809,true,1423462,22825373,7110249,5424568,59917,2060127
2,../model_20171021_192017753.uvl,17,15,35036618,true,2696887,19055007,6118351,3512056,62089,3163859
9,../model_20130510_203163945.uvl,18,12,50999058,true,1586267,34207175,8789039,3638096,52422,2204147
13,../model_20120328_1974817485.uvl,13,8,45912966,true,1573162,31860315,6078712,4330011,48463,1694438
4,../model_20200128_23228584.uvl,23,23,49909521,true,1518874,34626783,6010548,3981542,82672,3257007
14,../model_20160308_190029672.uvl,33,32,48936729,true,1827801,31618691,6538639,4223492,93217,4071023
3,../model_20140511_603377022.uvl,15,14,42827506,true,1522475,25403776,7359038,5505105,59671,2625057
0,../model_20170414_1751865819.uvl,77,84,90058096,true,2506642,55037951,10445174,6489916,517189,13967145
7,../model_20121018_1550648286.uvl,16,15,60572948,true,1648589,38062503,9943877,6463925,114560,3776758
12,../model_20200121_827473084.uvl,17,17,54043771,true,1746337,37614950,7405953,4191569,90721,2520690
15,../model_20101020_1809093990.uvl,20,20,55928033,true,1712770,37675909,6317121,5365413,71336,4210492
8,../model_20200819_710049424.uvl,28,25,48828847,true,1857986,27901246,9567092,4755341,77451,3933632
5,../model_20160227_1389842098.uvl,48,51,110198160,true,1861482,91594080,6002886,3981078,156528,5916013
2,../model_20200728_429027371.uvl,17,16,34146375,true,2168063,19816476,6128539,3617569,54356,2005748
13,../model_20130123_686198065.uvl,40,40,68506598,true,1739570,50701440,6516993,4237888,113651,4553390
9,../model_20150527_1979644627.uvl,72,58,100598396,true,2153469,72397718,9008266,5766909,252755,9829223
14,../model_20190430_2137275351.uvl,37,35,64732368,true,1726016,47658003,6267591,4023547,164833,4207897
4,../model_20160308_79396455.uvl,41,44,93200334,true,1797297,61932903,10997012,6999459,335559,10117688
3,../model_20230322_1855764436.uvl,26,22,51086472,true,1820157,32502723,7617487,4438047,130267,3998780
0,../model_20170618_724645944.uvl,13,14,54803243,true,1611044,33363927,9679528,6082012,113219,3421016
12,../model_20140430_1532303117.uvl,32,20,64634247,true,1885046,42191444,10051302,3977767,83230,5572361
7,../model_20200128_745414394.uvl,23,19,99204598,true,1830996,74745596,9876140,6403960,238063,5416327
11,../model_20140322_1340045027.uvl,10,10,50844499,true,1716018,33527792,6502819,6291058,75292,2385058
8,../model_20120909_341305614.uvl,32,34,59569114,true,1893718,39836242,7207062,3894759,184990,5798813
15,../model_20140819_709073537.uvl,43,44,86176184,true,1907708,55280740,10402260,7294846,246722,10059771
2,../model_20110428_553405269.uvl,37,29,56396010,true,1896173,38441426,6792004,3791937,104328,4763169
10,../model_20190915_1211977272.uvl,22,21,54273857,true,1769415,33385622,9190208,5553307,68784,3659600
5,../model_20190917_512190943.uvl,45,37,70588221,true,1817330,43163212,9212888,6277667,193747,8932518
1,../model_20110127_1318390760.uvl,13,11,40118938,true,1707740,26973621,5407109,3436095,78258,2086377
13,../model_20181019_994429580.uvl,10,10,53057590,true,1581060,33199352,9113368,5984533,79663,2658860
9,../model_20160329_1152124785.uvl,21,20,39062652,true,1583854,22987400,6933105,4196661,69545,2752499
3,../model_20101111_156018899.uvl,12,11,39473628,true,1583767,26831198,5589666,3593953,42754,1462126
6,../model_20120423_1625073325.uvl,32,26,43379215,true,1930548,27709855,5910855,3546186,87346,3601895
8,../model_20130121_710180273.uvl,10,11,51640267,true,1449344,34065857,7082196,5723267,85152,2808887
11,../model_20180917_1978871462.uvl,50,45,73583491,true,2014743,52672296,7626850,4658990,172108,5663336
7,../model_20200810_1006372985.uvl,36,36,63561334,true,3627728,42922793,7324305,4622146,111863,4322686
15,../model_20180305_1393570452.uvl,48,43,81173252,true,1960744,58997995,7721397,4318681,191222,7281038
10,../model_20150301_300492477.uvl,33,32,63296064,true,1810648,45867117,6303036,3941296,175658,4590136
2,../model_20160329_268958808.uvl,47,54,68057339,true,1989837,36604322,11566495,7349119,194137,9165386
5,../model_20121123_1672558767.uvl,15,17,38431503,true,1562862,21212410,8157593,4966728,59925,2074327
1,../model_20120513_373795895.uvl,14,13,69356135,true,1653147,51619482,7592614,5239467,65382,2717646
9,../model_20141205_2005181775.uvl,33,28,66978741,true,2828836,46101081,6381803,4859636,199089,6108783
13,../model_20221101_871584152.uvl,19,28,70924050,true,1634642,54315159,6388524,3945181,120415,4104420
3,../model_20110525_564104612.uvl,27,32,50493517,true,1899434,34502662,5595368,3714150,161474,4026101
11,../model_20121018_436901160.uvl,16,15,33967838,true,1641124,20647946,5653451,3746444,51779,1846712
10,../model_20150208_2120373387.uvl,25,21,45916206,true,1600371,30099804,6387248,4038170,98357,3186938
6,../model_20141104_1527188029.uvl,140,140,107978426,true,4961670,67054476,10471115,6369993,433850,16938923
15,../REAL-FM-17.uvl,25,24,45564175,true,1760364,28060057,7722056,3929412,102232,3492590
2,../model_20150428_2048110240.uvl,11,12,44564380,true,1614045,28712207,7829261,3984571,54984,1938245
7,../model_20130703_1107240012.uvl,64,27,70053589,true,1814996,44561981,8976832,5363118,201938,8202167
5,../model_20110826_252647654.uvl,24,24,47893678,true,1663930,33258177,4422192,3904133,84091,4056500
1,../model_20170505_1428478521.uvl,24,26,65311064,true,1750611,41337508,9608885,6269036,159409,5555356
9,../model_20140801_240918546.uvl,22,13,63286093,true,1542743,39248978,9933196,6242062,109186,5510715
13,../model_20110622_260389190.uvl,12,10,55596754,true,1417791,33057724,9704913,6394111,80604,4459394
3,../model_20171204_404453510.uvl,21,22,51493961,true,1525219,37537719,5570331,3777662,74222,2626633
14,../model_20161207_285955518.uvl,54,46,62449382,true,1924342,40095104,7680705,4772688,192148,6894375
4,../model_20140403_1688136935.uvl,45,42,78847654,true,1886190,53241106,7335520,6407856,326033,8956308
11,../model_20121102_768518520.uvl,14,14,56880777,true,1652648,35310673,9534570,6372613,92364,3389958
0,../model_20141106_1014782772.uvl,17,17,35043567,true,1776911,20851234,6088377,3739822,56909,2103270
15,../model_20100712_329430908.uvl,20,20,52227450,true,3345375,29962339,7982300,5984288,112506,4312336
12,../model_20140825_2017008690.uvl,58,59,78635560,true,2064480,56203475,7321383,4694261,156934,7411501
7,../model_20140422_2137156564.uvl,35,32,79419431,true,1831693,52933534,8644059,6781649,200223,8337081
2,../model_20120408_404695779.uvl,70,66,139609865,true,2379092,105048784,12368146,7877520,212667,10176315
1,../car_fm.uvl,14,12,42039913,true,1587043,28147697,5719060,3622794,84284,2511352
13,../model_20121123_1445508018.uvl,16,16,41539600,true,1796347,26384381,5329912,4211103,87037,3308152
9,../model_20230505_1739075744.uvl,42,45,60727838,true,1744331,40081974,8721516,4085434,118747,4979586
3,../model_20150212_1516383976.uvl,12,8,53334682,true,1717375,34489044,7457253,6229751,84041,2924621
14,../model_20120701_1498696792.uvl,11,11,52434567,true,1821242,32719800,8721188,5993670,75716,2598508
6,../model_20200316_153170359.uvl,124,103,130278158,true,3066448,88893065,10872973,5840717,647297,18319579
11,../model_20110407_1283128166.uvl,51,52,77444840,true,1893613,47650545,8306889,7296425,269880,11054820
0,../model_20180512_276218752.uvl,36,38,71285381,true,1871168,48808334,5166124,5835696,315687,8485498
15,../model_20161118_228131771.uvl,66,79,91665168,false,3796860,56902962,6675065,7770706,426485,15891098
8,../model_20140824_525404983.uvl,47,47,74139623,true,2096527,50685225,7296021,4783827,241583,8325898
12,../model_20120314_1438691117.uvl,13,13,31558429,true,1530685,18821080,4634055,4238051,47097,1915624
7,../model_20100322_955726153.uvl,20,20,63965960,true,1685855,42179880,8667634,6017697,128425,4686678
2,../model_20130722_443972122.uvl,12,12,35931227,true,1557044,23207664,5746056,3315578,46231,1738851
13,../model_20190922_718247414.uvl,12,10,52919921,true,1600757,34890721,8194991,4823281,74414,2922930
9,../model_20140819_2062208658.uvl,26,26,54504146,true,1621104,39626407,4983368,3877909,81625,3725321
3,../model_20160620_457730604.uvl,20,20,37878295,true,1726485,24053365,5038477,4088698,81489,2476237
1,../model_20110527_1847306763.uvl,63,106,127493912,true,2572868,93966963,9778443,7971909,351146,11897996
6,../model_20110301_216655728.uvl,10,10,29785030,true,1706120,19063668,4033038,3449123,38758,1174765
0,../model_20121219_1714348674.uvl,10,10,48352555,true,1459763,31184354,7041355,5966037,66498,2286332
11,../model_20151119_424700280.uvl,10,10,47475887,true,1570252,34071231,5914225,3730184,45114,1798057
12,../model_20110823_1386366267.uvl,15,14,49217392,true,1629952,35580429,5934359,3605573,58739,1994523
14,../model_20171018_1720986032.uvl,130,107,128003947,true,3282610,86790513,11895717,6846723,326748,17037009
10,../model_20140423_277886534.uvl,21,18,51921736,true,1672450,35076986,6735466,4433751,105106,3457726
5,../model_20121123_638033800.uvl,14,13,36970837,true,1618320,22941708,5895922,4202103,48831,1834827
2,../model_20120829_28461699.uvl,11,13,53301559,true,1546388,33489046,8688602,6013769,90380,3004393
13,../model_20110116_381192414.uvl,60,61,67057435,true,2124902,43109222,6975119,4196859,227254,9526789
9,../model_20131112_2028027455.uvl,13,11,50259578,true,1752676,34913467,5699948,4299248,84261,3052477
1,../model_20121019_1128529660.uvl,14,12,48203523,true,1540387,28065038,8708544,5954363,78546,3360734
3,../model_20150307_1251635490.uvl,35,36,64350967,true,2803604,38411219,9508141,6203911,189552,6434936
6,../model_20150208_1225865238.uvl,42,34,69791594,true,3858734,44885324,7879968,5037887,134085,7229558
0,../model_20180514_381391194.uvl,20,20,49638093,true,4581179,25656815,7642916,6415577,115792,4618465
4,../model_20150411_1378086632.uvl,15,9,52655663,true,1609831,33112548,9600674,5779256,45411,1981540
14,../model_20160229_707006027.uvl,13,14,38992707,true,1585645,26040257,5351439,3764433,56195,1789971
12,../model_20141108_202761108.uvl,10,8,30531845,true,1605928,18152734,5682293,3286648,38436,1340241
10,../model_20120328_1373483522.uvl,13,14,40200665,true,1789045,25492316,6458496,3679884,86195,2080553
5,../model_20141108_701198022.uvl,11,11,38203423,true,1545461,23228582,6074542,4723656,64585,2184951
13,../model_20120110_1256867454.uvl,10,10,55906495,true,1481611,35858521,9217347,5974105,88902,2859039
2,../model_20120717_770767926.uvl,11,10,86508364,true,1655543,70451333,7021232,4619890,74517,2258588
9,../model_20110605_1465859222.uvl,17,17,52566129,true,1818410,35440221,5781840,4988384,108470,3848042
1,../model_20110207_1623721536.uvl,27,32,45099691,false,1659670,30820305,4533588,3990401,116245,3797237
3,../model_20170720_160368734.uvl,14,14,33445206,true,1839488,20634202,5012373,3719014,47336,1770327
6,../model_20170518_711240246.uvl,36,36,58385864,true,1920209,40326918,6615924,4009805,153433,4580420
0,../model_20110207_906076676.uvl,12,8,51074379,true,2065358,30559457,8993779,6028057,69072,2927892
4,../model_20160304_1567363129.uvl,19,23,50674098,true,2980182,32094687,7708240,4340282,91631,3041384
10,../model_20170518_1713871521.uvl,15,16,55486180,true,1661798,35081357,9081747,5820148,112435,3189476
12,../model_20091210_241985787.uvl,16,16,58564104,true,1497182,37388101,9577457,6135207,55482,3332835
14,../model_20170918_191476099.uvl,48,49,116963013,true,1890556,95288732,7483740,4741820,136587,6699968
8,../model_20130916_1649901124.uvl,16,15,38997586,true,1761968,24415133,5803341,4749249,52874,1866515
15,../model_20180512_427876131.uvl,37,37,49072755,true,1710723,28212331,8211818,5565895,109299,4339284
2,../model_20160329_304357596.uvl,23,15,56555920,true,1551457,36111515,9528160,5704560,61943,2940415
9,../model_20170313_788976149.uvl,12,9,52140970,true,1557786,32876082,8437033,6013357,91953,2711880
13,../model_20160911_493856736.uvl,45,29,64930881,true,1948477,41998916,7749748,4447419,124275,7872998
7,../model_20140508_536536644.uvl,36,34,71921556,true,2032155,47946780,9986789,4765151,122089,6079479
1,../model_20140109_637429284.uvl,11,9,43523596,true,1585912,30468295,6252309,3510243,41994,1316722
3,../model_20160913_2142740300.uvl,48,48,87854883,true,1863410,63338248,9139305,5334506,212400,7220244
6,../model_20121015_1348696629.uvl,10,8,34091922,true,1594040,21280959,5644691,3462280,77919,1694441
0,../model_20200513_1559879338.uvl,11,11,30220254,true,1546931,18103698,5359097,3399289,50725,1386220
4,../model_20160329_1144142418.uvl,54,33,55586462,true,1892377,35399431,6884852,4205446,127124,6308571
11,../model_20131112_990013628.uvl,10,10,29699878,true,1611502,17008945,5999620,3284627,38412,1396864
12,../model_20110406_656545830.uvl,17,17,63814709,true,1500685,51589559,4274528,3654682,60247,2318474
14,../model_20221018_544175819.uvl,29,29,59180369,true,2261338,40237294,6218828,3909484,158817,5905426
2,../model_20170517_1276361560.uvl,10,10,32637005,true,1691837,18718804,5561834,3743327,47786,2481403
7,../model_20110130_639381749.uvl,12,12,34575748,true,1714015,22515860,4168875,4169143,43505,1622380
6,../model_20090801_1908323193.uvl,13,13,30741264,true,1508219,18295137,5581572,3412019,49022,1587239
3,../model_20190917_490456110.uvl,39,23,53517503,true,1544031,34210470,8229259,4145027,89140,4676263
1,../model_20150304_617127008.uvl,56,66,71133018,true,1804820,46624463,7780865,5024588,438015,8343254
0,../model_20160329_578011837.uvl,23,18,38898510,true,1531798,22924182,5976657,3981429,72861,3735455
11,../model_20120701_899073101.uvl,11,11,44704076,true,2861717,27099780,7865618,5014472,41149,1514931
4,../model_20140423_1716161596.uvl,42,25,96001023,true,1642845,73097461,6822732,5480043,153572,8208651
12,../model_20160926_2009081259.uvl,54,54,80795803,true,2016387,56734256,5167565,4088701,341484,11625336
14,../model_20100326_770562654.uvl,27,19,42684586,true,1676300,26170218,6459739,3956762,78329,3832692
2,../model_20130125_189285641.uvl,18,19,40416671,true,1693752,24573596,7444839,3561657,60485,2680122
7,../model_20140324_1142291623.uvl,11,11,34869925,true,1467184,22455891,5687095,3531472,39628,1402354
5,../model_20221015_510481451.uvl,12,14,78703260,true,45430815,19662793,6002386,4386474,90142,2748825
6,../model_20170505_1995894898.uvl,32,27,44529631,true,1602929,28050085,6059038,3730526,100978,4425082
3,../model_20140514_1151327844.uvl,43,36,64465544,true,1822050,43695157,7522131,4303558,143642,6249829
1,../model_20091206_1647557456.uvl,10,10,63585535,true,1420226,50670231,5853964,3761937,50584,1517983
0,../model_20141102_1778359466.uvl,23,22,52390552,true,1751075,36499199,6325118,4221835,71016,2868798
11,../model_20130916_1001858303.uvl,15,17,44508022,true,1634592,30749749,5794385,3577948,59435,2236159
4,../model_20131122_1877947099.uvl,15,13,38107715,true,1518375,23694689,6895020,3581618,50935,1901727
14,../model_20141129_2117240468.uvl,12,14,45133846,true,1496177,29579631,6789562,4690716,89313,2078476
12,../model_20120113_1803352101.uvl,43,27,76364746,true,1920977,44917220,10804580,7064184,209986,10388173
10,../model_20131112_1399418967.uvl,35,28,65004144,true,1835254,38353560,10183794,6856943,160505,6678628
2,../model_20160329_2023954051.uvl,24,20,52315043,true,1749333,34092428,6888148,4596004,113734,4356073
7,../model_20171020_786614820.uvl,12,10,51998467,true,1670142,31577645,8708426,6063811,78902,2972757
8,../model_20120423_1196408273.uvl,16,11,36470597,true,1587573,22693799,6092369,3663494,45635,1966064
5,../model_20200810_903664942.uvl,25,27,44849891,true,1641176,26909275,8309001,4016926,88561,3182695
6,../model_20150523_1701783178.uvl,23,23,47168351,true,1733247,29793087,7243586,4517247,113973,3098106
9,../model_20190513_554652357.uvl,10,10,33350538,true,1620920,21276510,4614465,3906679,40599,1577583
15,../model_20200909_844580970.uvl,17,9,56975471,true,1693039,37962494,7179288,5925426,89448,3726373
13,../model_20180222_1790291836.uvl,22,19,51087261,true,1845768,33550165,7350762,3906558,71976,3898448
0,../model_20131122_641443746.uvl,14,14,39292064,true,1695422,26323951,5157100,3814992,49521,1848356
11,../model_20190223_2023041805.uvl,19,22,47286152,true,1644500,30893426,5528708,3933840,163318,4745395
4,../model_20140326_1693773444.uvl,13,14,48655080,true,1654134,35402397,5495207,3732064,62861,1908054
12,../model_20130529_1911302663.uvl,16,16,33274108,true,1594458,19839707,5557071,3737185,59996,2058763
14,../model_20120528_1294065815.uvl,13,12,48732210,true,1528708,33090210,5711202,4783360,78500,3174329
2,../model_20170704_1299892151.uvl,11,11,45664660,true,1488069,31932750,4543888,4786895,75913,2535094
10,../model_20141018_2078980023.uvl,87,86,71441575,true,2081452,45520584,8324150,4714358,222019,9482890
9,../model_20140306_1994550432.uvl,12,9,36112740,true,1466990,22751662,6042084,3769317,40055,1687763
13,../model_20180512_893377341.uvl,24,22,48510386,true,1692234,29698621,7679476,4725958,81781,3949552
15,../model_20230323_58681865.uvl,17,15,38245400,true,2780318,22330495,6345900,3917708,94966,2249126
6,../model_20100829_787258873.uvl,57,48,69416044,true,1905476,45972217,8638921,4396286,155209,7467748
4,../model_20120412_1314362396.uvl,12,11,32787246,true,1479634,20799169,5223817,3463339,41958,1406083
14,../model_20131122_224574976.uvl,11,11,30039270,true,1457721,18967822,4417612,3488011,42126,1264525
12,../model_20150701_451946642.uvl,22,14,38303153,true,1660416,22835535,6685411,3866507,55659,2682872
2,../model_20091225_1547989376.uvl,29,30,46473796,true,1753107,28720523,7465017,4249047,99599,3481163
10,../model_20180512_409172439.uvl,37,37,58403472,true,1736922,36725517,7385648,4579025,256984,6871654
9,../model_20230313_612090761.uvl,13,15,60225151,true,1596101,38401162,9604712,6274546,122403,3617979
6,../model_20190223_1275185141.uvl,10,7,39707284,true,1450536,25297696,6968448,3591305,73926,2037139
13,../model_20091210_993249741.uvl,29,25,55999366,true,1679709,36415960,7544018,4881907,153505,4544630
4,../model_20171029_714150136.uvl,10,10,42111395,true,1483876,29447579,3586709,4757673,67960,2372220
1,../model_20120829_881090911.uvl,10,10,31485079,true,1556994,17451089,6837708,3638972,39304,1595148
15,../model_20140305_850513381.uvl,63,103,108559567,true,2220288,81357729,8297637,4801424,390904,10541459
3,../model_20121106_1816491064.uvl,23,20,40758272,true,1928226,24417000,6610385,4330706,64741,2878192
14,../model_20140614_1989695192.uvl,29,35,57091865,true,3472935,31984747,7818589,6678355,115509,6513155
12,../model_20190304_818967793.uvl,29,28,69448577,true,1769995,43808684,9591136,6636901,165160,6652207
7,../model_20121017_2007593800.uvl,10,8,32474001,true,1604668,17131552,6568320,5098586,37567,1670068
6,../model_20110926_400852996.uvl,36,36,50189503,true,1747559,28518681,6854246,5056227,297477,7000932
10,../model_20140614_81946339.uvl,22,24,47663690,true,1609824,29774404,8689889,3785233,78698,3124278
9,../model_20141129_6569546.uvl,25,21,67928245,true,1731627,43418235,9817362,6268601,140226,5754984
5,../model_20150226_64791123.uvl,26,28,62313643,true,1811961,36412932,10286310,6757587,164335,6078704
13,../model_20200815_41086763.uvl,31,28,57092280,true,1957537,31398461,10482669,6372180,136536,5958580
4,../model_20120510_220834497.uvl,53,44,84361615,true,3213309,51468370,9124602,7054652,301590,12365696
1,../model_20111027_1380540076.uvl,10,10,35225673,true,1525583,20742015,6050049,4968166,38854,1548305
14,../model_20120828_1516795545.uvl,13,13,45205480,true,1576316,32175086,5579885,3775282,46233,1696277
11,../model_20130916_552778902.uvl,16,17,56894558,true,2806981,33952661,9141107,6384292,147660,3876466
8,../model_20170405_957299568.uvl,142,211,219383891,true,4493854,141600650,17186930,11560748,1446386,40006895
12,../model_20180122_1429516018.uvl,40,18,61807217,true,1789782,41097378,8848132,3837331,101659,5174279
7,../model_20200212_1763855182.uvl,12,12,33928948,true,3621933,20602613,4142990,3478065,43419,1680555
10,../model_20141113_1414990983.uvl,46,46,51923934,true,1735218,32642914,6763404,4219873,127633,5742741
6,../model_20160813_60083737.uvl,10,10,28101492,true,1557702,17031183,4325296,3605574,37342,1184378
0,../model_20200907_1598312227.uvl,130,130,144959627,true,3489050,107926747,7643281,5966299,382393,17095000
5,../model_20230323_867226898.uvl,16,13,50526329,true,1672265,35467380,6629107,4317731,54752,2006775
9,../model_20120728_275737618.uvl,14,14,55200944,true,1453817,35549819,7976418,6276396,86592,3348754
13,../model_20140401_1527258088.uvl,13,20,68612477,true,1404087,46420217,9418689,6150565,152686,4554933
4,../model_20130807_1787614695.uvl,13,13,41967874,true,1727527,27763181,6080564,4139547,49000,1755046
1,../model_20130821_470005647.uvl,43,43,80960374,true,3556227,50686832,8523639,7274235,216931,9562292
12,../model_20230322_413432441.uvl,22,21,49924069,true,1479552,27102016,9302976,6290682,122299,4936499
11,../model_20110925_62365838.uvl,23,23,57848946,true,1675531,40049762,4391906,5800435,137334,5371893
8,../model_20111201_372659565.uvl,61,38,73912391,true,2181395,46909615,8934448,5501153,167502,9180015
2,../model_20141006_1946000492.uvl,14,10,53224420,true,1631075,33279500,8508701,5746976,82416,3492117
7,../model_20170702_979744088.uvl,21,21,61466163,true,1907432,38398332,9311757,6153029,127580,4925768
6,../model_20180705_2136123533.uvl,10,10,49428314,true,1565635,32687606,6225057,6197108,70660,2245653
10,../model_20171016_777651910.uvl,27,26,45945518,true,3583700,26904583,7281397,3950431,162282,3588450
0,../model_20150611_1748318240.uvl,14,11,43545065,true,1607792,29683790,6229752,3600197,71214,1821156
5,../model_20170410_971411480.uvl,11,6,36864667,true,1461667,18347706,9612481,5464970,39006,1512527
4,../model_20180409_394573881.uvl,10,10,48476778,true,1535427,30479875,7451409,6115195,71255,2381513
13,../model_20140305_1745306436.uvl,20,12,56765915,true,1535138,34944811,9353125,5941311,99232,4301758
9,../model_20200120_1111265554.uvl,10,8,49787624,true,1541025,32544721,8626971,4570888,40849,2028449
3,../model_20121123_1692800929.uvl,16,16,39929890,true,3609050,22999746,6872291,3436902,107495,2421723
15,../model_20170916_132089042.uvl,48,60,74204034,true,2007228,51526226,7814192,4548094,195754,7337206
1,../model_20101115_2000504462.uvl,72,65,71387876,true,2326145,46851429,7252381,4506695,415815,9089687
12,../model_20100325_298677687.uvl,10,9,31040128,true,1493749,16543984,7618229,3746609,34910,1247933
8,../model_20190922_499979669.uvl,25,29,60994088,true,1630469,44669107,5976734,4606091,169811,3411605
6,../model_20130808_465499656.uvl,22,14,39642002,true,1538192,25913275,5511861,3342427,56649,2818431
0,../model_20171012_432118074.uvl,28,28,40970513,true,1850597,24894120,6059386,3923116,87625,3554408
4,../model_20100216_713947806.uvl,12,12,37918083,true,3423167,23903713,4469601,4139625,43201,1549478
13,../model_20150228_41303449.uvl,33,33,48460581,true,1902039,26688259,8743952,3915661,100757,3908987
9,../model_20141023_1082000051.uvl,37,49,96997411,true,1668518,69528971,9295185,6400688,257604,9070089
5,../model_20160225_419189676.uvl,47,52,119605044,true,2160486,96975339,7631953,4103423,165098,7607382
15,../model_20161213_651973816.uvl,21,25,50886325,true,1598215,35682635,5883639,3843247,97061,3323112
10,../model_20160330_888130075.uvl,73,73,117845678,true,2285113,84548019,11846577,7893155,273939,9389555
12,../model_20150222_2069201003.uvl,13,13,39324639,true,1634026,22370394,6679139,5635198,48700,2487753
1,../model_20141018_811394530.uvl,23,22,45045182,true,3426478,24226834,8327916,4393053,70986,3922923
8,../model_20160504_814917052.uvl,26,20,41205679,true,1635880,26074582,6064689,3964644,70124,2921791
14,../model_20160512_1688304541.uvl,31,25,53765027,true,1935185,36938761,6643597,3771851,82575,3784215
6,../model_20120905_104354355.uvl,13,13,34280991,true,1546787,22281261,4009438,3674493,43021,2342973
4,../model_20121123_1047250318.uvl,16,17,36432925,true,3479858,20466453,5773168,3625346,66808,2624522
0,../model_20160428_283258262.uvl,40,37,74294074,true,1792102,55800186,6764728,4235515,253070,4789117
5,../model_20151201_896154285.uvl,24,21,42233072,true,1586035,26797499,6621269,3755208,80637,2957469
15,../model_20180611_848416665.uvl,10,13,48358452,true,1542955,33599632,6784728,4325708,55269,1748434
12,../model_20171213_638254090.uvl,11,10,35603730,true,1667813,22980172,5399328,3366121,73320,1714040
10,../model_20150309_1544990511.uvl,39,42,54771313,true,1784282,36931354,5505791,4792834,126229,4946608
1,../model_20131129_1795005487.uvl,10,10,41662572,true,1515020,25217510,7809765,4375910,45636,2284776
8,../model_20140209_1382642350.uvl,41,29,91140020,true,1935617,61186305,10549990,6823675,227001,9428568
11,../model_20140819_940483638.uvl,11,11,50233126,true,1521329,32280239,7440997,5916705,75637,2568240
6,../model_20130302_379367837.uvl,10,11,34519870,true,1476344,21884458,5926012,3465385,73057,1376103
2,../model_20141119_1676144838.uvl,14,14,31588287,true,1835410,19926527,4233911,3305754,47835,1796474
4,../model_20140826_2051139991.uvl,31,31,72785415,true,3415708,45522689,9017553,6877797,175858,7198758
0,../model_20160503_1174916821.uvl,42,44,71385937,true,1864981,47031386,9033514,6795567,123520,5603906
7,../model_20130627_888588099.uvl,17,16,51197480,true,3626129,28888817,9170848,5556776,93197,3301815
5,../model_20190326_164569423.uvl,10,10,46750050,true,1589016,29132229,7147184,6027240,75557,2371972
15,../model_20150416_264061404.uvl,47,24,88556412,true,1955150,56412360,11141176,6775361,188920,10885222
1,../model_20190526_2060834946.uvl,12,9,46820578,true,1675536,32218029,6748778,3833390,58968,1946272
3,../model_20141017_1234330746.uvl,38,48,90995488,true,1995377,62137567,8854068,6822529,275212,10036939
12,../model_20180306_832754487.uvl,49,53,163090821,true,2026933,132597403,11545421,7258902,261527,8165366
6,../model_20120110_1094246588.uvl,10,10,55430909,true,1626926,34677818,9114021,6511124,88029,2972712
8,../model_20150621_1174641946.uvl,36,32,71481308,true,3676977,40403647,10580668,7107294,197127,8532178
11,../model_20160913_245590430.uvl,38,38,101693759,true,1865464,71399435,10968029,7040062,244648,9134268
10,../model_20190917_729866659.uvl,83,56,124355101,true,2345536,79502333,13015027,8120715,392369,19020684
2,../model_20130812_1882708509.uvl,41,51,85097868,true,1927608,60151204,7524079,4719194,317011,9828654
7,../model_20120201_1444061231.uvl,38,37,83883321,true,1728297,64114714,7018095,4425803,136460,5922744
0,../model_20130725_1746580783.uvl,16,17,41694932,true,1600396,24389290,7842075,4505210,97415,2702263
5,../model_20140403_1254324003.uvl,28,27,43818325,true,3609767,25850787,6047515,4269559,82192,3445937
4,../model_20230616_862941800.uvl,30,26,56518167,true,1679316,39760934,6237638,3948850,79081,4226954
9,../model_20130916_302923469.uvl,16,17,38142307,true,1708876,23376498,6947294,3533374,58270,2054186
13,../REAL-FM-8.uvl,17,17,59553024,true,1817148,37375982,9256720,6267660,114970,4132713
14,../model_20170402_765751837.uvl,329,359,368150556,true,13819176,267200366,20649201,11486898,1594707,48681764
15,../model_20230323_425392427.uvl,33,29,59098536,true,1811401,36317497,10431587,4177354,167125,5239645
6,../model_20180307_2144246090.uvl,49,39,60027306,true,1919446,40325170,6663394,3916230,187803,6316721
2,../model_20110915_1159959623.uvl,10,8,35635548,true,1378979,21814959,6531753,3915259,71555,1587843
8,../model_20190616_1868431112.uvl,40,31,60337431,true,1753634,40194617,7407584,4253400,101580,5941579
10,../model_20140710_2059561340.uvl,33,25,64690637,true,1764736,41222093,7658521,6737391,104477,6580607
11,../model_20120328_1412454948.uvl,36,34,79690063,true,1920430,50683491,10648965,6960917,301709,8173020
0,../model_20130309_1354780318.uvl,11,9,54357062,true,1500401,34269454,9284449,6159020,68873,2638197
5,../model_20190411_1457420991.uvl,18,27,56083442,true,1780112,41136092,6010323,3591666,98122,3010811
9,../model_20230323_642188361.uvl,23,22,36057473,true,3225190,20407615,5849797,3378129,79389,2630630
14,../model_20221109_1435495840.uvl,14,15,40617394,true,1526964,26316220,6649230,3619046,60012,2040642
15,../model_20141129_264528063.uvl,13,14,51196799,true,1559710,32781400,7422530,5767608,94088,3116667
13,../model_20170219_358603289.uvl,62,62,97657451,true,2234570,65013477,8774132,5505397,2133346,13072254
6,../model_20130418_1960440366.uvl,29,32,51714238,true,1671272,36577034,5732886,3592074,156674,3511574
8,../model_20131112_330151541.uvl,21,16,37271185,true,1555755,21911271,6180396,4232253,62613,2840691
2,../model_20140508_530056624.uvl,36,49,68532898,true,1747552,42527638,8786492,4467196,208052,10084516
11,../model_20131124_646639708.uvl,16,17,40164457,true,1726056,24824948,6930718,3858552,99494,2272550
0,../model_20131206_684654596.uvl,12,12,57645475,true,3332190,35083262,8985722,6381301,109137,3233630
10,../model_20130219_1778040846.uvl,40,38,85704328,true,1865075,56379795,9928611,7137298,215171,9204613
5,../model_20110601_1103941862.uvl,12,12,42396469,true,2190351,27968675,6080866,4191697,53476,1622568
14,../model_20110919_127780100.uvl,37,27,59279458,true,1823857,39264910,8259827,4095233,104571,5065061
15,../model_20140427_1594857347.uvl,19,21,48887122,true,1572901,33276864,6881275,3633376,232979,2814244
13,../model_20200621_929471783.uvl,11,11,40359330,true,1557658,24731180,7376304,4181670,53271,2004771
1,../model_20140824_1698583194.uvl,66,66,92759352,true,2322883,56490663,11302421,6820770,1858943,12477776
6,../model_20190920_579117949.uvl,13,17,98774597,true,1643052,82394535,5570059,5366916,108704,3258617
12,../model_20180729_778045288.uvl,31,34,45701783,true,1925136,27781922,6832160,4122168,103133,4269499
2,../model_20170926_289427240.uvl,11,8,50119315,true,1544812,31847263,7430009,5973702,87785,2833232
3,../smart_home_fm.uvl,59,62,87075143,true,2279436,58527192,7016467,4397917,1736259,12119370
4,../REAL-FM-4.uvl,290,310,298485971,true,9641551,187603187,24766959,13298225,1031158,56125690
0,../model_20190513_110684557.uvl,10,10,38995664,true,1591186,23979898,7142112,4207940,58372,1602825
11,../model_20150419_1225785874.uvl,11,9,49273107,true,1556138,31254015,8175475,5721184,41464,2174431
10,../model_20160225_2040495200.uvl,50,29,70664260,true,1976341,50166423,7067477,4783613,121141,5827099
5,../model_20170504_370000031.uvl,36,37,70697271,true,1843346,53495823,5947981,3800824,122554,4751655
7,../model_20141103_285596543.uvl,25,27,66152770,true,1893377,46015634,6876449,4742602,168811,5962927
14,../model_20190917_659690280.uvl,12,12,30596198,true,1555086,17846971,5732600,3421816,41084,1579926
15,../model_20180222_524224426.uvl,26,14,49390265,true,1757666,33777090,6053232,3756185,108766,3364214
13,../model_20120722_2065280700.uvl,13,9,54217481,true,1692413,34641573,8398000,5688174,87330,3203357
12,../model_20190108_414883666.uvl,17,17,33653463,true,1717266,20171260,5744490,3622548,53944,1943229
3,../model_20140530_1262796172.uvl,10,9,28342178,true,1586242,16384512,5314430,3261338,35974,1406416
2,../model_20130916_667715515.uvl,16,16,58513286,true,1662798,36525527,9285225,6459071,108328,3937125
4,../model_20161124_135805624.uvl,37,37,70200279,true,1664141,46046031,6484250,6976085,204027,8219491
11,../model_20140326_183546394.uvl,11,11,50429224,true,1530231,32664021,7039960,6154603,79499,2562320
0,../fame_dbms_fm.uvl,21,16,81828576,true,1644163,63903773,7183300,4017055,111147,4493837
10,../model_20170311_1316290182.uvl,48,48,98800889,true,2063547,65721884,10259042,7277738,236274,12524646
5,../model_20150427_2103265175.uvl,56,54,100662775,true,1933085,68994586,7940161,5881770,1952817,13067421
7,../model_20130116_1542765516.uvl,10,9,39548214,true,1578184,25463386,6134874,4595817,37525,1375403
14,../model_20171005_661289758.uvl,10,10,44591281,true,1596733,31517918,5490343,4394129,50270,1208815
15,../model_20230322_928718925.uvl,20,16,60603165,true,1578632,38323596,8913383,6373579,111002,4715854
9,../model_20150309_1129343473.uvl,33,38,100970301,true,1906191,76610667,8587251,5837889,214723,7188637
13,../model_20190922_267709941.uvl,35,35,62290706,true,1961070,44158767,6423143,3714087,97065,5308898
12,../model_20131112_356575914.uvl,20,15,61954542,true,1621595,41344214,7535828,6134695,108130,4664263
3,../model_20161122_1255346120.uvl,15,10,45189183,true,3170705,30928982,5309722,3483670,51840,1801674
2,../model_20160504_18344306.uvl,13,14,32754157,true,2507953,18690946,5898179,3533736,60479,1724765
4,../model_20110310_1849309646.uvl,23,20,41928701,true,1567255,26848891,6219560,3820447,73108,2950083
8,../model_20200901_164722413.uvl,11,10,41732022,true,1594794,28457145,6175782,3765398,47859,1328806
0,../model_20110823_553386338.uvl,21,21,48218061,true,1551736,36029158,4215109,3572622,65437,2327983
11,../model_20180304_1150769979.uvl,48,38,67707868,true,1881963,46357525,7530644,4351341,191166,6734838
5,../model_20180611_1140870617.uvl,10,13,36697188,true,1602380,22634219,5838212,3998406,81320,2123103
7,../model_20190916_779041735.uvl,41,23,57250197,true,3080162,35762036,8659367,3883516,90478,4825794
14,../model_20161123_1530983999.uvl,36,36,57680819,true,2633963,36302430,5349427,5754998,186317,6794675
9,../model_20190510_1232864614.uvl,12,9,52872493,true,1545380,33697101,8438914,5757750,74104,2896922
13,../model_20200816_33425673.uvl,39,33,52311164,true,1863649,35728479,5901132,3684270,98408,4335809
12,../model_20181016_583005690.uvl,32,34,60045510,true,3348045,39867536,7639110,4380068,156147,3949180
1,../model_20141129_1168519534.uvl,12,12,39457310,true,1628823,27037609,5321162,3370459,53750,1673592
3,../model_20160229_490224198.uvl,49,39,61353468,true,1977847,37916805,8247979,4388578,156602,7790198
2,../model_20201002_1982652571.uvl,15,15,53901027,true,1681464,35021616,7155166,6002539,95799,3571876
6,../model_20130916_156611854.uvl,17,15,56981772,true,1670298,35268406,9273591,6107708,104018,3972028
4,../model_20101024_1938793748.uvl,29,32,52453198,true,1652575,33440561,7390889,4525861,167759,4668892
8,../model_20170919_414938854.uvl,47,35,85031042,true,2057398,54474134,9304819,7245119,258992,10729399
11,../model_20100213_206550190.uvl,38,33,86544996,true,3576398,54723181,10091811,6953774,316821,9826232
7,../model_20190916_1777637747.uvl,10,10,76981856,true,1636213,66206082,4118700,3378363,38026,1254437
14,../model_20190913_1052617154.uvl,21,21,48380697,true,1698499,32313671,6359210,4129249,110116,3267126
12,../model_20140905_2124104947.uvl,10,9,31186982,true,1596631,18929999,5870930,3162212,39976,1234234
13,../model_20101109_1698100628.uvl,15,15,41583339,true,1550548,25884549,7094733,4396955,101042,2105845
9,../model_20150425_1862491910.uvl,80,77,74802639,true,2164192,46321083,8903991,5341842,281125,10615338
1,../model_20221017_1844403757.uvl,10,10,33444069,true,1570284,22610469,4175340,3453754,39278,1255947
3,../model_20141129_1031364.uvl,12,14,35153826,true,1662291,22362763,5555781,3422788,53718,1666910
2,../model_20100321_1548012375.uvl,18,18,50333078,true,3360450,36113621,4202285,3817172,109331,2314161
4,../model_20160519_1846923063.uvl,39,50,81027476,true,2093925,53563067,10407143,6416342,221367,7249401
8,../model_20190514_850677966.uvl,25,29,53535988,true,1939271,37130910,6603396,4046482,95063,3212967
11,../model_20140209_738203734.uvl,51,55,81261881,true,2123760,57661812,7907199,4390770,191056,8160085
10,../model_20130311_1184229274.uvl,11,11,34641802,true,1536045,20952450,6586173,3817014,37837,1388765
7,../model_20131202_1775789712.uvl,50,50,49500893,true,2775053,29022451,6300547,4134405,124881,6497478
14,../model_20180214_1066016479.uvl,96,79,95611219,true,4323466,63177371,9301809,4974169,319059,12321873
12,../model_20140423_1890396897.uvl,36,31,57782422,true,3671554,27517953,10175901,6640899,177093,8583241
9,../model_20170316_1293936491.uvl,48,53,53626548,true,1812203,32610187,5959859,4135327,152178,8214839
15,../model_20170703_1893075315.uvl,20,16,49173532,true,3483991,32323791,6559304,3753892,70538,2542971
1,../model_20160304_165509543.uvl,43,42,55640024,true,3793655,33489950,7335580,4075770,143852,6035921
13,../model_20160606_235281629.uvl,13,13,71711769,true,1482375,20072926,41835836,5202365,75806,2612489
3,../model_20110712_1373520081.uvl,66,61,55451869,true,1913253,35380521,6020076,4014117,153268,7093285
2,../model_20130731_2029107317.uvl,76,68,67260610,true,1960512,44200751,6941682,4441008,190177,8496381
5,../model_20140503_2024413965.uvl,16,14,46589657,true,2146869,33407057,5262377,3533334,51091,1803468
0,../model_20221031_340330235.uvl,35,35,44971433,true,2392511,28639564,5569894,3628941,183830,4014683
6,../model_20170821_2117231347.uvl,28,42,54308114,true,3971943,36775490,4993546,3370806,177074,4494063
