index,filename,n_features,n_constraints,execution_time,result,clif_gen_time,clif_ast_time,bridge_solve_time,code_gen_time,generic_csp_model_time,concrete_csp_model_time
9,../model_20180612_712325117.uvl,15,15,27801555,true,1460734,16648724,3967277,3634855,47373,1681184
15,../model_20121214_211817376.uvl,14,14,30963118,true,1382372,17883354,5693042,3677849,54679,1843531
1,../model_20131112_832913408.uvl,17,17,37669929,true,1597807,18212652,8346574,6557435,53320,2441979
13,../model_20140421_782765396.uvl,19,19,39506037,true,1443263,23265998,6784557,4342749,58689,3119169
11,../model_20230322_492815120.uvl,41,32,56972192,true,1854697,36287261,7283206,4861262,109479,5594310
3,../model_20180913_1045465294.uvl,10,6,42323217,true,1478220,23929460,8707920,5481534,56432,2217696
12,../model_20140428_1043688075.uvl,56,55,64220659,true,1646870,37372549,9433685,5653230,170329,9053830
6,../model_20180513_39795521.uvl,22,22,42289555,true,1578118,25410832,6803358,3722719,105741,4032909
4,../model_20140503_110898123.uvl,16,16,57617078,true,1431835,36208469,9142326,6124892,119282,4046224
8,../model_20160921_24535453.uvl,29,28,64223947,true,1560849,42673339,6947263,5883805,174003,6328224
9,../model_20100308_1355834007.uvl,20,18,35146991,true,1565209,21553578,5726965,3567898,62320,2255030
15,../model_20160919_1142576711.uvl,20,20,33668104,true,1557592,21125918,4149849,3536282,93132,2765980
4,../model_20141129_1141626102.uvl,12,12,37405085,true,1349225,21378225,6486290,5432044,68614,2263597
11,../model_20150527_2051574410.uvl,28,21,42871769,true,1573855,26266857,6694449,3957266,77510,3555397
8,../model_20200403_1474941211.uvl,14,12,37132120,true,3012705,20245985,7742325,3605756,76130,2017820
6,../model_20100106_985255768.uvl,20,11,39477502,true,3364390,20542654,8271254,3627507,53392,2985566
12,../model_20160527_1098137653.uvl,20,20,46579184,true,1552292,27475067,9247241,3785498,81761,3852402
3,../cfdp_library_fm.uvl,13,18,42848931,true,1427469,23201899,9816505,5585255,65222,2257769
9,../model_20181024_611767532.uvl,13,14,39994191,true,1491179,27846270,4989964,3536336,54238,1744690
4,../model_20121018_880874071.uvl,16,15,56040696,true,1541106,34930097,9087382,6071102,99565,3758046
6,../model_20221208_1116778716.uvl,22,15,64795932,true,1396664,41362421,10209700,6051659,115573,5152475
15,../model_20140423_969548559.uvl,49,48,86366421,true,1881362,55121355,11663316,6574920,302098,9473212
8,../model_20150621_2090653675.uvl,20,18,62669123,true,1399865,39579173,9986423,6419261,115177,4594559
12,../model_20170926_1539445221.uvl,14,12,57195852,true,1491049,34479350,10429010,6496013,96334,3565321
3,../model_20190917_595353381.uvl,13,12,51409464,true,1406171,33532904,8300750,4686941,83163,3050668
11,../model_20150120_214372699.uvl,40,39,84218256,true,1647197,54334068,10322586,7016813,235588,9739787
7,../model_20091109_376438407.uvl,22,21,56486944,true,1811533,37091976,6634108,5180199,125621,5082422
14,../model_20110826_819334011.uvl,24,24,47458012,true,1655188,30678274,5173684,5816990,105675,3398348
10,../model_20160905_774306083.uvl,14,14,40141930,true,1624923,20862998,10771599,4336861,66350,1906280
5,../model_20150414_2125272166.uvl,21,24,69554965,true,1837151,45087947,9676840,6361859,164591,5818886
0,../REAL-FM-15.uvl,25,21,50122190,true,2009025,30203882,8149245,4263310,110489,4773303
2,../model_20131112_1592384504.uvl,32,32,123611335,true,1844176,97099847,9628872,6689782,164862,7312524
9,../model_20180514_1722608288.uvl,27,27,52677247,true,1649790,39520667,4150042,3753986,167204,2994942
12,../model_20170809_1734454576.uvl,15,14,46749494,true,1560789,30455461,6820865,4487639,81923,2859788
15,../model_20110926_608554224.uvl,30,32,64521916,true,1696830,40351130,9620303,5607355,196667,6222419
4,../model_20190917_1882445879.uvl,16,12,61637052,true,1710368,39280264,10028586,6117105,89708,3772123
8,../model_20121018_1578042435.uvl,17,15,63228142,true,1875471,41199460,8548564,6896010,108002,4017167
11,../model_20190915_1647283170.uvl,10,10,45161475,true,1521775,30333791,6982966,4302893,72423,1528335
3,../model_20130529_51708559.uvl,16,17,56115671,true,1896360,39438756,7150492,3824929,98967,3202294
0,../model_20180512_316263333.uvl,41,36,71303002,true,1819911,51966437,7640266,4413973,109378,4647483
7,../model_20131202_1494824194.uvl,34,34,64436832,true,1690592,43342518,10188289,4574186,92833,3675746
13,../model_20110826_1574631601.uvl,52,56,92010610,true,2158935,62097514,5604405,7050768,301651,13829409
1,../model_20170320_1505333083.uvl,47,25,134005539,true,1865577,102084270,11452489,7114926,191070,10265613
10,../model_20120328_573707444.uvl,34,27,75804987,true,1810531,51770453,7156234,6678210,193639,7511179
14,../model_20110516_1331478109.uvl,88,145,170994453,true,3089401,122191642,8081308,7519042,954014,28040106
5,../model_20101112_864228137.uvl,137,138,123004068,true,3444648,85753854,8873452,5836821,414419,17065208
9,../model_20140227_661956564.uvl,47,43,58505443,true,1836471,38553548,6713347,4172895,140619,6412066
4,../model_20120515_1862354569.uvl,15,15,34584817,true,1585883,20838592,6244878,3283152,57331,2175076
8,../model_20140410_1905141388.uvl,11,20,41086780,true,1443789,26503709,6180368,3751391,87584,2796109
3,../model_20141212_523199394.uvl,15,13,47396697,true,3014790,32021116,5798161,3979107,51880,2107797
11,../model_20150505_1728564449.uvl,13,12,84976273,true,3522251,70705458,5116396,3408620,44988,1801684
15,../model_20221013_1054303307.uvl,66,56,65292047,true,1912979,41780671,7592036,4431515,187260,8474408
13,../model_20110525_928187171.uvl,14,14,42710732,true,1627486,28746682,4679020,4007219,45695,3217924
1,../model_20150309_670536624.uvl,22,28,44214355,true,1692273,29202519,6056039,3726114,94824,2993176
14,../model_20140408_1553357169.uvl,11,15,37708802,true,1566564,25210698,5132114,3365535,66068,2026230
5,../model_20120113_1950870026.uvl,10,10,38038896,true,1583201,23715231,7410993,3451694,44726,1424203
9,../model_20221010_1477134717.uvl,51,44,63042834,true,1845463,43149303,6785065,4234942,168213,6179909
4,../model_20131122_1083650489.uvl,15,15,55332922,true,1640540,36148555,7294052,6061401,94087,3567359
3,../model_20190117_1837815772.uvl,14,12,35144134,true,1588542,21163419,6157658,3891820,47016,1866889
11,../model_20160329_925786350.uvl,31,29,47743175,true,1716556,31936069,5964189,3874547,92687,3568404
13,../model_20130529_1165512118.uvl,10,10,33372448,true,1408548,19567268,6687816,4132926,40248,1217454
15,../model_20201007_667063467.uvl,72,63,86709167,true,2252585,61534850,8106174,4692189,215490,8870970
8,../model_20230322_572568226.uvl,51,36,65770909,true,1724293,44444967,6762965,4144346,248830,7410866
1,../model_20180306_1851656621.uvl,49,41,65924058,true,2085931,40840036,6935823,4244472,286897,10773070
14,../model_20141202_107430422.uvl,36,30,51067211,true,1680139,33476938,6415233,3948855,199601,4550591
2,../model_20120229_1103715736.uvl,14,13,46291336,true,1476731,28675664,7195146,5664306,63188,2830137
5,../model_20130916_882364260.uvl,15,17,99569331,true,1571509,87302581,5027614,3406290,56644,1848677
9,../model_20140424_1672030888.uvl,65,45,106341719,true,2142456,79149191,9472952,5195632,190866,8924494
4,../model_20230615_784426434.uvl,14,13,53221296,true,1550589,33923355,8243295,5896665,85876,3041863
3,../model_20190922_230985682.uvl,21,32,50886072,true,1754938,33746685,5286028,3738966,97181,5828100
11,../model_20100412_337845737.uvl,10,10,49907020,true,3431053,31018063,6727244,5850653,64568,2386127
12,../model_20170706_1588900401.uvl,30,26,72486893,true,1687707,46158340,10014670,6523543,159539,7129304
13,../model_20140320_391816142.uvl,11,11,51864729,true,3217830,30943135,8228519,6255128,74646,2655855
15,../model_20190413_1966613868.uvl,42,18,83085769,true,1723134,55812846,9523400,5210236,185251,9722280
6,../model_20130908_1070185514.uvl,366,528,465972529,true,14128180,303381781,25526977,19181389,2422426,94462637
8,../model_20130917_1805517149.uvl,13,15,52187457,true,1642478,36894434,7181859,3945501,74388,2048755
0,../model_20160531_990808801.uvl,14,13,52160124,true,1805006,33707176,6866263,6173169,83560,3194967
10,../model_20160721_972954567.uvl,10,9,51555363,true,2720849,30712594,9114905,6094589,62793,2453811
2,../model_20140319_1506613330.uvl,16,12,52580385,true,1579494,35839796,7883631,4183002,60384,2444855
7,../model_20140630_1564361664.uvl,10,5,49536458,true,1499102,30518576,8858865,5782445,58657,2392832
14,../model_20170510_174347414.uvl,15,13,58540780,true,1502706,37899869,8820979,6251265,93570,3476488
5,../model_20150720_1580995178.uvl,22,24,40124189,true,1703901,25374855,5289308,3435331,195952,3638100
9,../model_20170315_692595151.uvl,23,18,40773134,true,1685131,23781006,7720285,4174664,64420,2745366
4,../model_20180611_1112345807.uvl,10,13,84540608,true,1601403,73543231,4370278,3191727,53578,1454651
15,../model_20170301_235251685.uvl,14,13,36211536,true,3620745,20890678,5397772,3755542,87502,2080071
8,../model_20170322_711096381.uvl,10,10,32567843,true,3519808,19717669,4094313,3613655,36932,1226945
10,../model_20100416_811483774.uvl,16,9,34086639,true,1482843,19671656,6731986,3573242,47954,2194233
0,../model_20140209_34267674.uvl,44,41,59341276,true,2938521,36872346,7933797,3949758,240799,6761999
14,../model_20141111_2120296387.uvl,51,18,60697103,true,1547754,39065025,7645817,4683218,110324,6833712
2,../model_20140301_728202228.uvl,49,45,64450646,true,2111393,42905402,8163853,4316660,141833,6027975
7,../model_20150507_425070085.uvl,44,44,89994690,true,3471956,69440973,6957289,4196889,129330,5079400
5,../model_20140423_813378270.uvl,48,44,72473671,true,1951747,54225322,6163667,3834621,160782,5484681
9,../model_20101119_1472596180.uvl,25,26,43445483,true,1706679,27334982,6074261,4117001,82258,3638684
4,../model_20180815_1120231956.uvl,26,33,64337696,true,1673880,49194736,5437185,3689757,103689,3649365
8,../model_20190917_383002664.uvl,43,24,60406683,true,1683281,39408677,8725218,3957144,94115,5613443
15,../model_20191119_1702487696.uvl,24,24,58281284,true,1614228,34679727,9365912,6398208,137542,5424934
0,../model_20161018_1395239714.uvl,11,11,34106300,true,1499354,23781973,3630794,3546034,40390,1302359
10,../model_20190914_1323674619.uvl,61,57,55877464,true,1800837,34333024,7216071,4457343,151253,7119321
1,../model_20170206_852070049.uvl,13,10,32500066,true,1594086,19571321,5460723,3847356,47133,1618355
14,../model_20160311_1359424486.uvl,50,50,53036910,true,1799831,31778825,7355711,5080851,143969,6134340
2,../model_20160330_149443721.uvl,30,43,54004318,true,1488577,34920391,7704315,4361000,148288,4812744
5,../model_20180512_733862721.uvl,23,22,57055901,true,1548675,34363006,8901793,6076458,142969,5381589
7,../model_20160420_474055968.uvl,96,69,101714870,true,2125369,59946944,12059624,5498956,452188,19527635
9,../model_20170814_699386305.uvl,12,12,45539845,true,1621577,26811401,8441936,5606019,80510,2523485
4,../model_20201011_1804341944.uvl,59,59,75104340,true,2145248,51933190,7259435,4754618,174887,7773298
8,../model_20200901_1590540568.uvl,38,33,81041613,true,1630443,55951608,6414841,6629110,222612,9576264
15,../model_20130422_139902368.uvl,40,34,63713341,true,1707710,38249786,8747934,6523378,167558,7377303
3,../model_20141021_386995832.uvl,24,24,52052209,true,1794643,33951139,8166080,4491293,86665,2959850
11,../model_20200819_795623217.uvl,26,17,46469916,true,1852502,30097459,6522925,3775625,287236,3364245
10,../model_20121018_1701181193.uvl,17,15,52796180,true,1639556,37149262,5880213,3553168,97220,4049079
0,../model_20180306_177892963.uvl,45,37,66737475,true,3114092,41370910,9129675,4484739,145265,7866395
6,../model_20140321_1655023261.uvl,14,14,49472476,true,3066307,32810438,5852786,5053392,51349,2186811
12,../model_20150616_314969910.uvl,26,27,53630461,true,1821237,32941541,7603257,4851191,94595,5681315
13,../model_20100529_1010171189.uvl,22,15,48661199,true,1882800,31316854,8283712,3716220,62646,2827224
2,../model_20140524_520707568.uvl,11,9,40272007,true,1545919,24759645,7398728,4292962,41158,1817339
1,../model_20100822_281357717.uvl,15,16,65050111,true,1477894,43864795,8323114,6210427,126720,4547505
14,../model_20221114_1363146415.uvl,39,43,79617996,true,2020013,52384255,8291535,6989437,241867,9017182
7,../model_20131112_1617262618.uvl,30,25,78739412,true,1930872,63028875,5810404,3827797,76596,3546575
4,../model_20110318_225131257.uvl,15,15,33724657,true,1381124,21426739,5041033,3357024,59844,2060663
8,../model_20160912_772295854.uvl,18,18,71397003,true,1572689,53181045,8976066,5106211,54993,2019004
1,../model_20171202_671836466.uvl,14,14,29782658,true,1496476,18563803,4020427,3434063,47759,1842063
13,../model_20230322_1914329788.uvl,32,32,38775455,true,1668739,25120105,4265771,3481079,96143,3601107
6,../model_20180512_143602565.uvl,37,37,42173063,true,1649577,27040274,4784800,3851275,101877,4123492
14,../model_20180305_1565538092.uvl,50,39,61453792,true,1812459,41613424,6479516,3932895,148853,6696820
7,../model_20130916_330769314.uvl,17,18,33383642,true,1390728,19731809,5752870,4055290,61766,2009915
4,../model_20140614_1407759983.uvl,29,29,38732558,true,1569247,23868675,5363715,3532719,89875,3529957
8,../model_20171208_504832504.uvl,10,8,27270268,true,1294986,15678153,5518619,3274222,36035,1156577
1,../model_20141029_1924517902.uvl,53,53,49515202,true,1710777,30113310,6550945,4060665,152088,6027021
13,../model_20120801_1784537083.uvl,12,11,32346000,true,2798742,17641979,6284214,3549407,66616,1679765
6,../model_20230322_61558144.uvl,16,16,33138621,true,1400388,18930286,6616657,3712392,84225,2029380
14,../model_20130305_522520932.uvl,16,14,35408934,true,1431197,21199270,6645375,3454182,56460,2199658
7,../model_20140728_1532422166.uvl,23,37,54558292,true,1558416,38129335,6101749,3917489,130290,4259706
5,../model_20110519_503436691.uvl,11,10,30307902,true,1474368,18026789,5582949,3472368,37796,1356216
4,../model_20140430_1345238885.uvl,17,17,34380778,true,1500708,21190783,5741346,3320592,59444,2148748
8,../model_20150616_1287606127.uvl,22,21,52747049,true,2670095,37518848,5554157,3845903,67649,2686465
9,../model_20141106_687094706.uvl,65,61,100302011,true,2169768,71079363,9195109,5607052,342077,10966020
1,../model_20190825_1083955002.uvl,12,10,53400105,true,1454667,33107526,8420606,5783204,74102,4131744
13,../model_20161101_1287284082.uvl,50,37,68891241,true,1777132,43624905,7698718,5589372,229526,9303095
6,../model_20160311_358715911.uvl,26,26,62854661,true,1637494,44453916,4861356,4807444,155936,6333291
15,../model_20140223_789634838.uvl,26,19,50581488,true,1659035,31051010,9606118,4305539,74110,3437171
14,../model_20130818_278315719.uvl,10,10,42604401,true,1596518,26423255,8426033,4220207,73468,1453774
3,../model_20120823_304633016.uvl,16,19,52140793,true,1728224,33975867,7682047,4118720,268700,3944939
11,../model_20120328_810464459.uvl,17,17,51360194,true,1747986,33350717,8734609,4316124,107705,2563724
7,../model_20130716_384525556.uvl,17,12,45518302,true,1542497,24754894,9547766,6132875,85833,2910236
0,../model_20161209_758532997.uvl,13,5,39865346,true,1712964,22632637,9154156,3826905,35082,2014887
5,../model_20180913_872907572.uvl,15,15,44775733,true,1540574,29668332,5599870,5627319,52036,1803980
2,../model_20190915_38921055.uvl,10,10,47568071,true,1664632,27495900,9349622,5974247,68823,2424375
10,../model_20151106_857588743.uvl,21,25,57265995,true,1790078,34641683,9567645,6513735,216011,3881727
4,../model_20150515_2045521211.uvl,25,26,59421694,true,1535958,39828835,7395082,3923155,178322,6072347
12,../model_20170927_2140419024.uvl,87,69,120882168,true,2384034,90601130,7957917,4498781,418175,13953717
9,../model_20160329_736279509.uvl,14,14,34924546,true,1578555,23625831,4058751,3501435,49552,1758032
1,../model_20120328_1357539597.uvl,18,17,73979149,true,1658647,60156023,5574909,3675862,65018,2404161
6,../model_20230322_729074756.uvl,29,23,43880051,true,1728474,25958793,7411668,4351183,74587,3784801
14,../model_20130821_361829065.uvl,30,30,42082794,true,1679876,27098860,4891667,3855622,96440,3911572
11,../model_20171108_1643056811.uvl,12,6,37353827,true,1756481,23298128,5419832,3868129,62302,2550799
2,../model_20121026_334751192.uvl,28,28,43643406,true,3452603,25857976,6189124,4226888,81143,3261430
5,../REAL-FM-12.uvl,14,14,40125508,true,3074007,23652758,6830238,4131885,62159,1998363
0,../model_20160721_1827988269.uvl,19,24,52883596,true,1575104,28762140,9730697,6603735,268664,5234591
7,../model_20140615_1755551630.uvl,24,22,59952675,true,1672087,37669051,8798745,6052352,126044,4889349
10,../model_20111220_1184087779.uvl,15,9,39129583,true,1687962,23779953,7302911,3826069,53808,2090779
4,../model_20140613_2054294739.uvl,10,11,42530889,true,1592746,28629346,5466114,3514115,78191,2901188
9,../model_20130117_2075912065.uvl,13,14,46345030,true,1638813,32230232,6110509,3360186,104005,2448930
12,../model_20110329_10104623.uvl,41,35,77438981,true,1926429,57755891,7339203,3972953,121002,5413390
1,../model_20141129_1642511009.uvl,34,37,68743989,true,1763101,51044985,6293535,4014654,124498,4943275
6,../model_20130916_1448418245.uvl,14,16,41073142,true,1630715,27146087,6054153,3786553,65452,2002350
14,../model_20140823_1972464026.uvl,35,38,49221717,true,1719966,30799334,7343140,4028480,229117,4555438
11,../model_20110725_452580960.uvl,34,30,47228919,true,1552920,29191001,7292383,4048583,95490,4466340
2,../model_20141129_966803644.uvl,12,12,33844707,true,1416382,20519516,5873043,3963786,49918,1662710
10,../model_20160712_1875218337.uvl,11,11,37006995,true,1471436,24964629,5063424,3577820,50962,1576901
5,../model_20200815_1845054862.uvl,39,32,77188268,true,1846672,51606718,6945761,6838545,340646,8916928
7,../model_20111027_668940289.uvl,29,29,77922793,true,1709935,51720620,9466061,6667546,184795,7415286
0,../model_20161118_1167269407.uvl,66,22,101055946,true,2170317,69435424,12405996,4721134,235537,10568524
12,../model_20120529_2101702978.uvl,35,46,74039796,true,1835785,54785057,6096783,3774375,170619,6710700
8,../model_20180708_1907991672.uvl,24,30,79787706,true,1834874,54484664,9263149,6504220,318788,6618927
1,../model_20110406_1047532859.uvl,29,28,76119144,true,1681914,49904330,9603342,6596811,176510,7373251
9,../model_20190223_1159148955.uvl,103,70,133809831,true,2675238,100140309,9462921,5461517,316074,14156350
14,../model_20140605_572628146.uvl,11,11,41970803,true,2714151,26544583,6217944,4529040,49756,1516181
13,../model_20130426_1685243628.uvl,16,15,44111976,true,1727515,28450778,7005770,4171383,63468,2247232
11,../model_20171109_1740328562.uvl,21,25,59148788,true,1772669,40943764,6380393,4305513,104792,5128184
15,../model_20140403_1425048263.uvl,12,12,34890044,true,3141055,18913668,6918804,3751623,44602,1646137
2,../model_20120915_487659597.uvl,20,17,63095137,true,1709944,39228167,9776472,6561289,127015,5081978
10,../model_20170310_2069806245.uvl,49,36,85215167,true,2223296,64095470,6785725,4198795,226440,6791013
7,../model_20161003_680973994.uvl,53,58,73996331,true,2035713,51832038,7604406,4189555,209787,7195922
3,../model_20170607_1389753102.uvl,13,14,93132828,true,1616737,75376318,7449847,5408684,112456,2702894
0,../model_20170514_1578942718.uvl,40,44,70690755,false,1979559,55549618,3763912,4088939,130492,4994882
12,../model_20140306_1607259562.uvl,43,49,78639998,true,1729924,60614842,6346273,3823018,169633,5305522
6,../model_20221031_379205114.uvl,158,208,229516933,false,5132254,181445639,7020781,6588780,812616,28243727
8,../model_20181029_2093756359.uvl,18,18,51039399,true,1514124,29210943,8804001,6067384,133650,4726230
14,../aircraft_fm.uvl,13,12,45100090,true,1623266,31061561,6643188,3495605,44172,1808390
9,../model_20170925_1698983864.uvl,19,19,43973825,true,1715005,27402483,6451382,4306981,64545,3027566
13,../model_20160621_993334585.uvl,26,24,76339016,true,1634989,60138937,6368812,4025663,75917,3538002
11,../model_20150624_1191374126.uvl,13,12,51466249,true,1689746,34900238,6055980,5183074,95139,3142580
2,../model_20180930_1153905679.uvl,27,27,52446011,true,1827331,33428456,7784216,3969386,171677,4515569
7,../model_20110328_1177934440.uvl,18,20,58168336,true,1627687,40075854,5302362,4385992,126672,6239784
10,../model_20200810_956997411.uvl,39,36,48390804,true,1803515,29931869,6495007,4531202,109021,4722498
3,../model_20230322_1194175451.uvl,34,25,52415537,true,1746257,31435682,9744966,3946896,167896,4518305
0,../model_20160330_469153666.uvl,13,13,49754127,true,1698827,33337641,6335681,6240393,88639,1679402
4,../model_20111214_733452875.uvl,15,15,35405718,true,1815016,22118174,4635880,3499163,77000,2892573
12,../model_20230322_1299985155.uvl,31,20,49770315,true,1705896,33257434,6694001,3747266,78344,3803440
6,../model_20130105_1019508207.uvl,24,27,40751440,true,1840461,25199505,5473616,4338669,86114,3297464
14,../model_20150109_425963323.uvl,37,23,84194603,true,1764564,67721372,6000969,3684029,107469,4279273
11,../model_20180512_419383167.uvl,36,38,42050497,true,1692560,26275538,4686938,3618987,960330,4243613
9,../model_20091205_755658379.uvl,94,71,84078173,true,2304994,55903959,8543499,5107151,284167,10722297
7,../model_20130529_1162054266.uvl,16,16,35302585,true,1656631,21510349,5660185,3955671,56065,2051125
5,../model_20140409_1370428339.uvl,24,28,46140544,true,2619652,28969484,6291119,4011601,208372,3578494
4,../model_20150625_1923523971.uvl,16,13,42259280,true,1464126,28629327,6009277,3721082,51684,2009840
0,../model_20160531_486171149.uvl,35,35,87985899,true,1772060,69202343,6586962,4059999,164317,5553558
3,../model_20170919_1393589103.uvl,48,45,99574570,true,1657971,77009841,6965201,4253747,174931,8789581
6,../model_20110809_1799855518.uvl,25,13,66240691,true,1575168,42664488,9365648,6121159,111509,5681852
12,../model_20170919_303553909.uvl,49,55,107758089,true,2050770,84420144,6887366,4420836,274768,8871265
14,../model_20181205_2097248492.uvl,19,24,73140052,true,1715678,50419863,8384368,5990883,164821,5978912
1,../model_20170918_446567907.uvl,48,37,60837266,true,2075866,40143386,6671518,4028493,140182,6993836
11,../REAL-FM-18.uvl,44,47,61801097,true,1867368,37937564,8405606,5419178,146352,7111555
9,../model_20171129_847069382.uvl,35,32,54948119,true,1584605,35378336,7543314,4562421,134383,5171368
7,../model_20150612_1719519345.uvl,14,12,39921124,true,1611738,24568612,7363461,3903746,48729,1987516
5,../model_20100607_746327867.uvl,20,15,58491697,true,1691526,39842648,5717494,4629412,115351,6084024
4,../model_20160531_1105256806.uvl,25,30,60395404,true,1541648,43728476,6756942,4129224,109153,3653029
0,../model_20170228_2078125436.uvl,34,26,65971201,true,1792706,48434655,6975616,3926701,191790,4080383
3,../model_20170215_1976164448.uvl,35,20,71876596,true,1772317,54012681,6622362,3979311,97707,4824195
6,../model_20150301_1821356180.uvl,28,33,69951174,true,1821123,50770930,5932634,3666827,197653,6861265
12,../model_20170512_1532934104.uvl,24,24,63977983,true,1677808,42523457,7017607,6505464,136809,5575538
14,../model_20120130_333619036.uvl,31,27,58927531,true,1697800,42522209,6622934,3871777,91482,3613632
8,../stack_fm.uvl,17,13,57570436,true,1723215,36217346,9094306,5955502,98615,3913833
1,../model_20141023_1600573567.uvl,20,20,56977457,true,1670377,40428580,5677782,4763907,122069,3851625
7,../model_20160426_744600320.uvl,21,20,55266580,true,1661817,35356121,6731526,5717635,129822,5097168
11,../model_20230322_774285627.uvl,15,12,52863471,true,1599331,32652185,7491190,7184798,79206,3374962
9,../model_20160429_2024552354.uvl,12,12,45363687,true,1753753,30168674,6949420,4240211,54090,1783059
5,../model_20190805_1041162508.uvl,23,13,88187695,true,1798481,73111727,6105575,3716034,110753,2811269
2,../model_20200815_582760962.uvl,29,23,68836751,true,1898114,46051365,8946089,5883245,155852,5233678
10,../model_20170528_1427439246.uvl,10,11,55361107,true,1742017,35097890,9073449,6036481,94697,2846083
3,../model_20161109_258969269.uvl,10,11,58933311,true,1842596,36616785,10819933,6196771,86361,2942147
6,../model_20230613_1168762973.uvl,11,7,38606159,true,1516181,26435913,5554904,3202378,39659,1500935
14,../model_20171029_1247758730.uvl,10,9,32215697,true,1653768,20316058,5408244,3261669,56480,1160748
1,../model_20150529_550903687.uvl,21,20,44418233,true,2817167,29595961,5370179,3451022,74339,2649822
7,../model_20120806_904481092.uvl,17,16,34459944,true,1517905,20521922,5789029,3447270,103217,2691337
8,../model_20140227_386614568.uvl,75,49,72419681,true,2267142,47133368,7886777,4874409,234288,8826071
9,../model_20180911_126281571.uvl,10,10,36466033,true,1631919,20594380,7024241,4200428,52700,2551166
13,../model_20170221_1848353506.uvl,210,161,214233486,true,5314668,118686470,21274359,12196350,2179625,50591222
5,../REAL-FM-14.uvl,18,16,54367453,true,1666939,35412286,6947163,6019867,99252,3740687
10,../model_20130422_1348727660.uvl,19,16,60816523,true,1744659,38934682,8971797,6159319,109087,4280488
3,../model_20160926_106687243.uvl,57,52,65335285,true,2410117,41379028,7669867,4288715,247012,8183290
6,../model_20121213_681234650.uvl,33,33,64474619,true,2198354,35104584,9782865,6561571,97076,8455270
14,../model_20180512_775268148.uvl,24,21,51302374,true,3147191,31895989,9007602,3624224,68123,2881878
7,../model_20170404_1821671055.uvl,13,14,39931894,true,1381920,26935807,5664439,3742133,61481,1779389
8,../model_20131122_1573422851.uvl,15,13,48864459,true,1483876,32593221,6648125,5389152,49303,2260947
9,../model_20130908_1057721135.uvl,14,14,44196365,true,1733021,29419048,4564431,4959583,79772,3005949
13,../model_20181103_2077285196.uvl,11,11,55160026,true,1551866,34458548,9347465,6216076,102972,2970303
5,../model_20160329_174305764.uvl,44,49,95437651,true,2067830,66741815,7172821,6967239,288288,11421147
3,../model_20190917_1844149588.uvl,49,25,51225806,true,1701901,31448989,7291779,4294750,101360,5604530
4,../model_20130529_2135483929.uvl,16,17,58571247,true,1601753,38526889,7661605,6288869,118132,3928644
10,../model_20170930_228024571.uvl,62,69,96495631,true,2225781,62591904,8899873,5277140,301240,15537723
0,../model_20160125_59009200.uvl,37,35,89243563,true,1794489,58849734,10680736,7017812,224741,9761369
6,../model_20160330_1233914245.uvl,12,13,42518984,true,1464889,29726835,5672314,3541751,55596,1738065
14,../model_20191111_1176325905.uvl,16,14,38176119,true,1698455,25076080,5444383,3511683,51892,1913436
12,../model_20170313_143405764.uvl,48,46,111870084,true,2117433,86991348,7438066,3976983,431385,10126330
7,../model_20121023_1328975384.uvl,14,14,54610705,true,1674920,33995393,8965232,5969616,87488,3391478
9,../model_20200816_1246721801.uvl,18,16,58464582,true,1609080,36964775,8846409,6132612,102530,4231875
8,../model_20160919_422339066.uvl,50,42,104180671,true,1926466,69584639,11417759,7585408,312279,12548775
13,../model_20131202_533920013.uvl,19,19,51048479,true,1692247,32075526,7231317,5761353,106141,3639638
11,../model_20230322_1887635433.uvl,32,32,52260249,true,1847839,35055140,6375733,4210650,119338,3864169
4,../model_20140604_731553244.uvl,14,14,49200419,true,1474700,33854517,5979562,4046001,87561,3367843
10,../model_20180613_78021145.uvl,15,16,48040821,true,1488657,31184055,6718837,4620176,206645,3333758
0,../model_20190921_1186818003.uvl,15,13,47821291,true,1701552,31963548,7891956,3908968,49849,1823658
14,../model_20160123_368502373.uvl,10,9,41080381,true,1699552,27662414,6460325,3690036,39337,1174699
6,../model_20180713_1002093829.uvl,23,17,71724804,true,1698458,46364504,10500331,6434364,158025,6015922
2,../model_20160309_77134368.uvl,18,17,119201847,true,3490747,95825378,8584508,6566998,110438,4103767
12,../model_20190513_215044614.uvl,10,9,51633829,true,1482108,32586217,8708843,5969230,65929,2399444
7,../REAL-FM-3.uvl,43,45,71980387,true,1854045,49815068,8119953,4259716,148121,6839821
1,../model_20131202_715513367.uvl,22,22,36509496,true,1823310,23548578,4164972,3484063,67519,2943003
9,../model_20130508_1842381745.uvl,16,14,50890429,true,1670217,33476266,8644444,3898920,82563,2740622
13,../model_20230322_310895789.uvl,26,26,41881725,true,1848465,26499490,4742035,4066221,76028,4063598
8,../model_20131217_806985744.uvl,11,7,51338761,true,1504956,32109282,8813093,5894777,64482,2559599
11,../model_20131201_820966647.uvl,18,19,61719934,true,1604829,38623579,9963392,6489065,117204,4293441
0,../model_20150521_1423870525.uvl,16,16,33589982,true,1634008,21279416,4199159,3459999,82193,2512682
14,../model_20200919_469515687.uvl,20,18,36884014,true,3339042,20787785,5484645,4166207,68229,2603511
2,../model_20110203_2097159983.uvl,18,18,38711919,true,1539868,23125589,6778241,3588796,96706,3000654
6,../model_20180306_1625675392.uvl,48,25,72306200,true,3630461,44634488,8988810,4644024,182865,9287223
12,../model_20140819_535519547.uvl,13,13,56959770,true,4529814,31718917,10930989,6150169,85808,3050093
7,../model_20160824_2005849052.uvl,21,21,60507096,true,1555189,37597790,9617590,6209279,125490,4765731
1,../model_20120110_139114401.uvl,10,10,36192895,true,1461287,22553835,6003475,4333888,61823,1498120
9,../model_20180306_1110315637.uvl,39,19,71342801,true,1944762,51781703,6443550,4272341,168823,6083227
8,../model_20130122_243381566.uvl,14,14,85493588,true,3318548,23558366,4548428,3600875,88924,49954985
15,../model_20190904_400441788.uvl,625,500,547771307,true,27484807,390481359,26020757,15271359,1880348,77440014
11,../model_20160329_1691896941.uvl,28,38,93464942,true,1700947,74775373,7053694,4426208,178758,4790727
13,../model_20161128_2133107865.uvl,68,46,78267557,true,2075742,51921505,8514868,6068652,168359,8507506
5,../model_20140101_941325443.uvl,10,10,39839147,true,1795987,25829305,6782547,3585979,44493,1358702
0,../model_20160917_824197127.uvl,14,11,46029656,true,1539815,27732528,8368054,5302134,75942,2639247
3,../model_20140615_1477062295.uvl,33,26,57507029,true,1722578,36983219,9182100,3772936,151305,4880431
14,../model_20121023_356761254.uvl,12,12,47473370,true,1542313,33588464,4834652,5207293,46467,1935465
2,../model_20200811_1911664133.uvl,17,19,49266491,true,1820534,35157651,5691126,3538111,77181,2477518
7,../model_20160502_1352812691.uvl,38,32,82966972,true,2058228,65322517,6285847,3570643,92656,4338484
1,../model_20141107_377655341.uvl,24,25,58790440,true,1714780,39653495,7376373,4670720,184199,4690529
9,../model_20170315_1174513943.uvl,18,18,44333219,true,3153123,29531376,5523843,3501920,57748,2082130
11,../model_20131112_605989901.uvl,25,18,47630299,true,1635082,26567124,9693447,5966570,65101,3068333
13,../model_20091015_449909368.uvl,10,10,41246775,true,2524989,24884806,7773650,4198695,48605,1522689
5,../model_20160330_511669656.uvl,15,10,49927115,true,1617234,34044909,6800121,5165357,49264,1823651
15,../model_20190619_50728308.uvl,19,19,57790257,true,1524178,36642205,8009665,6606236,112182,4419997
3,../model_20120202_1596034358.uvl,10,11,37691384,true,1596170,26026601,4249809,4098203,44221,1277712
4,../model_20170627_231083922.uvl,14,14,54242757,true,1901572,37744382,5836038,4902865,105446,3353295
10,../model_20190513_639238065.uvl,10,10,51004131,true,1850340,33146099,6624837,6148927,91003,2776093
2,../model_20160329_160417479.uvl,20,17,47349022,true,1463773,31350600,6578064,4702166,95227,2708120
14,../model_20180612_1244406232.uvl,33,33,75993191,true,1850856,47941976,10134881,6875536,200373,7887189
7,../model_20151119_825568988.uvl,19,19,47220054,true,1654266,34397670,5018078,3285549,70371,2385900
1,../model_20180403_1861855205.uvl,14,14,32674534,true,1543963,21088256,4086670,3453117,49310,2091799
9,../model_20190522_227919886.uvl,20,21,58734694,true,1623711,36075784,8848213,6139669,146400,5245193
15,../model_20130305_204544380.uvl,13,13,39055789,true,1432295,24593980,6847971,4046862,55301,1713496
11,../model_20160508_265400900.uvl,46,52,68491462,true,1802949,45214735,8847505,4565094,203840,7032284
5,../model_20110222_2078967171.uvl,48,51,84496704,true,1875892,60331570,8983800,5483060,194711,6443827
3,../model_20200810_1487197226.uvl,29,29,68657851,true,3475397,43464415,7616105,6428472,158360,6652720
14,../model_20131125_731391866.uvl,18,19,38701512,true,1618758,25864353,5036311,3629972,66176,2096754
7,../model_20161101_1188178549.uvl,36,36,51617822,true,1782892,33193877,7214163,4020837,138023,4305739
6,../model_20190916_233719618.uvl,10,10,48020884,true,1577108,31006647,7993913,5061467,60686,1958881
2,../model_20190824_1440931285.uvl,104,104,103931062,true,2760599,53210510,14908435,9208363,1121087,20303582
1,../model_20130122_1064508817.uvl,12,17,49701751,true,1452156,30655996,8969712,4974659,116180,3082815
12,../model_20131122_23346211.uvl,15,13,55914837,true,1697760,34918969,8920467,6077030,113327,3605121
10,../model_20110704_328391695.uvl,172,145,194911301,true,4421073,141682477,10390872,6623692,954920,28920701
11,../model_20230228_1021126902.uvl,11,11,32822891,true,1396381,19827500,5296462,4284757,46126,1598219
15,../model_20120522_87989914.uvl,35,47,66730158,true,1690917,39212443,7123013,6983777,353402,10713014
8,../model_20141029_1107505375.uvl,12,12,53362795,true,1628433,32522617,9451314,6353391,81380,2836142
5,../model_20170916_973590519.uvl,48,39,89747978,true,2009175,65392275,7788103,5053063,312458,8496389
3,../model_20120329_788560154.uvl,55,49,90043081,true,1923533,65168239,7289842,4649721,299128,9821338
7,../model_20131109_2060894287.uvl,14,13,37174174,true,1550487,21193032,7015028,3553492,106366,3283262
2,../model_20130916_2072761889.uvl,15,17,37175921,true,3703580,21949120,5668669,3505837,58276,1859597
12,../model_20160608_755102753.uvl,12,12,31868219,true,1505256,20661059,4017798,3658179,49115,1633263
6,../model_20131016_1224723724.uvl,11,13,54788629,true,1513572,34981986,8787247,5876249,90222,3092995
1,../model_20160315_505457800.uvl,28,28,65852320,true,1714910,41431404,8233433,6653766,160181,6430858
11,../model_20160821_1946133193.uvl,14,14,34586240,true,1724748,20977633,6119143,3638050,57507,1687853
13,../model_20120731_787433291.uvl,43,40,61420341,true,1835419,39217446,8049535,5096360,189985,6297238
15,../model_20160221_544170906.uvl,11,10,46177677,true,1569245,28639540,7159816,5614648,84453,2690191
0,../model_20170328_1485540940.uvl,451,428,530008990,true,22654512,392648025,26369663,11945808,1788809,67944224
5,../REAL-FM-9.uvl,14,15,39932799,true,1897624,25169240,6202616,4352909,55939,1889142
4,../model_20120109_1808102333.uvl,18,19,60145593,true,3549233,37995483,6845850,6884486,130135,4333909
8,../model_20130324_1541392486.uvl,51,43,140186516,true,1846886,111594028,10778338,6919817,132275,7776088
7,../model_20120328_1667195252.uvl,24,25,47674124,true,1696655,30408259,6786020,4111558,80118,3996446
3,../model_20190920_1330526555.uvl,10,10,86309961,true,1587951,72329477,6568109,3388826,74290,2037572
2,../model_20111025_1408959776.uvl,13,13,53205743,true,3328449,31335691,7224340,6217229,90952,4548745
12,../model_20160411_1158715394.uvl,11,11,33787825,true,1675487,21040807,4517013,4429986,75412,1681478
6,../model_20200128_1154759905.uvl,23,23,54708513,true,1669597,39694158,6173018,3535745,92888,3045607
1,../model_20190503_1463982406.uvl,41,45,58268101,true,3976792,37259405,6526335,4226815,133950,5441979
9,../model_20191126_842054213.uvl,21,23,46238876,true,1809833,30596136,5824728,3655837,80973,3795021
13,../model_20171010_332868283.uvl,12,11,36853406,true,1631395,21463215,8109218,3735324,43302,1423251
0,../model_20180819_995624779.uvl,14,14,41205820,true,1450739,28936341,5468240,3264151,46402,1661059
5,../model_20161012_1497804026.uvl,13,13,47152525,true,1536610,34111667,4328744,3840115,135001,2836066
4,../model_20200609_1715293706.uvl,12,12,34559889,true,1611391,21108675,5833507,3785991,51898,1795593
8,../model_20171008_377237228.uvl,43,43,54374701,true,1574052,31443382,7770824,6757936,136065,5929070
7,../model_20140225_1829795152.uvl,14,13,46982172,true,1591962,26165366,9414163,5915378,99833,3367907
14,../model_20170517_1986241278.uvl,10,10,51493236,true,1490471,33982470,6543615,6077854,89918,2909491
3,../model_20230322_242202942.uvl,19,19,58879818,true,1626520,36195216,9339818,6490057,115355,4475655
12,../model_20101117_1571856147.uvl,10,10,37052416,true,1698373,22318486,6180534,4689642,61736,1712526
2,../model_20181219_1343761699.uvl,20,14,64819446,true,2941120,39425656,9817517,6201647,137737,5661337
6,../model_20100831_1378118837.uvl,35,32,61698340,true,1674158,33886197,9793899,6608750,153921,8703274
10,../model_20110306_314567479.uvl,14,14,31573870,true,1493979,20094174,4114950,3728483,44802,1727632
13,../model_20130916_1980915056.uvl,15,17,39647337,true,1489899,25346337,6378706,3870892,59240,2118350
9,../model_20160111_1033692827.uvl,61,58,95451354,true,1906949,58284707,11252189,7501479,474313,14524301
5,../model_20131128_2046989275.uvl,15,15,45487822,true,1752229,33419025,4276995,3745679,67686,1793196
0,../model_20121123_388334786.uvl,16,17,57088916,true,1720756,41733883,6003317,3929022,116658,3189833
4,../model_20140428_1127346099.uvl,72,71,118074075,true,2108841,92468206,7467500,4806923,230962,10013485
3,../model_20150507_1665248699.uvl,15,14,35474869,true,3199673,19771429,5859376,4301580,51838,1804483
7,../model_20180126_2070362475.uvl,30,25,45292107,true,1768929,28225466,7147099,3855473,83560,3627696
14,../model_20130812_690840910.uvl,30,36,51030342,true,1625040,31807253,8140600,4324645,116392,4252133
12,../model_20150320_593593000.uvl,13,13,41400465,true,3426244,25566350,6504431,3648131,58109,1779007
6,../model_20221025_2010292001.uvl,22,22,59329511,true,1486903,37979933,7671273,6198358,130500,5216442
2,../model_20170310_906013336.uvl,47,33,97227382,true,1959447,68588610,8889252,5340145,381863,10987158
13,../model_20160329_1491802197.uvl,20,17,41375905,true,1711500,27433122,5772390,3659055,54543,2274208
10,../model_20230322_2065877531.uvl,26,26,44664056,true,1687859,29562637,5509789,4189276,82395,3085552
9,../model_20120122_258977494.uvl,19,19,40856625,true,1657818,27083449,5460872,3401378,75042,2684833
15,../model_20160330_1356575467.uvl,10,10,37369569,true,1674666,26243127,4550323,3309359,37417,1213427
5,../model_20131122_1558809462.uvl,26,26,45835144,true,1506024,28678657,7485095,4181788,131988,3391410
0,../model_20150305_837831991.uvl,39,42,67252352,true,1575787,38485377,9563703,7213672,225729,9351200
11,../model_20220910_809454030.uvl,37,39,82861017,true,1867426,63161151,7337191,4251315,140522,5482062
3,../model_20161107_2119549052.uvl,12,12,45321755,true,1725945,26865611,7545877,5964050,80145,2652347
12,../model_20120904_1604580471.uvl,13,8,45333006,true,1544525,32947870,5366266,3301002,41140,1797489
14,../model_20150223_339293957.uvl,26,25,69627140,true,1824515,49942078,5918652,4122395,179163,7085435
6,../model_20160330_1191432205.uvl,19,19,57810004,true,1759951,37274038,7581609,6096998,109351,4344495
2,../model_20130911_2001583567.uvl,34,24,60122323,true,1684824,44090549,5793545,3807512,87374,4009793
13,../model_20131111_1486670620.uvl,21,18,41850744,true,1656537,25653840,7295789,4009101,105253,2634201
1,../model_20110826_1555954181.uvl,24,24,39168345,true,1778051,24794817,5109256,3819822,71046,3075962
10,../model_20131028_1719041666.uvl,19,19,43081239,true,4639266,26759565,4970703,3894524,63655,2332259
9,../model_20170818_1523700786.uvl,31,31,48176696,true,1783762,32931908,4679511,4190473,91777,3897443
15,../model_20190917_1679843058.uvl,11,11,36048030,true,1585311,21205705,6786528,4706353,66415,1288417
0,../model_20180222_1813103418.uvl,26,18,51083019,true,1649421,34015724,6729050,4010860,93057,4011968
11,../model_20180311_1112468126.uvl,29,29,65074769,true,1762899,39315735,9798056,6787467,160060,6458742
3,../model_20180222_1531590612.uvl,18,17,56947725,true,1622645,39107234,6335219,5335468,110562,4003847
12,../model_20160229_1590940306.uvl,50,58,87674403,true,1975642,59539644,7277878,4946569,434033,12747956
8,../model_20150429_343028682.uvl,43,39,69506932,true,1916390,47319302,7267757,5581798,117868,6596682
2,../model_20140509_978687642.uvl,10,10,28091798,true,1632816,17590845,3911308,3319317,35335,1259709
14,../model_20230322_1023477919.uvl,73,55,118213982,true,2240138,83410260,12254865,4928457,334791,13508962
13,../model_20190919_887233558.uvl,17,17,51449535,true,1668163,33190417,7725156,4525484,102325,3725977
10,../model_20141116_913921823.uvl,44,41,62352684,true,1949602,43775550,6574620,4007075,117025,5249960
9,../model_20190918_1569717148.uvl,17,17,56958708,true,1521766,37331868,7426422,6097496,105500,3948846
15,../model_20171014_936370428.uvl,10,9,51716776,true,1512361,32303211,8887949,6178743,64992,2348065
0,../model_20170131_61369545.uvl,39,39,56287026,true,1614279,32554007,10461584,5483960,160886,4742005
11,../model_20140303_1487935744.uvl,23,14,66274183,true,1695987,42149570,9776606,6418401,113610,5413325
3,../model_20190916_1591625575.uvl,42,24,55963866,true,1910664,32838673,10266109,4347266,187518,5360322
12,../model_20191115_635910941.uvl,37,28,59011346,true,1755777,34198980,10236870,6774798,164128,4883320
7,../model_20120829_1418879889.uvl,10,10,35404008,true,1686703,24707745,3990207,3375719,42802,1244466
4,../model_20161128_844678202.uvl,39,31,76735377,true,1836635,58158065,6491229,4116008,228218,5274724
1,../model_20161127_1823059506.uvl,69,257,368156342,true,3501634,310282261,13677701,6052668,1130552,31834721
2,../model_20170320_772300106.uvl,48,48,61595525,true,3312309,42384398,4526494,3913422,132583,6576089
10,../model_20121018_1875808662.uvl,16,15,58959204,true,2972537,35508815,9604565,6376806,94850,3826922
9,../model_20171012_404282969.uvl,25,25,66168717,true,1781809,42791641,8157435,6505444,188712,5998442
0,../model_20200619_2057881785.uvl,37,39,58341635,true,3510329,37339966,6871152,4119457,138044,5720744
11,../model_20140614_2029282468.uvl,54,54,65902895,true,1779548,43094926,7444597,4846611,157929,7743741
5,../model_20130220_406091727.uvl,43,48,60269796,true,3189591,36699790,7807728,5464769,150284,6284287
3,../model_20200810_1407499848.uvl,35,35,66028204,true,1793892,40039143,8723266,6670736,181519,7715634
7,../REAL-FM-10.uvl,14,13,57648406,true,1595732,35362616,8896162,6378135,91196,4917173
4,../model_20140629_1128400878.uvl,42,32,76437154,true,1943876,54685446,6973405,4801391,204570,7163078
1,../model_20091219_494647199.uvl,11,11,31878518,true,1677693,18380042,6095737,3913537,44144,1403315
2,../model_20190624_198695067.uvl,24,24,40796192,true,1558078,27266323,4638156,3638228,76224,3122042
6,../model_20160906_881197553.uvl,18,14,39836283,true,1676194,21843701,7393183,5364555,56308,3146013
9,../model_20140130_912999540.uvl,13,13,58688940,true,1666915,38103968,9011233,5933140,100110,3363717
10,../model_20121018_795335675.uvl,16,15,107765552,true,1692308,92689463,6558342,4541627,50089,1836347
8,../model_20170328_418838667.uvl,261,254,283023606,true,9202041,184482057,16987401,8883342,2568737,57459205
15,../model_20170321_1774846112.uvl,179,155,201281011,true,4513766,127652358,12546673,7773478,1159923,45192718
7,../model_20091129_1734444143.uvl,12,13,38814198,true,1533967,24960885,6245560,3854131,51985,1813369
3,../model_20160913_482611615.uvl,48,37,61766288,true,1968746,40230137,7327042,4693580,147102,6633749
5,../model_20230322_812446738.uvl,34,23,78188480,true,1608416,50777523,10110600,6633320,164656,8023560
11,../REAL-FM-1.uvl,88,72,130477816,true,2597126,91646099,9334214,5630744,447938,19672492
4,../model_20141030_1194865372.uvl,48,43,88379338,true,3992898,53158545,11455366,7375088,320471,11009986
0,../model_20180407_489573335.uvl,109,126,131024215,true,2932228,85280591,14419424,9637959,379790,15930891
6,../model_20161025_210874268.uvl,10,10,51743634,true,3477239,29957804,9132340,6242734,73659,2406808
2,../model_20151127_885194761.uvl,36,35,65979242,true,3263116,45322516,7159559,4320747,120395,5197352
13,../model_20160308_993894457.uvl,10,9,48244637,true,1729711,32948828,5983393,4959767,65743,2222055
14,../model_20121123_1588832561.uvl,16,15,57426526,true,1638860,36453164,9279979,6140744,94935,3265019
10,../model_20140410_454790336.uvl,11,22,53159403,true,1504154,37405257,6412943,4829950,103225,2468015
9,../model_20160301_1978418899.uvl,24,32,73467429,true,1803261,48110582,9300891,6647593,191007,6722825
15,../model_20150310_1159520762.uvl,35,39,79462492,true,1741710,57872176,6214052,3972613,238878,8851517
8,../model_20190917_1352548057.uvl,59,33,64717258,true,1996325,42693397,7759760,4449449,127697,6885704
3,../model_20160629_1032137585.uvl,16,15,41239450,true,1635105,25481319,6769864,4045032,71763,2738082
7,../model_20120202_114979109.uvl,22,19,55628012,true,1724586,38838872,7143153,3900833,89122,3419169
12,../model_20140326_801743865.uvl,13,19,40186373,true,3452176,24105919,6261642,3657836,73188,2302190
5,../model_20110722_419227445.uvl,25,25,45992044,true,1649672,24824335,7827592,6361931,78334,4490188
11,../model_20190917_896971240.uvl,35,20,63523809,true,1730785,46388953,6572225,4049187,113963,4049623
10,../model_20121123_1266693931.uvl,16,15,75084301,true,1484779,56229401,8972777,5889800,48863,1933609
0,../model_20120725_1460954667.uvl,97,81,89188379,true,2581798,55709648,9874989,5379583,395643,13703573
15,../model_20180618_656757926.uvl,11,11,40914774,true,1556751,23649916,7333784,5655589,69757,2207643
14,../arcade_game_pl_fm.uvl,61,95,111687074,true,2328694,73760831,11280144,8686948,564067,13675755
7,../model_20150114_50814742.uvl,33,32,64198073,true,1794542,38430332,9770560,4785871,124092,8448037
8,../model_20140411_1148485857.uvl,12,23,113849599,true,1524249,92318966,8542112,6160794,167824,4737853
12,../model_20101120_2091447559.uvl,20,20,38270307,true,1814338,24209120,5326788,3604905,102653,2781241
3,../model_20140914_1816201365.uvl,37,39,76482823,true,2370996,48030394,9052493,7048488,235282,8744853
5,../model_20181005_1705175151.uvl,26,20,42904363,true,1543290,27420972,6444934,3747140,70100,3044850
11,../model_20100624_2076952989.uvl,17,17,41766974,true,1691985,27111282,6180736,3816461,67487,2482672
9,../model_20200907_1678285822.uvl,63,63,82582874,true,2045131,51707107,6710021,7142569,311864,13806386
1,../model_20230615_743611401.uvl,24,19,51659605,true,1889493,32679138,6211244,5500293,110839,4770691
15,../model_20190513_1805648090.uvl,10,12,30813341,true,1423270,18684942,5335914,3541587,48757,1427437
0,../model_20130106_749900457.uvl,21,15,41898757,true,1646094,25546215,7096479,4554186,57887,2519297
10,../model_20200810_1943380085.uvl,26,22,42683268,true,4121467,24736627,6279344,3513508,80708,3384839
14,../model_20160502_596671432.uvl,25,18,40459436,true,1527962,25036616,6686775,3664523,63814,2939513
7,../model_20180301_203291309.uvl,13,13,46380276,true,3428792,31257813,4309181,3545966,48077,3360563
12,../model_20200817_129447612.uvl,37,37,73580012,true,1643016,47591850,8214975,6790363,292509,8336545
3,../model_20110401_868452735.uvl,14,10,55120180,true,1604070,34506369,8775156,6205710,80317,3444787
5,../model_20140613_1129301242.uvl,10,9,45893047,true,1557571,28460819,7619593,5730377,55962,2069697
11,../model_20110718_866950306.uvl,20,19,59091300,true,1458958,38785733,8591746,5796127,116759,3819910
9,../model_20120328_523540818.uvl,10,10,50990996,true,1446700,31787809,8802610,6117749,71697,2363563
4,../model_20121212_425431925.uvl,16,15,60939644,true,1627545,38914344,9530485,6437145,100656,3917327
1,../model_20191016_1243022077.uvl,83,83,94383017,true,2283602,67408440,8656995,4937345,230695,9857498
2,../model_20180222_1576024243.uvl,13,10,41768913,true,1716589,26014192,6575686,4504979,43999,2475857
15,../model_20131114_87095598.uvl,57,61,63331480,true,1810189,40523381,6809197,4692027,174487,8510090
10,../model_20190502_109355269.uvl,18,18,41817392,true,1669726,26605619,6466350,3614625,105495,2886771
13,../model_20171005_1407702877.uvl,28,28,70776373,true,3714287,44007291,8800286,6745449,164386,6512089
14,../model_20141113_346832425.uvl,56,59,86665007,true,1940988,57032948,7175612,6060823,375693,13288856
12,../model_20130522_1326579656.uvl,45,45,67840461,true,1851161,47247530,7614434,4636450,134932,5591685
3,../model_20230322_2049733851.uvl,24,22,64009930,true,1778842,39889806,9670261,6094176,136249,5679277
7,../model_20230322_497943934.uvl,40,27,69940482,true,1755876,43956606,10803300,6736399,106756,5532176
11,../model_20160330_1846251072.uvl,39,38,53250316,true,2883465,32910084,6282040,5056135,1098835,4386475
4,../model_20221102_1308706395.uvl,17,12,37956905,true,1599018,23237075,6409853,3816401,60408,2420892
9,../model_20131112_1840652917.uvl,17,18,57108805,true,5687001,32668473,7934464,6120525,117614,3976853
6,../model_20221026_1860047321.uvl,103,93,83147490,true,4489085,52294003,7617762,5339889,255098,11858085
2,../model_20160606_412121552.uvl,14,13,53094634,true,1661691,33380072,8545596,5717460,89204,3316258
1,../model_20141030_1477913256.uvl,12,12,92870491,true,1372063,73516729,8793709,5682395,83837,2925542
15,../model_20120328_288933955.uvl,17,20,54988011,true,1807290,38998695,7230992,3670036,119836,2741217
10,../model_20190502_1338968023.uvl,34,39,102181858,true,1903530,86822802,4532037,3902508,110968,4240052
12,../model_20160303_1635209528.uvl,16,15,45393390,true,1581796,32188781,5981755,3415388,56005,1816457
14,../model_20200901_93573304.uvl,38,29,56602808,true,2048673,36528576,8125997,4344037,98328,4613099
7,../model_20131112_1825068383.uvl,25,30,67265484,true,3449015,43250930,8460878,6050606,167609,5370479
8,../model_20161117_1407262512.uvl,21,16,122984911,true,1557770,99201487,10053965,6380768,112888,5035170
11,../model_20130811_391981530.uvl,41,51,84477672,true,1619271,51299802,11515639,7572797,303745,11085379
9,../model_20160623_1415871890.uvl,13,11,56296589,true,1640627,35805008,8857182,6177017,90223,3228474
4,../model_20200901_1356822502.uvl,38,29,59509568,true,1704803,41343939,6833274,4158370,96116,4811856
6,../model_20101110_1749898936.uvl,19,20,48134356,true,1709811,32716623,6281591,3704568,195337,3081530
2,../model_20100927_1382418986.uvl,10,12,47893275,true,1391841,34788191,5943136,3377666,86524,1984594
1,../model_20160925_2087627141.uvl,47,44,72019547,true,1642508,46052858,10088444,6231730,186329,6814700
15,../model_20141119_1459706454.uvl,34,33,54427918,true,2025073,33188763,5856147,5785196,168601,6251942
0,../model_20121018_1639434192.uvl,17,15,45389911,true,1720065,30042881,6930543,3997070,57085,2293149
14,../model_20150305_15208156.uvl,30,34,49409278,true,1713662,30646005,7463238,3965263,924801,4051397
12,../model_20230322_604627146.uvl,22,18,99655825,true,1765676,84853879,6131552,3619940,61655,2652190
7,../model_20130116_382639902.uvl,31,30,50967168,true,1684644,33132658,6792571,3959917,114721,4733297
10,../model_20180227_1765307019.uvl,116,84,131061084,true,2858000,93936557,9696086,5373468,463173,17215033
11,../model_20171207_1015871671.uvl,18,34,68925705,true,1652858,50491682,5018999,5887526,188770,5182074
8,../model_20170320_149190356.uvl,50,56,73423334,true,1955498,42496981,9658987,7556524,282399,10234631
9,../model_20130619_405989942.uvl,10,10,53724961,true,1604221,33992893,9107908,6183108,72753,2339807
5,../model_20140819_914542251.uvl,62,59,100581771,true,4208867,61135888,11313088,7856494,332397,14131539
6,../model_20180222_1895267586.uvl,22,25,51030523,true,1847357,34317561,5607957,4142301,132829,4424797
2,../model_20170517_1468714593.uvl,10,10,33093227,true,1593247,20667201,5487943,3450674,50406,1522127
1,../model_20190730_1957937065.uvl,25,25,41738694,true,1746421,25473712,6215350,3935216,87384,3802112
15,../model_20150423_1422172417.uvl,14,12,39410653,true,1617059,24410307,7256865,3747043,82592,1921703
0,../model_20160317_1483846003.uvl,46,46,82086113,true,2037175,58304270,6122313,3983452,276725,10628042
13,../model_20190203_959278211.uvl,27,27,105443585,true,1849122,90030922,5381241,4284488,186295,3177671
3,../model_20160330_1784601624.uvl,25,22,40766229,true,1904010,24312116,6094011,4462489,164800,3243576
11,../model_20120110_1754443954.uvl,10,9,45742971,true,1668006,32899210,5864072,3564280,45904,1323534
10,../model_20131129_2135897376.uvl,10,10,36157973,true,1729150,21935848,6335289,4132312,48428,1632636
5,../model_20180512_660942805.uvl,36,38,47415923,true,1894127,28987274,5008921,4754395,982558,5142884
8,../model_20140422_1825362104.uvl,21,21,90474690,true,1647715,73460012,8039244,4015583,66162,2829298
9,../model_20150222_409043024.uvl,52,41,63250038,true,2155301,41905867,7147565,4268924,159357,6721414
1,../model_20120627_1512389149.uvl,11,10,35538202,true,1432778,21698318,6495948,3848299,48866,1613790
6,../model_20151111_460133826.uvl,40,41,66894270,true,1787463,49785116,6093180,3865486,119611,4689304
2,../model_20180411_122889136.uvl,26,23,69692157,true,1750618,44510895,10026036,6474196,155655,6017314
15,../model_20111031_386778867.uvl,25,13,55017751,true,1459069,34721236,7722363,5527612,114625,5019033
13,../model_20230608_1658584159.uvl,24,24,50617875,true,1705397,36153209,5698432,3624007,76321,2873111
3,../model_20101111_1790887308.uvl,10,12,56013709,true,1385140,36450583,8740967,6119041,96788,2820944
0,../model_20130908_2094539725.uvl,81,81,101464758,true,2544333,75186489,8010135,5019400,205862,9316512
11,../model_20120110_855603964.uvl,10,10,53199082,true,1483664,32906775,9212117,6104917,88397,2987640
10,../model_20171012_484328807.uvl,36,36,67739054,true,1874044,47864401,4821460,4512372,194237,7777276
9,../model_20180305_2101436905.uvl,47,24,52519823,true,1860346,33631956,6718797,4040196,93781,5373207
5,../model_20131112_1315617761.uvl,58,62,65008037,true,1691662,41856711,8560057,4658014,179835,7281666
1,../model_20200412_2136556876.uvl,12,12,34265636,true,1646492,21803277,5071134,3542832,67022,1752151
4,../model_20160329_1368375444.uvl,33,32,58760339,true,1812770,39913732,6709324,4440089,111301,5165913
6,../model_20170821_744427680.uvl,15,23,54274176,true,1544667,37086478,6741071,3865882,126001,4356558
2,../model_20160330_218438641.uvl,23,15,42504977,true,1527971,25328777,7309350,4021813,63643,3692760
8,../model_20121102_443205816.uvl,26,18,57622728,true,1749835,35932915,8963054,5199813,116766,5171904
15,../model_20111027_966072474.uvl,10,10,47361089,true,1780857,29825384,7860716,5262496,64305,2069750
3,../model_20160229_171128808.uvl,48,48,77223743,true,1721730,52821220,8062552,5175167,230829,8159210
12,../model_20110826_1744501275.uvl,24,24,62368076,true,1659911,40154350,7833485,6319697,130522,5570265
14,../model_20200810_1274447969.uvl,33,31,71188769,true,1760441,47635611,7652820,6315171,166782,6950142
11,../model_20221029_568257220.uvl,17,27,66452567,true,1644119,50194430,6094862,4188395,112122,3813367
7,../model_20180306_422218475.uvl,53,36,87548046,true,1908702,60459246,9565794,6462221,276307,8116158
0,../model_20120418_828883554.uvl,52,28,94910478,true,1868924,62957620,10479353,6917003,279164,11642102
1,../model_20151103_1678219280.uvl,19,19,47426084,true,4086001,25833106,7249913,5623022,63881,3997784
6,../model_20120512_712347860.uvl,13,12,46375721,true,1676856,33067064,5990591,3521841,46613,1691249
15,../model_20230423_1943321532.uvl,27,27,41339075,true,1615726,28046082,4231168,3620358,75100,3208315
8,../model_20180729_701594854.uvl,22,25,42315827,true,1835369,24955240,6492366,4982585,193796,3340764
2,../model_20180306_73619671.uvl,48,30,74447473,true,3983383,39813891,10665978,6732828,263004,11774447
4,../model_20180302_974887082.uvl,122,150,129668365,true,3548838,93319969,8454305,5731667,1293013,15851171
3,../model_20150301_527193150.uvl,24,24,39240961,true,1675143,23860450,6156658,3850719,69646,3135082
7,../model_20111020_455520177.uvl,11,11,30887816,true,2024467,16632615,6764487,3580619,44608,1383174
14,../model_20111130_1614470655.uvl,77,70,85738033,true,1941341,48840320,12758512,8388827,190109,11850520
11,../model_20230323_1971213764.uvl,46,42,56334464,true,1876471,35826535,7221270,4650236,128870,5661903
12,../model_20161128_2006303576.uvl,96,66,95922858,true,2675406,54961557,11129897,7134548,282873,18537493
0,../model_20110406_353034837.uvl,40,35,69628187,true,1753124,44566363,10016586,6155674,121054,6071503
1,../model_20100415_947132043.uvl,31,37,78356621,true,1765422,55553694,6982117,5236465,223123,7970807
6,../model_20131112_1191150070.uvl,57,55,70617262,true,2120631,48155870,7660473,4576638,168868,7115376
8,../model_20110519_1142211980.uvl,14,12,41829042,true,1566402,25952783,6140576,4957431,74088,2800557
2,../model_20180530_1810935889.uvl,11,13,77838723,true,1753990,65702228,5074264,3327942,49760,1578189
13,../model_20101116_1022976130.uvl,34,33,43123133,true,1773331,25986681,6221157,4320162,98954,3966331
3,../model_20131112_1353790761.uvl,23,20,64043722,true,1624094,40190037,9698163,6433607,125969,5290701
4,../model_20170310_195700687.uvl,47,44,74047207,true,1757807,51710399,7373405,4403830,206526,7779044
10,../model_20190129_1004578234.uvl,18,19,41647250,true,1653064,26924876,6089504,3992604,67919,2525592
1,../model_20101104_260803083.uvl,11,10,31542284,true,1343644,19067186,5973393,3453333,38347,1293190
6,../model_20190922_729177560.uvl,21,21,37602289,true,1598533,23554245,5453688,3959281,64993,2500374
5,../model_20180611_1800915628.uvl,10,13,46235044,true,1589056,26070318,8993321,6122251,77956,2942463
8,../model_20140819_1738890661.uvl,10,10,42906520,true,1345830,25468348,7274345,6008324,70936,2279873
11,../model_20140310_1022041880.uvl,88,72,89230811,true,2511033,59167456,8229155,6138490,230470,11777072
9,../model_20190128_1522973155.uvl,23,28,71759895,true,1840609,47956107,8145346,6756865,166719,6142771
13,../model_20121123_2085968892.uvl,17,16,35675987,true,1438039,22640742,5797983,3377158,53190,1940874
3,../model_20130916_894347834.uvl,15,17,59418084,true,1577032,37800186,9471510,6215818,105563,3718354
2,../model_20160103_2012826523.uvl,94,55,80258463,true,2186015,51968516,8677401,4664073,268175,11276314
10,../model_20120422_1648870831.uvl,14,15,60276226,true,2828536,37953983,9076186,6211521,105431,3595619
8,../model_20190430_348224224.uvl,33,25,59952081,true,1658783,43832253,6315382,3648026,84535,3833144
0,../model_20120829_191972511.uvl,168,199,243827493,true,4929430,187307239,13322927,6902486,1314475,27636321
5,../model_20120328_1227899142.uvl,21,20,44781316,true,1733958,27831469,6623765,3867168,76430,4172641
9,../model_20130916_1112744253.uvl,15,17,50882127,true,1644706,33088634,5826201,5944987,124192,3787197
11,../model_20160227_1275602559.uvl,47,58,96638512,true,2187031,73172316,7182238,4458229,240321,8648743
15,../model_20100805_1484639410.uvl,31,35,48056249,true,1748918,30378586,7125473,3941802,196870,3981148
13,../model_20170718_2017313962.uvl,18,18,39545386,true,1591038,26060960,5250095,3977050,58023,2155518
2,../model_20121018_820869482.uvl,16,15,45315006,true,1466358,28190917,8322114,4910371,49879,1876058
10,../model_20221208_1038664369.uvl,28,21,44389964,true,1808923,27420593,6261553,3934432,115331,4317697
8,../model_20190920_56721129.uvl,15,15,38832909,true,1490055,23569749,6248357,4068361,46557,3043231
14,../model_20150620_2057636397.uvl,13,10,37125009,true,1774809,23362667,5985988,3747874,56513,1759726
0,../model_20120328_1814590478.uvl,36,34,80781273,true,1851634,52082215,10417579,6895809,192691,8361247
5,../REAL-FM-6.uvl,11,10,54773706,true,1484536,34680156,9263693,5928516,88322,2905061
7,../model_20160121_1141972007.uvl,20,20,59327636,true,1692301,36139315,9707707,6318006,131215,4589190
12,../model_20160329_926312476.uvl,21,14,47351772,true,1685542,28607193,7534545,4538900,98500,4346090
4,../model_20170402_1978825740.uvl,263,264,298629518,true,9554386,216190427,16573091,8715905,1193201,43099584
11,../model_20121123_1668268132.uvl,13,13,46947944,true,1660500,34399238,5399350,3425368,53266,1633150
13,../model_20200128_1186233455.uvl,23,23,42387880,true,1770887,26504145,6571921,3750560,77747,3166140
15,../model_20170420_1165511748.uvl,77,39,76505742,true,2098267,48906512,8861537,5539455,178055,9786304
2,../REAL-FM-13.uvl,12,11,58586010,true,1526617,38026501,8992086,6257675,93108,3263463
9,../model_20130307_609838668.uvl,176,161,195606116,true,3745423,130111048,16432078,8718454,566855,32344525
10,../miniset/stack_fm.uvl,17,13,46298850,true,1467266,30299374,7577845,4180638,52275,2183841
1,../model_20170818_812208818.uvl,31,31,36746556,true,1618524,22100613,4792277,3699399,85249,3519161
0,../model_20221004_622223252.uvl,26,26,49909011,true,1668799,29334924,8159088,5146994,1612135,3439431
7,../model_20160307_1341241097.uvl,12,9,44226186,true,1475239,25848358,7569122,5006673,66791,3793163
6,../model_20120328_361613983.uvl,16,18,57759126,true,3772101,37254917,7684976,4966581,104767,3459118
12,../model_20190328_829158427.uvl,14,16,60733335,true,2355659,38299491,9296540,6138272,121475,3907821
5,../model_20181119_2037159342.uvl,23,24,103301196,true,1602833,85146128,7770383,4285368,88786,3799967
4,../model_20140925_285704903.uvl,20,17,60720048,true,1529845,40168549,8295236,5639837,117574,4326691
11,../model_20151122_103763227.uvl,47,20,85478635,true,2006069,53900972,11266855,6671226,178727,10271206
13,../model_20141109_1274255950.uvl,11,11,51422062,true,1569225,31785342,8929915,5667238,88877,2909788
15,../model_20150209_1183047948.uvl,29,47,75575142,true,1728699,58028196,6027841,4230360,148883,4929837
10,../model_20160226_1944186213.uvl,48,56,55689359,false,1668590,36712136,4719369,4434084,156747,7785307
2,../model_20160906_1914580505.uvl,31,28,50354376,true,1695062,25373898,9910166,6587734,88202,5867636
9,../model_20140824_1421620261.uvl,51,62,80822746,true,1686292,44924604,11438096,7768294,375538,13323792
3,../model_20130916_1467348272.uvl,16,18,44006435,true,1821528,30034282,5933829,3621416,63153,2021933
1,../model_20190416_545039882.uvl,21,21,49026094,true,1725425,32658219,6596992,5044264,63285,2367108
6,../model_20160301_235863217.uvl,20,27,51792747,true,5155130,33078234,6306271,3750579,121041,2958598
12,../model_20150512_534005467.uvl,31,32,47123600,true,3932795,27288365,6565176,4155866,170560,4332702
4,../model_20150713_1448325014.uvl,32,27,51324157,true,1857166,33903400,6504429,4164994,100666,4153288
5,../model_20131122_913576973.uvl,23,23,44036370,true,1644554,26936757,7136053,4426297,66728,2851098
11,../model_20170308_1789444441.uvl,28,28,47976145,true,1910288,27319044,9581476,4388135,80748,3950849
13,../model_20160122_407616496.uvl,29,26,70918254,true,1574233,48041101,7135936,6407972,170793,7078028
15,../model_20140614_1599125118.uvl,13,12,43403884,true,1792816,26405528,7365127,4709996,48436,2634722
2,../model_20160329_1092215724.uvl,17,22,67075118,true,1597802,44173093,8968396,6402132,154968,5195950
10,../model_20190917_1598073515.uvl,16,16,56691828,true,5233839,33176790,7569744,6358173,100984,3675175
3,../model_20160330_1632759327.uvl,19,13,45045876,true,1725161,30349433,6275433,3880131,55685,2215979
8,../model_20150310_1642957582.uvl,29,32,63191416,true,1879674,45782358,7228932,3809070,100594,3864583
1,../REAL-FM-16.uvl,26,29,69003924,true,1534972,45249225,9752223,6460178,97415,5274239
14,../model_20130815_1890929461.uvl,56,62,74782339,true,2058440,48853821,8746092,5562417,226274,8480829
6,../model_20121212_1167666293.uvl,15,17,54438050,true,1539741,36155281,8003059,5216910,62307,3020674
4,../model_20190917_1294871534.uvl,16,13,38086411,true,1480002,24374005,6171666,3685872,48909,1975952
5,../model_20130917_737900063.uvl,13,15,56472689,true,1816156,34939798,9114631,6323201,117039,3645297
12,../model_20140428_1301432646.uvl,72,71,103396117,true,2150186,61874249,12491193,8112097,531748,16526496
11,../model_20100904_226530663.uvl,38,38,56243656,true,1876299,33980874,6981856,5769013,289184,6593292
15,../model_20160726_1855902901.uvl,12,13,47401210,true,2814939,28916286,6279125,5511969,50095,3468484
13,../model_20190513_1749709644.uvl,20,23,55649291,true,1701541,37405995,8410648,4761712,81133,2827854
10,../model_20221229_1000010819.uvl,17,17,35610284,true,1645353,21874163,5828426,3803942,57536,1986824
2,../model_20111129_1932950448.uvl,13,13,52990437,true,1632013,33776748,7607700,6133528,81129,3253759
3,../model_20110826_1180494500.uvl,24,24,52279699,true,1582741,34745004,4364280,5450245,131681,5432388
14,../model_20120718_813832704.uvl,11,12,45667587,true,1543008,29393418,8555784,3918984,46794,1746938
8,../model_20191012_1432325334.uvl,40,38,67078551,true,1869322,48402057,6679655,4114275,130546,5241223
6,../model_20170527_1802227256.uvl,11,13,53541750,true,1638383,33122886,8897411,6245127,96828,3090052
7,../model_20131121_194495737.uvl,12,10,52771861,true,1604181,32798977,9078749,5753652,85390,2954695
0,../model_20190917_1855142600.uvl,38,33,56631038,true,1759048,27369465,11081101,6646999,292644,8469025
12,../model_20131210_413521746.uvl,13,14,61210965,true,1493224,40294814,9232252,5839844,104998,3797593
11,../model_20171028_1906143627.uvl,13,14,55985856,true,1512704,35145591,9500965,6004247,104693,3257999
4,../model_20120411_196667302.uvl,26,23,112051540,true,3077789,89069014,7612383,5550993,151874,6051560
15,../model_20190228_1201197026.uvl,16,18,60258038,true,1689097,38128918,9205256,6512426,120191,4044025
13,../model_20230615_1063099089.uvl,38,18,80319507,true,1851670,54225637,8579037,6614446,159511,8216459
10,../model_20130115_768867592.uvl,11,9,34117820,true,1628029,21651983,5456072,3517998,69194,1422617
2,../model_20130224_1469220523.uvl,10,10,32339816,true,1651465,19495758,5845611,3631584,39541,1297967
3,../model_20140305_1485634182.uvl,28,29,42995899,true,1749661,27177586,5779469,3996249,144306,3599730
9,../model_20140819_424669215.uvl,17,17,52139732,true,1523654,29243040,9104435,7749645,105572,3901782
7,../model_20131206_656913635.uvl,13,15,32451121,true,1631364,19831349,5446800,3358838,68055,1760220
0,../model_20120201_865979127.uvl,28,36,93024323,true,1823418,76270667,5813536,3705419,182164,4666017
12,../model_20100830_561967343.uvl,32,31,48050579,true,1662994,26302640,9712416,5063722,169693,4260036
13,../model_20160330_925748995.uvl,16,12,39573885,true,3251275,21837493,6508262,4840527,49022,2655218
11,../model_20110507_674768061.uvl,40,52,81170308,true,1958357,56204544,8349708,5607816,170183,8109640
15,../model_20170316_174511349.uvl,16,17,64489906,true,1514183,42423742,8802156,6735112,167465,4448823
4,../model_20190917_75070341.uvl,33,15,49217802,true,1974587,30218160,7424687,4519408,84962,4288745
10,../model_20230422_2139223494.uvl,37,34,52595905,true,1831736,31927992,6608982,4089451,1988699,5536445
2,../model_20230323_901833353.uvl,74,62,88535191,true,3807874,60754423,7762842,4874642,177101,9766228
3,../model_20190917_552843992.uvl,10,7,30337596,true,3213862,16312589,5674096,3455984,34990,1322533
9,../model_20200901_328439811.uvl,35,20,80105643,true,1881742,52255877,10011374,6660703,161035,8202878
7,../model_20121018_271963732.uvl,16,15,34224238,true,1421174,21356082,5591704,3349256,51550,2086191
12,../model_20230322_307237036.uvl,29,23,38888950,true,1371044,23590943,6314790,3750170,73269,3247311
13,../model_20160603_398155586.uvl,15,10,32483296,true,1431210,18931147,6324094,3518365,44100,1840582
11,../model_20200813_1618100589.uvl,28,28,39772447,true,1537686,23310358,5882648,4423450,83344,3574585
5,../model_20160812_1476754989.uvl,10,10,53364427,true,1523407,32923366,9597879,5871414,80579,2954247
0,../model_20160822_713171625.uvl,28,29,65462955,true,1544403,40050460,9829958,6503599,180614,6715444
1,../model_20110214_751339643.uvl,56,128,126435032,true,2125772,97296124,7295195,4814530,542127,13472657
4,../model_20160322_2014722365.uvl,54,54,95711032,true,1962069,65460374,6990072,7465754,294964,12657267
2,../model_20180222_1925875374.uvl,45,43,53204282,true,2002385,32060573,7108679,4694265,181761,6447802
9,../model_20151216_1220822165.uvl,15,15,56935240,true,1521500,35965687,9085170,6246450,93203,3478885
14,../model_20160913_269001380.uvl,49,43,68384123,true,1832087,46612665,7014240,4591740,286136,7305842
8,../model_20150228_222823272.uvl,37,43,61906256,true,1781852,41133945,7788736,5283336,142046,5181908
11,../model_20150330_63301402.uvl,11,9,43157511,true,1608936,22993264,9213261,6077311,79425,2717200
13,../model_20140205_954857783.uvl,11,9,43296408,true,2061650,27198132,6728448,4888903,50874,2008324
0,../model_20110216_608697455.uvl,14,18,41200976,true,1312085,26608649,6325875,4068317,119742,2394707
12,../model_20121025_1656878048.uvl,26,26,55760311,true,1715505,36386614,7581717,5167079,145104,4095655
7,../DELL-LAPTOP-NOTEBOOK-FM.uvl,47,122,165648035,true,2308547,118754407,12172899,8680795,858814,21661592
6,../model_20130725_1929838118.uvl,41,27,81263558,true,2017727,51171723,10957057,6800317,199735,9148591
1,../model_20120902_865058601.uvl,19,19,60328259,true,1638312,38210753,9596380,6249606,106756,4014826
4,../model_20170918_1157652981.uvl,48,29,70095765,true,1759749,49766790,6865788,3891885,125285,6979811
5,../model_20140310_1916029542.uvl,144,54,130049051,true,3261894,87988391,11102178,5392228,270964,19743734
2,../model_20190504_755268837.uvl,43,46,93633207,true,1813818,68140260,6898602,4689033,302088,11110131
9,../movies_app_fm.uvl,13,10,88135993,true,1440056,33829103,5588869,4019828,76357,42821195
14,../model_20180226_492552032.uvl,11,7,33199659,true,3800551,17410460,5686021,3706385,42859,2211536
13,../model_20160504_1687809818.uvl,30,28,47214284,true,1782998,26518419,6595731,6002994,87361,5669998
12,../model_20170228_1437582980.uvl,10,10,45298511,true,1471441,25640853,9501051,5920138,72731,2265743
0,../model_20150306_503606823.uvl,27,26,47977450,true,1683369,29329003,8299670,4588848,78676,3490724
11,../REAL-FM-7.uvl,14,15,62473078,true,1763372,40863175,9190501,6170385,112034,3809915
8,../model_20170215_1278541927.uvl,41,39,72552624,true,1724361,42412419,10884625,7040281,215183,9229439
4,../model_20100324_1996898492.uvl,11,14,48781129,true,1474146,35527897,4507767,3868200,104727,2997089
1,../model_20111029_1654942500.uvl,37,27,67728423,true,1785007,41782188,7823770,5570367,116859,9742587
5,../model_20121123_1807427529.uvl,17,18,57581592,true,1742432,37806184,7398257,5851186,115047,4140890
15,../model_20161128_1478224089.uvl,77,66,103058805,true,2400184,67812068,12532269,8036545,238343,10315665
10,../model_20150506_306101537.uvl,33,33,50544550,true,1826240,35127669,5105556,3882787,98223,3873572
2,../model_20200817_1333981485.uvl,33,20,54019771,true,1845196,37251923,6482061,3877721,81064,3958314
3,../model_20131112_1591180910.uvl,29,25,55092249,true,3603913,36355424,7109529,3971552,97318,3373684
9,../model_20160330_999254735.uvl,14,14,38393252,true,1680924,24693892,4718140,3968514,93218,2819506
14,../model_20151116_762410606.uvl,29,29,52481983,true,1812107,33654640,8719868,3883893,83999,3647362
13,../model_20131202_1575628003.uvl,19,19,53325877,true,1589227,35930302,4626200,6666690,114848,3986665
12,../model_20120824_761159432.uvl,23,20,51415638,true,3225834,34295203,6386066,3799319,129214,3087075
8,../model_20170911_1850240044.uvl,13,13,52741493,true,3206263,32909515,7135850,5898468,87062,3017625
11,../model_20230322_342259021.uvl,33,29,65371874,true,1670607,46193219,7576732,3839015,147775,5363840
4,../model_20171005_1816009957.uvl,10,7,37482108,true,1525211,22952527,7604328,3815250,35435,1214318
1,../model_20160905_338518821.uvl,25,25,46851451,true,1517734,28909947,8731956,4147164,76999,2973698
5,../model_20150614_1325491211.uvl,24,26,62335897,true,1729539,37472323,9905220,6442605,172107,5931548
15,../model_20150610_685576256.uvl,15,17,57754966,true,1596126,40403747,7847929,3913625,116839,3461464
10,../model_20131129_1765219729.uvl,14,14,53847168,true,1601515,36569811,7963118,5265151,57118,1959035
3,../model_20091009_1552375070.uvl,37,40,48814765,true,1915230,31385063,6136048,3980872,133952,4642694
9,../model_20150715_75174593.uvl,17,16,34839137,true,1568790,21376930,5444367,3893774,60706,2057029
14,../model_20120425_1998125226.uvl,71,71,74508933,true,2099571,48411515,8519509,5179187,192090,9116348
13,../model_20180509_988672632.uvl,27,18,44123536,true,1609896,27242484,6622608,4387843,118543,3623676
12,../model_20230120_1200060194.uvl,20,20,59543875,true,1538579,39866991,6575771,6181414,116428,4827340
4,../model_20130418_1158438101.uvl,19,12,43661177,true,1696586,28924469,6069217,3922922,63988,2576298
11,../model_20150523_372542452.uvl,47,35,102437387,true,1912429,82318861,6951042,4208746,125286,6250646
1,../model_20140824_2115796112.uvl,43,49,63388463,true,3968735,39187717,7553467,5023260,1092292,5724529
7,../model_20141106_309720283.uvl,57,54,76569028,true,2097951,52085424,8313037,5561156,152274,7406778
6,../model_20141202_104116345.uvl,10,9,38377992,true,2777468,21179865,7965366,4226178,50892,1750950
15,../model_20111201_1252018702.uvl,61,40,77018201,true,1725686,51302870,7635143,5424687,157068,9842296
10,../model_20160506_174377233.uvl,40,22,78190064,true,1906476,51314886,8038022,6805526,186724,9244703
3,../model_20190220_184230257.uvl,38,42,68922508,true,1700969,49207336,6400209,3792409,276664,6938029
9,../model_20151117_1411945431.uvl,22,22,57421383,true,1701753,39469072,4734404,5792622,118305,5142411
14,../model_20130302_1361528923.uvl,10,11,54783482,true,1550638,38390230,5671265,5824317,92002,2938686
12,../model_20150703_1928436983.uvl,10,10,40825429,true,1624247,29137341,4275894,3868501,44417,1487170
13,../model_20160125_1378351345.uvl,38,33,71777982,true,2481256,49972605,7511504,4840994,133151,6122107
4,../model_20130726_597280131.uvl,47,44,78731339,true,1919189,57714676,6995695,4158260,286571,6963353
11,../model_20120422_2100930135.uvl,25,27,57070085,true,1852390,39656919,6908889,4297278,102331,3688088
0,../model_20200413_90255108.uvl,48,41,126090968,true,1937773,105476504,7486638,4443152,162465,5840489
7,../model_20150310_1191030699.uvl,30,33,73081221,true,1717944,45289906,10376310,6682949,323222,7687409
15,../model_20230630_666266911.uvl,13,13,56995376,true,1496354,35514577,9499462,6384300,111330,3455905
10,../model_20100625_251719781.uvl,16,16,60123626,true,1687491,39872030,8262909,5822018,110194,3851374
1,../model_20190223_2034909826.uvl,88,28,89574429,true,2223579,51071763,11684286,6253153,288617,16804151
6,../model_20170921_244476382.uvl,47,33,136223124,true,2222335,113080036,7831369,4865429,155921,7044874
3,../model_20130821_1446947208.uvl,49,49,86903471,true,1877737,56770061,8596544,6949059,246777,11236024
2,../model_20200811_368165701.uvl,11,10,51087404,true,1777205,33479418,6813811,5938001,72476,2630725
9,../model_20120110_1719396361.uvl,10,10,45614095,true,1644826,29017230,8553012,3531537,52892,2499944
14,../model_20100308_1032655961.uvl,15,16,51566021,true,1493167,35726364,8276446,3592329,61527,1923791
12,../model_20140615_1417385367.uvl,35,30,71733912,true,1809448,49047072,8220425,4630336,164220,7014009
13,../model_20190929_1773228224.uvl,17,25,58159520,true,3506418,37711261,7221918,5337347,89480,3808609
8,../model_20150411_1026005127.uvl,10,12,38487824,true,1559046,25258005,3995329,5630646,48567,1717868
4,../model_20200503_927740000.uvl,21,23,71911208,true,1750705,46423236,9996868,6886394,151979,5683872
0,../REAL-FM-2.uvl,23,18,67257920,true,1747244,44912831,7706373,6358398,285601,5562772
5,../model_20200524_149606280.uvl,35,42,85687556,true,1932173,53926374,10180697,6895316,281091,11581154
1,../model_20161107_751073207.uvl,11,11,47554851,true,1402016,31893574,6263472,5207820,73301,2312350
11,../REAL-FM-11.uvl,67,65,148598955,true,4062367,106218722,12319824,8251649,405830,16116415
6,../model_20221229_2070974785.uvl,17,17,57022647,true,1764273,36805095,8700873,5518624,112068,3552875
3,../model_20160524_3029237.uvl,19,17,45423484,true,1726796,30767473,6069229,3785606,64737,2578604
9,../model_20110203_1382675896.uvl,14,14,37999845,true,1503535,22416917,4626507,5493923,93091,3451664
2,../model_20150411_1055039600.uvl,18,13,37207403,true,3208896,21166535,5734917,3812153,88128,2756478
12,../model_20150715_1425609053.uvl,12,10,47004318,true,1554934,32211175,6409082,4144855,68062,2118661
13,../model_20171128_2320585.uvl,14,13,54976336,true,1515517,34149681,9273067,6071456,87376,3386290
14,../model_20100719_944437142.uvl,29,25,59920403,true,1828038,42834064,6592317,3994242,175854,3976377
8,../model_20100904_330653656.uvl,10,10,92836223,true,1617397,80007566,6075085,3517586,39046,1252016
0,../model_20221122_1612835830.uvl,20,16,43883100,true,1627099,28397105,6658027,4239493,58453,2454040
5,../model_20190917_80747458.uvl,16,14,33665858,true,3643631,17956869,6079724,3607245,49379,1909396
4,../model_20190416_284413958.uvl,37,35,58686441,true,1750254,30401462,10276251,6721321,319166,8193448
1,../model_20160519_1235536625.uvl,34,33,66342446,true,1749213,46840946,6805581,4415975,136868,5745287
6,../model_20150105_1168070568.uvl,17,12,60142530,true,1516687,39057667,8825667,6082221,86373,4029194
11,../model_20170317_1165725.uvl,50,57,80786407,true,1651939,50986908,7408147,7373204,301724,12295235
3,../model_20160919_825563014.uvl,11,10,43602336,true,1426343,24579707,8842421,5724649,71913,2532188
2,../REAL-FM-19.uvl,30,35,77841024,true,1777472,56779637,6177239,4246043,213030,8109425
14,../model_20170115_352040991.uvl,17,18,52377029,true,1560145,30411945,9225325,6378276,117314,4047813
12,../model_20121018_1495134161.uvl,17,15,48799518,true,1639773,33772756,6965435,3730213,68896,2236232
13,../model_20161125_1777261352.uvl,33,28,81329815,true,1805075,52915493,10306505,6830370,211152,8295076
8,../model_20120531_2078087379.uvl,17,20,56073877,true,2686908,32073219,9773400,6430067,139187,4379537
0,../model_20150527_830434674.uvl,34,34,75447325,true,1667975,48132084,10092864,6658302,186028,7820631
5,../model_20140411_114609198.uvl,12,18,85057643,true,1664961,69334332,6981613,4426204,73319,2199373
4,../model_20110428_1131293346.uvl,13,13,34224794,true,1497373,19904732,6785320,3873802,47475,1692834
11,../model_20160303_1645051071.uvl,17,15,45708766,true,1586050,30628312,6775618,3831811,92951,2330160
1,../model_20150521_1988107963.uvl,17,15,48684194,true,1575038,30008664,9387218,4821508,54370,2268870
6,../model_20131111_1434736548.uvl,34,34,57013775,true,1705720,36730071,8923442,4056583,131748,4596603
10,../model_20190214_582844610.uvl,11,11,57615485,true,1571129,36527831,9516816,6335462,98310,3112632
3,../model_20190922_1316746975.uvl,22,22,54613989,true,1652555,35738323,7056775,5511395,135878,3911335
2,../model_20190221_1604245950.uvl,18,18,62861356,true,1696795,40532579,9047188,6233793,125669,4673227
15,../REAL-FM-20.uvl,44,34,65867724,true,1988874,39370480,8058206,6844322,109363,8776032
14,../model_20160329_864839294.uvl,22,21,36908031,true,1730864,21626974,5569144,3414983,64095,4030198
13,../model_20120710_919309758.uvl,19,8,38194458,true,1658759,24180163,5870809,3716101,46186,2311441
7,../model_20190219_265960660.uvl,178,140,134414769,true,4056002,88170808,11353299,6341707,584754,21564154
0,../model_20130725_608010428.uvl,12,12,48717046,true,1563758,28955259,8983786,5867662,85699,2798012
8,../model_20150304_173081072.uvl,20,27,61406794,true,1635901,38467451,8120401,6713542,192595,5728749
10,../model_20200819_498504850.uvl,31,28,41788838,true,1772006,25826290,5973926,3980812,87039,3570396
6,../model_20160329_1999221629.uvl,24,24,36515657,true,3508403,20477453,4831781,3945412,77753,3049706
1,../model_20170919_1425490791.uvl,47,42,87373433,true,1840799,55415839,8324261,7195195,392275,13474937
2,../model_20120328_593032745.uvl,19,18,47769042,true,1436502,33417520,5927690,4139532,59192,2320198
15,../model_20230322_1028761227.uvl,18,15,42156168,true,1488906,25209239,7067276,5050799,88256,2840057
9,../model_20221009_1635938665.uvl,42,32,61004557,true,1860681,40191695,7123388,4336104,187352,6703277
14,../model_20111220_1450733948.uvl,41,13,49140045,true,1800674,30585351,7006760,4249421,81536,4812525
13,../model_20170706_1181552122.uvl,11,12,41520154,true,1613932,24908498,8481663,4444832,66025,1559481
7,../model_20221125_1235088379.uvl,25,15,46089617,true,1607203,31143901,5916173,3647654,67654,3213152
8,../model_20161212_1631452800.uvl,23,25,46456064,true,3304650,29025902,6451056,3810909,93251,3272697
0,../model_20110525_1619420630.uvl,45,41,84788808,true,1948535,62049842,7095122,4441065,264615,8228550
6,../model_20140905_372428255.uvl,13,10,31419513,true,1345416,18509016,5616082,3615325,40312,1932695
15,../model_20171207_711618687.uvl,13,13,31803073,true,1391391,18211915,5241655,3727164,65989,2734112
1,../model_20121123_1014773113.uvl,16,16,34763197,true,1697112,20740377,6214562,3472149,57331,2152751
2,../model_20170321_1279222212.uvl,10,10,55120995,true,1617955,35389130,8879766,5808614,93236,2871073
14,../model_20140209_1802656178.uvl,26,13,55914865,true,1771529,39642525,6544508,3859373,69962,3525283
13,../model_20180511_622669496.uvl,18,18,33077798,true,1465715,21554603,3906084,3524051,58036,2157321
12,../model_20230322_1548752135.uvl,45,32,94208160,true,1840384,62890783,10241860,7064721,257062,11136935
8,../model_20141114_653359930.uvl,32,41,89903058,true,1774962,59767059,10875569,7157544,256513,9145853
0,../model_20130621_2143921379.uvl,29,32,121480790,true,1762600,104977743,6366063,3850139,174307,3846637
6,../model_20141103_771283347.uvl,10,10,33393256,true,1462663,20810415,5280336,3716913,50369,1772295
15,../model_20101123_920943759.uvl,15,15,32014826,true,1393295,18404047,6390577,3487041,47565,1786478
4,../model_20130522_2044729096.uvl,31,26,44536022,true,1729757,26446033,6736622,3978321,92456,4765355
5,../model_20160907_1816738180.uvl,10,8,37316192,true,1588730,23744520,6503781,3675978,61071,1345706
2,../model_20131112_1165253679.uvl,27,24,51380244,true,1494272,33678049,7781719,4261107,77512,3361361
11,../model_20160520_681202886.uvl,11,10,52185927,true,1688076,31318389,9735596,6000542,73890,2785332
3,../model_20170419_185164278.uvl,17,12,61100346,true,1667731,38891100,9635904,6206576,103200,4027768
7,../model_20170424_781699396.uvl,142,84,125828639,true,3605144,79022945,11704321,6466949,419238,22465960
1,../model_20230322_1036375763.uvl,40,27,64254811,true,1819282,39745338,10345463,4853301,127103,6371294
14,../model_20180306_1553572984.uvl,47,47,62421160,true,2122684,40332638,8235638,4438910,128671,6423158
12,../model_20120328_1309817018.uvl,14,14,36873263,true,1533412,25528748,4268086,3477232,47825,1626469
8,../model_20151102_2085331426.uvl,51,45,66865693,true,2012711,43171220,7949537,5034898,159423,7621578
0,../model_20140209_576830157.uvl,27,33,61359026,true,1697785,41591354,7411040,5609317,122725,4406477
15,../model_20130529_167247656.uvl,16,16,34377433,true,2884477,19752781,5571695,3611858,58259,2100747
5,../model_20181118_1641295184.uvl,12,11,39692437,true,1697453,26073678,5650829,3745416,55065,2032523
10,../model_20200907_1296105910.uvl,35,21,50691482,true,1816748,32755271,6912501,4434966,101160,4091750
2,../model_20140411_279155356.uvl,11,12,35380112,true,3805137,20276816,5730103,3468428,50586,1682716
3,../model_20150223_771673981.uvl,26,18,55848369,true,1590445,30242985,10321897,6555749,279803,6101574
1,../model_20150509_1341412445.uvl,10,9,41987812,true,3393179,21885559,8493420,5358074,71703,2373528
7,../model_20130122_92211527.uvl,11,14,53475573,true,1589023,37827199,6741131,4245479,114312,2504271
11,../model_20131113_2067550021.uvl,42,46,84538367,true,1981755,50640974,11504750,7418760,251160,11567642
14,../model_20230322_1814026223.uvl,20,18,53328156,true,1732058,32697632,7497722,6388010,119981,4323693
9,../model_20110323_789959080.uvl,15,11,38112019,true,1643623,22926153,6256492,4809296,56109,2023789
12,../model_20100730_1366577700.uvl,32,37,57181140,true,1667086,40881161,5333342,4262605,119399,4400955
8,../model_20140402_1108338221.uvl,10,8,73275414,true,1524841,59199677,6253242,4189859,63447,1706037
0,../model_20200829_1325519775.uvl,22,22,60212533,true,1664626,38379536,7735521,6456658,125728,5177894
5,../model_20120328_794090001.uvl,22,22,60753870,true,1662612,38865295,7774170,6420051,133299,5267693
10,../model_20140628_1177734570.uvl,29,32,62124905,true,1798633,36239788,9622905,6195665,209903,7284278
2,../model_20160315_697003579.uvl,27,20,52910451,true,1692800,28934240,9994724,6142132,129893,5381160
7,../model_20121219_629525870.uvl,18,24,75497783,true,1607757,51975696,9227691,6409912,160384,5512248
11,../model_20120822_650185552.uvl,25,23,49631389,true,1799617,31020792,8410824,3970693,88610,3712812
9,../model_20200901_40084439.uvl,26,26,60617297,true,3950377,33865030,9263972,6606243,165582,6114793
1,../model_20120424_1703152596.uvl,59,45,95892353,true,2583608,66308177,10046204,4254165,275494,11537857
14,../model_20130410_2115212559.uvl,11,10,53034855,true,1493986,33790580,9153000,5702220,74180,2423881
3,../model_20140411_1742095150.uvl,12,23,120435891,true,1553374,97911817,8987876,6484471,178364,4881463
13,../model_20121018_201916182.uvl,16,15,51635189,true,1767796,34708974,5599330,5509746,98357,3572022
15,../model_20170316_1430061931.uvl,60,253,309935292,true,3005488,242302690,13196179,10640228,1106377,38159676
8,../model_20160304_168615633.uvl,29,32,46765966,true,1785680,30140105,6138236,4107945,179884,3894391
12,../model_20170502_101132737.uvl,33,37,112188880,true,1632254,94412970,6530955,4077981,156691,4789092
5,../model_20130604_1500555803.uvl,13,13,32593795,true,1637906,19833175,3990927,4061102,72197,2594949
6,../model_20181104_43638915.uvl,10,8,43151911,true,1738695,27943283,8260130,3480820,37162,1270822
4,../model_20160906_802533043.uvl,21,24,39078966,true,1666174,24497720,5592962,3527785,146392,3170228
7,../model_20141023_437365215.uvl,35,38,48386093,true,1543914,31095965,6595152,4088380,156094,4306908
1,../model_20151123_702303189.uvl,40,44,55128170,false,3742341,35787761,4415059,3925058,195996,6857611
3,../model_20110124_2116036381.uvl,18,18,40563534,true,1618273,24988298,6972516,3819412,89252,2643253
13,../model_20100824_837146809.uvl,22,22,38806079,true,1615628,24314566,5582999,3723918,68989,2997038
15,../model_20140428_1917957920.uvl,63,62,68969925,true,1985364,47572820,7119490,4124540,176325,7174517
8,../model_20230323_1102049462.uvl,17,17,31727251,true,1517454,19653857,4319041,3745719,53727,2026515
12,../model_20140902_941000321.uvl,13,11,32381618,true,1573488,19510555,5489263,3608228,46692,1767482
5,../model_20120124_94644767.uvl,12,12,27186728,true,1635802,16467676,3948637,3250289,42237,1476781
6,../model_20140420_1899694432.uvl,55,54,57465459,true,2892513,35844435,6974007,4187405,193994,6581197
4,../model_20150616_74187279.uvl,17,11,41138807,true,1545031,27164924,6181839,3580881,53753,2255433
7,../model_20121123_913179730.uvl,17,16,39440583,true,4426986,22688929,5886191,3606073,58279,2363450
1,../model_20221220_1576677705.uvl,14,10,33634687,true,1357641,19547592,6653889,3794200,55579,1809933
3,../model_20200901_2052923297.uvl,21,21,46697010,true,1545071,33309801,4214603,4538781,70382,2560000
13,../model_20170312_968402737.uvl,49,33,57201796,true,1925102,37161899,6817981,3789481,128531,6453779
15,../model_20200517_1501498720.uvl,11,12,33610048,true,1587567,20392972,5637767,3736920,51840,1771634
8,../model_20160106_443157632.uvl,13,13,28247592,true,1449896,17448760,3931727,3394929,42836,1633798
12,../model_20160913_600398973.uvl,48,38,96079995,true,1990845,66948957,7605097,6585926,261018,11915758
5,../model_20171016_1973576375.uvl,11,13,58880140,true,1598460,38517490,8990446,6103768,106637,3096349
6,../model_20180110_870365297.uvl,10,11,52508469,true,2071630,32858407,8629300,5636438,92700,2809624
0,../model_20130916_1894002979.uvl,16,16,58728395,true,1738289,37438414,9069059,5967646,106445,3851371
4,../model_20160330_1306243394.uvl,21,21,113995040,true,1649002,91286953,8990693,6272504,117694,5004129
1,../model_20121018_1186774722.uvl,16,15,58455301,true,1417543,36892649,9241913,6482435,103077,3807410
7,../model_20170904_444361354.uvl,46,33,84977252,true,3882907,51648033,11363065,7076761,206017,9678202
3,../model_20121018_1970318852.uvl,16,15,52907495,true,1599426,33605478,7963746,5961588,97072,3313476
10,../model_20141107_655975442.uvl,10,9,54245751,true,1699378,35297390,7864158,6389688,75060,2619032
2,../model_20171016_2132568250.uvl,12,4,54948612,true,1721807,35109453,8876005,5867870,59974,2831524
15,../model_20190510_899437477.uvl,13,11,53462901,true,1561712,35655672,6579052,5940013,91616,3178835
13,../model_20120111_1667229430.uvl,24,19,70143613,true,1634648,45073051,11894583,5802533,138534,4690694
11,../model_20140819_1020837515.uvl,63,68,79532066,true,2053806,50151306,8245271,4737434,350569,12628359
9,../model_20150305_94122420.uvl,31,31,49704778,true,1874190,29312710,5987093,5909912,90642,5685280
8,../model_20160309_1721210506.uvl,14,11,50086010,true,1527394,30922039,6999301,6267154,83855,3868099
14,../REAL-FM-5.uvl,17,27,123957122,true,1630352,99848769,9428532,6677534,176194,5627538
12,../model_20200901_1615961503.uvl,38,29,61378499,true,1828103,41456672,8234134,4343435,160666,4526888
6,../model_20101124_661702924.uvl,15,15,52173386,true,1744782,35993105,8013948,3600077,78066,2264058
1,../model_20180304_290046860.uvl,48,28,59643586,true,1866245,40324181,6906714,4072339,173898,5572003
4,../model_20170919_1946252337.uvl,48,29,59453297,true,1665990,38662269,7227367,3975031,127014,6994113
0,../model_20121018_242475712.uvl,16,15,55167654,true,1663923,33453830,9572251,6246618,92925,3575482
3,../model_20151202_1529785580.uvl,40,40,49915903,true,1898158,32111374,6410763,4047155,118887,4696941
2,../model_20160912_1428022317.uvl,49,57,59909832,true,2142468,39740756,6268584,4199026,162379,6259189
11,../model_20150302_1660900120.uvl,31,34,47898809,true,1878734,30891715,6586662,3974775,103398,3895693
8,../model_20150310_563618715.uvl,33,40,53169430,true,1839252,30437554,9855708,4349933,134968,5671387
14,../model_20111111_1026730216.uvl,37,29,46974040,true,1638178,29121073,6426124,4401883,104300,4660133
12,../model_20110715_945252556.uvl,32,32,43961391,true,1538268,26584115,6205292,4165911,94973,4873232
6,../model_20230322_1573076538.uvl,17,16,35851142,true,5013399,19708764,5268437,3420956,58710,1961879
4,../model_20110704_555218409.uvl,11,11,31753885,true,1359119,20690728,4220754,3841068,40338,1290661
1,../model_20200425_1144751894.uvl,10,12,43365231,true,1392916,27916083,6847988,4497279,140305,2271994
0,../model_20230322_1882971454.uvl,21,21,38777519,true,1386442,23089960,7102954,4048618,99862,2612848
3,../model_20150423_1415525319.uvl,27,21,44951128,true,2203701,23615227,8568165,6041660,69834,3692167
8,../model_20140425_366530615.uvl,11,10,44034219,true,1543851,30854485,5969599,3790200,48148,1485588
11,../model_20160330_387052519.uvl,21,13,45146229,true,1673451,30846770,5876007,3575171,55261,2614120
14,../model_20230609_1502711362.uvl,22,22,42093760,true,1536273,28010840,5595734,3793496,108794,2636215
12,../model_20200403_1286696698.uvl,37,34,57445405,true,1818086,38639379,7346591,4247927,187443,4356144
5,../model_20120205_24117969.uvl,34,34,50029906,true,1702115,29363252,9697179,4255818,100148,4036145
6,../model_20131112_1855381012.uvl,31,30,58935110,true,1516644,40085899,6919248,4269019,184765,5410735
2,../model_20230426_159926820.uvl,59,43,74688310,true,2095538,50910792,8198489,4719785,146331,7757349
4,../model_20140306_1313194877.uvl,32,31,75015673,true,1729815,47436044,10584659,6979539,172739,7247722
0,../model_20200810_1781368898.uvl,21,20,54561771,true,2738090,36280743,7251071,5016853,68076,2620940
1,../model_20180511_935028612.uvl,20,23,109678498,true,1748699,39087151,9909981,5288378,149815,52491476
3,../model_20230322_208918165.uvl,40,27,81163763,true,1787987,54251287,9965614,4791325,187227,9125193
7,../model_20160420_1926809017.uvl,12,5,39143174,true,1741114,24983324,6071932,4093730,34922,1777993
10,../model_20130809_353548541.uvl,57,52,59938432,true,2197606,37109532,7126193,4802803,146072,7689247
11,../model_20151124_1131991591.uvl,34,34,56667498,true,1508899,29843470,9913237,6749766,195677,7506743
8,../model_20121025_1453237615.uvl,20,20,41308423,true,1503723,22580782,8546984,4427687,69763,3599781
15,../model_20150506_2068045691.uvl,20,20,55757327,true,1836436,39275972,7215254,4227830,83274,2570279
13,../model_20101208_1056693380.uvl,25,25,43831134,true,1922112,28373026,4928546,4060335,132960,3864649
14,../model_20140914_775838300.uvl,24,24,117329419,true,1502973,95180220,7945607,6395504,130109,5545808
12,../model_20150611_578706116.uvl,13,12,53014434,true,1836240,35679929,6519083,5454559,83653,2986632
9,../model_20200128_1669015551.uvl,23,19,62965904,true,1880309,38217017,10388955,6309939,121528,5337594
6,../model_20160519_1444507509.uvl,41,42,75560842,true,2002189,55021191,7006355,4230387,152513,6509532
4,../model_20110330_919429247.uvl,25,27,40988768,true,3648955,24239723,5431468,3993899,89435,2983594
1,../model_20200225_1125771038.uvl,43,40,53676364,true,1627091,33409710,6615920,4028761,206689,7081030
3,../model_20120201_899753062.uvl,27,31,77112206,true,3805093,52294711,7919967,5044263,217933,7338694
10,../model_20190416_886742925.uvl,12,12,30110492,true,1706580,18500023,4359826,3379187,42116,1763043
8,../model_20120920_383492576.uvl,11,12,30955407,true,2855096,17879234,5288352,3175580,45443,1353418
11,../model_20131112_64627122.uvl,13,12,43578480,true,1567843,22718557,9163936,6302732,88653,3226158
14,../model_20140328_1965511118.uvl,10,10,44751524,true,1530899,30847048,4265452,5421235,68246,2292371
12,../model_20180927_642324190.uvl,51,46,63978367,true,1834756,40353040,8891263,5276759,238708,6311878
13,../model_20120609_84195762.uvl,26,21,68370136,true,1774468,43039350,9967189,6629657,140794,6055355
9,../model_20130414_861625706.uvl,15,15,51565491,true,1578247,30636165,9788644,5875141,93665,3032481
6,../model_20100415_240595643.uvl,31,32,44510718,true,1781288,28047173,6324450,3991869,93623,3733816
4,../model_20200320_13307140.uvl,10,10,38075938,true,1703535,27109613,4089626,3571468,38738,1232284
1,../model_20110216_1027109687.uvl,12,16,34881420,true,1672066,21684363,5702006,3527348,60144,1862899
3,../model_20200815_433256797.uvl,39,33,50152622,true,1751956,31917704,6356092,3891473,162531,5454588
8,../model_20140614_436006902.uvl,25,25,47017222,true,1553901,29047688,7706640,3714234,98399,3827368
11,../connector_fm.uvl,20,14,39664367,true,2673769,22590774,6262155,3958063,92422,3565336
14,../model_20130820_1465112187.uvl,49,49,69854377,true,2037091,43458489,7811068,6362150,234018,8923954
12,../model_20140820_1349433690.uvl,22,22,54345865,true,1662196,35501163,7014133,5841504,72702,3716162
13,../model_20180512_810540422.uvl,23,23,63252482,true,1537423,45060830,7158882,4394189,147823,4532512
9,../model_20131112_817529963.uvl,40,40,64352268,true,1886438,36551647,8832048,6995526,359942,8989975
6,../model_20201010_633615094.uvl,12,11,39145454,true,1476266,22567661,7795326,4423210,71547,2419674
5,../model_20130226_1908057354.uvl,16,14,48352629,true,1711384,32931953,6728281,4282464,104314,2218411
4,../model_20120419_1397354511.uvl,20,20,55274968,true,2742590,33239945,8389248,6080395,131113,4128960
2,../model_20230323_1108197556.uvl,17,15,52216932,true,1637675,36546366,5558689,3983917,98643,3945562
1,../model_20190122_546529784.uvl,18,18,46151446,true,1494846,32484026,6018921,3458954,61513,2205301
0,../model_20160716_1943328700.uvl,18,17,57471409,true,1761768,34353333,9669520,6657571,91527,4325543
3,../model_20170918_2076946141.uvl,16,10,57847767,true,1574731,37156183,8892732,5880628,85063,3742950
11,../model_20130529_1187431770.uvl,16,16,35032049,true,1636678,21266522,6167664,3523866,60981,1947220
8,../model_20121018_1550648286.uvl,16,15,54716160,true,1636732,37578158,5987426,5025024,103065,3885162
7,../model_20131112_1630582425.uvl,28,20,102985555,true,1806533,83809729,7734983,5157752,74611,3878833
14,../model_20120328_663906927.uvl,28,25,46508733,true,1826374,29792885,6831196,3888620,82813,3562237
12,../model_20180222_786472237.uvl,12,7,38403483,true,1665809,22050645,7182386,4898213,41756,1758510
13,../model_20131122_1241273029.uvl,18,18,57892416,true,1754677,37002626,7845601,6209588,120588,4326759
15,../model_20130916_1983257725.uvl,16,15,49676263,true,3182139,26533183,9408703,6107515,101095,3731241
9,../model_20131203_151571988.uvl,54,51,75041736,true,2176874,51109364,6749434,4864041,270229,9111541
2,../model_20120705_77954373.uvl,22,18,45986263,true,1720723,32228620,5479349,3468888,62726,2572105
0,../model_20190917_1484600794.uvl,17,13,44781303,true,1578697,29753942,6198928,3377056,81314,3227102
4,../model_20101117_2128796258.uvl,72,69,146940664,true,2210759,114585376,10112582,5812715,558814,12745819
1,../model_20160229_1734203468.uvl,48,29,93337374,true,1962239,63525334,9838316,5654704,238503,11365098
3,../model_20140207_1303140975.uvl,12,12,36954367,true,1617130,23874058,5413738,4213592,44887,1498086
8,../model_20140322_1340045027.uvl,10,10,42273526,true,1603194,30987515,3995356,3932379,69672,1339652
11,../model_20140410_1285833987.uvl,11,21,55318285,true,1648827,40806001,5610384,3997284,87854,2821849
14,../model_20190124_988857604.uvl,46,41,54038958,true,1672169,33977819,6941184,4425155,124227,6185423
12,../model_20130529_552715089.uvl,17,16,42678589,true,1681566,25966647,6599277,4293083,98376,3569451
10,../model_20170904_998227463.uvl,42,37,63482912,true,1880532,40661085,8278746,4080760,111855,7568266
13,../model_20190915_1211977272.uvl,22,21,64772297,true,1707902,42185862,8652842,6405982,134159,5190677
15,../model_20171021_192017753.uvl,17,15,61356947,true,1770767,39417260,9195603,6202492,98318,4067985
9,../model_20110127_1318390760.uvl,13,11,41631584,true,1577368,24992449,7254122,4941002,43335,2469343
2,../model_20130510_203163945.uvl,18,12,58910193,true,1530581,37428684,9205514,5959876,99998,4098438
0,../model_20120328_1974817485.uvl,13,8,33501748,true,1618503,17852427,7251502,3861863,41444,2320878
4,../model_20120423_1625073325.uvl,32,26,53920448,true,1885079,37523241,6218547,3895424,82520,3709017
1,../model_20200128_23228584.uvl,23,23,52917150,true,1826167,28340217,9738950,6247157,161396,5875543
3,../model_20160308_190029672.uvl,33,32,59347548,true,1652657,38834893,9468883,4537349,99533,3978272
11,../model_20200121_827473084.uvl,17,17,44118598,true,1618225,30359262,5704561,3556448,75321,2357503
14,../model_20140511_603377022.uvl,15,14,37883087,true,1715350,24610430,5576930,3654570,48961,1875268
12,../model_20101020_1809093990.uvl,20,20,34341657,true,1585694,21088948,4554471,3853118,70525,2709675
10,../model_20200819_710049424.uvl,28,25,63877886,true,1641645,45637371,6447068,3902618,144031,5554495
13,../model_20160227_1389842098.uvl,48,51,88038684,true,2075076,64582195,6668388,4425534,265435,9243225
6,../model_20140917_195564800.uvl,16,16,39215976,true,1764125,23962197,5568409,5315963,53503,2112278
2,../model_20130123_686198065.uvl,40,40,80951396,true,1576187,55817708,7212550,6390155,219233,9105069
5,../model_20170918_1996976409.uvl,33,33,70772682,true,4055751,42207394,8836506,6947356,193281,7652926
9,../model_20150527_1979644627.uvl,72,58,87554454,true,3243784,56130276,11681750,4713292,262065,9804339
0,../model_20160308_79396455.uvl,41,44,71638941,true,1907401,47068692,10518240,5075497,185013,5843581
1,../model_20230322_1855764436.uvl,26,22,63940613,true,1707825,39959043,9081562,6251158,261911,5975936
3,../model_20170618_724645944.uvl,13,14,54133518,true,1487006,35392247,7606727,6064121,97878,3094429
4,../model_20190430_2137275351.uvl,37,35,79602358,true,1788650,51953850,9843649,6476411,354741,8530073
11,../model_20200128_745414394.uvl,23,19,65672718,true,1544154,43869926,7801314,6333975,129700,5440499
14,../model_20140430_1532303117.uvl,32,20,52111107,true,5257820,29991855,7760936,3922368,93024,4272142
12,../model_20140819_709073537.uvl,43,44,62214915,true,1945214,41395511,7881141,4735334,131806,5373600
7,../model_20180729_2071913647.uvl,24,29,67639413,true,1894576,43173216,9358728,6478644,150607,5881286
10,../model_20120909_341305614.uvl,32,34,47695885,true,1853979,30057844,6462273,4616099,104640,3989786
2,../model_20181019_994429580.uvl,10,10,39207621,true,1696843,21233549,8544584,5914978,61811,1409805
5,../model_20160329_1152124785.uvl,21,20,47617239,true,1579430,27171377,8228019,5908031,121643,4114808
6,../model_20110428_553405269.uvl,37,29,51571006,true,1783030,31130634,7782433,4517863,109040,5590331
1,../model_20101111_156018899.uvl,12,11,36217879,true,1503079,23119452,5763145,3498131,69524,1877001
9,../model_20161207_285955518.uvl,54,46,85437915,true,2007932,52415717,11680970,7039515,263376,10783237
3,../model_20141106_1014782772.uvl,17,17,60207487,true,1592655,38481034,9124244,6349944,103057,3947809
4,../model_20140825_2017008690.uvl,58,59,94670183,true,1942788,62916433,6804407,7608553,328167,14197486
11,../model_20200810_1006372985.uvl,36,36,78683813,true,1900513,49875460,10216863,6990076,206974,8515010
14,../model_20180917_1978871462.uvl,50,45,54709346,true,1789594,34902109,6823741,4472646,130225,5844876
12,../model_20130121_710180273.uvl,10,11,40376485,true,1556477,23318697,7533707,5352672,53391,2227044
10,../model_20160329_268958808.uvl,47,54,76955194,true,2139958,43475822,10717272,7469047,283203,11743111
8,../model_20170414_1751865819.uvl,77,84,112815328,true,3813308,84181939,7972692,5069368,408752,10326127
15,../model_20200728_429027371.uvl,17,16,36892320,true,1872982,22041686,6211880,4018565,95145,2206713
7,../model_20180305_1393570452.uvl,48,43,74943576,true,2032213,50170707,7364101,4375738,316579,9846396
5,../model_20121123_1672558767.uvl,15,17,74821967,true,1737188,53356313,8786692,6096578,114622,3752696
1,../model_20221101_871584152.uvl,19,28,61642227,true,1653931,45933155,5693463,3732171,128553,3990348
3,../model_20110525_564104612.uvl,27,32,46434805,true,1647749,28576302,5765561,5165373,198864,4523368
14,../model_20121018_436901160.uvl,16,15,52980565,true,1519641,35282598,6299906,6034590,93597,3385436
11,../model_20140824_525404983.uvl,47,47,84496532,true,1941250,53504537,9958632,7151149,273991,10557187
4,../model_20141104_1527188029.uvl,140,140,120632231,true,3683605,78445703,10316801,6372129,730084,19159231
12,../REAL-FM-17.uvl,25,24,56719374,true,1603513,32218002,9002253,6736866,178067,6519878
7,../model_20110826_252647654.uvl,24,24,62176824,true,1638375,40886422,6586848,6549519,135978,5696829
15,../model_20150428_2048110240.uvl,11,12,40589065,true,1567187,26051859,6803470,3592655,80843,2074740
10,../model_20130703_1107240012.uvl,64,27,95047949,true,2157420,68129715,10352195,4794871,143418,8495395
8,../model_20150208_2120373387.uvl,25,21,53340604,true,1617592,35286345,8052726,4120735,90463,3596173
13,../model_20190917_512190943.uvl,45,37,67583590,true,1910353,35857909,10941193,7122469,210728,10359271
1,../model_20140801_240918546.uvl,22,13,51274152,true,1561560,33722037,8514617,3955896,85783,2828758
5,../model_20170505_1428478521.uvl,24,26,68248200,true,1615010,43598455,9797297,6562573,166750,5797086
3,../model_20110622_260389190.uvl,12,10,38922698,true,1555141,26209753,5784039,3525809,40791,1507945
0,../model_20140403_1688136935.uvl,45,42,58393362,true,2004971,39950911,6151452,3907045,196375,5473770
14,../model_20171204_404453510.uvl,21,22,66163506,true,1603124,42774074,9434124,6421692,143143,5150676
11,../model_20121102_768518520.uvl,14,14,47008051,true,1601425,33726490,5788063,3671130,50713,1786517
4,../model_20140423_277886534.uvl,21,18,56068984,true,4078616,36084278,7531833,4041245,92216,3565761
7,../model_20100712_329430908.uvl,20,20,61250832,true,3399166,36641632,9409383,6439925,114549,4637249
8,../model_20121123_638033800.uvl,14,13,53660413,true,1605400,33250888,8720683,6050952,89244,3414368
10,../model_20140422_2137156564.uvl,35,32,78722304,true,1838726,54844346,7952723,5083418,302704,8072445
15,../model_20120408_404695779.uvl,70,66,96180528,true,2277692,70342535,8273569,4853524,263735,9083090
13,../car_fm.uvl,14,12,49546961,true,1612789,35318386,6311142,3958073,52168,1905141
2,../model_20150301_300492477.uvl,33,32,48571026,true,3053728,28270835,7278548,4242047,224623,4843567
3,../model_20150212_1516383976.uvl,12,8,55102061,true,1703009,34606449,9609646,5830799,78704,2823010
1,../model_20230505_1739075744.uvl,42,45,80440999,true,1750357,49603022,11011219,6849077,254194,10049438
6,../model_20120513_373795895.uvl,14,13,36299578,true,1648289,21773629,6835665,3507806,77093,2005928
12,../model_20200316_153170359.uvl,124,103,128687100,true,3204194,83592151,10981851,6341193,824973,21945473
9,../model_20141205_2005181775.uvl,33,28,71741421,true,1888434,44640912,10296679,6487521,149451,7331406
0,../model_20120701_1498696792.uvl,11,11,45479550,true,1693391,27492038,8201106,5378514,75284,2191021
11,../model_20110407_1283128166.uvl,51,52,63869467,true,1985987,42620507,7316238,4198216,261419,6616349
4,../model_20180512_276218752.uvl,36,38,45450539,true,1877477,28370322,4841188,4060197,987861,4617772
8,../model_20120314_1438691117.uvl,13,13,36347394,true,3541035,18509648,7023886,4974227,65006,1769470
10,../model_20100322_955726153.uvl,20,20,41875500,true,1593670,26900227,6362530,3536194,71080,2990873
15,../model_20130722_443972122.uvl,12,12,43848237,true,1635200,29814081,6527780,3870802,48202,1594805
2,../model_20190922_718247414.uvl,12,10,37191028,true,1554544,24901152,5442696,3423925,38524,1513560
9,../model_20151119_424700280.uvl,10,10,29401635,true,1541767,16815902,5735172,3432308,42890,1497624
1,../model_20160620_457730604.uvl,20,20,37652318,true,1675576,21324274,5768492,4915703,59337,3368363
13,../model_20110527_1847306763.uvl,63,106,95426212,true,2217705,66226681,9023703,5591459,505367,10949637
0,../model_20121219_1714348674.uvl,10,10,35689487,true,1496710,21105384,7069663,4109519,38724,1479226
12,../model_20110301_216655728.uvl,10,10,81695353,true,1543422,71300522,3991545,3393574,35751,1146471
11,../model_20180512_427876131.uvl,37,37,53937463,true,1859781,37316632,5348892,4163325,231181,4355590
4,../model_20130916_1649901124.uvl,16,15,37973981,true,1471024,20594163,8816352,4668544,53916,1894151
15,../model_20120829_28461699.uvl,11,13,55918869,true,1348644,36188327,8780297,6022071,92643,3047212
8,../model_20110823_1386366267.uvl,15,14,54978050,true,1682354,34435277,8508061,6009554,106456,3700669
10,../model_20140508_536536644.uvl,36,34,62250868,true,1743228,43309218,6843497,4612279,119338,5050771
2,../model_20110116_381192414.uvl,60,61,68119194,true,2121814,45763441,7555554,4578539,214115,7038089
9,../model_20131112_2028027455.uvl,13,11,31379203,true,1572941,17362328,6517415,3243282,45518,1973943
13,../model_20121019_1128529660.uvl,14,12,35564656,true,2679410,18389378,7483514,4403351,49259,2168192
5,../model_20121123_1445508018.uvl,16,16,47455942,true,1587556,31724611,5576222,4742860,90225,3379746
1,../model_20150307_1251635490.uvl,35,36,54213394,true,1880090,32127276,8669611,5368661,176290,5079038
12,../model_20180514_381391194.uvl,20,20,46805908,true,2852238,33319721,4052190,3526302,62185,2531154
0,../model_20150208_1225865238.uvl,42,34,124156386,true,3552940,98448776,8769575,4618408,132112,7987095
11,../model_20131112_990013628.uvl,10,10,53758819,true,1655067,34095486,9147642,6006551,70765,2336884
4,../model_20141108_202761108.uvl,10,8,51246784,true,1698398,32141478,8772881,5685687,65665,2425292
14,../model_20150411_1378086632.uvl,15,9,35222605,true,3587062,19848475,5907646,3474619,51680,1988658
15,../model_20160229_707006027.uvl,13,14,31533210,true,1579770,20056910,4034947,3663081,58490,1785428
8,../model_20120328_1373483522.uvl,13,14,43891763,true,1446084,29619601,6196002,4215997,82271,1913915
10,../model_20141108_701198022.uvl,11,11,44689698,true,1617917,27928508,7962861,4343925,42025,2378398
2,../model_20120717_770767926.uvl,11,10,82990204,true,1458463,70382553,5773620,3505367,40491,1528105
13,../model_20110605_1465859222.uvl,17,17,44261860,true,1741136,31049532,5469529,3406355,64105,2012095
7,../model_20161118_228131771.uvl,66,79,100192870,false,2453457,78256301,3869824,5648127,367676,9345480
1,../model_20170720_160368734.uvl,14,14,36770079,true,1618674,24286519,4530317,3557265,83944,2338359
3,../model_20140819_2062208658.uvl,26,26,55052982,true,1625807,39305311,5379447,4736406,81569,3378660
0,../model_20110207_906076676.uvl,12,8,46356933,true,2253257,31838307,6627114,3297986,62021,1859773
12,../model_20170518_711240246.uvl,36,36,73621378,true,1674271,48576153,8200767,6242497,288757,8051731
4,../model_20170918_191476099.uvl,48,49,90651655,true,3811076,59405554,7917757,7365053,294807,11155009
11,../model_20160304_1567363129.uvl,19,23,60772371,true,3040530,41924098,7307663,4413330,143300,3426642
6,../model_20171018_1720986032.uvl,130,107,128138346,true,3496685,87659545,10088756,6121094,312393,18825938
15,../model_20170518_1713871521.uvl,15,16,51311744,true,1622268,37645652,5931424,3669401,62912,2033690
10,../model_20160911_493856736.uvl,45,29,58265208,true,1852301,37029798,7651400,4088245,140301,6813883
8,../model_20221015_510481451.uvl,12,14,43214713,true,1688385,23017906,8031087,6361987,100297,3118704
7,../model_20140109_637429284.uvl,11,9,41304386,true,1382883,24301230,6589353,5944759,73453,2634295
2,../model_20160329_304357596.uvl,23,15,46001329,true,1601284,29524677,6769943,4310500,60838,3257700
13,../model_20170313_788976149.uvl,12,9,52998228,true,1434676,33217257,8154155,6500899,75334,3166336
3,../model_20121015_1348696629.uvl,10,8,51106780,true,1396083,33553079,6591608,6457584,74932,2710321
1,../model_20160913_2142740300.uvl,48,48,77474211,true,2119103,55745447,7093759,4387817,200256,7199775
12,../model_20160329_1144142418.uvl,54,33,55453795,true,1907574,34448402,7167515,4215709,122773,6816957
11,../model_20110406_656545830.uvl,17,17,80910855,true,1631027,61706177,7133913,6059823,102703,3851890
4,../model_20131112_1399418967.uvl,35,28,48510735,true,1899429,29011649,8362723,4169050,99253,4385157
6,../model_20221018_544175819.uvl,29,29,70908763,true,1589517,45479343,9647333,6727189,162002,6545398
15,../model_20120423_1196408273.uvl,16,11,61202138,true,1490197,39182958,9590776,6351338,90418,3930250
10,../model_20200909_844580970.uvl,17,9,91748199,true,1557094,78737503,5796171,3333436,41964,1924813
7,../model_20190513_554652357.uvl,10,10,40354240,true,1577896,28706374,3955997,3985994,38365,1280015
2,../model_20180222_1790291836.uvl,22,19,54789763,true,1720371,39836174,6261984,3531451,109207,2892491
13,../model_20110130_639381749.uvl,12,12,41992269,true,1380290,24609614,7469232,5370588,75013,2741954
9,../model_20120110_1256867454.uvl,10,10,52654640,true,1821132,32340285,9015417,5963382,91427,2962272
3,../model_20150304_617127008.uvl,56,66,90823062,true,1925182,61066432,11281421,7001971,407821,7843443
1,../model_20190917_490456110.uvl,39,23,81004203,true,1678991,51738096,10837596,6844489,172706,8727273
5,../model_20110207_1623721536.uvl,27,32,54532996,false,1828408,39694702,4641510,3892762,108097,4170267
12,../model_20090801_1908323193.uvl,13,13,55626453,true,1564901,36586618,8284421,5352509,90472,3281641
4,../model_20140423_1716161596.uvl,42,25,51237462,true,3554237,30276890,7026404,3750209,97306,5788613
6,../model_20120701_899073101.uvl,11,11,34908835,true,1606503,19327379,8537190,3456246,43825,1469525
15,../model_20160926_2009081259.uvl,54,54,66238251,true,2100297,45078016,5974108,5216054,177481,6620837
14,../model_20091210_241985787.uvl,16,16,50900476,true,1574846,32662677,7325674,5633227,92302,3240303
10,../model_20100326_770562654.uvl,27,19,63689440,true,1699954,45795881,6000434,3643197,138898,5845255
2,../model_20140324_1142291623.uvl,11,11,41388542,true,5016822,23597913,6822545,4223026,44517,1356049
7,../model_20130125_189285641.uvl,18,19,61398713,true,1706501,36971096,10323201,6549136,118357,4488720
13,../model_20170505_1995894898.uvl,32,27,46727100,true,1873868,30739395,5790243,3656175,154646,3939184
9,../model_20140514_1151327844.uvl,43,36,62808022,true,1948374,41979966,6822653,4063723,147263,7156498
1,../model_20141102_1778359466.uvl,23,22,51654506,true,1593981,35445462,6398587,4946604,74374,2767439
3,../model_20091206_1647557456.uvl,10,10,37896626,true,1532243,23991840,6501001,4163007,42310,1292475
12,../model_20131122_1877947099.uvl,15,13,33852460,true,1565881,19678388,6638464,3753858,55211,1788866
5,../model_20130916_1001858303.uvl,15,17,37584053,true,1616877,22676694,6502673,4365807,59804,1951656
0,../model_20200513_1559879338.uvl,11,11,41490861,true,1655267,25731300,7344030,4307140,75662,1915006
4,../model_20120113_1803352101.uvl,43,27,73333471,true,1934721,54748443,6112211,3819011,121292,5915083
14,../model_20171020_786614820.uvl,12,10,31697626,true,1653187,17180668,6183494,3678208,40986,2531858
8,../model_20170517_1276361560.uvl,10,10,45700698,true,1638843,31941500,6310005,3846307,54925,1589520
7,../model_20121106_1816491064.uvl,23,20,47457093,true,1578593,31063808,7019308,3896735,66454,3359489
10,../model_20200810_903664942.uvl,25,27,56446707,true,1649290,35582249,9830969,5149658,104144,3397317
13,../model_20120829_881090911.uvl,10,10,34974131,true,1664129,22071835,5568976,4001587,40780,1292600
9,../model_20131122_641443746.uvl,14,14,42676064,true,1507794,28264951,5599228,4256022,53290,2584033
1,../model_20190223_2023041805.uvl,19,22,67441904,true,1595018,43204517,9440325,6518535,170524,5953360
3,../model_20140326_1693773444.uvl,13,14,54522806,true,2831318,34841698,7037576,6146384,105238,3195867
12,../model_20120528_1294065815.uvl,13,12,47062851,true,1518313,33496256,5730915,3829340,63644,2054897
5,../model_20130529_1911302663.uvl,16,16,59028436,true,1847309,37299018,9292511,6040042,113160,3860848
4,../model_20170704_1299892151.uvl,11,11,34977668,true,1460572,24124933,4077963,3551448,40396,1388033
11,../model_20160329_578011837.uvl,23,18,39210212,true,1762646,24295119,5883317,3767713,63794,2865084
14,../model_20121017_2007593800.uvl,10,8,41350833,true,1506675,29629738,5299927,3344318,37729,1242023
0,../model_20141018_2078980023.uvl,87,86,89176279,true,2774980,59344735,9602317,5047769,302453,10440840
10,../model_20100829_787258873.uvl,57,48,68808667,true,3437311,45664082,7379061,4314606,143580,7086689
13,../model_20140306_1994550432.uvl,12,9,55482721,true,1624240,34016270,9750063,6457138,72221,3081860
7,../model_20150226_64791123.uvl,26,28,47247374,true,1680939,28080607,7057818,5499931,98784,4270641
9,../model_20230323_58681865.uvl,17,15,55723021,true,1629351,33981211,9219973,6251575,102527,4005412
1,../model_20180512_893377341.uvl,24,22,62061378,true,3580209,42995407,6736644,4749948,88126,3381630
12,../model_20130916_552778902.uvl,16,17,59179661,true,1700338,38271786,8713827,6057192,115384,3875119
5,../model_20120412_1314362396.uvl,12,11,41743725,true,1644187,28230515,5778255,3760803,44131,1944596
4,../model_20150701_451946642.uvl,22,14,63672214,true,3525371,38713205,9445182,6211866,109954,5023523
8,../model_20170405_957299568.uvl,142,211,307391970,true,4657311,227404873,16899282,10177305,2272031,43195578
11,../model_20131122_224574976.uvl,11,11,54414324,true,1558898,35422555,7772358,6353858,85836,2781952
6,../model_20141129_2117240468.uvl,12,14,42231432,true,1557695,29265450,5692148,3527021,54560,1772054
14,../model_20091225_1547989376.uvl,29,30,69058615,true,3022912,47288919,8359588,3808725,186020,5704520
15,../model_20160329_2023954051.uvl,24,20,39728348,true,1797798,23644352,6324279,4022391,68986,3292810
0,../model_20180512_409172439.uvl,37,37,60845227,true,1930446,43761764,5864829,3849949,169361,4623180
10,../model_20230313_612090761.uvl,13,15,35940949,true,1529315,22640414,5893174,3615788,64386,1856918
2,../model_20150523_1701783178.uvl,23,23,39114224,true,3389398,21955999,6471583,3629604,73274,2994947
9,../model_20190223_1275185141.uvl,10,7,55885677,true,1635270,35387049,9388077,6286370,82984,2644332
7,../model_20140305_850513381.uvl,63,103,170050239,true,2495605,136800099,9980932,7646411,1123513,11096960
4,../model_20141006_1946000492.uvl,14,10,56708355,true,1713118,35881101,8942113,6114204,63891,3437140
8,../model_20140614_81946339.uvl,22,24,52591803,true,1713555,32766636,10160514,4339366,160993,2799603
11,../model_20141129_6569546.uvl,25,21,60686301,true,3636110,34460614,9650351,6323032,147681,5723906
14,../model_20200815_41086763.uvl,31,28,44734615,true,1661530,26733305,6287204,5429535,85934,4002583
6,../model_20110926_400852996.uvl,36,36,50437924,true,1670248,33184029,6281726,3812338,110205,4762544
0,../model_20111027_1380540076.uvl,10,10,31046713,true,1542674,19056039,5302143,3502173,39764,1286521
15,../model_20120510_220834497.uvl,53,44,64843647,true,1954825,37400588,8342659,6278704,131143,9961175
10,../model_20170916_132089042.uvl,48,60,79934974,true,1816504,47055455,11363363,7835031,208595,10439518
2,../model_20121123_1692800929.uvl,16,16,47276706,true,1587231,32629356,5845276,4308788,60360,2397637
4,../model_20200212_1763855182.uvl,12,12,28967462,true,1609290,18502557,3741461,3246756,73718,1438523
8,../model_20160813_60083737.uvl,10,10,34148035,true,1437213,21052402,5952201,4036239,36585,1243307
7,../model_20180122_1429516018.uvl,40,18,51175384,true,1759858,32167235,7065986,4047227,117335,5280777
11,../model_20141113_1414990983.uvl,46,46,59411764,true,1908596,39858109,6913730,4290125,140520,5625930
14,../model_20120728_275737618.uvl,14,14,54691544,true,1494795,35634122,7795302,6064113,89539,3144602
6,../model_20230323_867226898.uvl,16,13,39007423,true,3442978,24216085,5654027,3336888,49982,1915171
15,../model_20130807_1787614695.uvl,13,13,34856617,true,1698636,21283153,3942867,3448055,45599,4089304
10,../model_20130821_470005647.uvl,43,43,61564294,true,1693134,41190633,6579374,4808625,119318,6561006
3,../model_20200907_1598312227.uvl,130,130,138214888,true,3490144,84137871,8746288,10120037,792065,29294592
2,../model_20160512_1688304541.uvl,31,25,74843543,true,1648558,48666841,9781867,6532155,168576,7218475
13,../model_20091210_993249741.uvl,29,25,49137999,true,1619240,32219545,6690860,3954321,138980,4035121
1,../model_20171029_714150136.uvl,10,10,34956067,true,1739539,24709679,3648276,3304236,36587,1194404
4,../model_20110925_62365838.uvl,23,23,33685350,true,1477472,20367469,4518962,3682017,75185,3124164
7,../model_20230322_413432441.uvl,22,21,38405367,true,1469905,23159676,6347520,4060801,70248,2868991
12,../model_20140614_1989695192.uvl,29,35,53979140,true,1813725,33073006,8757617,4747518,192483,4671948
8,../model_20111201_372659565.uvl,61,38,72555763,true,3026803,45371785,8070412,4602449,400394,10237475
5,../model_20190304_818967793.uvl,29,28,56093623,true,1858301,38738269,6811789,3962107,97967,3993920
14,../model_20171016_777651910.uvl,27,26,69480353,true,1679807,44467989,9634444,6665390,147353,6151097
11,../model_20170702_979744088.uvl,21,21,106071345,true,1556002,83848913,8790867,6385625,120617,4976743
3,../model_20140305_1745306436.uvl,20,12,46704019,true,1792797,31440482,5678127,3558421,92082,3690784
13,../model_20180409_394573881.uvl,10,10,43526235,true,1505836,31861775,3837059,3521390,69291,2366095
2,../model_20200120_1111265554.uvl,10,8,47028006,true,1632165,32196758,5361958,5051079,63592,2379309
9,../model_20120828_1516795545.uvl,13,13,33316835,true,1724775,20065366,5499615,3554295,44370,1687119
1,../model_20101115_2000504462.uvl,72,65,97897547,true,3569619,72356256,7430966,4330793,192635,9033795
7,../model_20140819_940483638.uvl,11,11,30888875,true,1581137,18842130,4676701,3719427,60785,1650383
4,../model_20100325_298677687.uvl,10,9,42327456,true,1557125,27186035,8234058,3533602,38708,1346434
8,../model_20141119_1676144838.uvl,14,14,39016795,true,1669860,25418425,5626862,3909160,46982,1847660
14,../model_20130808_465499656.uvl,22,14,56380610,true,1833118,41902473,5969345,3516721,64225,2624795
3,../model_20171012_432118074.uvl,28,28,54727802,true,1803435,28364505,9951783,6866068,306625,6600654
0,../model_20140401_1527258088.uvl,13,20,79595811,true,1557807,64551807,6692837,3828273,120440,2497549
2,../model_20100216_713947806.uvl,12,12,45324662,true,3450894,27847664,5848924,5785669,75603,1936119
11,../model_20160330_888130075.uvl,73,73,73867921,true,2088534,41945584,11204670,6585116,294530,10461312
13,../model_20160225_419189676.uvl,47,52,68779297,true,2161066,46736989,7542060,4176273,155141,6370104
9,../model_20150228_41303449.uvl,33,33,53028971,true,1678165,31967366,7631163,6489780,109000,4602446
1,../model_20141023_1082000051.uvl,37,49,61058820,true,1753731,40839880,7385404,4604314,251919,5608269
7,../model_20141017_1234330746.uvl,38,48,65189965,true,3596606,35625624,9962182,6928914,262887,7855334
4,../model_20161213_651973816.uvl,21,25,61147443,true,1628860,36641752,9574197,6651618,159561,5860131
8,../model_20141018_811394530.uvl,23,22,51203081,true,1712353,33666375,7295364,3824702,128913,3569113
14,../model_20150222_2069201003.uvl,13,13,53141099,true,1553424,34029539,7561217,6201938,87684,3227713
6,../model_20180705_2136123533.uvl,10,10,36300268,true,1690682,24268209,4148250,4347304,61646,1433173
0,../model_20120905_104354355.uvl,13,13,29648329,true,1577442,18187184,4128754,3555259,48786,1784030
3,../model_20160504_814917052.uvl,26,20,42516940,true,1785726,26795997,6306612,3677983,105818,3336675
15,../model_20150611_1748318240.uvl,14,11,39723118,true,1680357,25822954,6035524,3603874,42700,2104757
11,../model_20121123_1047250318.uvl,16,17,46345667,true,1450262,24933143,9183374,6078298,116387,4035363
2,../model_20160428_283258262.uvl,40,37,51581451,true,1633409,32208737,7296424,4259451,177429,5265540
13,../REAL-FM-8.uvl,17,17,55328480,true,1595048,33406002,9808691,6067960,102218,3708190
10,../model_20170410_971411480.uvl,11,6,53522392,true,1546865,32936396,9855413,6130932,65042,2591358
9,../model_20130916_302923469.uvl,16,17,47940824,true,1453299,29273367,8734209,5591278,110334,2275489
4,../model_20150309_1544990511.uvl,39,42,58488995,true,1850435,41261006,5157630,4276884,134830,5117341
8,../model_20171213_638254090.uvl,11,10,31501037,true,1580233,18411773,6017455,3693863,44109,1383645
14,../model_20131129_1795005487.uvl,10,10,32952754,true,1513533,19176605,5922907,3588474,45491,2324655
5,../model_20130627_888588099.uvl,17,16,52598100,true,1704441,34774052,6215286,5551168,97854,3793613
6,../model_20140209_1382642350.uvl,41,29,65535651,true,3162425,44023493,7046470,4111593,123636,6378793
12,../model_20190922_499979669.uvl,25,29,58973159,true,1810239,41971756,6545888,4203287,94084,3784174
2,../model_20190326_164569423.uvl,10,10,28684804,true,1638454,17943510,4119665,3347727,37897,1253873
11,../model_20160503_1174916821.uvl,42,44,50248944,true,1888537,31983425,6368877,3887247,132509,5320325
13,../model_20150416_264061404.uvl,47,24,94370176,true,1671808,39174408,6958135,4283630,102445,41208614
8,../model_20150621_1174641946.uvl,36,32,65986919,true,1707735,48816192,6508179,3785715,113105,4489204
9,../model_20190917_729866659.uvl,83,56,96301321,true,4230720,59550307,8597587,4691415,378681,17581732
10,../model_20180306_832754487.uvl,49,53,131253057,true,2064408,105606506,8107240,5337922,346112,8996553
14,../model_20160913_245590430.uvl,38,38,67519725,true,1841671,47462430,6825815,4263690,154175,6361823
5,../model_20120110_1094246588.uvl,10,10,34395027,true,1488263,20626660,6852299,3514840,52152,1520330
12,../model_20230616_862941800.uvl,30,26,42605721,true,1616512,27163031,5690445,3949237,82287,3579331
6,../model_20130812_1882708509.uvl,41,51,57381753,true,1772638,36988893,6704843,4286709,142946,6906724
2,../model_20130725_1746580783.uvl,16,17,38742969,true,3428899,23131450,5376642,3709689,66918,2626191
11,../model_20120201_1444061231.uvl,38,37,88305077,true,1898004,65481283,7335078,3954635,254928,8622766
13,../model_20140403_1254324003.uvl,28,27,51741605,true,1961775,36158220,5799009,3814399,86233,3334025
9,../model_20140824_1698583194.uvl,66,66,63457823,true,2025022,41148682,7298489,4513122,224272,7403538
10,../smart_home_fm.uvl,59,62,66982848,true,2245897,43307875,7624945,4993040,228979,7698565
1,../model_20151201_896154285.uvl,24,21,54731161,true,1692223,33885614,8751801,4932995,134356,4666050
8,../model_20230323_425392427.uvl,33,29,59227280,true,1825620,38646833,8429786,4186441,124887,5239637
14,../model_20180729_778045288.uvl,31,34,60927631,true,1629614,38317993,10244923,5049068,147367,4736303
7,../model_20180611_848416665.uvl,10,13,45623204,true,1710404,28573546,9097026,3992881,57985,1759534
12,../model_20190616_1868431112.uvl,40,31,79823164,true,1783183,50591617,10241828,6925972,189629,9063848
5,../model_20180307_2144246090.uvl,49,39,130789452,true,1782439,103439464,11191230,5496583,143378,7556692
6,../model_20120328_1412454948.uvl,36,34,59300536,true,1729830,41352098,6976554,3834047,194702,4656382
2,../model_20140710_2059561340.uvl,33,25,61172694,true,1811444,43952507,6473957,3950339,174278,4237200
3,../model_20130302_379367837.uvl,10,11,41628561,true,1734232,25809790,6966387,5098417,44969,1603516
13,../model_20141103_285596543.uvl,25,27,57863547,true,1863002,40265620,7503346,4093327,159317,3360028
11,../model_20110915_1159959623.uvl,10,8,54444469,true,1562728,37232027,6861774,5303634,86819,3013401
15,../model_20140826_2051139991.uvl,31,31,108548877,true,1731664,89252734,8974984,4103893,91377,3608520
8,../model_20230323_642188361.uvl,23,22,62127274,true,4074506,36725563,7595635,6431902,127579,6569864
4,../model_20190526_2060834946.uvl,12,9,51497383,true,1664213,35507729,6818430,4224259,83465,2845603
7,../model_20221109_1435495840.uvl,14,15,38084226,true,1732661,23928716,6206806,3896932,61120,1852932
14,../model_20170219_358603289.uvl,62,62,93863558,true,2013904,69057539,9327449,4531439,252115,7550679
12,../model_20141129_264528063.uvl,13,14,40837679,true,1343551,20305518,9196725,6215728,93846,3241223
5,../model_20130418_1960440366.uvl,29,32,65122783,true,1776036,46903582,7012766,4842766,104770,3965508
6,../model_20140508_530056624.uvl,36,49,84330263,true,1750737,63439679,6649444,4480047,166419,7123885
2,../model_20131112_330151541.uvl,21,16,59345005,true,1769284,40889289,6329927,5530400,102969,4274908
13,../model_20131124_646639708.uvl,16,17,38790850,true,1617023,24991429,5413856,3464088,61682,2792793
11,../model_20131206_684654596.uvl,12,12,44735847,true,1550280,24726074,8770401,5976228,98497,3128411
15,../model_20110601_1103941862.uvl,12,12,33030389,true,1570368,20362180,5390870,3709291,52605,1593184
4,../model_20110919_127780100.uvl,37,27,65726833,true,1608606,39279026,11461194,4558997,188594,7657180
8,../model_20150309_1129343473.uvl,33,38,63141550,true,1682033,43860666,7514623,4732524,159541,4625518
7,../model_20140427_1594857347.uvl,19,21,67559039,true,1657992,45466740,9467969,6221630,271412,3864307
14,../model_20200621_929471783.uvl,11,11,56612850,true,1500086,36513584,8949079,6165471,91361,2983199
5,../model_20200901_164722413.uvl,11,10,32921485,true,1453495,19249092,6614957,3805393,42046,1387215
12,../model_20190920_579117949.uvl,13,17,33672766,true,1591203,21120286,4741033,3744752,63656,2054778
6,../model_20170926_289427240.uvl,11,8,35037539,true,1527395,20678146,6844870,3903344,47972,1655889
2,../model_20150419_1225785874.uvl,11,9,34762260,true,1571706,21659529,6293477,3457221,37683,1317410
0,../model_20170402_765751837.uvl,329,359,347715598,true,14334320,245138265,19388813,11518900,1421665,51800058
13,../model_20190513_110684557.uvl,10,10,45675837,true,1442710,26918377,7785742,5231104,82855,3822598
11,../model_20160225_2040495200.uvl,50,29,85459908,true,1933311,63078189,7222216,4809975,141484,7549953
15,../model_20170504_370000031.uvl,36,37,48673159,true,1647265,31222981,6608995,3970383,117782,4492884
4,../model_20190917_659690280.uvl,12,12,34169052,true,1541743,20351230,6446518,3921435,44921,1480769
8,../model_20180222_524224426.uvl,26,14,45493510,true,1675524,27035912,8541021,4048122,66215,3605747
9,../model_20130309_1354780318.uvl,11,9,43409631,true,1710013,27939048,7043450,4097958,71816,2093633
7,../model_20120722_2065280700.uvl,13,9,59538161,true,1737126,37875572,9492981,6431336,84737,3353188
14,../model_20141129_1168519534.uvl,12,12,54967909,true,1548243,36361232,8942226,4932294,92717,2658446
10,../model_20190411_1457420991.uvl,18,27,77077125,true,1911817,51890086,9747885,6532202,173795,6174898
0,../model_20161124_135805624.uvl,37,37,52157795,true,1655381,36445570,4881264,4104272,105664,4283266
2,../model_20140530_1262796172.uvl,10,9,34401755,true,3632452,18971915,6282537,3430590,47012,1690868
13,../fame_dbms_fm.uvl,21,16,63251816,true,1734924,40788129,8943942,6028847,114645,4980247
11,../model_20140326_183546394.uvl,11,11,50909094,true,1513506,32746415,7430653,6064126,77987,2655107
3,../model_20130219_1778040846.uvl,40,38,71740896,true,1979763,54196433,6137744,4011771,123956,4636073
15,../model_20170311_1316290182.uvl,48,48,75494144,true,1943543,51057385,8038452,4636942,400474,8630316
8,../model_20130116_1542765516.uvl,10,9,31725305,true,1572046,18712779,6264475,3614650,45713,1236250
9,../model_20171005_661289758.uvl,10,10,29308544,true,1591183,17147134,4906297,3830342,47272,1391002
7,../model_20230322_928718925.uvl,20,16,46721397,true,1590893,31512955,6062192,4225792,64679,2820141
10,../model_20131112_356575914.uvl,20,15,39338158,true,3056800,22894339,6391058,3922790,59031,2554717
14,../model_20190922_267709941.uvl,35,35,59217511,true,1611163,38251141,9046927,4745268,142171,4648150
0,../model_20161122_1255346120.uvl,15,10,42273489,true,1435284,23218123,7431713,6050245,96466,3642365
2,../model_20160504_18344306.uvl,13,14,35619912,true,3439129,20932445,5578216,3448584,56911,1744714
13,../model_20110310_1849309646.uvl,23,20,63734611,true,1580797,40572574,9165662,6191832,120945,5452873
1,../REAL-FM-4.uvl,290,310,225662099,true,9239452,141508695,17913098,9448720,1014319,42539000
3,../model_20110823_553386338.uvl,21,21,44583822,true,1748895,31388025,4384358,3871069,69204,2598030
11,../model_20180304_1150769979.uvl,48,38,95386777,true,2200162,72521542,7653783,4330061,367331,7325938
15,../model_20130311_1184229274.uvl,11,11,53091588,true,1589365,33053443,9131478,6210739,71694,2563432
8,../model_20180611_1140870617.uvl,10,13,36922024,true,2787463,21573730,5247709,4245691,49503,2621734
9,../model_20190916_779041735.uvl,41,23,82435359,true,3768438,50857887,10328325,6784376,175408,9442794
7,../model_20161123_1530983999.uvl,36,36,63266081,true,4177964,34113714,8585640,6987061,199609,8230148
10,../model_20170703_1893075315.uvl,20,16,45501868,true,1575104,25091388,8491707,4524531,64193,5126392
14,../model_20190510_1232864614.uvl,12,9,56555095,true,1577827,35488231,9825257,6280461,83286,2782572
0,../model_20200816_33425673.uvl,39,33,79485262,true,1760197,49922329,10750179,6806934,317540,8905077
5,../model_20130916_156611854.uvl,17,15,57869526,true,1724458,36454258,8171751,6371996,112387,4148702
2,../model_20181016_583005690.uvl,32,34,68022034,true,1731693,44179655,8705141,5173204,195251,7346876
6,../model_20130916_667715515.uvl,16,16,55833688,true,3669208,36616137,7684014,4328238,116246,2881355
12,../model_20190108_414883666.uvl,17,17,56425082,true,1742387,37901590,6537912,5844354,114560,3873877
13,../model_20160229_490224198.uvl,49,39,91156307,true,1995559,66694313,6866904,4285397,260177,10327856
1,../model_20201002_1982652571.uvl,15,15,50280292,true,1599240,32085195,6907460,5589685,89068,3525295
11,../model_20170919_414938854.uvl,47,35,76997887,true,3985911,54225219,7820859,4245995,115822,5868106
3,../model_20101024_1938793748.uvl,29,32,49554346,true,1672714,31834868,6957813,4127077,100954,4242224
15,../model_20100213_206550190.uvl,38,33,51299846,true,1661520,32809087,6461018,4212441,161196,5237448
4,../model_20150427_2103265175.uvl,56,54,73314132,true,1995491,51869481,6937387,4506045,153905,7140892
5,../model_20140905_2124104947.uvl,10,9,32364439,true,1444540,18814157,6955976,3592827,39203,1203901
6,../model_20141129_1031364.uvl,12,14,36469554,true,1457019,21662104,6941697,3984223,55464,1973237
2,../model_20221017_1844403757.uvl,10,10,33185693,true,1407940,21275870,5373724,3313343,42229,1459107
0,../model_20101109_1698100628.uvl,15,15,55411566,true,1632065,36403338,7071549,6259026,94848,3545904
12,../model_20100321_1548012375.uvl,18,18,35901095,true,1521957,22945307,4803140,3787696,58141,2356743
1,../model_20160519_1846923063.uvl,39,50,74296543,true,1775387,52851055,6694370,4131779,188372,8075025
13,../model_20170821_2117231347.uvl,28,42,75327298,true,1657128,56684173,6914803,3927523,180622,5465636
3,../model_20140209_738203734.uvl,51,55,76875525,true,1783596,55480096,6904170,4106711,204677,7686060
15,../model_20131202_1775789712.uvl,50,50,53933877,true,1589411,35522403,6414180,4039993,138478,5515710
4,../model_20180214_1066016479.uvl,96,79,91727891,true,2715988,61622192,8194636,4938044,360479,12659577
5,../model_20160606_235281629.uvl,13,13,28767048,true,3690669,15857477,3825087,3411098,44973,1589200
6,../model_20140423_1890396897.uvl,36,31,45369697,true,1576080,28147923,6481458,4215685,103570,4279105
0,../model_20160304_165509543.uvl,43,42,51578934,true,1555057,32885300,6599173,4125067,179415,5547244
2,../model_20170316_1293936491.uvl,48,53,48650475,true,2896545,29724492,4465707,3865454,141534,6882604
12,../model_20110712_1373520081.uvl,66,61,60582542,true,1662281,38705360,6824390,4149963,181403,8231457
1,../model_20130731_2029107317.uvl,76,68,62664236,true,2198286,40102198,6927179,4086504,179763,8237771
8,../model_20221031_340330235.uvl,35,35,41791060,true,1811987,24677131,6241476,4176391,97429,3796029
9,../model_20140503_2024413965.uvl,16,14,63361018,true,5532285,46648989,5420408,3375519,66371,1942475
10,../model_20190913_1052617154.uvl,21,21,33548232,true,1492418,19339537,6136579,3706157,60550,2343752
7,../model_20190916_1777637747.uvl,10,10,28305796,true,1484710,17044949,4492582,3661971,38931,1267431
14,../model_20150425_1862491910.uvl,80,77,87080287,true,2130112,64676903,6597850,4189616,239497,8199680
11,../model_20190514_850677966.uvl,25,29,53942870,true,2514664,40050116,4698828,3357714,84476,2770117
