index,filename,n_features,n_constraints,execution_time,result,clif_gen_time,clif_ast_time,bridge_solve_time,code_gen_time,generic_csp_model_time,concrete_csp_model_time
3,../model_20180913_1045465294.uvl,10,6,31737841,true,1469667,17680827,7678770,3219399,37981,1279889
4,../model_20140503_110898123.uvl,16,16,35333806,true,1554714,19719858,7678389,3824817,63431,2056348
1,../model_20131112_832913408.uvl,17,17,36445421,true,1555425,19847149,8701712,3841893,56324,1996711
12,../model_20140428_1043688075.uvl,56,55,57484232,true,1670028,33899924,8591953,4692553,178917,7541701
13,../model_20140421_782765396.uvl,19,19,39329813,true,1373668,23470189,7167040,4187074,67061,2596748
15,../model_20121214_211817376.uvl,14,14,35449707,true,1556751,21402754,6113153,3763678,103829,2076459
9,../model_20180612_712325117.uvl,15,15,56908561,true,1498340,37432009,7869117,6218627,98245,3222059
7,../model_20091109_376438407.uvl,22,21,48665711,true,1633986,27265907,8969235,5600550,116189,4451499
0,../REAL-FM-15.uvl,25,21,52358129,true,1645988,33720799,9181932,3879910,77393,3211769
6,../model_20180513_39795521.uvl,22,22,120921485,true,2505299,102916458,6249415,4105310,74978,4424042
4,../model_20160919_1142576711.uvl,20,20,33678057,true,3541191,18728926,3587970,3710534,57735,3618015
3,../model_20100308_1355834007.uvl,20,18,37136534,true,3640089,21763180,5478894,3472004,59005,2276207
15,../cfdp_library_fm.uvl,13,18,37099401,true,1441595,24147171,5753414,3519700,64238,1800339
12,../model_20110826_1574631601.uvl,52,56,53775407,true,1552534,33932157,5472898,4170538,160434,7721495
13,../model_20150527_2051574410.uvl,28,21,47972528,true,1482300,25612071,7593544,6565366,144746,6013313
7,../model_20100106_985255768.uvl,20,11,42683755,true,1491051,25069236,8798769,3936062,57759,2808021
0,../model_20141129_1141626102.uvl,12,12,37657593,true,1465863,25133447,4888176,4039556,45749,1694759
6,../model_20200403_1474941211.uvl,14,12,48146788,true,1399848,30426263,7556249,5450108,74475,2888074
9,../model_20160527_1098137653.uvl,20,20,51939684,true,4359496,29042460,8190289,5534235,73365,4149857
4,../model_20181024_611767532.uvl,13,14,46233516,true,3165787,27188128,9224681,4069459,102296,2019279
3,../model_20140423_969548559.uvl,49,48,77570300,true,1937312,47747109,9675907,6255328,1778206,9120145
12,../model_20150120_214372699.uvl,40,39,55160011,true,1818739,32508327,8878855,4529030,218460,6334738
0,../model_20170926_1539445221.uvl,14,12,58754739,true,1707860,36630177,9889997,6243207,97389,3563978
15,../model_20121018_880874071.uvl,16,15,58587558,true,1646307,36532070,9760777,6234796,112489,3693506
7,../model_20221208_1116778716.uvl,22,15,66358365,true,1631842,42217801,10050134,6351381,109941,5319945
13,../model_20150621_2090653675.uvl,20,18,63187739,true,1769318,38854930,10283793,6409154,126207,5122800
6,../model_20190917_595353381.uvl,13,12,50545920,true,1385977,33400998,6751529,4680362,90610,3854785
9,../model_20180514_1722608288.uvl,27,27,54682794,true,1693143,40282585,4916112,3978179,87327,3195997
10,../model_20160905_774306083.uvl,14,14,39208373,true,1593025,22965575,7401312,4864891,78054,1947630
14,../model_20110826_819334011.uvl,24,24,58759740,true,1703276,37104154,7558165,6093082,128995,5484311
2,../model_20131112_1592384504.uvl,32,32,58976045,true,1849271,40401365,7713553,4057294,93132,4112710
5,../model_20150414_2125272166.uvl,21,24,56534590,true,1813812,40370891,6767947,4032547,89872,2938861
8,../model_20160921_24535453.uvl,29,28,61821924,true,1804040,39897468,9760140,5065788,157252,4409465
11,../model_20230322_492815120.uvl,41,32,65925335,true,1789315,43478984,7759463,5692312,182970,6352561
4,../model_20190917_1882445879.uvl,16,12,55864975,true,1613157,35787594,8315434,5801720,89562,3701219
1,../model_20170320_1505333083.uvl,47,25,50683245,true,2017637,31208074,6395286,3592771,98893,6453833
5,../model_20120229_1103715736.uvl,14,13,33843399,true,1574887,20220101,5915761,3977695,49503,1712734
2,../model_20180512_316263333.uvl,41,36,49774052,true,1586813,30141813,7714067,4477485,128387,5097581
9,../model_20110516_1331478109.uvl,88,145,120989966,true,2525856,87536279,8699242,5418278,668750,14788666
11,../model_20140227_661956564.uvl,47,43,57740379,true,1752165,37183225,8036647,4195063,121079,5584706
14,../model_20120328_573707444.uvl,34,27,118845580,true,1540367,91686989,9901242,6744482,184087,7963663
8,../model_20170706_1588900401.uvl,30,26,69489251,true,1563574,46009182,8201402,6541518,171245,6467282
10,../model_20101112_864228137.uvl,137,138,153426704,true,5278759,115795621,9054882,5620088,427527,15606686
1,../model_20120515_1862354569.uvl,15,15,44512115,true,1329362,31745293,5261208,3564399,65868,2199468
3,../model_20130908_1070185514.uvl,366,528,396957265,true,12468684,291148640,18049913,12026660,2181107,57097868
4,../model_20221013_1054303307.uvl,66,56,70062894,true,2100873,47206792,7280127,4246647,299582,8034975
5,../model_20140410_1905141388.uvl,11,20,41966397,true,1598552,24946363,7929276,4657778,204725,2200017
2,../model_20150505_1728564449.uvl,13,12,34839211,true,3284468,19571190,6001933,3785280,64032,1754842
11,../model_20160531_990808801.uvl,14,13,34420762,true,3303748,19437911,5844686,3568343,47160,1750522
14,../model_20140630_1564361664.uvl,10,5,35816593,true,1322582,21445351,7079300,4214149,35388,1348083
9,../model_20141212_523199394.uvl,15,13,55209418,true,1577688,34741049,8800390,6148781,87544,3443448
8,../model_20110525_928187171.uvl,14,14,96587826,true,1553236,84788195,4345912,3729810,71307,1658015
10,../model_20150309_670536624.uvl,22,28,71081412,true,1734163,46974433,9220828,6282245,180343,5998944
1,../model_20160721_972954567.uvl,10,9,53915037,true,1438602,34126513,9012509,6326921,68014,2569449
4,../model_20120113_1950870026.uvl,10,10,39147005,true,1610581,26065111,5454909,4080419,42612,1546437
3,../model_20140408_1553357169.uvl,11,15,54521336,true,1578152,36118356,8888439,4473041,71154,2977654
2,../model_20131122_1083650489.uvl,15,15,34911713,true,1591539,21601641,4927938,4373505,140403,1931840
0,../model_20121018_1578042435.uvl,17,15,40091431,true,1709544,23973585,6767546,4824974,54185,2386525
12,../model_20110926_608554224.uvl,30,32,54874457,true,2003745,29138345,10275014,6953957,161921,5459540
5,../model_20221010_1477134717.uvl,51,44,85721305,true,1681835,52659864,11256001,6927023,364998,11717202
15,../model_20170809_1734454576.uvl,15,14,47368950,true,1586150,26513070,10341445,5287707,55483,3042398
13,../model_20190915_1647283170.uvl,10,10,51872800,true,1615674,32653624,9107423,5727584,73137,2253999
14,../model_20190117_1837815772.uvl,14,12,55745837,true,1573560,35275190,8620614,6291759,88721,3448329
9,../model_20160329_925786350.uvl,31,29,71765014,true,2883284,43506311,10317170,6876375,175394,7205407
6,../model_20131202_1494824194.uvl,34,34,71880832,true,1783094,45380368,10676371,6196398,186592,6744695
7,../model_20130529_51708559.uvl,16,17,131129973,true,1719024,111436034,8936345,4874789,62161,3567890
8,../model_20201007_667063467.uvl,72,63,91133981,true,2401476,66633905,7740443,4918953,224064,8115738
11,../model_20230322_572568226.uvl,51,36,61274978,true,2080917,41595314,6965431,4037662,114796,5756630
10,../model_20130529_1165512118.uvl,10,10,35158830,true,1793083,21665149,5682024,4372033,41034,1234274
4,../model_20141202_107430422.uvl,36,30,44862396,true,1800743,28110275,6098667,3752194,179778,4186164
2,../model_20140424_1672030888.uvl,65,45,70775404,true,1850878,46482146,7448134,4526805,167697,9415019
12,../model_20190922_230985682.uvl,21,32,46227720,true,1599831,28393048,7657219,4014729,154842,3711284
15,../model_20140320_391816142.uvl,11,11,36997881,true,3516102,22929987,4617187,4025944,44245,1475055
6,../model_20170510_174347414.uvl,15,13,40014723,true,3222598,21426582,8090506,4781967,50167,2053877
5,../model_20100412_337845737.uvl,10,10,34638808,true,1447443,20770109,5327634,5461296,39714,1234638
14,../model_20130917_1805517149.uvl,13,15,49176540,true,1619313,33296449,7014465,4437425,63667,2338038
9,../model_20170206_852070049.uvl,13,10,52600249,true,1608454,36161179,6080968,5377361,54339,2893172
7,../model_20140319_1506613330.uvl,16,12,35411942,true,3381566,19489892,6204579,3747326,47676,2057357
8,../model_20150720_1580995178.uvl,22,24,52449893,true,1608592,38138118,5524324,4000072,136532,2616796
11,../model_20170315_692595151.uvl,23,18,42364266,true,1572314,25216611,7601585,4600736,66097,2689019
10,../model_20180611_1112345807.uvl,10,13,49394817,true,3392907,32556292,4091287,5998011,93101,2904249
4,../model_20141021_386995832.uvl,24,24,44426133,true,1687950,29973149,5406227,3647692,81056,3171858
2,../model_20200819_795623217.uvl,26,17,48122938,true,1459570,30144687,6513945,3928369,118851,5451433
6,../model_20170301_235251685.uvl,14,13,53251096,true,3889066,31079398,8835532,5563927,103105,3275690
5,../model_20140321_1655023261.uvl,14,14,40329355,true,2861559,25636188,5136066,4229384,50859,1997691
12,../model_20150616_314969910.uvl,26,27,56530514,true,1596207,38306766,6856021,4313625,177527,4721564
15,../model_20100529_1010171189.uvl,22,15,68517948,true,5391486,40002797,10106520,6745825,132174,5453696
14,../model_20170322_711096381.uvl,10,10,89637886,true,1628658,77781334,4710546,3874135,37572,1242976
9,../model_20100416_811483774.uvl,16,9,47852535,true,1711086,30249894,8289042,3976772,77697,3052968
7,../model_20140209_34267674.uvl,44,41,64103754,true,1741804,45060352,6446585,3967398,203560,6024810
8,../model_20140301_728202228.uvl,49,45,72356465,true,1931053,52746848,6784137,4424066,129691,5610576
11,../model_20150507_425070085.uvl,44,44,61886123,true,1797473,40001444,9044373,4807605,132632,5440903
10,../model_20141111_2120296387.uvl,51,18,86077489,true,1931166,52777459,11301518,7018507,222036,11608363
4,../model_20140423_813378270.uvl,48,44,81781036,true,1793388,61629312,6414758,3935628,254762,7106630
1,../model_20180306_1851656621.uvl,49,41,90882774,true,3598421,63894039,7280178,4856148,268300,10262591
5,../model_20191119_1702487696.uvl,24,24,46105506,true,1715319,24507553,9003486,6270527,70482,3835048
12,../model_20190917_383002664.uvl,43,24,56319089,true,1522581,34096160,8910664,4827688,95474,6194052
6,../model_20180815_1120231956.uvl,26,33,70190814,true,1593913,53368340,6577221,4024571,233243,3896917
0,../model_20230615_784426434.uvl,14,13,41310837,true,1808027,23174650,9155616,3929602,52917,2604677
2,../model_20101119_1472596180.uvl,25,26,47975905,true,1660284,30191006,7606866,4221641,86299,3580686
3,../model_20130916_882364260.uvl,15,17,61538066,true,1601688,39017877,9947659,6546965,112532,3791282
15,../model_20190914_1323674619.uvl,61,57,93263574,true,1954869,63404545,7666844,5919955,327498,13080943
9,../model_20160311_1359424486.uvl,50,50,71176426,true,1766621,40894805,10685510,6595935,290078,9843509
13,../model_20190413_1966613868.uvl,42,18,68794525,true,2181535,45608344,7659387,3925438,168690,8607240
7,../model_20160330_149443721.uvl,30,43,68608683,true,1890569,49429912,7060600,3807435,155713,5684947
10,../model_20170814_699386305.uvl,12,12,32494584,true,1509792,18754738,5257768,3715444,44403,2836350
1,../model_20200901_1590540568.uvl,38,33,61776531,true,1697951,43896396,6894359,3691566,113002,4867448
4,../model_20201011_1804341944.uvl,59,59,58206650,true,1638782,35703855,7904914,4716154,221394,7209097
3,../model_20140524_520707568.uvl,11,9,30999135,true,1482510,18948167,5432103,3333027,36902,1365555
6,../model_20121018_1701181193.uvl,17,15,52844040,true,1576690,30754611,9546674,6321116,104601,3944208
0,../model_20100822_281357717.uvl,15,16,50500326,true,1674746,33429486,7317170,4906544,92141,2658871
2,../model_20221114_1363146415.uvl,39,43,69841949,true,1830444,48624878,7968426,4836028,154664,5734144
15,../model_20110519_503436691.uvl,11,10,35174690,true,1511256,21120544,6876437,3631833,39706,1630339
7,../model_20110318_225131257.uvl,15,15,38316540,true,1346014,22759470,5906023,4083882,69983,3712005
13,../model_20141106_687094706.uvl,65,61,68232949,true,1690074,44093553,7377432,5254526,170745,8757909
9,../model_20131112_1617262618.uvl,30,25,60970387,true,1578272,43533285,6199469,3805500,163661,5106990
10,../model_20160912_772295854.uvl,18,18,45920684,true,1486147,32644022,5454441,3751474,60521,2141461
1,../model_20140223_789634838.uvl,26,19,47798198,true,1554305,31369458,7194185,3975948,86077,2959150
4,../model_20120823_304633016.uvl,16,19,45080147,true,1584464,30720602,6070827,3657616,83211,2517765
0,../model_20161209_758532997.uvl,13,5,31110376,true,1575069,18382735,5523403,3615005,34040,1660492
6,../model_20151106_857588743.uvl,21,25,52004443,true,1476073,36904450,6557087,3889568,81945,2682017
2,../model_20180512_143602565.uvl,37,37,53783018,true,1666854,34530761,5863914,5758557,198900,5160546
14,../model_20161018_1395239714.uvl,11,11,47077153,true,1724999,29201940,6466043,6171178,71291,2584249
7,../model_20230322_1914329788.uvl,32,32,66935003,true,1628925,46021300,7894347,4388318,186876,6032889
13,../model_20190915_38921055.uvl,10,10,39265261,true,1574990,21803261,8139772,5157976,69985,2097527
9,../model_20171202_671836466.uvl,14,14,40134892,true,1590260,22047334,7271789,5768491,51915,2881684
15,../model_20170927_2140419024.uvl,87,69,93727309,true,2313633,54779631,13281905,6492276,248034,15121961
10,../model_20180305_1565538092.uvl,50,39,85299064,true,2020522,64916673,6698052,3954551,194168,6773643
11,../model_20180512_733862721.uvl,23,22,39740789,true,1602921,23912433,6798409,3854537,80731,2986391
8,../model_20160420_474055968.uvl,96,69,109552209,true,2681631,70541299,8208981,5163226,465107,21338562
4,../model_20140614_1407759983.uvl,29,29,74170820,true,1780520,48587290,9351245,6600415,180694,7107885
2,../model_20120801_1784537083.uvl,12,11,31646577,true,2644726,17452068,6191376,3477995,46901,1494153
6,../model_20141029_1924517902.uvl,53,53,54081767,true,1752613,31031185,7205592,4498373,152387,8446243
14,../model_20230322_61558144.uvl,16,16,36494025,true,1548834,19850594,8682510,3755530,72956,1990413
5,../model_20130422_139902368.uvl,40,34,58581946,true,1924421,33271444,10942575,5078852,111625,6131369
15,../model_20150616_1287606127.uvl,22,21,54735849,true,3392293,31042602,9804091,5388653,114898,4426603
13,../model_20140728_1532422166.uvl,23,37,79415842,true,1694258,49819675,11565909,6859607,269474,8469310
12,../model_20180306_177892963.uvl,45,37,86258549,true,2026561,50753467,12322537,7321068,296054,12404529
9,../model_20140430_1345238885.uvl,17,17,55185708,true,3282088,35962421,7764678,4320696,109770,3339424
7,../model_20130305_522520932.uvl,16,14,124095440,true,1643513,101387562,9837904,6270689,116532,4295249
10,../model_20190825_1083955002.uvl,12,10,54589828,true,1601283,34672570,8772848,5979971,75630,3028371
11,../model_20161101_1287284082.uvl,50,37,51738497,true,1863998,32868873,6454527,4011755,120506,5762412
4,../model_20130818_278315719.uvl,10,10,51793709,true,1416444,33312464,8281028,5872587,67709,2387533
8,../model_20160311_358715911.uvl,26,26,64756271,true,1573986,42022486,7690076,6466980,150941,6107424
3,../model_20120328_810464459.uvl,17,17,40134015,true,3199942,25151569,5535283,3775227,52176,2001242
14,../model_20150515_2045521211.uvl,25,26,41077266,true,1684916,25732296,6055865,4078372,81802,2944806
15,../model_20160329_736279509.uvl,14,14,30812647,true,1483833,18693316,4406291,3753586,47674,1978821
12,../model_20130426_1685243628.uvl,16,15,35177981,true,1542521,20525343,7173845,3467549,52207,1964744
7,../model_20140403_1425048263.uvl,12,12,51527954,true,1545166,33367237,7288265,5852060,79238,2925757
5,../model_20180708_1907991672.uvl,24,30,58795426,true,2213346,40069586,8040631,3854714,177354,3729165
9,../model_20230322_729074756.uvl,29,23,70261424,true,1743206,43950347,9941665,6860482,146961,6742087
10,../model_20130821_361829065.uvl,30,30,49612616,true,1631209,33789590,5175089,3869995,147432,4364933
11,../model_20170607_1389753102.uvl,13,14,31627886,true,1390722,18305056,5679503,3931714,86892,1841059
4,../model_20171108_1643056811.uvl,12,6,30903218,true,1453696,16759037,7173993,3532048,35742,1486128
8,../model_20140615_1755551630.uvl,24,22,51366861,true,3123381,33821272,6091586,4075394,121337,3508858
1,../model_20130916_330769314.uvl,17,18,42962766,true,1535239,28767377,6271250,3694045,58021,2228317
0,../model_20171208_504832504.uvl,10,8,41595587,true,1594229,28556352,6066981,3523268,34761,1483478
14,../REAL-FM-12.uvl,14,14,34690417,true,1715777,21417173,5630678,3668191,61632,1796153
15,../model_20121026_334751192.uvl,28,28,42870509,true,1428754,26764707,6767235,4018472,84198,3328023
7,../model_20140613_2054294739.uvl,10,11,32161882,true,1455849,19345634,5598453,3542883,75164,1765435
9,../model_20130117_2075912065.uvl,13,14,35634950,true,1551137,23132464,4659667,3620767,57891,2214670
5,../model_20110329_10104623.uvl,41,35,73969385,true,1650889,52419712,7095479,4369048,129421,7664140
10,../model_20141129_1642511009.uvl,34,37,74532196,true,1785682,55111352,7350129,4183072,135754,5359007
11,../model_20130916_1448418245.uvl,14,16,59062717,true,1532363,39325579,7551027,6526509,108030,3685127
4,../model_20140823_1972464026.uvl,35,38,61640043,true,1608380,37205313,7190196,6412596,331075,8188137
8,../model_20110725_452580960.uvl,34,30,60215440,true,1836970,40175378,7230426,5043561,155815,4967216
1,../model_20141129_966803644.uvl,12,12,41433701,true,1456265,27208779,6735152,3874525,46302,1773078
0,../model_20200815_1845054862.uvl,39,32,76395581,true,3032645,49963841,7089502,6762329,199416,8664751
15,../model_20111027_668940289.uvl,29,29,68824909,true,1740658,47714213,6471661,3964617,185024,8266420
14,../model_20161118_1167269407.uvl,66,22,88744614,true,1892733,57520596,9571385,4488076,408892,13934102
2,../model_20130716_384525556.uvl,17,12,49982965,true,1649223,31266648,9718417,4783964,51486,1988929
7,../model_20160712_1875218337.uvl,11,11,39507302,true,1558732,26755096,5064552,4328473,75675,1415932
6,../model_20180913_872907572.uvl,15,15,50254077,true,1791039,34695847,4743924,5539670,93535,2980767
9,../model_20111214_733452875.uvl,15,15,46905450,true,1611429,32268957,6814450,3874478,55121,1812902
13,../model_20120328_1357539597.uvl,18,17,39791706,true,1747717,22737666,6807751,5157102,88636,2684394
11,../model_20110406_1047532859.uvl,29,28,60233533,true,1790821,39681425,6568070,6261214,107754,5241500
10,../model_20120529_2101702978.uvl,35,46,90255654,true,1722405,66856240,7278296,4226900,192943,9365852
5,../model_20190223_1159148955.uvl,103,70,104174597,true,2718027,74576300,8264925,4750609,261635,12390313
8,../model_20140605_572628146.uvl,11,11,39356579,true,1508381,28321278,4367214,3456061,43238,1283040
1,../model_20171109_1740328562.uvl,21,25,128690109,true,1795571,54540029,6030601,4787167,54479526,6604418
14,../model_20140409_1370428339.uvl,24,28,51156902,true,5358314,29434377,8288596,3625770,208371,3539438
0,../model_20170310_2069806245.uvl,49,36,70381058,true,1677762,44310487,8399073,6500942,317871,8448769
7,../model_20170514_1578942718.uvl,40,44,56081937,false,2078222,39909289,4213908,4165026,138708,5421389
12,../model_20111220_1184087779.uvl,15,9,42461510,true,1575692,28011411,6850934,3500566,47106,2112782
9,../model_20181029_2093756359.uvl,18,18,53779291,true,1582842,31528805,9368004,5904467,136341,4656781
2,../model_20161003_680973994.uvl,53,58,95879554,true,4133186,57824262,11872558,7718003,437335,12566219
3,../model_20160721_1827988269.uvl,19,24,70272211,true,1742470,46405762,9677759,6251486,155896,5446938
6,../model_20140306_1607259562.uvl,43,49,88494665,true,1783770,55179919,11371882,7652745,297894,11121980
10,../aircraft_fm.uvl,13,12,49221783,true,1412698,29039200,9614076,5844716,83160,2771541
11,../model_20170925_1698983864.uvl,19,19,62611673,true,1559158,39289666,10213803,6316891,118122,4515057
13,../model_20170918_446567907.uvl,48,37,82893023,true,3893531,55852954,7319942,4046667,222829,10790428
5,../model_20160621_993334585.uvl,26,24,53503592,true,1753596,38021334,5920388,4035529,152065,3139149
8,../model_20150624_1191374126.uvl,13,12,36806656,true,1672544,21253514,6755475,3844501,51778,2566787
7,../model_20110328_1177934440.uvl,18,20,36557307,true,1594961,21584147,5666395,4629564,66822,2565768
12,../model_20230322_1194175451.uvl,34,25,44701514,true,1811843,27371392,6770557,3892022,92453,4042393
3,../model_20230322_1299985155.uvl,31,20,45197409,true,1776513,27086457,7322622,4434760,122688,3774548
9,../model_20160330_469153666.uvl,13,13,53107790,true,1646629,33435217,7815546,6413945,86236,3204152
10,../model_20150109_425963323.uvl,37,23,79331948,true,1706570,51311154,10212325,6594969,176710,8417168
2,../model_20130105_1019508207.uvl,24,27,67434529,true,1736049,47302468,7602807,5929083,163220,4155165
11,../model_20091205_755658379.uvl,94,71,98948528,true,2655912,65084691,10006869,5560130,461672,14015413
5,../model_20180512_419383167.uvl,36,38,76877271,true,1616563,50370184,8272821,6796435,218665,8659046
8,../model_20200815_582760962.uvl,29,23,72163257,true,1779992,46593107,9599051,6484161,146073,6667700
12,../model_20170528_1427439246.uvl,10,11,33765234,true,1447712,21706559,5290222,3306876,74854,1658891
7,../model_20130529_1162054266.uvl,16,16,35666662,true,1744232,22034816,5930532,3528075,61564,1979034
15,../model_20120915_487659597.uvl,20,17,61092746,true,1635349,36861227,10274199,6577071,126837,5030835
9,../model_20160531_486171149.uvl,35,35,83388901,true,1952168,51789523,10962198,6869041,389923,10492582
10,../model_20150625_1923523971.uvl,16,13,53396258,true,1684724,39021868,5582225,3475380,105206,3166713
13,../model_20170221_1848353506.uvl,210,161,187206726,true,5089167,121444005,13207170,6976279,1186123,37000921
3,../model_20170919_1393589103.uvl,48,45,94752714,true,4402419,67260926,8190171,4532472,329755,8851335
2,../model_20170919_303553909.uvl,49,55,120498289,true,2142692,96333887,7206446,4526407,1122654,8442292
5,../model_20181205_2097248492.uvl,19,24,73662557,true,1669575,48915644,9573612,6470494,186498,6178442
11,../model_20110809_1799855518.uvl,25,13,108379171,true,1625813,88376492,9179922,4368004,68841,4062917
4,../model_20221031_379205114.uvl,158,208,308626489,false,5846482,224160137,11652152,11691617,1665010,53296948
8,../REAL-FM-18.uvl,44,47,67648450,true,4975430,38596342,9268361,5072428,265250,8409143
12,../model_20171129_847069382.uvl,35,32,50688610,true,1705012,28062678,10450379,5134510,97603,4275458
0,../model_20200810_956997411.uvl,39,36,53382280,true,1898608,34167235,6789552,4827376,133681,4922299
14,../model_20180930_1153905679.uvl,27,27,48968351,true,1683396,29535702,7921182,4209001,251067,4844499
13,../model_20170215_1976164448.uvl,35,20,81071158,true,1786641,55401984,7689857,6567310,180519,8656888
9,../model_20160531_1105256806.uvl,25,30,70279068,true,1867565,51165478,7352981,4847152,329111,4196273
10,../model_20170228_2078125436.uvl,34,26,62385503,true,1815691,42366674,7761369,4099683,283147,5483557
6,../stack_fm.uvl,17,13,101540909,true,1629680,88162796,5647150,3525822,62276,2114615
11,../model_20141023_1600573567.uvl,20,20,40878558,true,1661784,19754279,9592752,6826437,67879,2349385
4,../model_20230322_774285627.uvl,15,12,38440775,true,1751306,23446210,6970998,3919712,55409,1897214
5,../model_20120130_333619036.uvl,31,27,53182039,true,1714893,32976525,8529656,4279939,87331,4927734
2,../model_20170512_1532934104.uvl,24,24,65543667,true,1853342,43917342,6884561,6103278,149843,6050550
8,../model_20160429_2024552354.uvl,12,12,111437658,true,1523608,90853233,9394578,6161166,83730,2966615
14,../model_20130529_2135483929.uvl,16,17,41957648,true,1699394,26554216,5775741,4729295,57894,2749603
9,../model_20161109_258969269.uvl,10,11,34456628,true,1481856,20814736,6464297,3820446,47872,1448757
13,../model_20160125_59009200.uvl,37,35,56346066,true,3117958,34203955,7831638,4725985,157256,5511814
10,../model_20230613_1168762973.uvl,11,7,38034640,true,1453213,24198577,6327564,4153855,38674,1517281
11,../model_20171029_1247758730.uvl,10,9,45718913,true,4306935,29993286,5852452,3238250,66897,1908000
6,../model_20170313_143405764.uvl,48,46,74602131,true,3417464,50203925,7953109,4829322,225890,7254668
2,../model_20120806_904481092.uvl,17,16,36675534,true,1495202,22859966,5698302,4050249,60436,2113212
5,../model_20150529_550903687.uvl,21,20,47486024,true,1545366,32463870,6153487,4049078,72219,2787990
8,../model_20230322_1887635433.uvl,32,32,41644629,true,1752372,27016117,4506553,3886928,92737,3833592
4,../model_20140227_386614568.uvl,75,49,93628043,true,2066329,68375015,8250437,4650880,266219,8989678
7,../model_20150612_1719519345.uvl,14,12,33538134,true,1737734,19413156,6015060,3991236,48937,1911695
14,../model_20180911_126281571.uvl,10,10,36127354,true,1555391,21492558,6591349,4271810,49969,1810441
10,../model_20130422_1348727660.uvl,19,16,50457548,true,1631521,30090858,9619497,5293931,66564,3171848
15,../model_20100607_746327867.uvl,20,15,45485218,true,1738173,29114136,6710185,4583047,57874,2838820
13,../model_20160309_77134368.uvl,18,17,49271291,true,3037110,29041273,7700503,5386428,60096,3512724
11,../model_20160926_106687243.uvl,57,52,66970137,true,1982391,35566080,7580176,7569680,219964,13263553
5,../model_20131202_715513367.uvl,22,22,60725847,true,1535036,38212701,8514861,6575197,131631,5163131
3,../model_20150301_1821356180.uvl,28,33,57143807,true,1966592,41327635,5869631,3712427,105967,3657650
6,../model_20121213_681234650.uvl,33,33,59830086,true,3647781,41107588,6511345,3932889,105662,3948457
8,../model_20170404_1821671055.uvl,13,14,32605685,true,1485048,19873626,5411856,3507867,57951,1952077
4,../model_20131122_1573422851.uvl,15,13,56579050,true,1470773,35929868,8833972,6062972,90078,3603254
12,../model_20160426_744600320.uvl,21,20,40701003,true,1754715,25797580,6115934,3861275,62229,2455285
0,../model_20190805_1041162508.uvl,23,13,41425195,true,1676469,26240515,6210934,4009076,69500,2709242
14,../model_20181103_2077285196.uvl,11,11,37498019,true,1573771,23036207,6950628,3642557,56321,1853917
7,../model_20130908_1057721135.uvl,14,14,46326055,true,1567506,31322079,6225344,4929773,61801,1848678
13,../model_20190917_1844149588.uvl,49,25,99346665,true,2088328,77847110,8104356,4298958,157914,5695102
10,../model_20160329_174305764.uvl,44,49,129327095,true,1764811,106290537,9137237,4671255,148330,6244644
3,../model_20121023_1328975384.uvl,14,14,41531915,true,1638449,27295405,6696503,3666571,49689,1833503
15,../model_20170930_228024571.uvl,62,69,109969033,true,2188125,81725084,8954162,4871407,317708,11066943
11,../model_20160330_1233914245.uvl,12,13,60646219,true,1607799,41127694,6940274,5796076,141361,4549072
8,../model_20200816_1246721801.uvl,18,16,58556549,true,1665381,37854168,8444873,5836712,104829,4043359
4,../model_20131202_533920013.uvl,19,19,51205061,true,1903057,36419358,5577289,4464848,60642,2327032
12,../model_20140101_941325443.uvl,10,10,41452595,true,1636126,29069440,5638206,3501068,38515,1192058
0,../model_20140615_1477062295.uvl,33,26,63000500,true,1838106,44911330,6809864,4360721,157718,4216866
1,../model_20190904_400441788.uvl,625,500,543771772,true,21626244,372412845,36632051,23615733,1812396,79884860
7,../model_20140604_731553244.uvl,14,14,40979505,true,3737228,22097356,7278870,4436456,75508,2901550
14,../model_20180613_78021145.uvl,15,16,56283717,true,1539037,37046054,7491665,6076685,110918,3642212
9,../REAL-FM-14.uvl,18,16,47040931,true,1828490,29704859,8012972,4371168,102424,2512525
13,../model_20190921_1186818003.uvl,15,13,38971036,true,1695971,24024003,7071945,3828912,52537,1917025
15,../model_20190513_215044614.uvl,10,9,43485721,true,1723946,26015978,8663938,5401169,37335,1206230
3,../model_20160123_368502373.uvl,10,9,101164756,true,1513483,84233305,8292246,4709009,63046,1973469
10,../model_20180713_1002093829.uvl,23,17,67819273,true,3724166,41356758,10166334,6160935,146069,5659930
2,../model_20180512_775268148.uvl,24,21,56278643,true,1680822,38965881,6869567,4216629,133161,3875314
4,../model_20131217_806985744.uvl,11,7,37181532,true,1623212,24923073,5436166,3384669,36482,1396538
8,../model_20130508_1842381745.uvl,16,14,57396425,true,1614250,36408075,8637059,6312692,85655,3804063
12,../model_20230322_310895789.uvl,26,26,48183597,true,3494048,22511434,8010831,6662515,83535,6799765
1,../model_20170627_231083922.uvl,14,14,54560431,true,1518331,33826872,9182464,5899367,100269,3523751
0,../model_20131201_820966647.uvl,18,19,47116208,true,1513507,30011698,7521591,4877639,74779,2644340
13,../model_20180306_1625675392.uvl,48,25,66100151,true,1985947,43550061,6427814,3729344,214706,9473046
10,../model_20160824_2005849052.uvl,21,21,43139541,true,1654323,28233478,6168970,3935235,70326,2568938
3,../model_20140819_535519547.uvl,13,13,34387146,true,3827764,17378864,7332246,3842856,45944,1614584
15,../model_20110203_2097159983.uvl,18,18,37068836,true,1662987,22811064,5233708,4490492,59185,2346755
2,../model_20120110_139114401.uvl,10,10,33796480,true,1444955,20330494,6250410,3678816,50872,1609838
8,../model_20161128_2133107865.uvl,68,46,85151768,true,1972940,61339994,8234080,4288622,179086,8214163
6,../model_20160919_422339066.uvl,50,42,91217378,true,1982147,67951424,7830255,4636347,309783,7697730
5,../model_20191111_1176325905.uvl,16,14,103562488,true,1737131,88148577,6645042,4378308,51082,2166297
4,../model_20180306_1110315637.uvl,39,19,126422508,true,1615281,103554251,10226490,5277735,145604,4619738
12,../model_20130122_243381566.uvl,14,14,54199141,true,1605344,34843567,7516615,6211459,90230,3431788
0,../model_20160917_824197127.uvl,14,11,47219517,true,1446882,27654518,9095522,5599630,71207,2886987
1,../model_20160329_1691896941.uvl,28,38,58763916,true,1729974,40654657,7116484,4111770,127233,4510675
13,../model_20121023_356761254.uvl,12,12,44344690,true,1542790,29639764,5778609,4820995,54984,2020875
3,../model_20190916_233719618.uvl,10,10,38671176,true,1596731,23612004,7444604,4144575,48275,1432575
15,../model_20131122_23346211.uvl,15,13,52354829,true,3137237,33433544,7342933,4456992,93040,3435152
10,../model_20200811_1911664133.uvl,17,19,56780716,true,1516110,38897075,8175298,4672088,163078,2958872
2,../model_20160502_1352812691.uvl,38,32,55539388,true,1708348,34065474,8125950,5001893,111361,5860255
5,../model_20141029_1107505375.uvl,12,12,50977573,true,1430414,32049328,8369854,5786410,76227,2821297
8,../model_20141107_377655341.uvl,24,25,65120006,true,1522729,42600515,8154108,6340168,149837,5690500
11,../REAL-FM-3.uvl,43,45,93207256,true,1997733,60557032,11091688,7196215,286569,10916321
6,../model_20170315_1174513943.uvl,18,18,61284200,true,1679335,39567679,8894856,6600261,109132,3888144
4,../model_20190619_50728308.uvl,19,19,42993126,true,1675803,25458216,6099329,5234769,95527,3875380
1,../model_20160330_511669656.uvl,15,10,58581244,true,1679721,37279324,9329488,6153052,78890,3558462
12,../model_20131112_605989901.uvl,25,18,69681262,true,1629058,44013844,10573922,6656391,168312,5884847
0,../model_20091015_449909368.uvl,10,10,54817445,true,1512427,33399646,10345733,6175147,102688,2831291
7,../model_20190513_639238065.uvl,10,10,33916701,true,1557217,20705069,6099073,3938187,46542,1306924
15,../model_20120202_1596034358.uvl,10,11,31721900,true,1364713,18955259,6055402,3579368,45808,1359416
14,../model_20150521_1423870525.uvl,16,16,37996153,true,1491178,21327412,8153770,4321886,56414,2111578
10,../model_20160329_160417479.uvl,20,17,46078041,true,3694877,25604370,8132265,5220493,60948,2774824
9,../model_20200919_469515687.uvl,20,18,44397299,true,1839115,25588578,8972366,4216071,68929,3202977
3,../model_20180612_1244406232.uvl,33,33,65439259,true,1665103,37486449,10701830,6947758,217188,7496121
2,../model_20151119_825568988.uvl,19,19,108085998,true,1589865,85839108,9300377,6108274,118054,4468578
5,../model_20180403_1861855205.uvl,14,14,41535354,true,1622699,27926263,5034326,4060070,50350,2358249
1,../model_20130305_204544380.uvl,13,13,36712797,true,1578478,21224859,7192839,3899189,58885,2347323
0,../model_20120109_1808102333.uvl,18,19,60818080,true,1645939,38156195,9508618,6332902,123104,4436669
12,../model_20200810_1487197226.uvl,29,29,65382314,true,1482926,46219979,6416550,4290222,169872,6178125
10,../model_20161101_1188178549.uvl,36,36,44647960,true,3579910,25575916,6525591,3945547,177507,4264929
9,../model_20130122_1064508817.uvl,12,17,36724250,true,1637834,23112728,5878494,3518422,64912,2143126
3,../model_20191126_842054213.uvl,21,23,44530557,true,1645041,25975782,7624802,4081458,158751,4535397
15,../model_20190824_1440931285.uvl,104,104,99876210,true,2452246,67837917,8981889,6574834,296675,11650915
5,../model_20230228_1021126902.uvl,11,11,54343321,true,1487587,34074578,9035391,6248258,84620,2945436
2,../model_20120522_87989914.uvl,35,47,87378673,true,1627376,65186918,6892532,4729915,199111,8025422
7,../model_20110704_328391695.uvl,172,145,164643243,true,3500216,111959224,12151689,7142555,1066826,26532023
12,../model_20170517_1986241278.uvl,10,10,31903508,true,1531227,18235068,5566213,3499150,49250,2327308
1,../model_20170916_973590519.uvl,48,39,76859800,true,1867913,53429422,8193345,4691216,173367,7709926
0,../model_20120329_788560154.uvl,55,49,111863678,true,1936141,89518685,7504138,4523789,210857,7203372
9,../model_20131016_1224723724.uvl,11,13,54008894,true,1481698,34520120,8774445,5842305,90799,2875418
10,../model_20131109_2060894287.uvl,14,13,58072775,true,3182512,37013337,7592158,6096605,102591,3700238
3,../model_20130916_2072761889.uvl,15,17,62413347,true,1656639,40673183,9248321,6261243,116568,3890006
15,../model_20160315_505457800.uvl,28,28,71168987,true,1896411,46442758,8287359,7023423,283447,6398481
5,../model_20160608_755102753.uvl,12,12,42799618,true,1600561,30145025,4488256,4169718,80042,1929456
2,../model_20110306_314567479.uvl,14,14,50556158,true,1583392,37737855,4606920,3983285,91400,2096466
7,../model_20160821_1946133193.uvl,14,14,34485847,true,1623653,21270870,5719738,3772254,52945,1655686
8,../model_20190522_227919886.uvl,20,21,40915016,true,1632787,25746695,6094421,3695002,79731,3120184
11,../model_20160508_265400900.uvl,46,52,74133502,true,2011026,48339772,7187351,6161358,244141,9492299
6,../model_20120731_787433291.uvl,43,40,87128014,true,2018256,56105979,10559168,6950068,262467,10146688
4,../model_20110222_2078967171.uvl,48,51,98607231,true,2107870,64191816,11634007,7461817,291640,11722964
13,../model_20170328_1485540940.uvl,451,428,485574332,true,22414650,343988543,23212528,12355037,2195462,73607768
9,../model_20190920_1330526555.uvl,10,10,36086654,true,1513455,22208600,6665747,3872862,38717,1348721
3,../model_20111025_1408959776.uvl,13,13,35801128,true,1584355,22871888,4885339,4069811,58830,1953035
15,../model_20160411_1158715394.uvl,11,11,32466796,true,1414926,21189102,4364230,3719028,58182,1391183
10,../model_20120328_1667195252.uvl,24,25,98418414,true,4061686,78451131,7258732,4318000,93894,3597440
14,../model_20131125_731391866.uvl,18,19,60706617,true,3683674,37229291,8813865,6113631,117373,4148339
5,../model_20200128_1154759905.uvl,23,23,70341705,true,1707750,45150402,9979662,6648607,163259,6019071
2,../model_20190503_1463982406.uvl,41,45,59162845,true,1714433,38252471,7476306,4230429,243001,6554846
7,../model_20220910_809454030.uvl,37,39,82005066,true,1857617,51793199,10833738,7109920,162762,9245587
11,../model_20160330_1356575467.uvl,10,10,36169070,true,1582935,25499781,4004154,3439286,43451,1228444
8,../model_20171010_332868283.uvl,12,11,32374796,true,1469500,19833536,5787007,3395108,59445,1478923
6,../model_20180819_995624779.uvl,14,14,56214492,true,1666901,35383269,9085124,5981372,94426,3475167
4,../model_20161012_1497804026.uvl,13,13,31861501,true,1512774,19762085,4656392,3764192,47832,1751409
13,../model_20200609_1715293706.uvl,12,12,51313001,true,1527218,34357485,7179760,4553302,91925,3128265
3,../model_20140225_1829795152.uvl,14,13,34984543,true,1360555,22890261,5266616,3418836,53812,1696866
15,../model_20230322_242202942.uvl,19,19,41732950,true,1544544,20193965,9380053,6415883,112936,3275748
10,../model_20181219_1343761699.uvl,20,14,42713349,true,1725475,26292526,6489458,4504073,70965,3135061
14,../model_20101117_1571856147.uvl,10,10,35261380,true,1604693,21907238,6316731,3708918,37797,1305713
5,../model_20100831_1378118837.uvl,35,32,60664300,true,1794681,36126895,9593683,6234886,113756,5953333
11,../model_20130916_1980915056.uvl,15,17,38778504,true,1545124,25478497,5782803,3583747,62311,1963469
8,../model_20121123_388334786.uvl,16,17,61243916,true,3339093,37608439,9243672,6110328,116273,4125922
7,../model_20160111_1033692827.uvl,61,58,92579401,true,2045060,52600386,12493048,7737241,391694,15819743
6,../model_20131128_2046989275.uvl,15,15,50610588,true,1544843,30775399,7902825,6239513,92501,3547111
4,../model_20140428_1127346099.uvl,72,71,76655556,true,2265577,49380172,8156871,4939000,241647,10606165
13,../model_20150429_343028682.uvl,43,39,77625172,true,1901377,52291904,7539907,4030482,242073,10913371
12,../model_20160221_544170906.uvl,11,10,44218345,true,1707895,30746016,5438676,4366748,46168,1593477
1,../model_20130324_1541392486.uvl,51,43,59754611,true,1991568,38473432,7745119,4324118,128317,6064532
3,../model_20180126_2070362475.uvl,30,25,71573368,true,1657723,45147541,10421741,6691768,156131,6684384
0,../REAL-FM-9.uvl,14,15,59078691,true,1670316,37822787,9023078,6195841,107569,3718865
15,../model_20130812_690840910.uvl,30,36,61261283,true,1836650,43038136,7064631,4255093,139860,4305470
14,../model_20150320_593593000.uvl,13,13,40305000,true,2690359,25645397,5934413,3877914,68160,1774297
5,../model_20170310_906013336.uvl,47,33,75616132,true,1953815,53567955,7308625,4786554,144394,7110956
11,../model_20221025_2010292001.uvl,22,22,38901464,true,1578530,24872293,4839502,4455920,73353,2621086
7,../model_20160329_1491802197.uvl,20,17,41129480,true,1697788,24454086,7187011,4185841,64656,3065256
8,../model_20230322_2065877531.uvl,26,26,48328819,true,1813662,30032974,7807610,4177942,82443,3651229
6,../model_20120122_258977494.uvl,19,19,69449937,true,1673711,45229802,9944338,6539693,136130,5275938
4,../model_20150305_837831991.uvl,39,42,73846356,true,1851369,53840784,6887999,4279998,234692,6039965
12,../model_20161128_844678202.uvl,39,31,76706443,true,1792005,55885537,8089200,4673918,205225,5437716
1,../model_20161107_2119549052.uvl,12,12,31235256,true,1513689,20191172,4189753,3487174,43085,1417137
9,../model_20171008_377237228.uvl,43,43,89044700,true,3755022,56277301,11025499,7041211,244240,9762995
15,../model_20120904_1604580471.uvl,13,8,52528328,true,1558082,33530290,7877899,5947424,71698,3121895
3,../model_20120829_1418879889.uvl,10,10,102729634,true,1489262,88601660,6176509,3947709,69716,2084542
0,../model_20150223_339293957.uvl,26,25,62052527,true,1825471,44667893,6859788,3758646,101309,4236299
14,../model_20160330_1191432205.uvl,19,19,58601469,true,1589579,37503424,7823703,6292422,121001,4650500
7,../model_20131028_1719041666.uvl,19,19,58259222,true,1665723,37320732,7772138,6422904,120042,4360202
11,../model_20131111_1486670620.uvl,21,18,51230706,true,3160181,33996470,7032778,3680299,64792,2858535
2,../model_20110826_1555954181.uvl,24,24,65275567,true,1568186,41905568,8361930,6693226,145495,5860458
8,../model_20170818_1523700786.uvl,31,31,59913102,true,1788556,44929389,4995494,3828740,95028,3732558
6,../model_20190917_1679843058.uvl,11,11,32014876,true,1603916,18854496,5969107,3765666,42019,1429756
4,../model_20130220_406091727.uvl,43,48,57338110,true,1829164,37981708,7088865,4174566,132008,5197133
12,../model_20180222_1813103418.uvl,26,18,39599970,true,1605822,23953111,6619118,3850222,67933,2991606
1,../model_20180311_1112468126.uvl,29,29,42385013,true,1777038,26196737,6069082,4395194,89132,3316050
9,../model_20180222_1531590612.uvl,18,17,39459448,true,1702238,25130593,6142551,3662976,71232,2351249
14,../model_20140509_978687642.uvl,10,10,29636642,true,1499765,18526383,4321865,3516802,38164,1380990
0,../model_20160906_881197553.uvl,18,14,47076057,true,1654550,28579882,6150153,5995137,102178,4137617
10,../model_20150507_1665248699.uvl,15,14,38157046,true,3465183,21925322,5990333,4356649,82339,1869687
7,../model_20190919_887233558.uvl,17,17,51810667,true,1519155,33009249,8980596,5658481,52282,2069578
8,../model_20190918_1569717148.uvl,17,17,55358453,true,1516686,34979789,7890594,6361696,107959,3983752
6,../model_20171014_936370428.uvl,10,9,44571176,true,2860356,26348002,8780182,4852460,65354,1282628
12,../model_20140303_1487935744.uvl,23,14,46104358,true,1736982,25058861,8783024,5824012,56121,4028031
4,../model_20170131_61369545.uvl,39,39,80120397,true,1777920,53061962,8219201,7062074,213656,9041664
13,../model_20131122_1558809462.uvl,26,26,64725610,true,1898251,42662948,6711808,6637283,290527,5953869
1,../model_20190916_1591625575.uvl,42,24,83768052,true,1685429,52726020,11793008,6839379,185050,9480191
9,../model_20191115_635910941.uvl,37,28,57380283,true,1762961,39101588,7106074,3991688,99010,4602841
11,../model_20161127_1823059506.uvl,69,257,354118601,true,3190739,267469761,11546606,8041176,2318772,60061315
0,../model_20170320_772300106.uvl,48,48,79984929,true,3442095,55135500,5996426,4881776,270006,9439888
10,../model_20121123_1588832561.uvl,16,15,61314487,true,1647171,39248357,9389399,6425309,101439,3942785
7,../model_20160308_993894457.uvl,10,9,30443928,true,1636178,17042478,6694868,3376196,36475,1308955
8,../model_20121018_1875808662.uvl,16,15,35418075,true,2899821,20218669,6342361,3689289,52804,1826165
6,../model_20171012_404282969.uvl,25,25,38909895,true,1545731,23600301,4986750,4112686,76556,4093865
5,../model_20130911_2001583567.uvl,34,24,76625931,true,3565160,47249259,10519606,6527233,161480,7746576
9,../model_20140326_801743865.uvl,13,19,50329002,true,1590036,32129549,7805290,4366568,236010,3746379
1,../model_20200810_1407499848.uvl,35,35,54133929,true,1689563,29930848,8613477,6049943,165872,7014317
13,../model_20140614_2029282468.uvl,54,54,71488651,true,2031247,37145599,11917655,7789369,262132,10979352
11,../REAL-FM-10.uvl,14,13,47890341,true,1599379,26709466,8741275,5573802,81640,4686236
10,../model_20091219_494647199.uvl,11,11,54464390,true,1488576,34212386,9347018,6293344,77865,2591368
0,../model_20140629_1128400878.uvl,42,32,84071856,true,1852389,53656841,10995805,6881753,202901,9386219
7,../model_20190624_198695067.uvl,24,24,64379156,true,4948282,38546901,7911548,6390265,136566,5733668
15,../model_20160229_1590940306.uvl,50,58,93158051,true,4093447,69066926,8132383,4241314,229979,6593187
8,../model_20121018_795335675.uvl,16,15,40285127,true,1531992,21119540,8254503,5628314,90303,3144454
6,../model_20140130_912999540.uvl,13,13,46146915,true,1632152,28890666,7475629,4785684,86947,2867459
3,../model_20230322_1023477919.uvl,73,55,81503780,true,2583532,49340343,9659279,7392945,227729,11342528
14,../model_20170328_418838667.uvl,261,254,319701970,true,9079166,239136170,16176635,8479307,1681181,42154713
2,../model_20141116_913921823.uvl,44,41,81794241,true,1871692,51103311,10473838,7118914,222721,10210260
5,../model_20180407_489573335.uvl,109,126,113807968,true,3116004,77964203,9970481,5504305,472438,15438958
11,../model_20091129_1734444143.uvl,12,13,34760526,true,1570932,20395445,6267164,3939499,48572,1640786
13,../model_20160913_482611615.uvl,48,37,65291633,true,1966359,41133347,7651173,5660135,268846,7829831
1,../model_20230322_812446738.uvl,34,23,59833292,true,1616418,34793970,10292791,5727930,164007,6414357
10,../model_20141030_1194865372.uvl,48,43,57420414,true,1933439,37543434,7144932,4157363,170828,5728718
15,../model_20161025_210874268.uvl,10,10,43784196,true,1485786,31768025,5456900,3466500,43157,1207685
14,../model_20150310_1159520762.uvl,35,39,56006461,true,1892387,38249640,6041747,3668828,113500,5441169
8,../model_20160301_1978418899.uvl,24,32,96209572,true,1767693,76458062,9167838,4379987,94928,3637147
2,../model_20120202_114979109.uvl,22,19,60349748,true,1769618,42061113,6086007,5394095,134546,4451915
3,../model_20190917_1352548057.uvl,59,33,82371336,true,1914788,51844532,7503597,6876794,261505,13190126
4,../model_20200619_2057881785.uvl,37,39,61023421,true,2001072,41992202,6887630,4056528,216519,5189977
5,../model_20160629_1032137585.uvl,16,15,61774197,true,1498621,39701731,9374115,6475998,109047,4099011
11,../model_20110722_419227445.uvl,25,25,63361554,true,1727257,40434194,7917741,6390925,150328,5939212
13,../model_20190917_896971240.uvl,35,20,74251049,true,1639265,50175353,7506455,5849050,163735,8312701
1,../model_20121212_425431925.uvl,16,15,42567245,true,1704722,25473592,7544784,5284410,93855,2028134
14,../model_20180222_1576024243.uvl,13,10,33841373,true,1559334,19367632,6525345,4382110,38443,1573299
8,../model_20171005_1407702877.uvl,28,28,41310620,true,1454185,26871120,4848000,4021496,92504,3563224
10,../model_20120725_1460954667.uvl,97,81,85867691,true,2402278,57908814,8159306,4858707,354567,10795328
3,../model_20121123_1266693931.uvl,16,15,52723662,true,1585459,33796244,8253459,5404270,86814,3102109
12,../model_20170321_1774846112.uvl,179,155,218187176,true,5433664,150179973,19062046,9918833,1088078,28632075
2,../arcade_game_pl_fm.uvl,61,95,127059029,true,2294727,98546438,7913122,5780869,519806,11141701
5,../model_20180618_656757926.uvl,11,11,44214630,true,1690249,28410836,6191307,4685042,68065,2315652
11,../model_20140411_1148485857.uvl,12,23,64293754,true,1626812,42204042,9193964,6009178,157457,4582603
13,../model_20140914_1816201365.uvl,37,39,59797911,true,1665953,43563566,5393224,3910013,111295,4475734
1,../model_20150114_50814742.uvl,33,32,61864458,true,1918375,41482367,8517316,4003213,141197,5167626
15,../model_20221026_1860047321.uvl,103,93,101658623,true,4042663,67878381,9588995,5360367,470433,12804443
0,../model_20230615_743611401.uvl,24,19,66949985,true,3738687,42766461,9130607,6118495,304504,4153395
7,../model_20151127_885194761.uvl,36,35,61226772,true,1773913,38671532,9688337,4835937,121007,5196747
9,../REAL-FM-1.uvl,88,72,128859372,true,2582574,81736314,13666292,8589701,437234,19923373
8,../model_20181005_1705175151.uvl,26,20,63618433,true,1952557,43368361,7085757,5893583,92852,4675993
6,../model_20140410_454790336.uvl,11,22,61353272,true,1644275,43342948,9288239,4117809,90322,2433235
10,../model_20100624_2076952989.uvl,17,17,55725565,true,1749669,40527817,5911096,4317444,123994,2586451
3,../model_20200810_1943380085.uvl,26,22,56106322,true,1699430,34054447,7852609,6117995,135119,5595130
12,../model_20130106_749900457.uvl,21,15,62376975,true,1635781,39044249,9763670,6415338,115745,4794692
2,../model_20190513_1805648090.uvl,10,12,43479590,true,1672095,28021308,6753856,4723338,51343,1844366
5,../model_20160502_596671432.uvl,25,18,56979778,true,3728763,30726474,9933318,6541579,129614,5208490
11,../model_20180301_203291309.uvl,13,13,39837461,true,1660779,27804071,4959272,3362831,46667,1641802
1,../model_20200817_129447612.uvl,37,37,66549163,true,1681587,49727130,5919348,4050184,236181,4291171
15,../model_20110401_868452735.uvl,14,10,52228321,true,1582240,36343535,6222727,4337890,81038,3247699
13,../model_20161117_1407262512.uvl,21,16,53203402,true,1703398,32965908,10079958,5216206,58892,2535668
0,../model_20140613_1129301242.uvl,10,9,54028275,true,1583066,35214539,8413239,5973085,68908,2334924
7,../model_20110718_866950306.uvl,20,19,60942904,true,1582119,37498543,9938605,6504810,112471,4644588
9,../model_20120328_523540818.uvl,10,10,48486290,true,1580885,31943403,9259520,4050077,39222,1214488
10,../model_20121018_1639434192.uvl,17,15,51758446,true,1705483,37237184,5395372,3419200,99260,3508943
8,../model_20191016_1243022077.uvl,83,83,122721562,true,2382314,88654300,9250672,4919044,550610,15377452
3,../model_20190502_109355269.uvl,18,18,59520124,true,1695795,40619176,6198808,6105912,122967,4342262
12,../model_20141113_346832425.uvl,56,59,139701879,true,2078673,107267113,12263251,7981951,285598,8462112
11,../model_20230322_2049733851.uvl,24,22,55715911,true,1722399,39622346,6220410,3887651,124647,3636310
2,../model_20230322_497943934.uvl,40,27,141897103,true,1809991,119285086,9935494,4075602,172688,5780909
5,../model_20130522_1326579656.uvl,45,45,87671139,true,1726939,54754109,11924756,7458015,275663,10398727
15,../model_20160330_1846251072.uvl,39,38,76263268,true,1963074,47704190,9729519,6665863,342508,8826868
0,../model_20221102_1308706395.uvl,17,12,62454745,true,2835872,39424232,8801889,5989680,112598,4748595
1,../model_20140819_914542251.uvl,62,59,177360324,true,2177724,143665807,9023888,7548422,390891,13670898
9,../model_20160606_412121552.uvl,14,13,39773553,true,3577435,23995800,5991561,3769689,55772,2000665
7,../model_20141030_1477913256.uvl,12,12,47665581,true,2825954,31683104,6066362,4605450,50768,2016656
14,../model_20101120_2091447559.uvl,20,20,41236056,true,1796941,28965191,4230588,3464933,65049,2340809
10,../model_20120328_288933955.uvl,17,20,38108017,true,1563199,23111536,6500383,3823907,70793,2575314
8,../model_20190502_1338968023.uvl,34,39,54668760,true,1780957,31247556,8262130,6656886,185407,5617806
4,../model_20200907_1678285822.uvl,63,63,91812609,true,2262346,54345634,11742819,7617020,370906,13988338
3,../model_20190203_959278211.uvl,27,27,40708596,true,1746743,27373393,4129025,3750216,74350,3150894
12,../model_20200901_93573304.uvl,38,29,60820652,true,1864022,37854772,6760749,6196160,167892,7252501
2,../model_20160330_1784601624.uvl,25,22,42073134,true,1705907,24739334,6579015,4092802,1186743,3277079
0,../model_20200901_1356822502.uvl,38,29,51071505,true,1852757,32659885,6913130,4335806,98066,4510792
1,../model_20160623_1415871890.uvl,13,11,58802386,true,1761199,37756426,9241604,6052748,93459,3408890
9,../model_20101110_1749898936.uvl,19,20,67352020,true,1606848,43778356,9660725,6465731,268206,4958081
15,../model_20130811_391981530.uvl,41,51,149816379,true,1839832,120001536,10000646,6654511,262170,10368549
14,../model_20160925_2087627141.uvl,47,44,83842602,true,2116049,64368289,6592965,3910576,192917,5966221
10,../model_20141119_1459706454.uvl,34,33,45909986,true,1845906,27121271,7323470,4107280,159606,4266435
6,../model_20131114_87095598.uvl,57,61,83835441,true,2188366,48763882,9646673,7732569,1555488,13161293
4,../model_20230322_604627146.uvl,22,18,61766593,true,1585286,38263609,9560515,6291067,115122,5236323
3,../model_20150305_15208156.uvl,30,34,51113813,true,1781658,30528061,8363392,4788037,133493,4720778
8,../model_20180227_1765307019.uvl,116,84,115239780,true,2939172,80606721,9400045,5354355,308333,15266139
2,../model_20170320_149190356.uvl,50,56,54030019,true,1669445,34487779,4906638,4371145,159761,7589111
12,../model_20130116_382639902.uvl,31,30,65262764,true,1793063,45511762,6714054,4419307,114926,6192666
1,../model_20130619_405989942.uvl,10,10,30734848,true,1510825,17211361,6760776,3507743,37025,1245584
13,../model_20131112_1840652917.uvl,17,18,56457045,true,1600302,37276746,6857556,6077225,122151,4076598
0,../model_20171207_1015871671.uvl,18,34,48848473,true,1679254,34290900,4341055,4418698,119436,3534703
14,../model_20170517_1468714593.uvl,10,10,29697183,true,1485973,17195563,5791748,3301672,49834,1537811
10,../model_20190730_1957937065.uvl,25,25,40898098,true,1640102,25440669,6266857,4004533,156307,2888392
6,../model_20150423_1422172417.uvl,14,12,32575052,true,1469092,19690584,5606989,3710477,67097,1634612
3,../model_20200810_1274447969.uvl,33,31,44887691,true,1617001,28444446,6173282,3799268,176459,4034728
4,../model_20160317_1483846003.uvl,46,46,88648376,true,1920185,56811340,10719309,7184631,249424,10625712
2,../model_20180306_422218475.uvl,53,36,69716656,true,1909226,47542323,7808090,4400518,193342,6990550
8,../model_20110826_1744501275.uvl,24,24,55921036,true,1648106,39387998,5624837,4189710,138109,4432069
1,../model_20120110_1754443954.uvl,10,9,46251041,true,3464853,31658446,5804732,3524733,44183,1441556
11,../model_20160303_1635209528.uvl,16,15,45437009,true,1703062,28426818,6575932,5085753,81438,3159934
0,../model_20150222_409043024.uvl,52,41,68944994,true,1830214,39128691,9825230,6344658,240396,10493007
13,../model_20140422_1825362104.uvl,21,21,54436645,true,1626575,39604310,6272705,3686713,69000,2650949
5,../model_20131112_1825068383.uvl,25,30,63079962,true,1777682,37440565,9880034,6458212,170084,6593851
14,../model_20180512_660942805.uvl,36,38,60129461,true,1626816,38129986,8448551,6316638,115410,4589496
7,../model_20100927_1382418986.uvl,10,12,46712576,true,1632222,28085902,8414094,5628579,88644,2436021
10,../model_20151111_460133826.uvl,40,41,75071375,true,1834668,54478512,6851470,4105604,235027,6982943
6,../model_20180411_122889136.uvl,26,23,43490099,true,1688484,27473191,6617180,3779566,75189,3316443
3,../model_20120627_1512389149.uvl,11,10,56857974,true,1569634,35737520,9793636,6254242,88513,2947734
8,../model_20230608_1658584159.uvl,24,24,64290809,true,1604988,41754333,11111862,4378822,134730,4578831
4,../model_20111031_386778867.uvl,25,13,58643265,true,1555021,39566399,9105480,4479836,105188,3323561
11,../model_20120110_855603964.uvl,10,10,45845602,true,1538174,28543960,8712156,5115365,48307,1502036
1,../model_20101111_1790887308.uvl,10,12,52458718,true,1514356,32385158,9238253,5919447,96383,2899998
2,../model_20130908_2094539725.uvl,81,81,129623239,true,2536368,84522276,13169674,8534082,420997,18515027
0,../model_20171012_484328807.uvl,36,36,53366835,true,1823206,37177112,4913025,4023774,105046,4619682
5,../model_20121102_443205816.uvl,26,18,93674704,true,3436458,77258754,5784460,3533914,91046,3016198
13,../model_20131112_1315617761.uvl,58,62,79838295,true,3431987,56743534,6966590,4266807,182909,7463166
7,../model_20200412_2136556876.uvl,12,12,52620499,true,1593643,34315766,7396351,6086866,82961,2678119
9,../model_20160329_1368375444.uvl,33,32,85267029,true,1628459,55785875,10888381,7110023,231689,8753551
15,../model_20180222_1895267586.uvl,22,25,62221604,true,1706673,44028646,7452283,3978971,160300,4407887
14,../model_20180305_2101436905.uvl,47,24,83672392,true,1684896,51543196,11362549,7086631,218215,10693167
10,../model_20170821_744427680.uvl,15,23,130009882,true,1559656,113196529,6752297,4078694,102588,3911805
4,../model_20160229_171128808.uvl,48,48,105265890,true,2096793,77407409,7762004,6090456,264285,10745180
1,../model_20221029_568257220.uvl,17,27,61548079,true,1645394,40719640,9701303,5192423,113401,3586579
2,../model_20190129_1004578234.uvl,18,19,63273891,true,1717952,40327554,9614451,6589418,125175,4329440
12,../model_20131129_2135897376.uvl,10,10,56941727,true,1598948,36955039,9081879,5841302,88877,2969262
8,../model_20101116_1022976130.uvl,34,33,125026823,true,1787902,100155696,7826127,6877902,263871,7259649
11,../model_20120418_828883554.uvl,52,28,96374797,true,1955413,64457029,9318219,7048628,326220,12074068
0,../model_20190128_1522973155.uvl,23,28,45128389,true,1791025,29727385,5659368,3707727,116689,3684708
13,../model_20151103_1678219280.uvl,19,19,34516788,true,1757631,22624923,3813708,3482914,57553,2363819
15,../model_20180306_73619671.uvl,48,30,54040313,true,1845512,34744248,6671678,3923884,238909,5928612
9,../model_20120512_712347860.uvl,13,12,45228781,true,1519366,31615962,5595576,3483987,69621,2461041
14,../model_20180729_701594854.uvl,22,25,56878211,true,2177638,34962889,6745612,6513020,147431,5721822
4,../model_20150301_527193150.uvl,24,24,59883072,true,1703842,41447210,5939266,3759728,135037,6403197
8,../model_20111020_455520177.uvl,11,11,31593352,true,1526322,19092643,5278533,3758331,76843,1528496
2,../model_20111130_1614470655.uvl,77,70,69041023,true,1868445,44399959,7914029,4574334,255192,8928690
7,../model_20180302_974887082.uvl,122,150,112577102,true,3030989,70937456,11062302,8469952,554125,16870912
12,../model_20230323_1971213764.uvl,46,42,68987511,true,1856262,46504018,8076234,5456838,132484,5955565
11,../model_20110406_353034837.uvl,40,35,59537262,true,2122502,33988762,8748718,6604085,187119,7156033
0,../model_20100415_947132043.uvl,31,37,83338257,true,1771795,55240525,10369067,6771863,230797,8157130
13,../model_20131112_1191150070.uvl,57,55,67742692,true,1845121,46299512,7120254,4208318,159625,7260605
15,../model_20100805_1484639410.uvl,31,35,48207598,true,1615769,30889749,6467928,4159493,108577,4438423
9,../model_20110519_1142211980.uvl,14,12,42047068,true,1421757,24942301,9338770,4026043,52920,1757781
14,../model_20180530_1810935889.uvl,11,13,38507486,true,1676553,23250335,7710039,3711966,66067,1667969
6,../model_20160330_218438641.uvl,23,15,65785534,true,1719878,40154471,9870336,6288643,113123,6902784
4,../model_20170310_195700687.uvl,47,44,99260023,true,1939016,76018794,7703853,4390701,187778,8295843
3,../model_20111027_966072474.uvl,10,10,48863193,true,1682288,30466498,7605713,6226223,68831,2359631
8,../model_20131112_1353790761.uvl,23,20,44143215,true,1730464,25420796,6154508,5141024,112262,4988265
2,../model_20160121_1141972007.uvl,20,20,59815189,true,1654327,38446758,9100327,5834735,105265,4022187
7,../model_20150620_2057636397.uvl,13,10,49812053,true,1568706,31045179,9305496,5207245,44434,2126095
11,../model_20160329_926312476.uvl,21,14,55544595,true,1545775,37762953,6722385,5349556,71223,3613077
13,../model_20101104_260803083.uvl,11,10,46365928,true,1657959,32232122,5943428,4346151,50535,1737089
5,../model_20180611_1800915628.uvl,10,13,56221105,true,1659078,36110071,8731038,6109330,94357,3043164
12,../model_20140310_1022041880.uvl,88,72,141150389,true,2822448,92140023,14006163,8699391,492926,20584383
15,../model_20190922_729177560.uvl,21,21,38173544,true,1605619,23742705,5210937,4133480,97774,2924573
9,../model_20140819_1738890661.uvl,10,10,101608051,true,1564348,84967214,6011360,6201809,69045,2373932
6,../model_20121123_2085968892.uvl,17,16,69630975,true,1473163,56577258,5668403,3542900,52847,1925013
10,../model_20230423_1943321532.uvl,27,27,57749795,true,1812367,38310192,6541830,5550821,972988,3940594
14,../model_20160103_2012826523.uvl,94,55,86041145,true,2138433,55667220,9085592,4574943,324613,12971266
1,../model_20161128_2006303576.uvl,96,66,96700143,true,2670775,68318830,8268965,4787419,273584,11263107
0,../model_20120829_191972511.uvl,168,199,198567778,true,4517131,152957905,10571279,6213313,657941,21726994
12,../model_20130916_1112744253.uvl,15,17,56172026,true,1446481,34775952,9076914,6567534,122292,3691150
15,../model_20170718_2017313962.uvl,18,18,74139740,true,1396018,58707104,5609193,4862647,101802,3014907
9,../model_20130916_1467348272.uvl,16,18,59811606,true,1719865,37446489,9355636,6334550,112725,4219192
5,../model_20160227_1275602559.uvl,47,58,122651169,true,2258097,98867450,6830261,4133849,479385,9332392
6,../model_20121018_820869482.uvl,16,15,32713427,true,1487166,19530582,5972466,3453043,50810,1835407
14,../model_20190920_56721129.uvl,15,15,38893344,true,1559769,25132991,5886925,3354435,50861,2492326
10,../model_20221208_1038664369.uvl,28,21,91633119,true,1527496,70899813,6257263,6028866,123840,6252103
0,../REAL-FM-6.uvl,11,10,34458027,true,1613057,21775628,5693535,3387708,46585,1577587
1,../model_20120328_1814590478.uvl,36,34,49018528,true,1568815,32301354,6483406,3899835,170203,4047581
15,../model_20121123_1668268132.uvl,13,13,49445361,true,1369949,35787598,5868553,3855892,99230,2151067
3,../model_20170402_1978825740.uvl,263,264,253954810,true,9542428,178996267,15152293,8433410,1345483,37584387
9,../model_20170420_1165511748.uvl,77,39,94093384,true,1994656,67106505,8467139,5278165,165342,10078377
5,../model_20200128_1186233455.uvl,23,23,66633700,true,1607361,47950777,6204961,4531619,175606,5661673
6,../REAL-FM-13.uvl,12,11,43439711,true,1467253,26193079,7583127,5129352,81319,2616553
14,../miniset/stack_fm.uvl,17,13,40065183,true,1608522,24108370,7676147,4116797,69363,1971309
4,../model_20130916_894347834.uvl,15,17,56307769,true,2306804,35825321,8939810,5343949,116291,3325429
12,../model_20130307_609838668.uvl,176,161,167780727,true,4593106,103025481,16690625,10196035,1100143,28611244
10,../model_20150310_1642957582.uvl,29,32,75187392,true,1729442,48964036,9845672,6387615,298473,7129145
8,../model_20120422_1648870831.uvl,14,15,36897853,true,1866542,23269436,5756336,3425469,55904,2080121
0,../model_20130815_1890929461.uvl,56,62,81660897,true,2087918,57461750,7987086,5299847,227773,7809911
1,../model_20221004_622223252.uvl,26,26,39247857,true,1493738,23996921,6351157,3630013,151869,3169938
11,../model_20120328_1227899142.uvl,21,20,46524210,true,3756295,27618849,6406425,4154952,91699,3996095
7,../model_20120328_361613983.uvl,16,18,61950883,true,1814278,39759108,9187627,6376956,120026,4103412
15,../model_20181119_2037159342.uvl,23,24,61902590,true,1573496,36968376,10205348,6414649,162738,5988909
3,../model_20160307_1341241097.uvl,12,9,57020585,true,1659368,33431356,10124184,6863911,111072,4353539
13,../model_20190430_348224224.uvl,33,25,74015525,true,3617269,46264955,9881580,6101121,154588,7106064
2,../model_20170818_812208818.uvl,31,31,125960524,true,1849454,105205611,6508111,5148366,168841,6263609
14,../model_20141109_1274255950.uvl,11,11,34974121,true,1572342,23312333,4992670,3251513,43871,1422611
4,../model_20150209_1183047948.uvl,29,47,54597054,true,1806549,37034366,6441337,3989746,141844,4610881
12,../model_20160906_1914580505.uvl,31,28,42561037,true,1639026,25720801,6519195,4138769,83784,3896238
10,../model_20140824_1421620261.uvl,51,62,81844883,true,2139757,47030843,10470906,7362169,416243,13182912
0,../model_20190416_545039882.uvl,21,21,54353384,true,1650061,38178663,6598469,3979577,124812,3372910
8,../model_20160226_1944186213.uvl,48,56,55814206,false,1872266,36092253,4279891,4545152,237316,8585686
11,../model_20131121_194495737.uvl,12,10,35537968,true,1598338,21855308,5576747,3681363,82409,2313007
3,../model_20131122_913576973.uvl,23,23,50494425,true,1678825,29401746,8856076,6407427,69988,3403660
13,../model_20150713_1448325014.uvl,32,27,54146966,true,3667637,35235733,6505575,4085212,101693,3996654
2,../model_20170308_1789444441.uvl,28,28,42260995,true,1660322,26540833,5986892,4251539,158819,3127343
14,../model_20160122_407616496.uvl,29,26,42423129,true,2891944,24779350,6675888,3817017,85887,3661886
4,../model_20140614_1599125118.uvl,13,12,35391209,true,1500698,21625099,6322288,3799695,44892,1762479
12,../model_20190917_1598073515.uvl,16,16,40816243,true,3620071,26503582,4457717,3760653,86198,2003385
0,../model_20140819_424669215.uvl,17,17,36743409,true,3052176,20785535,6486442,3840223,60292,2119401
10,../model_20160329_1092215724.uvl,17,22,42303388,true,1454278,26672689,6320858,4407218,78503,3002839
8,../model_20160330_1632759327.uvl,19,13,50934313,true,1556561,27777426,9003297,7598198,102813,4271545
11,../REAL-FM-16.uvl,26,29,45171526,true,1559233,29384566,6141504,4034241,147138,3268960
3,../model_20121212_1167666293.uvl,15,17,56669061,true,1568508,38096144,6668980,6178695,105966,3685185
2,../model_20190917_1294871534.uvl,16,13,57824567,true,1768300,35913196,9586545,6222428,89565,3666461
13,../model_20140428_1301432646.uvl,72,71,91100596,true,2149642,64211652,9216773,4423477,401803,9671454
9,../model_20190328_829158427.uvl,14,16,43362862,true,1599406,28974369,6253368,3666332,118563,2388792
14,../model_20130917_737900063.uvl,13,15,38654589,true,1589187,25991127,5228869,3348752,59821,2037470
5,../model_20140925_285704903.uvl,20,17,56598556,true,1662598,37991107,6332756,5391624,118569,4657473
12,../model_20190513_1749709644.uvl,20,23,52347524,true,1557935,34835245,7776310,4673311,131493,2869301
4,../model_20100904_226530663.uvl,38,38,79663072,true,1573133,51135551,10065620,6914555,343450,8719076
6,../model_20151122_103763227.uvl,47,20,55564449,true,2027675,33732193,8631389,3876639,102020,6478189
10,../model_20111129_1932950448.uvl,13,13,53722897,true,1571342,34847628,7361579,6170145,88479,3197599
0,../model_20160726_1855902901.uvl,12,13,49165853,true,1560197,33575774,6510294,4538659,56109,2456334
8,../model_20221229_1000010819.uvl,17,17,46139614,true,3699498,27653420,7241360,4110039,96185,2873639
11,../model_20110826_1180494500.uvl,24,24,56963632,true,1778852,37818512,7538251,5137271,71722,3869932
1,../model_20190917_1855142600.uvl,38,33,50504480,true,1722517,30688822,7720471,4761422,202731,4565037
13,../model_20120718_813832704.uvl,11,12,36627305,true,1494033,20654411,7528054,4141511,44683,2456958
9,../model_20170527_1802227256.uvl,11,13,43308858,true,1634122,23334693,8843280,6039391,96797,2908964
2,../model_20191012_1432325334.uvl,40,38,71430840,true,6199036,35348009,11653561,7279764,223469,9719050
7,../model_20160301_235863217.uvl,20,27,63717015,true,1841541,44375904,8519124,4376281,108960,3900650
15,../model_20150512_534005467.uvl,31,32,82458260,true,3056195,52599735,10529676,7040013,343681,8067440
14,../model_20120411_196667302.uvl,26,23,54493878,true,3078278,33380947,8466606,4257038,145019,4521968
3,../model_20110214_751339643.uvl,56,128,159709724,true,2460378,111394162,13094520,8991685,1626118,20776539
12,../model_20131210_413521746.uvl,13,14,57924270,true,1750971,36302559,9504821,6272953,113642,3508944
6,../model_20190228_1201197026.uvl,16,18,36529396,true,1635211,22663091,5925024,3791389,70263,2034800
10,../model_20230615_1063099089.uvl,38,18,46934484,true,1604593,29446322,6825085,3921298,80781,4439140
8,../model_20130224_1469220523.uvl,10,10,39658978,true,1504353,26704830,6421078,3426339,39968,1214975
0,../model_20130115_768867592.uvl,11,9,52872288,true,1574188,33772043,7755926,6122455,89415,3071073
1,../model_20160913_269001380.uvl,49,43,84208685,true,1988153,52137768,10974351,5635777,325824,12107761
2,../model_20131206_656913635.uvl,13,15,33735146,true,1943085,20616126,5504244,3498374,61352,1707260
13,../model_20150228_222823272.uvl,37,43,54668547,true,1809973,36205808,6959191,3916327,131137,5045068
7,../model_20120201_865979127.uvl,28,36,53489932,true,1579762,35658498,6410261,3963278,196172,5074295
3,../model_20190917_75070341.uvl,33,15,50734704,true,1541664,32612713,6383574,3603188,144167,5852792
15,../model_20100830_561967343.uvl,32,31,48851971,true,1835920,32419291,6309533,3955669,86937,3660892
14,../model_20110507_674768061.uvl,40,52,70384960,true,1881629,48881135,7230473,4511294,191205,7034254
12,../model_20170316_174511349.uvl,16,17,55835280,true,1432391,39196895,6672210,3979131,123619,4059716
0,../model_20190917_552843992.uvl,10,7,30712801,true,1575219,16858945,7418673,3310247,34501,1186513
10,../model_20230422_2139223494.uvl,37,34,51816329,true,1751343,34011614,7129812,3984467,95580,4263150
1,../model_20200901_328439811.uvl,35,20,46885389,true,1676635,28872137,6816282,4106497,84093,4770569
2,../model_20121018_271963732.uvl,16,15,40970001,true,1716900,26942995,5947366,3763645,58867,2101707
13,../model_20160822_713171625.uvl,28,29,47751632,true,1854364,31908680,6084021,3606540,95809,3653002
7,../model_20230322_307237036.uvl,29,23,41508892,true,1534585,26397871,5825657,3640665,124455,3312959
3,../model_20160603_398155586.uvl,15,10,57984840,true,1656850,36691060,9207830,6376631,80713,3431988
15,../model_20200813_1618100589.uvl,28,28,59265290,true,1688646,43013018,4280514,3690881,272948,5863597
12,../model_20160322_2014722365.uvl,54,54,69880284,true,2003416,49844245,5785429,4807359,140451,6508942
14,../model_20161128_1478224089.uvl,77,66,83752019,true,2218799,57136099,8164433,4792247,239444,9682277
5,../model_20160812_1476754989.uvl,10,10,33718103,true,1716762,21487002,5315431,3348363,48515,1479293
4,../model_20171028_1906143627.uvl,13,14,42689075,true,1778479,26870399,8097459,3504507,57833,1941513
0,../model_20150506_306101537.uvl,33,33,58103221,true,3010561,40056812,5438782,4486961,97675,4422950
10,../model_20180222_1925875374.uvl,45,43,90231550,true,1845842,59225564,9053371,7266421,249577,11802946
1,../model_20131112_1591180910.uvl,29,25,40741873,true,1586904,25350300,5977831,3561927,81858,3651958
2,../model_20151216_1220822165.uvl,15,15,36725630,true,1486955,23854339,5445452,3802742,51265,1727319
11,../model_20140305_1485634182.uvl,28,29,62343362,true,1721117,36699363,9480193,6748395,172820,6838982
7,../model_20121025_1656878048.uvl,26,26,50633455,true,1701588,24475057,9715771,6761285,1511347,5698515
3,../model_20140205_954857783.uvl,11,9,40749547,true,1514379,23620151,7494159,5124922,78519,2497504
14,../model_20110216_608697455.uvl,14,18,59665717,true,1523500,39689881,7376560,6668989,123252,3932329
9,../model_20130725_1929838118.uvl,41,27,134389456,true,1887064,115506170,7138623,4060957,94521,5055552
13,../DELL-LAPTOP-NOTEBOOK-FM.uvl,47,122,171482019,true,2329873,138874933,8196629,5238599,619422,15445751
6,../model_20160330_925748995.uvl,16,12,36906122,true,1659518,22213448,6637714,3636864,46641,2316187
4,../model_20170918_1157652981.uvl,48,29,66982739,true,1965739,47110104,7273688,3765256,121484,5867060
0,../model_20190504_755268837.uvl,43,46,62278377,true,2822056,39155047,7491841,4229850,161535,7762973
12,../model_20140310_1916029542.uvl,144,54,134584729,true,3184326,90132102,11045423,9048385,570426,18628000
10,../movies_app_fm.uvl,13,10,37634270,true,1795225,22538773,6665383,4417101,46033,1735496
1,../model_20180226_492552032.uvl,11,7,49648159,true,1540863,32068087,7731056,5266357,62690,2517623
8,../model_20230323_901833353.uvl,74,62,87042574,true,2418689,60995328,8181983,4485159,174246,9757448
3,../model_20150306_503606823.uvl,27,26,55605506,true,1897934,33109976,7396752,6429269,152929,6070756
7,../model_20160504_1687809818.uvl,30,28,57322514,true,1792558,40857509,6119442,3797371,85447,4066300
14,../model_20170228_1437582980.uvl,10,10,38552581,true,1662083,25458734,6127447,3655549,61044,1242432
13,../model_20141202_104116345.uvl,10,9,54166387,true,1477947,34440384,8871480,6160363,84618,2728047
9,../model_20141106_309720283.uvl,57,54,93014895,true,1717929,60489772,11181157,7135474,290758,11026719
4,../model_20100324_1996898492.uvl,11,14,44316652,true,1581220,28479749,5578183,5493624,97377,2672844
0,../model_20121123_1807427529.uvl,17,18,50252897,true,1489289,34110257,7576795,4249860,99207,2333587
6,../model_20111029_1654942500.uvl,37,27,59347645,true,1835394,40411647,6977014,4257942,113565,5118907
12,../model_20200817_1333981485.uvl,33,20,46258794,true,1641758,29055357,6985336,4049683,82157,3908322
10,../model_20160330_999254735.uvl,14,14,46382246,true,1456466,24888482,7394741,6293033,85066,5798184
1,../model_20151116_762410606.uvl,29,29,48066287,true,1570935,31938878,6509421,4004521,84421,3283279
8,../model_20131202_1575628003.uvl,19,19,43323986,true,1566882,29756753,5163441,3932184,61304,2306773
7,../model_20200413_90255108.uvl,48,41,54745074,true,1905018,35769759,6730311,4061726,123245,5418555
15,../model_20150330_63301402.uvl,11,9,48378888,true,1519929,32786339,5781407,5235398,75513,2588703
14,../model_20230322_342259021.uvl,33,29,52831824,true,3457570,33323012,6695330,4402154,88002,4113439
9,../model_20171005_1816009957.uvl,10,7,35445209,true,1414912,22828278,6040645,3513006,46075,1325550
4,../model_20160905_338518821.uvl,25,25,52790536,true,1841867,28221941,9697447,6579100,134167,5559657
0,../model_20150614_1325491211.uvl,24,26,54763983,true,2034140,37283280,7575009,4014079,91146,3270375
5,../model_20120902_865058601.uvl,19,19,45390956,true,1759086,27217839,9482105,3812336,114842,2545213
6,../model_20150610_685576256.uvl,15,17,60056078,true,1552514,39425911,8229143,6311197,118553,3935296
12,../model_20131129_1765219729.uvl,14,14,46108917,true,1596305,29453807,7065586,5310724,74430,2173651
10,../model_20200811_368165701.uvl,11,10,51734799,true,1496788,31851679,9077594,6138204,74849,2687546
8,../model_20150715_75174593.uvl,17,16,61765864,true,1528252,40383533,9094204,6084911,113536,4035162
1,../model_20091009_1552375070.uvl,37,40,71276429,true,1865232,44636589,9865143,6030449,198226,7818135
2,../model_20170215_1278541927.uvl,41,39,46811388,true,1773634,30249582,5660544,3669552,113886,4702925
7,../model_20120425_1998125226.uvl,71,71,63583643,true,1919649,39713620,7804302,4791721,183277,8182626
11,../REAL-FM-7.uvl,14,15,34825600,true,1603539,21034921,6156804,3786217,55073,1814299
15,../model_20180509_988672632.uvl,27,18,42558652,true,1570259,26253451,7026487,3732105,65097,3274274
14,../model_20230120_1200060194.uvl,20,20,46321503,true,3331628,28530341,6386372,4231399,83354,3171107
9,../model_20150411_1026005127.uvl,10,12,48013187,true,1502533,33851318,5085587,4086651,92361,3003951
1,../model_20151117_1411945431.uvl,22,22,37622464,true,1660971,23471339,5113765,4099698,65271,2734965
10,../model_20160506_174377233.uvl,40,22,88318753,true,1730268,67813935,7183062,4420838,120360,5977431
8,../model_20190220_184230257.uvl,38,42,75151267,true,1677159,56570158,6496169,4019811,141036,5469289
2,../model_20130302_1361528923.uvl,10,11,44291434,true,1459884,28890125,8049197,3939068,49063,1552993
11,../model_20150703_1928436983.uvl,10,10,36122561,true,1460540,24174690,4640559,4188048,39565,1311865
7,../model_20160125_1378351345.uvl,38,33,63934235,true,1768198,44814612,7205654,4555473,117531,4890721
15,../model_20130726_597280131.uvl,47,44,57924237,true,2026420,37517976,7236403,4326389,150175,5896340
3,../model_20120824_761159432.uvl,23,20,41072220,true,1579905,26361683,5967520,3564009,80651,3032962
14,../model_20120422_2100930135.uvl,25,27,58632205,true,1496267,38996769,6839262,5804237,164083,4867535
9,../model_20190223_2034909826.uvl,88,28,77728542,true,2075288,47780528,9253320,5448894,187776,11864550
13,../model_20170911_1850240044.uvl,13,13,50600836,true,1770092,34130893,4823975,6230944,84614,3169367
1,../model_20150310_1191030699.uvl,30,33,46835946,true,1831181,29971155,6303769,3986691,160376,4025369
8,../model_20230630_666266911.uvl,13,13,57119031,true,1466756,35974076,9606159,6162044,99320,3347350
10,../model_20170921_244476382.uvl,47,33,74634305,true,1820266,53496388,7438180,4409690,131830,6671619
2,../model_20100625_251719781.uvl,16,16,36337902,true,1497645,22775642,5783780,3778247,52656,2066170
11,../model_20130821_1446947208.uvl,49,49,52576839,true,2867539,30212433,7645371,4672162,134586,6054224
7,../model_20120110_1719396361.uvl,10,10,57069847,true,1620523,36116059,9653840,6269773,84598,2880977
15,../model_20100308_1032655961.uvl,15,16,48706199,true,1700381,34262359,5778385,4160637,117894,2312458
14,../model_20190929_1773228224.uvl,17,25,56615942,true,1533178,33914652,10653057,5517091,153394,4274857
3,../model_20140615_1417385367.uvl,35,30,141020799,true,1674205,52440028,10707090,7360803,194041,67682064
9,../model_20200503_927740000.uvl,21,23,69260444,true,1774415,44287188,10222436,6575359,149296,5556688
13,../REAL-FM-11.uvl,67,65,69671013,true,2071120,46823594,7078733,4530108,184289,8047676
1,../REAL-FM-2.uvl,23,18,54809014,true,1735106,38488267,6965379,3841902,80641,3161113
4,../model_20150523_372542452.uvl,47,35,83840240,true,1892635,61865457,7325594,4339856,197895,7453953
0,../model_20130418_1158438101.uvl,19,12,52747181,true,1608961,33321781,7269755,4954790,119089,4991242
2,../model_20190214_582844610.uvl,11,11,54687308,true,1636013,33933638,9417520,5992112,89905,3144845
5,../model_20140824_2115796112.uvl,43,49,79954662,true,1982094,49436546,10615471,6929278,191153,9669035
6,../model_20200524_149606280.uvl,35,42,78630314,true,1930915,48205210,10846655,6835971,291343,9562066
12,../model_20111201_1252018702.uvl,61,40,86977738,true,4109991,52671340,10176271,6013321,211492,12667022
7,../model_20221229_2070974785.uvl,17,17,54424234,true,1636506,33299498,8785257,6426568,112619,3775287
15,../model_20160524_3029237.uvl,19,17,38661153,true,1712536,23355305,6299159,3473523,68151,3310155
3,../model_20110203_1382675896.uvl,14,14,87482685,true,1624605,19876095,7280457,6059506,51365,52065071
9,../model_20100719_944437142.uvl,29,25,73440261,true,1674447,50973930,8180684,5442866,186430,6301593
8,../model_20190219_265960660.uvl,178,140,182994978,true,3629297,135342576,11653430,6850510,622886,22844899
13,../model_20150715_1425609053.uvl,12,10,45524346,true,1592531,28492915,7193438,5220837,56589,2541799
4,../model_20100904_330653656.uvl,10,10,38781222,true,1734526,24923183,6969941,3462952,37797,1297916
5,../model_20190917_80747458.uvl,16,14,36733876,true,1484764,23491011,5972035,3534438,56395,1860998
12,../model_20170317_1165725.uvl,50,57,61008297,true,1811682,41182435,5116393,5618459,162652,6371764
0,../model_20190416_284413958.uvl,37,35,99611759,true,1857402,79555497,7612754,5405334,99276,4475589
2,../model_20221122_1612835830.uvl,20,16,58777341,true,1686740,40613812,7842330,4573542,108352,3389363
6,../model_20160519_1235536625.uvl,34,33,64077759,true,1748158,42267145,8223522,4742585,160047,6057292
7,../model_20150105_1168070568.uvl,17,12,54659215,true,1563772,37346991,7731979,4178791,98488,3277324
3,../REAL-FM-19.uvl,30,35,47776686,true,1668385,30732760,5703729,3973083,122266,5017799
8,../model_20121018_1495134161.uvl,17,15,59248832,true,1630894,37071304,9622996,6366144,100159,3885869
9,../model_20221009_1635938665.uvl,42,32,78081894,true,1667611,52605224,8951523,5675043,170158,8179087
13,../model_20161125_1777261352.uvl,33,28,61536257,true,1720251,42717217,6909990,4228701,112217,5315322
5,../model_20120531_2078087379.uvl,17,20,37832197,true,1534363,24317037,5715071,3501561,66682,2269418
0,../model_20140411_114609198.uvl,12,18,40992956,true,1458069,26837819,6241140,3665269,79857,2310203
6,../model_20110428_1131293346.uvl,13,13,37337338,true,3295866,20058893,6736447,3746431,89926,2999984
2,../model_20150521_1988107963.uvl,17,15,42599992,true,1484285,25370026,8836070,4142813,60837,2289566
12,../model_20150527_830434674.uvl,34,34,106319379,true,1587222,84207611,10327973,5068474,112161,4140452
10,../REAL-FM-20.uvl,44,34,56636487,true,1743816,37439788,6715686,4640888,117640,5365259
7,../model_20131111_1434736548.uvl,34,34,74100080,true,1909252,45448602,10647830,6801813,321513,8053666
11,../model_20161107_751073207.uvl,11,11,40221520,true,1702057,24361441,7174802,4662023,42005,1886811
14,../model_20150411_1055039600.uvl,18,13,32702406,true,1594370,19332772,5097322,3346721,56453,2820988
8,../model_20190922_1316746975.uvl,22,22,46111411,true,2042358,26429181,5496539,6381608,115510,5052573
9,../model_20190221_1604245950.uvl,18,18,57606433,true,1599971,39819404,6509188,5246941,70304,3901730
13,../model_20160329_864839294.uvl,22,21,47149827,true,1517103,29784360,8040820,3955076,139918,3114217
0,../model_20120710_919309758.uvl,19,8,48733018,true,1624376,29539066,7455366,5579387,88689,3843013
1,../model_20171128_2320585.uvl,14,13,44143769,true,1732828,29227803,6210913,3800702,76111,2668956
2,../model_20130725_608010428.uvl,12,12,54380100,true,1614533,36831591,6092728,6397998,87334,2938949
6,../model_20150304_173081072.uvl,20,27,58195964,true,1764049,38271790,9432329,3735524,172653,4139516
12,../model_20160907_1816738180.uvl,10,8,37532042,true,1653208,24521923,5692881,4006076,37336,1205200
7,../model_20160520_681202886.uvl,11,10,41835177,true,1659441,28027878,6173503,4110510,44700,1411134
10,../model_20130522_2044729096.uvl,31,26,63168585,true,1781208,46557253,6704034,3855274,89442,3638880
11,../model_20170919_1425490791.uvl,47,42,84769649,true,2008094,58806820,7456421,4271391,401930,10620993
15,../model_20160919_825563014.uvl,11,10,42534723,true,1481179,28631458,5720862,4238400,67813,2089101
14,../model_20160329_1999221629.uvl,24,24,38315014,true,1528422,24806327,4494192,3964470,76925,3015691
8,../model_20200819_498504850.uvl,31,28,63758469,true,1793807,39349970,9467663,6789869,107672,5367679
9,../model_20170419_185164278.uvl,17,12,44622637,true,1546253,28915500,7648448,3894648,48761,2022643
13,../model_20120328_593032745.uvl,19,18,53600526,true,1658994,36544547,7497064,4748902,61780,2626755
1,../model_20111220_1450733948.uvl,41,13,50751387,true,1764388,32309061,6982800,4014940,134560,4888956
4,../model_20170115_352040991.uvl,17,18,49506721,true,3088451,32885637,7218342,3685516,65901,2107178
2,../model_20170706_1181552122.uvl,11,12,43545672,true,1493203,29506095,6445173,3732467,71136,1907210
6,../model_20221125_1235088379.uvl,25,15,49513323,true,3585560,29370319,7619094,5068633,74333,3267240
12,../model_20110525_1619420630.uvl,45,41,82618280,true,1884008,49359651,10765127,7089745,262486,12198321
7,../model_20161212_1631452800.uvl,23,25,77397814,true,1663693,51672732,9843133,6673985,184799,6646243
11,../model_20140905_372428255.uvl,13,10,43397801,true,3146952,28229491,6377652,3597955,44356,1650087
15,../model_20121123_1014773113.uvl,16,16,46719569,true,1528007,32744430,5984729,3759636,57401,2242395
14,../model_20170321_1279222212.uvl,10,10,53119944,true,1534986,33400527,8288053,5619058,77986,3784994
3,../model_20160303_1645051071.uvl,17,15,51145128,true,3439489,29366053,8570874,5505821,104732,3635045
8,../model_20171207_711618687.uvl,13,13,50145208,true,1507201,34539572,5845267,5185866,51317,2622616
13,../model_20140209_1802656178.uvl,26,13,54045510,true,1609096,33189235,8852018,5232288,114649,4462925
9,../model_20110323_789959080.uvl,15,11,58740109,true,1479673,37191744,9504048,6252721,93511,3637971
1,../model_20180511_622669496.uvl,18,18,76930670,true,1530512,64626238,4542889,3595914,54870,2161183
5,../model_20230322_1548752135.uvl,45,32,54087053,true,3903425,31796391,7245334,3879643,118241,6409589
2,../model_20141114_653359930.uvl,32,41,50665375,true,1678047,32545353,6839611,3989197,214983,4811573
6,../model_20130621_2143921379.uvl,29,32,60981581,true,1839677,41029729,6894396,4206284,296573,6123077
7,../model_20101123_920943759.uvl,15,15,56213632,true,1427186,35109638,9272757,6289172,99310,3540802
3,../model_20121018_201916182.uvl,16,15,33290495,true,3380986,18667145,5389547,3511146,51370,1824595
14,../model_20180306_1553572984.uvl,47,47,49908315,true,1665869,29099079,7295316,4512107,133674,6471439
8,../model_20120328_1309817018.uvl,14,14,42584720,true,1594883,26122185,6422623,5839260,48083,2187961
4,../model_20170424_781699396.uvl,142,84,123952226,true,2898005,79946317,10293051,5356318,470957,22410348
13,../model_20151102_2085331426.uvl,51,45,101306259,true,1979707,65832421,11857468,7613473,280100,12423645
9,../model_20140209_576830157.uvl,27,33,87723807,true,1741121,59196450,10806738,6759193,232678,8121647
1,../model_20181104_43638915.uvl,10,8,36261147,true,3471158,21306470,5870704,4053184,36978,1235742
6,../model_20181118_1641295184.uvl,12,11,38067457,true,1433954,22844937,7293834,3808219,80477,2129185
2,../model_20160906_802533043.uvl,21,24,42755111,true,1613279,26262842,7380497,3665867,88264,3136362
0,../model_20230322_1028761227.uvl,18,15,42725567,true,3722762,25572513,6625846,4194913,55999,2169224
7,../model_20140411_279155356.uvl,11,12,44648193,true,1440878,28665443,5993872,5298652,87370,2755422
3,../model_20131113_2067550021.uvl,42,46,60334860,true,1879348,41743479,6134409,4172045,155754,5563407
10,../model_20200907_1296105910.uvl,35,21,107212762,true,1991824,89919781,6532395,3964790,92305,4136585
14,../model_20150223_771673981.uvl,26,18,40480608,true,1647804,24129235,6471522,4239275,72553,3373877
8,../model_20130122_92211527.uvl,11,14,43823229,true,1579388,30239453,5742146,3244478,63436,2579243
4,../model_20150509_1341412445.uvl,10,9,39573773,true,1554889,24494186,6336512,4349657,74586,2378852
13,../model_20230322_1814026223.uvl,20,18,47335976,true,1627451,29057488,7995103,4310155,59858,3764110
9,../model_20100730_1366577700.uvl,32,37,77129493,true,1640498,53326994,6463998,6837494,216028,8057817
1,../model_20140402_1108338221.uvl,10,8,36717164,true,2729518,22431994,6181715,3547351,37113,1500229
0,../model_20120328_794090001.uvl,22,22,41075210,true,1766232,25912711,4770662,5186869,71377,2914478
6,../model_20200829_1325519775.uvl,22,22,59739667,true,4108395,38098152,7142295,5420769,131340,4302986
7,../model_20140628_1177734570.uvl,29,32,118368411,true,1917769,97199715,8055986,4408879,118942,5904348
12,../model_20141103_771283347.uvl,10,10,57386429,true,1743019,36801715,9250615,6230114,80436,2845542
10,../model_20140411_1742095150.uvl,12,23,43208195,true,1589203,26333333,8112784,4054793,86027,2634994
11,../model_20230322_1036375763.uvl,40,27,55598518,true,1786941,34081146,8797544,4374991,108024,5596612
14,../model_20120424_1703152596.uvl,59,45,66806545,true,2065301,41376439,9142156,4818383,376802,7543394
8,../model_20121219_629525870.uvl,18,24,47961387,true,1668324,30127752,7477773,4014958,92041,4036635
13,../model_20200901_40084439.uvl,26,26,56616241,true,1768747,35719548,7741567,5982744,126914,4565907
15,../model_20131112_1165253679.uvl,27,24,70886414,true,1816244,46434759,8962704,6627011,154005,6218695
9,../model_20130410_2115212559.uvl,11,10,54657149,true,3524814,31427985,10067059,6445850,76917,2630448
4,../model_20120822_650185552.uvl,25,23,65928068,true,3626029,37606867,10379472,6613642,174144,6742318
2,../model_20170316_1430061931.uvl,60,253,365733247,true,3147323,294003764,13304730,9450307,2077688,42623264
1,../model_20170502_101132737.uvl,33,37,89146793,true,3304959,58992569,9976478,6584986,245994,9166236
0,../model_20160304_168615633.uvl,29,32,62045723,true,3012832,41718303,6857644,4747517,273248,4897765
5,../model_20130529_167247656.uvl,16,16,38990847,true,1654513,23356137,6162600,4460420,59013,2800164
6,../model_20130916_1894002979.uvl,16,16,57060222,true,3354969,34414209,8810752,6039446,108404,3775049
7,../model_20130604_1500555803.uvl,13,13,52408705,true,1499132,32205107,7456449,6199672,84059,4498907
12,../model_20141107_655975442.uvl,10,9,54958072,true,1534310,35356725,8832760,6184990,81545,2536491
9,../model_20110124_2116036381.uvl,18,18,35618703,true,1585861,21816560,5823893,3626759,60001,2258687
15,../REAL-FM-5.uvl,17,27,55371955,true,1664307,39722766,6316615,3951191,206571,3073823
8,../model_20151123_702303189.uvl,40,44,63296950,false,1888990,46258726,4594173,4686700,168102,5491114
4,../model_20100824_837146809.uvl,22,22,56764461,true,1677158,31139049,10925953,6781749,129935,5278217
2,../model_20140428_1917957920.uvl,63,62,72621959,true,2089830,42674456,10559525,5958214,406911,9682606
0,../model_20140902_941000321.uvl,13,11,60051765,true,1562012,40083462,8772709,5853412,83650,3311055
13,../model_20150305_94122420.uvl,31,31,128558088,true,1741773,107943455,6428681,4975740,155710,6660807
1,../model_20230323_1102049462.uvl,17,17,102095021,true,1562160,86979703,5239264,4738210,90352,3138097
5,../model_20120124_94644767.uvl,12,12,43066085,true,1721949,30679837,4338314,3503587,43931,2414917
7,../model_20150616_74187279.uvl,17,11,33602189,true,1573583,19528150,6140081,3779211,48438,2100129
6,../model_20140420_1899694432.uvl,55,54,75873304,true,2051161,53927984,7143710,4428344,219560,7215676
12,../model_20121123_913179730.uvl,17,16,47523506,true,3464827,31423279,5951689,3921875,64347,2240185
3,../model_20160315_697003579.uvl,27,20,47435660,true,1856253,32117178,5858821,3735848,162378,3168671
15,../model_20200901_2052923297.uvl,21,21,35868561,true,1823230,21134272,5097246,4842916,61118,2420862
4,../model_20200517_1501498720.uvl,11,12,34524868,true,1571069,20880254,6154286,3944891,51010,1526824
2,../model_20160106_443157632.uvl,13,13,35448358,true,3724850,18363444,7189402,3927018,45139,1707379
8,../model_20170312_968402737.uvl,49,33,80212108,true,1962954,52853643,11479333,5385843,266978,7101806
1,../model_20171016_1973576375.uvl,11,13,48235874,true,1544757,28567114,8889282,5829496,97774,2895789
5,../model_20160330_1306243394.uvl,21,21,64299236,true,1430900,39949245,10913943,6363714,125279,4917530
0,../model_20180110_870365297.uvl,10,11,35593715,true,1383989,19843348,7652883,4689015,51997,1595635
13,../model_20160913_600398973.uvl,48,38,91372343,true,3117760,65438642,9068284,4794216,139009,7734256
7,../model_20170904_444361354.uvl,46,33,66003500,true,2300780,37870036,7285683,7050002,228935,10448513
6,../model_20121018_1186774722.uvl,16,15,42168540,true,1536085,26436306,6889178,4804502,52353,2102193
12,../model_20121018_1970318852.uvl,16,15,77560432,true,1648666,64481924,5646680,3539629,51747,1840491
3,../model_20120111_1667229430.uvl,24,19,62524314,true,1595408,45368818,7339886,3500217,138970,3973447
10,../model_20171016_2132568250.uvl,12,4,51221428,true,1584103,35659331,6258297,4537536,63242,2735200
4,../model_20160309_1721210506.uvl,14,11,45004210,true,3568859,29058574,6343206,3871317,44874,1736712
11,../model_20141023_437365215.uvl,35,38,54723373,true,1956108,35250517,7645993,4588692,185286,4405548
8,../model_20120205_24117969.uvl,34,34,52179369,true,1994555,33764434,6785369,4081826,100077,4706837
2,../model_20200901_1615961503.uvl,38,29,58341027,true,1961247,38494998,7915378,4459736,98586,4756134
14,../model_20140819_1020837515.uvl,63,68,112597092,true,4098282,86211564,8533431,4852618,202026,7808705
5,../model_20121018_242475712.uvl,16,15,38643788,true,1665316,19574971,10145601,4695466,50650,1941956
0,../model_20170919_1946252337.uvl,48,29,65860317,true,2007871,43792487,7552930,4822657,210834,6689930
7,../model_20160420_1926809017.uvl,12,5,52567266,true,1644343,32318603,8986337,6140977,63727,2910245
13,../model_20180304_290046860.uvl,48,28,88687236,true,2041793,60717623,8595448,4866702,225513,11280261
3,../model_20160912_1428022317.uvl,49,57,68697433,true,2086240,46100646,7865341,4251743,213954,6976552
12,../model_20130809_353548541.uvl,57,52,79585397,true,1955493,55960993,7266296,4369794,143355,9089579
10,../model_20150506_2068045691.uvl,20,20,54008891,true,1652958,30379912,10457722,6176710,114617,4589066
4,../model_20101208_1056693380.uvl,25,25,58225949,true,1620662,40627583,5512343,5108129,77741,4755733
9,../model_20221220_1576677705.uvl,14,10,34058181,true,1700371,20614066,5767590,3436595,52726,2057735
11,../model_20150302_1660900120.uvl,31,34,50206021,true,1756822,30810415,6954265,4940000,185992,5010821
2,../model_20150310_563618715.uvl,33,40,54058018,true,1726508,35039807,7147489,4481848,125053,4937795
5,../model_20110715_945252556.uvl,32,32,47131293,true,1780154,28362255,7163986,4181223,148007,4682582
8,../model_20200128_1669015551.uvl,23,19,51265074,true,1585853,34065871,7562789,4263528,74994,3178533
0,../model_20230322_1573076538.uvl,17,16,44714903,true,1686921,27043449,7980426,4435580,61751,3106958
13,../model_20110704_555218409.uvl,11,11,46596403,true,1636879,32845506,4303961,4749463,74725,2561694
14,../model_20111111_1026730216.uvl,37,29,126793635,true,1770806,106992226,7027643,4006491,153573,6253976
7,../model_20200425_1144751894.uvl,10,12,56373366,true,1569328,39782783,6229128,5363398,99928,2975332
3,../model_20230322_1882971454.uvl,21,21,58057680,true,1505987,39758822,6042806,5308785,122939,4886223
12,../model_20150423_1415525319.uvl,27,21,69317123,true,1672166,44438431,9636292,6394249,134761,6242400
4,../model_20160330_387052519.uvl,21,13,59316656,true,1758175,39741247,9401121,5130576,57024,2598257
15,../model_20190510_899437477.uvl,13,11,40563837,true,1673964,25320588,7037773,4228575,46176,1780143
2,../model_20200403_1286696698.uvl,37,34,68183433,true,1880502,43247910,9804298,6658454,172415,5693885
8,../model_20140306_1313194877.uvl,32,31,52390549,true,1794053,35213257,7044916,3994703,93079,3638486
10,../model_20230426_159926820.uvl,59,43,65286862,true,2067461,39258889,10100319,5024064,141949,7475620
5,../model_20131112_1855381012.uvl,31,30,70868397,true,1885873,50271650,7345948,4592062,166586,6052574
0,../model_20180511_935028612.uvl,20,23,46493928,true,1830973,29409725,7637133,3953150,101431,2952648
1,../model_20101124_661702924.uvl,15,15,48486011,true,1699724,30882304,7738122,5421559,66688,2217731
7,../model_20121025_1453237615.uvl,20,20,42173801,true,1444843,28204710,5750526,3594930,107844,2686676
13,../model_20200810_1781368898.uvl,21,20,61686593,true,2068141,36977256,10267518,6620796,124811,4944741
14,../model_20230322_208918165.uvl,40,27,71386926,true,1860938,53674870,6482367,3946532,116363,4724907
6,../model_20151202_1529785580.uvl,40,40,51128057,true,1960299,32973279,5982818,3853419,121020,5635905
4,../model_20150611_578706116.uvl,13,12,31490396,true,1333741,17730686,5676012,3657332,45968,2703207
12,../model_20140914_775838300.uvl,24,24,45137105,true,3442246,30196795,4424633,3647826,70039,2847994
8,../model_20230323_1108197556.uvl,17,15,32383760,true,1431042,19775266,5240803,3594310,50644,1908597
0,../model_20200225_1125771038.uvl,43,40,52191049,true,5184063,29574005,6710608,4241511,117616,5664991
1,../model_20120201_899753062.uvl,27,31,56664937,true,3750756,36763985,6759855,3922557,126772,4798554
13,../model_20190416_886742925.uvl,12,12,37037322,true,2615872,22859727,5023422,4044821,74420,1997826
7,../model_20131112_1630582425.uvl,28,20,47972868,true,1485288,31444928,6380357,4267314,75754,3724868
14,../model_20131112_64627122.uvl,13,12,37177544,true,1460183,23819563,6028807,3668004,45813,1790581
6,../model_20120920_383492576.uvl,11,12,32502194,true,1380122,20250984,5467623,3471869,49301,1560442
12,../model_20120609_84195762.uvl,26,21,45679726,true,1589159,29997211,6620322,3795386,110112,3006276
4,../model_20130916_1983257725.uvl,16,15,50936200,true,1408211,33879714,6184150,5241307,95109,3770065
8,../model_20140328_1965511118.uvl,10,10,43340374,true,1416356,30800382,4398431,3972731,72662,2392670
9,../model_20140425_366530615.uvl,11,10,36144391,true,1801692,22568741,5550779,3443736,56912,2357765
11,../model_20230609_1502711362.uvl,22,22,37076235,true,1738994,21849816,5669728,4196692,67207,2969761
1,../model_20130414_861625706.uvl,15,15,32328920,true,1354372,19004396,5852016,3843402,50456,1844860
0,../model_20180927_642324190.uvl,51,46,57429774,true,1681584,34037031,8148165,4588240,183899,7990750
7,../model_20200320_13307140.uvl,10,10,36881303,true,1436778,25372301,5146463,3264239,36879,1338836
13,../model_20100415_240595643.uvl,31,32,51017591,true,1728510,33655353,6368781,3830561,100447,4552636
14,../model_20110216_1027109687.uvl,12,16,58483283,true,1760210,37445071,9013823,6341896,108163,3327951
6,../model_20200815_433256797.uvl,39,33,58371998,true,1732592,40266395,6839534,3855572,102512,4608422
4,../model_20140614_436006902.uvl,25,25,53327809,true,1550846,35425687,7364075,4319198,100274,3942518
12,../model_20170904_998227463.uvl,42,37,75034513,true,1832598,54394694,6228151,3822930,218783,7868758
3,../model_20151124_1131991591.uvl,34,34,73117664,true,1916862,49152709,6748592,6717211,188055,7724208
9,../model_20130820_1465112187.uvl,49,49,78217521,true,1984002,57224261,7342196,4415136,153699,6189426
1,../model_20180512_810540422.uvl,23,23,47238181,true,1670420,29485293,7506005,4756155,157596,3201564
8,../connector_fm.uvl,20,14,122464125,true,3796781,40016718,6970402,4019190,105091,67015573
15,../model_20130226_1908057354.uvl,16,14,49884201,true,1615032,30752799,7958896,5214515,108452,3898433
13,../model_20120419_1397354511.uvl,20,20,46180107,true,1659403,29731248,7580735,3721466,98092,2814828
7,../model_20201010_633615094.uvl,12,11,54783657,true,4445405,31932987,9081819,5938560,82195,2844825
2,../model_20160519_1444507509.uvl,41,42,72780525,true,2254260,46011270,10854291,5537908,163174,6877979
14,../model_20190122_546529784.uvl,18,18,45594561,true,1524116,27824602,7931319,4369958,116893,3406156
5,../model_20160716_1943328700.uvl,18,17,45265493,true,3390992,26439465,8144179,4477522,59642,2225523
6,../model_20170918_2076946141.uvl,16,10,44157103,true,1648502,29538972,5889716,3798387,46199,2864100
10,../model_20110330_919429247.uvl,25,27,59678293,true,1850105,35253392,9308565,6414475,304115,5827407
12,../model_20130529_1187431770.uvl,16,16,43591486,true,1463958,24707366,8171456,5320189,98905,3309623
4,../model_20121018_1550648286.uvl,16,15,40786813,true,1627344,24423588,7665048,4215521,67860,2233309
3,../model_20120328_663906927.uvl,28,25,60716544,true,3725714,43685557,5727518,3667628,163242,3187515
8,../model_20131203_151571988.uvl,54,51,64748892,true,2074215,43734980,6874261,4643001,157037,6478137
15,../model_20140917_195564800.uvl,16,16,43274593,true,1662831,31246031,4022451,3847991,50357,2046606
2,../model_20120705_77954373.uvl,22,18,41841769,true,3812159,24415562,6249398,3921771,60716,2928578
5,../model_20190917_1484600794.uvl,17,13,33722719,true,1439291,20330770,5817945,3590677,51760,2106230
14,../model_20160229_1734203468.uvl,48,29,60666258,true,1869833,40133976,7286492,4092629,212589,6269609
6,../model_20140207_1303140975.uvl,12,12,45972786,true,1547969,32557923,4554861,4497382,46402,2427709
10,../model_20140410_1285833987.uvl,11,21,52361157,true,1537224,35130807,6485429,4990693,133487,3620379
7,../model_20101117_2128796258.uvl,72,69,94479911,true,4379074,62360883,10051356,5202123,265140,11166412
12,../model_20140322_1340045027.uvl,10,10,33192780,true,1519949,22713098,3888880,3481576,37061,1239050
4,../model_20180729_2071913647.uvl,24,29,55659393,true,1628705,39995830,6140527,3881489,97610,3401277
3,../model_20190124_988857604.uvl,46,41,73015343,true,1759710,54145877,6401649,3920710,206277,5908188
8,../model_20130529_552715089.uvl,17,16,35387270,true,1543731,21032300,6397521,3931243,56964,2013029
15,../model_20190915_1211977272.uvl,22,21,39018678,true,1478387,22434524,7773948,3792716,74958,3042626
2,../model_20171021_192017753.uvl,17,15,43818200,true,1550834,24944139,7910854,5913883,50952,2911765
14,../model_20130510_203163945.uvl,18,12,41326129,true,1485391,27616795,5982807,3337278,57351,2429717
11,../model_20140820_1349433690.uvl,22,22,48764139,true,1679891,30152772,6786364,3976012,110910,5381029
6,../model_20120328_1974817485.uvl,13,8,56368392,true,3522615,32990006,9812331,6290985,75910,3229610
0,../model_20131112_817529963.uvl,40,40,68316138,true,1693466,39499083,10106018,6874499,241411,9166597
7,../model_20200128_23228584.uvl,23,23,51490012,true,1664598,32074761,7675478,5242225,148056,4067822
10,../model_20120423_1625073325.uvl,32,26,76870721,true,1624291,48395068,10213392,6917746,164214,8728818
12,../model_20160308_190029672.uvl,33,32,66812213,true,3848432,46126129,7009029,4720585,101015,4449884
3,../model_20200121_827473084.uvl,17,17,45566285,true,1624546,28206347,8441555,4702050,60348,2055831
8,../model_20140511_603377022.uvl,15,14,37087710,true,2003641,23864666,5408987,3407106,53338,1922646
15,../model_20101020_1809093990.uvl,20,20,51671454,true,1649397,37693170,4401194,4043845,69123,3325473
4,../model_20170414_1751865819.uvl,77,84,98685346,true,2695871,68676484,9493571,4948507,1281261,9800603
9,../model_20180222_786472237.uvl,12,7,43500424,true,1679646,29294103,6856066,3590890,38690,1616164
2,../model_20200819_710049424.uvl,28,25,46178189,true,1685179,30186906,6762245,3508774,78090,3461277
1,../model_20131122_1241273029.uvl,18,18,43893104,true,1640219,25982239,6471262,5608441,98486,3656828
13,../model_20170918_1996976409.uvl,33,33,49539928,true,1759544,30628232,7281201,4371976,97261,4579670
0,../model_20130123_686198065.uvl,40,40,67050049,true,1785368,44365696,8204899,4747977,156821,7133031
14,../model_20160227_1389842098.uvl,48,51,90734377,true,2117570,63999755,11861854,4952823,278503,6357905
7,../model_20160308_79396455.uvl,41,44,62552689,true,1897248,44675377,6172370,3847317,136803,5174014
12,../model_20230322_1855764436.uvl,26,22,50332458,true,1582754,35444014,5999772,3668051,72524,3090878
3,../model_20170618_724645944.uvl,13,14,46997952,true,1596700,34135944,5138088,3516591,93084,2104788
8,../model_20200128_745414394.uvl,23,19,47536387,true,3272687,30205470,6370092,4143308,105770,2957934
15,../model_20140430_1532303117.uvl,32,20,54126359,true,1826022,36986000,6583728,4257142,82518,3723248
4,../model_20140819_709073537.uvl,43,44,74707840,true,1778144,44312081,10523254,6896440,244589,9924011
9,../model_20120909_341305614.uvl,32,34,56578777,true,1816469,40447547,5844762,3810409,102840,3975354
13,../model_20181019_994429580.uvl,10,10,35304144,true,1609560,16850054,8620387,4632737,42377,3148871
0,../model_20160329_1152124785.uvl,21,20,43655169,true,1616357,28862214,6180464,3806294,64104,2683010
14,../model_20161207_285955518.uvl,54,46,61304021,true,1920576,38027814,7720685,4575119,141890,8037318
5,../model_20110127_1318390760.uvl,13,11,45980297,true,1665901,29039528,6550615,5430184,62162,2791776
7,../model_20140403_1688136935.uvl,45,42,63625359,true,1736449,43743395,6958078,4364483,176161,5874029
12,../model_20101111_156018899.uvl,12,11,79993339,true,1333742,67413082,5705337,3528994,43105,1602962
3,../model_20141106_1014782772.uvl,17,17,39892417,true,1582213,25894902,5971744,3829819,93791,2080917
8,../model_20140825_2017008690.uvl,58,59,61424667,true,2115459,38985229,6907384,4223563,225821,8112849
15,../model_20200810_1006372985.uvl,36,36,68228138,true,1593909,39125825,11290726,6915351,190119,8268856
9,../model_20130121_710180273.uvl,10,11,57633983,true,1619483,37772063,8432729,6156207,90233,3096154
4,../model_20180917_1978871462.uvl,50,45,87275842,true,1835901,52466754,12451571,7550242,272635,11424674
13,../model_20180305_1393570452.uvl,48,43,120518248,true,1967681,97329264,7957217,5143423,165280,7120854
11,../model_20200728_429027371.uvl,17,16,42350299,true,1610223,26734901,7046329,4242826,73150,2217974
5,../model_20121123_1672558767.uvl,15,17,37378188,true,1756314,23528820,5585756,4003991,60043,1992674
0,../model_20160329_268958808.uvl,47,54,75068820,true,4125235,52000958,6974593,4336722,160051,6733491
7,../model_20120513_373795895.uvl,14,13,38619737,true,1674586,21672562,6598067,4975990,59488,3179510
10,../model_20190430_2137275351.uvl,37,35,69940640,true,1823953,47312777,6576367,6103653,190514,7279612
12,../model_20221101_871584152.uvl,19,28,67647534,true,1756258,48668678,6838058,3757570,120204,6080804
6,../model_20150527_1979644627.uvl,72,58,102048992,true,2417375,76788090,7625303,4708956,275653,8701246
3,../model_20141205_2005181775.uvl,33,28,60493371,true,1773116,40639073,7527711,5595252,99727,4208064
8,../model_20110525_564104612.uvl,27,32,77878405,true,1643223,51789791,9602363,6547544,312715,7230157
9,../model_20140824_525404983.uvl,47,47,64122900,true,1969300,43904548,7020482,4286521,154253,5843546
4,../model_20121018_436901160.uvl,16,15,40346671,true,1432375,26375828,6027410,4015455,64708,2024232
1,../model_20110428_553405269.uvl,37,29,60607782,true,1857952,40955622,6969810,4543865,123317,5450934
13,../REAL-FM-17.uvl,25,24,56340567,true,1634085,39892738,6783865,3990020,94740,3420018
5,../model_20150208_2120373387.uvl,25,21,56186179,true,1958009,38784402,6524144,4040293,147238,4248883
2,../model_20190917_512190943.uvl,45,37,69181763,true,1773625,39148028,10184550,6804142,222981,9941648
7,../model_20110826_252647654.uvl,24,24,44769288,true,1789358,29217307,6128057,3751544,74982,3366826
15,../model_20141104_1527188029.uvl,140,140,135162062,true,3671220,76614529,15722477,10586842,486708,25998181
0,../model_20150428_2048110240.uvl,11,12,53848034,true,1783745,33474268,9138370,6204583,96934,2778464
10,../model_20170505_1428478521.uvl,24,26,66667252,true,1762978,45700020,6644334,6067775,153639,5821219
3,../model_20171204_404453510.uvl,21,22,36935941,true,1444554,22589347,5696350,3907782,71489,2605636
8,../model_20121102_768518520.uvl,14,14,39619486,true,1422758,25850056,6090166,3985934,78162,1778577
1,../model_20100712_329430908.uvl,20,20,38140005,true,1562902,21499124,7128851,5218442,65704,2306561
2,../model_20121123_638033800.uvl,14,13,39211363,true,1379957,19445515,8746870,5780368,81191,3258619
13,../model_20120408_404695779.uvl,70,66,70614306,true,2050768,43653432,10302408,4846498,282018,8488125
15,../model_20121123_1445508018.uvl,16,16,38056759,true,1579809,25001499,4963881,4057695,55541,1989155
5,../model_20140422_2137156564.uvl,35,32,61452598,true,3517023,35257387,9194557,5163063,221435,7498961
14,../model_20150301_300492477.uvl,33,32,58559245,true,1736358,36322878,8966233,5011602,201796,5745095
7,../car_fm.uvl,14,12,45071957,true,2682752,28274778,7776081,3825755,53299,2068974
0,../model_20230505_1739075744.uvl,42,45,88269461,true,1746885,57830464,10046298,7279884,248652,10277750
10,../model_20150212_1516383976.uvl,12,8,50454749,true,1588620,30441290,9058392,6076021,77444,2779547
4,../model_20200316_153170359.uvl,124,103,119930510,true,3201456,82335178,10276631,5367599,308922,15886271
3,../model_20120701_1498696792.uvl,11,11,31355411,true,1549519,18112411,5993697,3623758,44635,1672701
8,../model_20150411_1378086632.uvl,15,9,42757499,true,1552664,25049551,8656734,4616601,54165,2326691
1,../model_20110407_1283128166.uvl,51,52,81291431,true,3336292,58074894,7927129,4440692,154467,6648622
2,../model_20180512_276218752.uvl,36,38,44371553,true,1730038,28182524,5105987,4057086,191971,4459286
15,../model_20120314_1438691117.uvl,13,13,37238562,true,1655071,20950953,6409014,5328500,43309,2444666
13,../model_20161118_228131771.uvl,66,79,121614575,false,2292878,97111270,5258513,6043175,491903,10182028
11,../model_20130703_1107240012.uvl,64,27,96016457,true,2060996,66907103,11253466,5388336,276936,9008943
14,../model_20130722_443972122.uvl,12,12,46067560,true,1541397,28050501,8068226,4755463,51184,3139552
0,../model_20190922_718247414.uvl,12,10,117352538,true,1576596,35830014,5404366,3302856,74956,70863884
10,../model_20140819_2062208658.uvl,26,26,72112102,true,1741066,44374425,8502688,8192500,258378,8342285
5,../model_20100322_955726153.uvl,20,20,123419395,true,1664670,105070204,7124414,5026573,68275,3910034
12,../model_20140801_240918546.uvl,22,13,65680441,true,1794972,41574493,9774014,6440464,110384,5263249
6,../model_20110622_260389190.uvl,12,10,48033890,true,1893782,31907709,6274206,5004613,65341,2534345
7,../model_20110527_1847306763.uvl,63,106,180802952,true,2458795,143237957,12825469,8338166,422280,12076052
8,../model_20110301_216655728.uvl,10,10,43101904,true,1546043,28579802,5060515,5508071,63417,2017971
1,../model_20151119_424700280.uvl,10,10,39190994,true,1737081,26830446,5028411,3898621,41771,1259805
9,../model_20140423_277886534.uvl,21,18,42428908,true,1867035,27948136,5719147,3693456,62358,2665372
2,../model_20121219_1714348674.uvl,10,10,34898655,true,1701444,22744270,5442831,3441215,40761,1198496
13,../model_20130916_1649901124.uvl,16,15,40029451,true,1480320,26083399,6506471,3588819,58593,1876407
11,../model_20110823_1386366267.uvl,15,14,39776206,true,1728136,22848567,6333514,5587893,101291,2751226
15,../model_20180512_427876131.uvl,37,37,74533455,true,2103068,50060400,6118953,6544351,215591,8746915
14,../model_20140508_536536644.uvl,36,34,60378706,true,1879805,40788142,6985456,4150067,207828,5734548
10,../model_20110116_381192414.uvl,60,61,64746758,true,1765398,41554758,7327299,4718070,227840,8356403
6,../model_20121019_1128529660.uvl,14,12,43863263,true,1686703,29928499,6198311,3717795,47085,1861025
8,../model_20180514_381391194.uvl,20,20,37526660,true,1702984,23448460,5121873,4417909,62324,2299979
7,../model_20150208_1225865238.uvl,42,34,72787466,true,1632632,46768667,6498884,5735036,270372,11166869
1,../model_20131112_990013628.uvl,10,10,39344418,true,1384455,26406391,5401874,3887762,62335,1609593
9,../model_20141108_202761108.uvl,10,8,30695202,true,3327316,16090535,6060766,3637956,34992,1200064
2,../model_20160229_707006027.uvl,13,14,31396189,true,3628328,17205637,4826229,3520054,52109,1799042
13,../model_20120328_1373483522.uvl,13,14,31386580,true,1610758,19055448,5370345,3200591,53612,1680523
11,../model_20141108_701198022.uvl,11,11,38901532,true,1446679,22980277,7341073,5202916,47100,1552481
15,../model_20120717_770767926.uvl,11,10,38188189,true,1654723,24484005,6675454,3475697,45385,1450297
14,../model_20120110_1256867454.uvl,10,10,53694510,true,1574367,36115010,6760123,5926540,90713,2915106
10,../model_20110605_1465859222.uvl,17,17,56224210,true,1672622,37016180,6543751,6397778,101445,4018121
6,../model_20110207_1623721536.uvl,27,32,47383025,false,1872858,32099690,4528664,4427955,103248,4169885
8,../model_20170720_160368734.uvl,14,14,45511087,true,1528405,28248432,6091157,5853356,86648,3338632
7,../model_20170518_711240246.uvl,36,36,57804961,true,1882785,37880311,6364951,4744602,156347,6232463
1,../model_20110207_906076676.uvl,12,8,46923585,true,2524319,25768843,9059484,6103730,69263,2968810
4,../model_20160620_457730604.uvl,20,20,37843645,true,1722359,23611057,5330752,3722668,114115,2875852
9,../model_20160304_1567363129.uvl,19,23,52546435,true,1576225,36082778,7121093,4151127,125899,3073040
13,../model_20091210_241985787.uvl,16,16,41799984,true,1674359,27789837,5989473,3831241,61476,1946332
2,../model_20170918_191476099.uvl,48,49,91769470,true,3417919,56901762,11414661,7403105,262071,11194089
11,../model_20170518_1713871521.uvl,15,16,46097473,true,1886381,25316626,8711887,5376395,78882,3256148
3,../model_20171018_1720986032.uvl,130,107,140090724,true,3510290,77037364,16193827,9987594,714079,29730262
15,../model_20221015_510481451.uvl,12,14,57150837,true,1681209,35431984,9657029,6295440,100484,3376799
10,../model_20160329_304357596.uvl,23,15,63747338,true,1550807,38463329,9678368,6401360,116593,6875846
14,../model_20160911_493856736.uvl,45,29,90506386,true,1876079,62786769,7004001,6807032,249368,11100135
6,../model_20170313_788976149.uvl,12,9,47160539,true,1444719,31653387,7906367,4212817,41693,1551175
8,../model_20140109_637429284.uvl,11,9,55059959,true,1518433,34114886,8252763,8118467,72436,2564830
5,../model_20131112_2028027455.uvl,13,11,46029602,true,1842617,28928141,7235253,4582487,47338,2856321
0,../model_20120829_28461699.uvl,11,13,52108851,true,1722141,31858209,9286687,6035979,141614,2576737
7,../model_20160913_2142740300.uvl,48,48,88218505,true,1885620,62216939,9718510,5004978,200623,8021883
4,../model_20200513_1559879338.uvl,11,11,51845193,true,1560668,32691136,9360547,5264456,77024,2468088
1,../model_20121015_1348696629.uvl,10,8,51840080,true,3666943,33157027,8080825,4805777,52518,1640818
12,../model_20150307_1251635490.uvl,35,36,74162661,true,1957752,50206330,8410788,5971385,203410,6590754
9,../model_20160329_1144142418.uvl,54,33,83798831,true,2227220,62966220,7058525,4268025,123297,6318397
13,../model_20131112_1399418967.uvl,35,28,56761175,true,1830072,39928828,6312603,3844280,89926,4190983
3,../model_20120423_1196408273.uvl,16,11,35610124,true,1698162,21768193,6295057,3519925,47346,1856534
10,../model_20170517_1276361560.uvl,10,10,36521081,true,1652760,23522526,5904108,3513566,48983,1509097
11,../model_20221018_544175819.uvl,29,29,51463300,true,1617851,32333730,7557050,4520831,126294,4692960
15,../model_20200909_844580970.uvl,17,9,59298486,true,1586885,37196199,9656189,6235693,87019,3948673
14,../model_20190513_554652357.uvl,10,10,49786435,true,1596855,32204247,6967920,6128846,68201,2424121
7,../model_20090801_1908323193.uvl,13,13,34939902,true,1679679,21667495,5928878,3596153,48345,1633982
5,../model_20150304_617127008.uvl,56,66,77391739,true,2085777,53797664,7574693,5191523,271334,7586014
4,../model_20160329_578011837.uvl,23,18,38018605,true,1646493,22344170,6312962,3931155,64180,3243544
12,../model_20120701_899073101.uvl,11,11,53246999,true,1617384,33300779,9156186,5999870,76214,2623395
1,../model_20140423_1716161596.uvl,42,25,67574505,true,1925806,41698943,9433087,5598299,105792,7943012
9,../model_20160926_2009081259.uvl,54,54,84305690,true,1854787,57800264,6243775,5114360,1876866,10357519
13,../model_20100326_770562654.uvl,27,19,65269239,true,1710190,46552344,6339914,3980048,154543,6005027
3,../model_20130125_189285641.uvl,18,19,71293962,true,1707646,57204611,6000151,3530477,61079,2364966
10,../model_20140324_1142291623.uvl,11,11,34176756,true,1420475,20031174,6472510,3950777,68933,1829699
11,../model_20170505_1995894898.uvl,32,27,57599822,true,1807863,37249292,7684419,4896727,285945,4755126
14,../model_20091206_1647557456.uvl,10,10,52761753,true,2838462,31665412,9021816,6272724,76409,2439222
15,../model_20140514_1151327844.uvl,43,36,93497862,true,1765435,64852704,10651412,7125817,142194,7865902
7,../model_20141102_1778359466.uvl,23,22,50037892,true,1689463,34956183,6260397,3765484,70208,2831412
12,../model_20120113_1803352101.uvl,43,27,55649836,true,1701230,32384245,9576617,4299222,115749,6829248
5,../model_20130916_1001858303.uvl,15,17,85338243,true,1406749,70779981,6410051,3792419,103649,2436526
4,../model_20131122_1877947099.uvl,15,13,82624633,true,1561512,68044848,6511283,3929260,48607,2040624
1,../model_20141129_2117240468.uvl,12,14,57204405,true,1677998,36012762,9336818,6197241,111213,3366195
9,../model_20160329_2023954051.uvl,24,20,51706721,true,1682145,33447609,7856717,3952437,120055,4070315
13,../model_20171020_786614820.uvl,12,10,42898446,true,1411181,27787258,7076451,3903549,41442,2304197
2,../model_20110406_656545830.uvl,17,17,104697756,true,3869256,90779463,4195439,3390483,61079,2011429
15,../model_20131122_641443746.uvl,14,14,37561535,true,3125088,23554200,5058908,3663944,47780,1714597
11,../model_20121106_1816491064.uvl,23,20,45929750,true,1785866,26712055,7431166,4264995,117200,4593461
10,../model_20150523_1701783178.uvl,23,23,96220626,true,1741017,74713604,7391890,6300249,132030,5397648
14,../model_20120829_881090911.uvl,10,10,38415958,true,1512108,24338662,7280679,3632139,67973,1272478
8,../model_20110130_639381749.uvl,12,12,33868181,true,1718489,21271341,5400469,3318340,45155,1691985
6,../model_20180222_1790291836.uvl,22,19,55435492,true,3833870,34676667,6351312,5277349,123702,4717141
7,../model_20190223_2023041805.uvl,19,22,54924090,true,1827516,38297078,6042339,3957375,94942,4248404
0,../model_20190917_490456110.uvl,39,23,59712776,true,1896130,42245285,5832821,3728670,104851,5037837
9,../model_20170704_1299892151.uvl,11,11,33896529,true,1585221,22868690,4219883,3431759,41633,1358826
13,../model_20121017_2007593800.uvl,10,8,45832626,true,1574680,29521806,7735366,5412716,38639,1230366
5,../model_20120528_1294065815.uvl,13,12,54240477,true,3497058,31008801,9522830,6358185,87985,3260443
11,../model_20100829_787258873.uvl,57,48,58187946,true,3177352,33732739,8101751,5614063,135935,6684609
10,../model_20140306_1994550432.uvl,12,9,35226340,true,1536916,20275727,6641874,4117740,47851,2200647
15,../model_20150226_64791123.uvl,26,28,45517879,true,1494268,28958571,7036048,3858717,85363,3510600
14,../model_20230323_58681865.uvl,17,15,54762762,true,1606417,33234402,9098141,6252177,95024,3880665
8,../model_20180512_893377341.uvl,24,22,66973834,true,1713551,42172411,9779252,6458791,153936,5972891
2,../model_20170405_957299568.uvl,142,211,187926404,true,5789926,130979955,13903421,9356998,821974,24464851
0,../model_20120412_1314362396.uvl,12,11,34390505,true,3709346,19598873,5649962,3500569,42685,1535983
9,../model_20150701_451946642.uvl,22,14,42475305,true,2957901,24868984,6825590,4262242,60494,3023748
13,../model_20131122_224574976.uvl,11,11,48350254,true,1471157,30166059,7385045,6205361,76427,2549325
5,../model_20091225_1547989376.uvl,29,30,75066577,true,1707396,48975003,9678059,6660901,181143,7046611
11,../model_20180512_409172439.uvl,37,37,47558139,true,1680280,32035463,4752166,3976243,106315,4283444
3,../model_20200810_903664942.uvl,25,27,54538810,true,4002069,30770176,8359199,5575689,136164,5077356
15,../model_20091210_993249741.uvl,29,25,49610598,true,1648443,27252539,10022393,6551743,85053,3293938
10,../model_20230313_612090761.uvl,13,15,59351333,true,1554591,38099250,9223427,6020090,169293,3721738
8,../model_20190223_1275185141.uvl,10,7,53810527,true,1499564,34127583,9031824,5916890,73394,2746668
2,../model_20171029_714150136.uvl,10,10,47009850,true,1458874,30351750,7031663,5448153,78269,2226278
14,../model_20140305_850513381.uvl,63,103,141756029,true,2311884,113457381,8629257,5022078,430299,10971962
13,../model_20141006_1946000492.uvl,14,10,52618966,true,2708426,33585733,6463634,6050082,79929,3321212
9,../model_20190304_818967793.uvl,29,28,46236163,true,1824171,28292814,7090796,4293147,105019,4008118
0,../model_20140614_1989695192.uvl,29,35,65725788,true,1690622,47220127,6682638,4400506,121746,5056122
12,../model_20140326_1693773444.uvl,13,14,43461135,true,1755821,25510849,6978549,5340081,60553,3327176
5,../model_20140614_81946339.uvl,22,24,68775193,true,1765410,44826898,9422624,6391227,150579,5535496
4,../model_20130529_1911302663.uvl,16,16,59477757,true,1667885,37990753,9070748,6137911,111952,3894823
15,../model_20200815_41086763.uvl,31,28,58940337,true,1813640,41955384,7157734,3833606,82120,3534108
1,../model_20141018_2078980023.uvl,87,86,138488991,true,2600606,110252707,8896859,4832170,219129,10509550
10,../model_20120510_220834497.uvl,53,44,87536533,true,1740398,53362418,11527881,7217082,298805,12025355
8,../model_20111027_1380540076.uvl,10,10,51860422,true,4539420,31358438,8260706,5319140,63748,1913038
7,../model_20130916_552778902.uvl,16,17,35750708,true,1853135,21125647,6257713,4103905,62053,1957093
2,../model_20170916_132089042.uvl,48,60,143096788,true,2208305,117814504,9777083,4159723,257289,7726981
14,../model_20121123_1692800929.uvl,16,16,54618049,true,1786580,36990122,6438083,4898947,109699,3969840
13,../model_20120828_1516795545.uvl,13,13,42494999,true,1519546,26458283,7488931,4449345,47375,2078295
9,../model_20180122_1429516018.uvl,40,18,73895848,true,1755755,55643089,7024954,3647615,118914,5004307
12,../model_20160813_60083737.uvl,10,10,49599934,true,1671846,31749167,7193547,6034471,68223,2428870
4,../model_20120728_275737618.uvl,14,14,54181117,true,1643684,35685109,7434574,5858571,88172,2953426
5,../model_20141113_1414990983.uvl,46,46,53889974,true,1888238,35793916,6173565,3840649,141808,5400281
15,../model_20230323_867226898.uvl,16,13,34608486,true,1475614,20323196,6568660,3893427,48800,1907521
1,../model_20140401_1527258088.uvl,13,20,46539602,true,1580972,32763778,5740602,3567604,114941,2370758
6,../model_20200907_1598312227.uvl,130,130,102583071,true,3523673,66563535,7263381,6052973,498375,16850704
8,../model_20130821_470005647.uvl,43,43,46735501,true,1893822,29201998,5369114,4283783,117307,5115121
10,../model_20130807_1787614695.uvl,13,13,52606368,true,3964232,31117053,7421768,6174365,87312,3301009
2,../model_20110925_62365838.uvl,23,23,46309354,true,1825764,28907114,7016991,4961694,69557,2904506
14,../model_20111201_372659565.uvl,61,38,74282370,true,1953893,52947329,6889099,4083978,141335,7454234
9,../model_20170702_979744088.uvl,21,21,83606561,true,1677579,68925984,6114985,3684256,64830,2694422
4,../model_20180705_2136123533.uvl,10,10,41820133,true,1463987,29884440,4994810,3886639,62606,1200595
12,../model_20171016_777651910.uvl,27,26,66584548,true,3583833,43828934,9697019,4416145,292489,4057189
5,../model_20150611_1748318240.uvl,14,11,54135204,true,1653464,34736160,8021056,5942932,90360,3300140
15,../model_20170410_971411480.uvl,11,6,49570997,true,1521726,29085923,10079797,5913573,59850,2444413
1,../model_20140305_1745306436.uvl,20,12,47208329,true,1708896,30260659,5720434,4846894,96980,4089029
11,../model_20141129_6569546.uvl,25,21,53924194,true,1881376,36895343,7142921,4472055,80705,2953773
6,../model_20200120_1111265554.uvl,10,8,32048089,true,1483324,18678395,6139592,3882935,64200,1385533
8,../model_20180409_394573881.uvl,10,10,36680458,true,1714844,25049559,4344535,3868323,41858,1278775
2,../model_20100325_298677687.uvl,10,9,51343788,true,1558324,32076546,9119912,5753875,62139,2336468
10,../model_20101115_2000504462.uvl,72,65,94934331,true,5125466,59271419,10383084,4760838,259668,13647674
3,../model_20110926_400852996.uvl,36,36,79197176,true,1936335,50612102,10427508,6636827,205665,8377681
14,../model_20140819_940483638.uvl,11,11,31079878,true,1607759,20623389,3787170,3477187,41904,1273494
0,../model_20200212_1763855182.uvl,12,12,35483670,true,1702106,24130978,4134152,3719772,42136,1407540
4,../model_20141119_1676144838.uvl,14,14,37605225,true,1573420,20185030,6537150,5452833,86495,3301973
12,../model_20130627_888588099.uvl,17,16,39028512,true,1404331,21817227,7914562,4452580,55810,3029086
5,../model_20130808_465499656.uvl,22,14,66009549,true,1657281,42841628,9173041,6225013,109673,5322742
6,../model_20100216_713947806.uvl,12,12,45521464,true,3654284,30131626,4260673,4225574,74895,2803001
1,../model_20171012_432118074.uvl,28,28,60021867,true,1800484,39813556,8596879,3950189,240905,4817160
2,../model_20141023_1082000051.uvl,37,49,68736812,true,3796519,47514214,7144252,4045781,149710,5433230
3,../model_20161213_651973816.uvl,21,25,69056672,true,1630253,47394222,7644222,6139911,171097,5643360
15,../model_20160330_888130075.uvl,73,73,85653078,true,2256586,61388494,7221572,5162809,228481,8405142
14,../model_20141018_811394530.uvl,23,22,51320486,true,3304058,29391991,8326304,4238658,135246,5430461
10,../model_20141017_1234330746.uvl,38,48,65782123,true,1712423,44831221,7324827,4564243,146386,6493627
7,../model_20160512_1688304541.uvl,31,25,53692085,true,1991948,32511520,6871284,5020179,152079,6368803
0,../model_20150222_2069201003.uvl,13,13,45904971,true,3248787,30478574,5053549,3945061,83238,2729704
13,../model_20230322_413432441.uvl,22,21,53012656,true,1746771,29183866,9817029,6422144,123177,5092170
12,../model_20120905_104354355.uvl,13,13,45633220,true,1505032,28608628,7219666,5202220,77342,2587915
4,../model_20160504_814917052.uvl,26,20,56450349,true,1597110,40343043,6904080,3967041,71986,3025519
5,../model_20160428_283258262.uvl,40,37,49798260,true,1993544,30790418,6273461,4141160,107963,5766442
6,../model_20121123_1047250318.uvl,16,17,50644913,true,1562882,36070383,6190139,4175145,63158,2239344
1,../REAL-FM-8.uvl,17,17,35025824,true,1708578,21656216,5374828,3769419,58535,2004960
2,../model_20130916_302923469.uvl,16,17,49768533,true,1620152,36117948,6025150,3563708,61717,2005292
15,../model_20180611_848416665.uvl,10,13,35772945,true,1615987,23313688,5432300,3516629,53414,1494845
10,../model_20171213_638254090.uvl,11,10,35521107,true,1772506,22373270,5835297,3589121,53226,1535909
14,../model_20150309_1544990511.uvl,39,42,82208932,true,1771536,53858170,8789478,7006460,266139,9519361
0,../model_20140209_1382642350.uvl,41,29,64200902,true,1884675,41034636,6739672,4803663,113776,8895974
12,../model_20130302_379367837.uvl,10,11,30897748,true,1413494,17820868,5497737,3607717,43490,2202121
4,../model_20140826_2051139991.uvl,31,31,52105064,true,1581617,36573013,5716811,3546676,84241,3978459
5,../model_20160503_1174916821.uvl,42,44,71996354,true,1958932,52731376,6740685,4351889,129147,5205884
9,../model_20190922_499979669.uvl,25,29,50963402,true,3628267,32522058,6716823,4150669,154177,3267871
6,../model_20190326_164569423.uvl,10,10,51251381,true,1466424,33322364,7373071,6189387,73105,2428027
1,../model_20150416_264061404.uvl,47,24,75441818,true,1825149,56394467,6831963,4154751,104971,5425162
8,../model_20150228_41303449.uvl,33,33,44502474,true,1728368,27757689,6473130,3861770,93838,4061099
11,../model_20160225_419189676.uvl,47,52,85541424,true,2030622,64342565,7529695,4324539,153506,6414663
10,../model_20190526_2060834946.uvl,12,9,53463296,true,1727178,33211653,8668241,5858774,90040,2986865
2,../model_20180306_832754487.uvl,49,53,100437401,true,2179683,74517980,7533942,4605304,313205,10527449
12,../model_20120110_1094246588.uvl,10,10,54238385,true,1678401,34790394,8360370,5908955,86768,3005429
0,../model_20160913_245590430.uvl,38,38,78884535,true,3742956,54018221,7948873,4824658,232326,7486802
9,../model_20130725_1746580783.uvl,16,17,47840085,true,1647573,32912025,6143661,4724173,56408,1945349
4,../model_20130812_1882708509.uvl,41,51,67497205,true,2122549,46793689,7685427,4524686,152887,5522957
6,../model_20120201_1444061231.uvl,38,37,71133541,true,3600379,49196673,7920991,4169476,154589,5459861
5,../model_20230616_862941800.uvl,30,26,71789818,true,1787182,45525527,10086522,6559154,151830,6831632
1,../model_20140403_1254324003.uvl,28,27,69281002,true,1794867,43261140,9731547,7119293,153823,6359432
8,../model_20230323_425392427.uvl,33,29,64316716,true,1640912,46279331,6952147,4638260,87209,3905505
11,../model_20140824_1698583194.uvl,66,66,60597015,true,1934202,37698520,7014174,4379097,230598,8134102
10,../smart_home_fm.uvl,59,62,75362112,true,1932436,48096366,7435586,4460913,436005,11930783
3,../model_20151201_896154285.uvl,24,21,57973228,true,1602304,37160021,7343292,6336110,81550,4972522
12,../model_20180307_2144246090.uvl,49,39,68462793,true,1932004,43451516,8573027,4773230,340877,8361404
2,../model_20180729_778045288.uvl,31,34,53799769,true,1652491,36558097,6783410,3813822,119462,4366382
13,../model_20170402_765751837.uvl,329,359,456474009,true,13407738,314020773,21017491,13557520,1468011,88234827
7,../model_20131129_1795005487.uvl,10,10,51902225,true,1619590,33524233,7881916,5211948,79113,3217973
0,../model_20190616_1868431112.uvl,40,31,65101874,true,1780439,42564052,8900110,4377001,96807,6331261
9,../model_20120328_1412454948.uvl,36,34,63616956,true,1894247,44768517,7044429,4041963,163504,5086981
6,../model_20110915_1159959623.uvl,10,8,49698434,true,1549854,29292987,9272718,6245135,79739,2805222
5,../model_20141103_285596543.uvl,25,27,80879379,true,1732107,64055940,6440122,4845846,87204,3160906
1,../model_20130309_1354780318.uvl,11,9,53784257,true,1593546,33513571,9202940,6280048,73784,2650516
8,../model_20190411_1457420991.uvl,18,27,75700512,true,1496508,53846728,7071560,6569507,196723,6088283
12,../model_20221109_1435495840.uvl,14,15,34705803,true,1586393,20856486,6353691,3595380,60557,1888276
3,../model_20170219_358603289.uvl,62,62,60693394,true,2239129,38461340,7323342,4366361,232401,7149234
14,../model_20150621_1174641946.uvl,36,32,56228217,true,1745102,29552682,10492707,6316737,136673,6997469
2,../model_20141129_264528063.uvl,13,14,42992994,true,1630498,23094523,9113898,5774044,98800,2831238
13,../model_20130418_1960440366.uvl,29,32,82964423,true,1822003,55244703,10613788,6734108,212158,7433754
7,../model_20140508_530056624.uvl,36,49,79875218,true,1779334,55969494,8455638,4974990,313554,7430862
0,../model_20131112_330151541.uvl,21,16,66335950,true,1765526,41945373,10419791,6501242,115328,4956296
15,../model_20190917_729866659.uvl,83,56,111710403,true,2436990,73994641,8628306,7152302,369993,17835807
9,../model_20130219_1778040846.uvl,40,38,83613047,true,2025826,57799329,6692645,6689755,231764,9515565
5,../model_20131206_684654596.uvl,12,12,33563955,true,1404058,19670381,6432890,3888703,148228,1642996
6,../model_20131124_646639708.uvl,16,17,34186297,true,1488391,20721376,5815607,3573722,57141,2130381
1,../model_20110601_1103941862.uvl,12,12,40429070,true,3292953,22144913,7283302,4469592,89098,2677875
12,../model_20110919_127780100.uvl,37,27,60666599,true,1955152,41646754,6426217,4308121,113287,5526352
14,../model_20200621_929471783.uvl,11,11,42776977,true,1535172,29150500,6217128,3954512,48912,1518081
2,../model_20190920_579117949.uvl,13,17,34957286,true,1774469,23027825,3916318,3870989,66697,1910815
13,../model_20200901_164722413.uvl,11,10,39224875,true,1479795,25466127,6122341,4124946,42815,1677928
15,../model_20190513_110684557.uvl,10,10,35161174,true,1562847,21392323,5947410,3884130,80601,1944032
0,../model_20150419_1225785874.uvl,11,9,49587794,true,1308929,33406551,8517455,3984042,81299,1963294
7,../model_20170926_289427240.uvl,11,8,56806452,true,1559913,35977444,9669423,6333295,78622,2717888
4,../model_20140710_2059561340.uvl,33,25,67014483,true,1702224,49925152,6551792,3760561,97464,4383097
9,../model_20160225_2040495200.uvl,50,29,95217324,true,1860674,62621437,9475420,6740952,236653,13562051
5,../model_20170504_370000031.uvl,36,37,69476105,true,1729517,50642718,7168319,4514520,118354,4722693
1,../model_20180222_524224426.uvl,26,14,66448531,true,1695503,44055492,7283580,6623066,119737,6099220
6,../model_20190917_659690280.uvl,12,12,53317878,true,1635072,33381541,8875331,5867960,84175,2986595
12,../model_20120722_2065280700.uvl,13,9,33876008,true,1554249,20790679,5966764,3485552,49190,1712428
14,../model_20141129_1168519534.uvl,12,12,49406142,true,1501406,32737147,7809296,5396746,61812,1578928
2,../model_20130916_156611854.uvl,17,15,39360860,true,2689543,24307789,6345826,3356472,57632,2085905
10,../model_20230323_642188361.uvl,23,22,44689555,true,1620300,26651701,8953468,3986086,74083,2694599
15,../model_20130916_667715515.uvl,16,16,59173067,true,1666618,38706914,8003880,6204082,101149,3973924
4,../fame_dbms_fm.uvl,21,16,40227250,true,1753068,25715510,5756214,3534507,61447,2977708
9,../model_20140326_183546394.uvl,11,11,28595562,true,1465581,18143102,4024283,3327015,41815,1284861
1,../model_20150427_2103265175.uvl,56,54,60804215,true,3590411,34177601,8350746,4822169,1765935,7012467
6,../model_20130116_1542765516.uvl,10,9,50464680,true,1379126,31594728,8786249,5884992,68055,2347392
12,../model_20171005_661289758.uvl,10,10,31509624,true,1437763,20322710,4132323,3939381,36666,1307475
5,../model_20170311_1316290182.uvl,48,48,99876748,true,2054171,73480473,8220405,4832800,326146,10173509
14,../model_20230322_928718925.uvl,20,16,53542532,true,1653265,30705597,9800331,6132346,112165,4522394
8,../model_20150309_1129343473.uvl,33,38,50946364,true,3340543,30299285,6590946,5072210,131258,4898439
2,../model_20190922_267709941.uvl,35,35,52808814,true,1755606,34274598,7493571,4106415,97789,4473826
10,../model_20131112_356575914.uvl,20,15,41144063,true,1655151,24934408,6926153,4146449,95156,2817608
3,../model_20140427_1594857347.uvl,19,21,49844595,true,1686672,27185154,9416938,6286513,123526,4479841
15,../model_20161122_1255346120.uvl,15,10,57056833,true,1648391,35705776,9190341,6136545,93461,3745993
9,../model_20110310_1849309646.uvl,23,20,56698622,true,3492384,32500058,7769886,5647872,122342,6453116
1,../model_20180304_1150769979.uvl,48,38,78310778,true,2016523,48087169,10398450,5584887,239550,10836097
6,../model_20110823_553386338.uvl,21,21,55706007,true,4832927,30809082,7961097,6442684,126767,4829543
11,../REAL-FM-4.uvl,290,310,252135067,true,9898101,177579552,16690708,8681135,1328742,34551614
12,../model_20130311_1184229274.uvl,11,11,44960544,true,1426437,27028895,8687745,4968917,45839,2399038
5,../model_20180611_1140870617.uvl,10,13,35124353,true,1466369,20908723,4463748,6041739,88203,1790181
14,../model_20190916_779041735.uvl,41,23,84949969,true,5219788,51362360,10631834,6918942,157979,9510959
10,../model_20190510_1232864614.uvl,12,9,53200852,true,1489581,34353568,7952653,5869514,74258,3149549
2,../model_20170703_1893075315.uvl,20,16,65291860,true,1611325,42424476,9411141,6189223,126344,4877933
8,../model_20161123_1530983999.uvl,36,36,51081230,true,1764803,35751703,4749068,3960294,97853,4167245
15,../model_20181016_583005690.uvl,32,34,48708905,true,1542984,31780581,6655730,3811479,113638,4179401
3,../model_20200816_33425673.uvl,39,33,92690254,true,1773216,70171607,8596518,5215967,105180,5962002
0,../model_20140530_1262796172.uvl,10,9,35594558,true,1673808,19306968,7462174,4972498,66526,1690247
13,../model_20190108_414883666.uvl,17,17,59154426,true,1880406,35748682,9763398,6613861,116322,3986954
9,../model_20160229_490224198.uvl,49,39,91737413,true,1886027,63467825,9347545,6338014,184580,9344705
7,../model_20161124_135805624.uvl,37,37,65014133,true,1843094,43553255,6010191,4907434,201925,7535554
1,../model_20201002_1982652571.uvl,15,15,74050858,true,1828813,62392521,4068372,3645383,44051,1675089
5,../model_20221031_340330235.uvl,35,35,46436291,true,1952167,29045508,6718694,4221721,103734,3813593
12,../model_20100213_206550190.uvl,38,33,55867451,true,2949796,33509569,7762586,4604817,127827,6022340
10,../model_20190916_1777637747.uvl,10,10,39927564,true,3496370,22378026,6365263,5132571,59059,2092307
14,../model_20140503_2024413965.uvl,16,14,58401721,true,1622677,38046459,8174075,6041921,99948,3894187
2,../model_20190913_1052617154.uvl,21,21,56205900,true,1636848,36203006,6974203,5930911,119623,4883372
15,../model_20101109_1698100628.uvl,15,15,32569426,true,3312501,17663108,5684876,3673956,50639,1760969
13,../model_20141129_1031364.uvl,12,14,35804186,true,1419030,22803309,5349090,4137420,61434,1687524
0,../model_20221017_1844403757.uvl,10,10,32826652,true,1413078,19121075,6547207,3971627,37748,1343927
4,../model_20160504_18344306.uvl,13,14,42691627,true,1538241,22022965,10695632,6043761,58765,1889127
9,../model_20100321_1548012375.uvl,18,18,54347342,true,1618817,37067901,5766902,5605343,96997,3713008
7,../model_20170821_2117231347.uvl,28,42,129584693,true,1614408,99714646,10020588,6955352,284800,10190405
5,../model_20190514_850677966.uvl,25,29,38852565,true,1500922,24420314,5442832,3754949,86521,3123888
10,../model_20131202_1775789712.uvl,50,50,49865741,true,2878276,29673515,6535925,3994945,134930,5910291
12,../model_20140209_738203734.uvl,51,55,66231452,true,1559592,44863593,7183988,4295193,174656,7438594
2,../model_20140423_1890396897.uvl,36,31,46374575,true,1655706,28982832,6385669,4118381,105458,4167474
15,../model_20160606_235281629.uvl,13,13,30593100,true,1574207,19377732,4059129,3698170,42678,1498680
14,../model_20180214_1066016479.uvl,96,79,90436645,true,2695258,61450421,7782030,4582729,386117,12320423
0,../model_20160304_165509543.uvl,43,42,50292464,true,3052821,31348527,6104155,3771027,175209,5147778
4,../model_20110712_1373520081.uvl,66,61,57799465,true,1641833,36116816,7088107,4555621,159373,7416791
9,../model_20130731_2029107317.uvl,76,68,96174781,true,1998277,74846247,6506002,4009881,203177,7718661
6,../model_20101024_1938793748.uvl,29,32,40714290,true,1445008,23910314,5891578,4020013,97577,4884592
11,../model_20170919_414938854.uvl,47,35,49018962,true,3690932,28878338,6164102,3958691,108494,5445946
3,../model_20140905_2124104947.uvl,10,9,29224942,true,3236434,16088641,4877300,3413777,34906,1213557
8,../model_20150425_1862491910.uvl,80,77,75752256,true,4539813,49197972,7059585,4489569,220726,9203485
1,../model_20160519_1846923063.uvl,39,50,64478932,true,3645235,44530781,6115999,3660807,157995,5785731
13,../model_20170316_1293936491.uvl,48,53,53428104,true,4413181,34823746,4240614,3784011,136213,5239187
