index,filename,n_features,n_constraints,execution_time,result,clif_gen_time,clif_ast_time,bridge_solve_time,code_gen_time,generic_csp_model_time,concrete_csp_model_time
3,../model_20180913_1045465294.uvl,10,6,30240154,true,1488833,16464357,6058992,4338693,50452,1498992
7,../model_20091109_376438407.uvl,22,21,38691126,true,1499760,22008298,7414457,4201439,109440,2821051
0,../REAL-FM-15.uvl,25,21,41850170,true,1631735,23791701,8582148,3938619,83750,3239877
13,../model_20140421_782765396.uvl,19,19,40068424,true,1270127,21678764,8140917,5260697,94515,3123293
2,../model_20131112_1592384504.uvl,32,32,44692483,true,1763934,25761825,8757965,3853481,90775,3806404
15,../model_20121214_211817376.uvl,14,14,36757421,true,1506297,19525263,8316052,4998593,58562,1869398
8,../model_20160921_24535453.uvl,29,28,45012336,true,1536784,24670030,9539353,4510971,84222,3851298
12,../model_20140428_1043688075.uvl,56,55,62049164,true,2011284,41469207,6703692,4150162,144017,6350033
11,../model_20230322_492815120.uvl,41,32,75677536,true,1727276,46463596,10262271,6704813,193699,9276889
7,../model_20160919_1142576711.uvl,20,20,34542296,true,1576372,20827222,5490412,3729814,60614,2418101
15,../cfdp_library_fm.uvl,13,18,35078946,true,1371146,21707323,5905435,3597057,61970,2008514
3,../model_20100308_1355834007.uvl,20,18,37781786,true,1416538,22137167,6285531,3379361,105115,3888652
2,../model_20110826_1574631601.uvl,52,56,55474282,true,1813274,35787863,5785806,4262779,147733,6935164
8,../model_20160527_1098137653.uvl,20,20,38461344,true,1746791,22698207,5735109,3617937,67381,4106682
12,../model_20100106_985255768.uvl,20,11,38399310,true,1592001,22852698,6459550,3709863,52747,3336669
11,../model_20141129_1141626102.uvl,12,12,30155845,true,1357441,18996830,4303651,3431474,54137,1647397
15,../model_20181024_611767532.uvl,13,14,36753748,true,2469668,22131586,6143453,3629160,60168,1973979
3,../model_20140423_969548559.uvl,49,48,78071267,true,1667110,46585151,11453339,6987853,276447,9923500
2,../model_20121018_880874071.uvl,16,15,58910542,true,1618486,36826134,9711655,6281941,101295,3812604
7,../model_20200403_1474941211.uvl,14,12,131848504,true,1390799,113783386,9009432,4799407,86978,2346103
12,../model_20150621_2090653675.uvl,20,18,61090534,true,1450622,42512113,8080029,5386210,89200,3124346
11,../model_20221208_1116778716.uvl,22,15,66975612,true,1695003,42206068,10298604,6444507,117582,5563689
8,../model_20150120_214372699.uvl,40,39,145602132,true,1907728,127366078,6976706,4035772,102138,4594209
1,../model_20131112_832913408.uvl,17,17,35182901,true,2038069,21053733,5786088,3698534,57610,1990838
10,../model_20160905_774306083.uvl,14,14,49803223,true,1787000,32212758,7435466,4883187,83882,2933074
6,../model_20180513_39795521.uvl,22,22,46863918,true,1507224,28210753,6428109,5565144,111191,4521903
14,../model_20110826_819334011.uvl,24,24,59904951,true,1641031,36919436,8397827,6485501,135955,5504913
9,../model_20180612_712325117.uvl,15,15,40773435,true,1544060,27192764,5628511,4127531,50434,1709180
5,../model_20150414_2125272166.uvl,21,24,72628481,true,1710686,46822667,10848236,6577707,165902,5758851
4,../model_20140503_110898123.uvl,16,16,53792031,true,1644242,36100831,9314652,3772694,108938,2378431
15,../model_20170926_1539445221.uvl,14,12,58876488,true,1515323,38113333,8999269,6144061,93345,3487897
7,../model_20190917_1882445879.uvl,16,12,54875493,true,1674427,34183691,8798725,6007927,84877,3652101
11,../model_20110926_608554224.uvl,30,32,56594210,true,1653548,39611295,6292703,3947091,118942,4446389
1,../model_20170809_1734454576.uvl,15,14,37494766,true,1670660,22934685,6634631,4038078,47173,1822682
0,../model_20170320_1505333083.uvl,47,25,57950853,true,2479502,34100526,8775557,4127656,99940,5500982
13,../model_20150527_2051574410.uvl,28,21,45589740,true,3436084,25369826,6634577,4906538,73703,4577158
6,../model_20190915_1647283170.uvl,10,10,46437108,true,1557918,32725097,6688426,3635998,44759,1402657
4,../model_20120328_573707444.uvl,34,27,67711619,true,3391493,35502992,11021151,6654206,201395,10149662
10,../model_20130529_51708559.uvl,16,17,59832571,true,1722550,40364680,6803226,6311965,121990,4104908
14,../model_20131202_1494824194.uvl,34,34,117221678,true,1720371,99918683,6593499,4196953,93543,4092520
9,../model_20110516_1331478109.uvl,88,145,144442703,true,3026817,93942342,13931989,10011404,531619,20951090
5,../model_20101112_864228137.uvl,137,138,120024428,true,2982023,84803280,9031024,5784689,424409,15380779
15,../model_20180512_316263333.uvl,41,36,79059015,true,1863178,51611741,9031610,6663894,196249,9048663
7,../model_20120229_1103715736.uvl,14,13,37871900,true,3539492,21945341,6151435,3735612,51560,2031272
1,../model_20170706_1588900401.uvl,30,26,68613861,true,1613987,49532870,6462034,4065441,167049,6278444
11,../model_20140227_661956564.uvl,47,43,115132908,true,1902543,95107380,7399926,4137248,120348,5809576
6,../model_20140410_1905141388.uvl,11,20,44256318,true,1557661,31349373,5317127,3480992,70032,2134972
13,../model_20120515_1862354569.uvl,15,15,37924525,true,1730932,19975598,9153462,4251820,88859,2237899
4,../model_20150505_1728564449.uvl,13,12,37867738,true,1548896,20979206,9221618,4032343,43268,1586259
10,../model_20141212_523199394.uvl,15,13,47031791,true,1549894,28153405,7763790,5677855,83390,3250202
14,../model_20160531_990808801.uvl,14,13,40693820,true,1587277,24210952,7111525,4774340,49495,2560290
12,../model_20130908_1070185514.uvl,366,528,476037126,true,14106361,345640286,22248877,13915735,1904384,72978112
5,../model_20110525_928187171.uvl,14,14,40779445,true,1667582,22432110,6813786,6009035,86093,3269269
7,../model_20160721_972954567.uvl,10,9,39731955,true,1460434,24900078,6212886,5080765,55401,1635414
15,../model_20150309_670536624.uvl,22,28,66715439,true,1650081,43805855,7605419,6567040,191413,6260417
1,../model_20140408_1553357169.uvl,11,15,51820312,true,1441897,33409181,7644620,4692516,64521,4183198
3,../model_20190917_595353381.uvl,13,12,56067106,true,1847623,35332400,9109784,5891534,85208,3205411
2,../model_20180514_1722608288.uvl,27,27,47415575,true,1661575,32541865,4644290,4527697,109858,3256965
11,../model_20120113_1950870026.uvl,10,10,42846654,true,1748464,27829802,5798980,3844622,47469,3175741
8,../model_20121018_1578042435.uvl,17,15,58844851,true,1772664,37555957,8468367,6505158,101455,3877275
6,../model_20221010_1477134717.uvl,51,44,64926040,true,1981461,44018015,7533766,4420588,143572,5974661
14,../model_20160329_925786350.uvl,31,29,46741322,true,1839838,27249892,7147520,4418369,113728,5390194
10,../model_20190117_1837815772.uvl,14,12,37474792,true,1642321,23443710,5989935,4032260,51833,1914731
12,../model_20201007_667063467.uvl,72,63,82467108,true,2467472,55678219,8663528,4877684,249663,9376990
4,../model_20230322_572568226.uvl,51,36,120519833,true,1971519,99129043,8256803,4204220,113749,6065433
5,../model_20130529_1165512118.uvl,10,10,42807082,true,1595739,29656053,6257845,3458366,51527,1408522
15,../model_20141202_107430422.uvl,36,30,62312741,true,1838634,38589388,10368597,4705172,251322,5624137
1,../model_20130916_882364260.uvl,15,17,55937839,true,1572548,37008652,6972784,6192203,111525,3621316
2,../model_20230615_784426434.uvl,14,13,54432828,true,1597046,36523090,7628673,4864597,90024,3362546
3,../model_20140424_1672030888.uvl,65,45,85116625,true,1903899,60425086,7952864,4840623,166876,8903933
11,../model_20190922_230985682.uvl,21,32,53335393,true,1719275,29411351,8078106,6635777,164211,6623308
8,../model_20100412_337845737.uvl,10,10,48135460,true,1767010,29995049,7265223,6215834,70073,2374370
10,../model_20130917_1805517149.uvl,13,15,49760117,true,1519397,29062369,9368052,5848649,102539,3350569
6,../model_20140320_391816142.uvl,11,11,39820882,true,1444331,26966001,6203030,3503381,42611,1323867
14,../model_20190413_1966613868.uvl,42,18,65642445,true,1822486,40927350,9632306,5793767,87592,6658455
12,../model_20170206_852070049.uvl,13,10,45238890,true,1470183,24688170,9506135,6102259,77547,2946508
9,../model_20140630_1564361664.uvl,10,5,32455517,true,1589413,19500576,6310894,3391785,34082,1294489
0,../model_20221013_1054303307.uvl,66,56,98126886,true,2214758,64635986,7165084,7799110,296546,14867759
5,../model_20140319_1506613330.uvl,16,12,46189386,true,3053292,23208345,9338018,6296961,93734,3692519
4,../model_20170510_174347414.uvl,15,13,47152096,true,1639430,28148268,8376747,5408992,73454,2996258
2,../model_20180611_1112345807.uvl,10,13,53736490,true,1659571,35150042,7501075,5902999,90141,2979046
15,../model_20150720_1580995178.uvl,22,24,68946120,true,1709733,44500703,9867199,6593901,145391,5464521
1,../model_20170315_692595151.uvl,23,18,59249915,true,1656706,40477087,6080851,4871220,128074,5544845
11,../model_20200819_795623217.uvl,26,17,39474771,true,3098143,23018224,5984683,3766525,61006,3041189
8,../model_20150616_314969910.uvl,26,27,42149786,true,1880224,25687278,6597524,4196976,86371,3206998
6,../model_20170301_235251685.uvl,14,13,34923860,true,3110743,20934919,5255173,3522003,53623,1694862
10,../model_20100529_1010171189.uvl,22,15,39354389,true,3551734,21790813,6270561,4272520,80113,2920922
14,../model_20140321_1655023261.uvl,14,14,33158494,true,3201904,19634351,4277647,3600338,52953,1880967
13,../model_20131122_1083650489.uvl,15,15,46351899,true,1713416,26996793,7256946,6063992,93414,3673975
12,../model_20170322_711096381.uvl,10,10,44740566,true,1490388,29982283,5391308,5683477,44698,1734342
5,../model_20140301_728202228.uvl,49,45,72971727,true,3668261,52345731,6436975,4126951,117711,5531546
1,../model_20101119_1472596180.uvl,25,26,42207650,true,1647643,26567092,5750881,4023524,141934,3620381
15,../model_20140423_813378270.uvl,48,44,63876430,true,1769562,41743759,7280037,4795265,170655,7429749
2,../model_20141111_2120296387.uvl,51,18,72028979,true,1745233,50760411,7760455,4366207,114418,6402115
11,../model_20180815_1120231956.uvl,26,33,47700355,true,1637354,30312342,6859304,4200997,100979,4078041
14,../model_20161018_1395239714.uvl,11,11,31104859,true,1626433,18765298,4920653,3984630,40255,1419834
6,../model_20190917_383002664.uvl,43,24,72754315,true,1900004,44004329,9327664,7014938,183232,9622875
7,../model_20180306_1851656621.uvl,49,41,111702364,true,3662209,88135938,7145556,4196821,177713,7607744
10,../model_20190914_1323674619.uvl,61,57,75620747,true,2187567,53630878,7002647,4326819,183194,7371955
12,../model_20160330_149443721.uvl,30,43,56786039,true,1926391,38071137,6882357,4156644,131444,4975739
13,../model_20160311_1359424486.uvl,50,50,86780171,true,3670834,55631652,7616108,7434020,271497,11366297
1,../model_20180512_733862721.uvl,23,22,49345647,true,1633965,30145333,8567110,4184932,236303,4030589
15,../model_20170814_699386305.uvl,12,12,43611917,true,1438662,30200471,6041114,3833711,65220,1666908
5,../model_20160420_474055968.uvl,96,69,113087827,true,2102851,83718133,8755310,5171392,318849,11858447
2,../model_20201011_1804341944.uvl,59,59,78945901,true,2045955,56728180,7757156,4470754,175566,6952156
14,../model_20130422_139902368.uvl,40,34,48009849,true,1657424,28900053,6942935,4420869,132448,5222707
11,../model_20200901_1590540568.uvl,38,33,77910029,true,1846009,58552753,7195669,4530563,120691,5015382
6,../model_20180306_177892963.uvl,45,37,75176394,true,1808978,44889763,11326754,6774206,154809,9538453
3,../model_20141021_386995832.uvl,24,24,70326503,true,1784785,45048093,10114892,6584945,155265,5864121
7,../model_20121018_1701181193.uvl,17,15,56523494,true,3036796,31444000,10920719,6439518,97229,3943040
13,../model_20140524_520707568.uvl,11,9,36385092,true,1374201,19679517,9449669,3749352,62441,1640581
10,../model_20100822_281357717.uvl,15,16,127766753,true,1561923,29695206,7457913,4524788,66919,84105671
12,../model_20221114_1363146415.uvl,39,43,83011965,true,1968720,52721783,10464404,7114012,240597,9434407
0,../model_20100416_811483774.uvl,16,9,33017034,true,1767060,19903336,5414294,3633450,43283,1754323
9,../model_20140209_34267674.uvl,44,41,57441554,true,1856061,37355246,7037868,4187437,178437,6114726
1,../model_20110519_503436691.uvl,11,10,39661388,true,1524748,23760347,9031701,3527532,69988,1345793
4,../model_20150507_425070085.uvl,44,44,75723644,true,1909243,42779839,11046870,7181143,234139,11455181
15,../model_20131112_1617262618.uvl,30,25,60999728,true,1611245,42019332,7530146,4018828,141727,5032070
2,../model_20110318_225131257.uvl,15,15,54214880,true,3507099,38230304,5838094,3621540,111044,2495795
8,../model_20191119_1702487696.uvl,24,24,37329767,true,1665593,22588659,5617899,3816222,64636,3050425
7,../model_20151106_857588743.uvl,21,25,43079596,true,1621867,26551205,6467443,4837442,109216,2981146
13,../model_20161209_758532997.uvl,13,5,54048376,true,1540626,33197463,9242180,6207579,77540,3288697
10,../model_20180512_143602565.uvl,37,37,52243066,true,1899785,36301112,4908822,3817854,162827,4486440
12,../model_20170927_2140419024.uvl,87,69,71012555,true,1981546,44576416,8597798,4774597,194110,9652076
9,../model_20190915_38921055.uvl,10,10,36370025,true,2528561,17744743,9105801,5276315,40503,1242506
0,../model_20230322_1914329788.uvl,32,32,54195154,true,1500392,38524286,5613332,3668455,174772,4084915
15,../model_20130916_330769314.uvl,17,18,78423961,true,1470678,65127126,5706860,3704031,59744,1962095
2,../model_20140614_1407759983.uvl,29,29,44038650,true,1939374,27120464,6538031,3864644,85301,3742457
8,../model_20171208_504832504.uvl,10,8,33427673,true,1484533,19416338,7291231,3609891,36572,1226567
4,../model_20180305_1565538092.uvl,50,39,62455418,true,1664333,40321929,7989886,4388302,201600,7142701
7,../model_20141029_1924517902.uvl,53,53,70262745,true,1492171,37699083,11505733,7511486,311423,10535923
13,../model_20120801_1784537083.uvl,12,11,42228551,true,1479516,29468000,5837935,3559321,40845,1524117
10,../model_20230322_61558144.uvl,16,16,44240168,true,1600108,29609443,6760930,3839353,56310,1909668
12,../model_20130305_522520932.uvl,16,14,33942225,true,1394045,20440120,5829178,3614006,55741,2189427
0,../model_20140430_1345238885.uvl,17,17,44615789,true,2853209,26831650,8184289,3388946,94584,2738356
9,../model_20140728_1532422166.uvl,23,37,92119371,true,2866661,63012827,10074250,6715671,254809,8443707
15,../model_20150616_1287606127.uvl,22,21,46385922,true,1693122,32797305,5324452,3494105,63452,2506963
8,../model_20161101_1287284082.uvl,50,37,78037266,true,3426063,52789339,9595341,4694977,117845,6413165
4,../model_20160311_358715911.uvl,26,26,42192378,true,1649629,25462675,5185027,4154821,136639,4971765
7,../model_20130818_278315719.uvl,10,10,32015643,true,1454466,18915355,6470467,3587454,38365,1149509
14,../model_20160912_772295854.uvl,18,18,42322148,true,1828294,26858571,7176455,3806574,62339,2041501
13,../model_20130716_384525556.uvl,17,12,43576830,true,1465230,25639844,9373441,4309704,51878,2210101
5,../model_20141106_687094706.uvl,65,61,77315452,true,1852853,52159107,8308664,4599579,329276,8734686
10,../model_20180913_872907572.uvl,15,15,38321108,true,1551297,26641720,4180109,3453022,86790,1900180
3,../model_20120328_810464459.uvl,17,17,34575054,true,1609207,20933856,5793417,3631517,56116,2144773
6,../model_20120823_304633016.uvl,16,19,68294617,true,1754541,44969424,9640230,6353888,131412,4859835
11,../model_20140223_789634838.uvl,26,19,70679493,true,1870450,44617594,10297938,6809941,255294,6037038
12,../model_20150515_2045521211.uvl,25,26,50718297,true,1805473,33454161,7252898,4167129,107786,3286518
0,../model_20180708_1907991672.uvl,24,30,54377260,true,1588996,37216957,6414931,4426847,283880,4001379
9,../model_20160329_736279509.uvl,14,14,32665728,true,1558252,20713225,4568050,3628347,45418,1799984
15,../model_20120328_1357539597.uvl,18,17,40326777,true,1681161,26418218,5862443,3557867,61375,2281356
1,../model_20171202_671836466.uvl,14,14,35525118,true,1630277,22644742,4857571,3491843,78630,2324316
8,../model_20130426_1685243628.uvl,16,15,49021868,true,1807364,32648829,7440550,4575325,59113,2060349
13,../model_20170607_1389753102.uvl,13,14,33401699,true,1403116,21132996,5244608,3573936,47916,1658629
3,../model_20160721_1827988269.uvl,19,24,43514315,true,1890277,27640385,6332878,4535984,159033,2495459
10,../model_20140615_1755551630.uvl,24,22,88969322,true,3872891,71194060,6516736,4007611,67817,2808513
6,../REAL-FM-12.uvl,14,14,51747625,true,1440178,31099677,8995934,6053828,108790,3583571
11,../model_20121026_334751192.uvl,28,28,48682361,true,1747522,30853451,7730044,4144619,84491,3568005
12,../model_20111220_1184087779.uvl,15,9,38061984,true,1616110,23104817,6566898,4507204,48585,1812752
0,../model_20140613_2054294739.uvl,10,11,52919622,true,1567619,33645075,8520267,5784616,86441,2881916
15,../model_20130117_2075912065.uvl,13,14,42462498,true,3567651,28630441,4407333,3469677,60312,1902142
9,../model_20110329_10104623.uvl,41,35,98039200,true,1720454,77189142,7295760,4331621,122250,6751784
8,../model_20130916_1448418245.uvl,14,16,42253081,true,1622469,24981192,7389392,4877442,56722,2880944
1,../model_20141129_1642511009.uvl,34,37,60644937,true,1771101,40538250,7587965,4489492,139988,5528286
2,../model_20190825_1083955002.uvl,12,10,33031085,true,3268763,18046043,6336791,3358299,39479,1612635
13,../model_20140823_1972464026.uvl,35,38,51028366,true,1764914,32396415,7071004,4252084,191649,4536533
3,../model_20110725_452580960.uvl,34,30,45823198,true,1666722,29437636,6543429,3760478,85789,3781345
10,../model_20141129_966803644.uvl,12,12,35570349,true,1449284,22955790,5664730,3531075,47875,1610085
11,../model_20161118_1167269407.uvl,66,22,71327036,true,1884644,46949587,8317824,4519936,225919,8407722
12,../model_20111027_668940289.uvl,29,29,50872811,true,1854888,31736691,7612639,5046284,113095,3919305
0,../model_20160712_1875218337.uvl,11,11,46064741,true,1529313,32573788,5602483,4129001,55012,1779153
15,../model_20111214_733452875.uvl,15,15,53083230,true,3396119,33044529,7513067,6009715,54873,2578332
8,../model_20120529_2101702978.uvl,35,46,111126634,true,1949048,77857073,11030369,7508466,304104,11495903
13,../model_20140605_572628146.uvl,11,11,34095712,true,1547861,21416615,4554177,4519933,68535,1558540
1,../model_20110406_1047532859.uvl,29,28,78625480,true,1677775,51441672,10329519,6578311,177243,7578625
9,../model_20190223_1159148955.uvl,103,70,131808775,true,2762070,94712513,9240129,5297664,252904,18229377
3,../model_20171109_1740328562.uvl,21,25,81532163,true,1682536,55972380,9740188,6566063,314472,6763627
10,../model_20120915_487659597.uvl,20,17,48162993,true,1605083,33377743,6084343,3798684,80029,2760298
7,../model_20140403_1425048263.uvl,12,12,33207430,true,1496233,21820277,4357040,3572708,43041,1605058
4,../model_20230322_729074756.uvl,29,23,51034138,true,1660685,29669790,6327354,6353485,132296,6363544
11,../model_20170310_2069806245.uvl,49,36,64794209,true,1860822,39297775,10041229,4638110,140957,7571516
5,../model_20171108_1643056811.uvl,12,6,52773333,true,1865471,32588403,8840403,5885181,67884,3055311
14,../model_20130821_361829065.uvl,30,30,63114776,true,1550068,39739349,7733100,6414476,154776,6789678
12,../model_20140409_1370428339.uvl,24,28,55161282,true,3604845,35495885,7359103,4035130,100835,4129417
2,../model_20221031_379205114.uvl,158,208,243643416,false,5029725,198453336,6589754,6524472,761438,26054143
13,../model_20181029_2093756359.uvl,18,18,41007662,true,1644432,23735373,8401532,3985386,67472,2586227
1,../model_20170918_446567907.uvl,48,37,76359011,true,1882011,49944857,7782632,4827467,228428,10927597
8,../model_20140306_1607259562.uvl,43,49,62787448,true,3956464,38051407,7574384,4744588,152572,7514360
10,../model_20160621_993334585.uvl,26,24,40319161,true,1828706,24634072,5947410,3891970,67878,3418061
11,../model_20180930_1153905679.uvl,27,27,40146850,true,1518462,24829361,6013294,4094624,160929,3015280
6,../model_20200815_1845054862.uvl,39,32,46426577,true,1450054,27846659,6959473,4429322,104137,5030270
14,../model_20230322_1194175451.uvl,34,25,52335665,true,1689343,34528211,6609416,3822852,134623,4912689
12,../model_20110328_1177934440.uvl,18,20,107835393,true,1572654,93225750,6362489,3800093,65427,2416499
5,../model_20200810_956997411.uvl,39,36,112120318,true,1537977,91935147,9186872,3966888,104810,4412068
2,../model_20160330_469153666.uvl,13,13,29031730,true,1681328,17487515,3758822,4156802,42947,1561691
13,../model_20230322_1299985155.uvl,31,20,41741480,true,1578599,26225645,5734905,4033970,85918,3389198
8,../stack_fm.uvl,17,13,34082884,true,1347033,20763488,5959658,3549569,49598,1961484
1,../model_20130105_1019508207.uvl,24,27,57937884,true,1643114,42385642,6370377,3933353,144530,3032573
10,../model_20150109_425963323.uvl,37,23,67293583,true,1800127,44325739,10005318,5820842,89201,4247464
14,../model_20180512_419383167.uvl,36,38,42082479,true,1626557,26038384,4887379,3956881,185178,4741838
5,../model_20130529_1162054266.uvl,16,16,47533823,true,1577826,33225188,6275340,3619589,75823,2325376
11,../model_20091205_755658379.uvl,94,71,85755905,true,2426790,53948868,9891627,4861073,325466,13086931
12,../model_20200815_582760962.uvl,29,23,53774504,true,3571678,33152510,7033559,5348495,78660,4044188
2,../model_20170528_1427439246.uvl,10,11,55138707,true,1388215,35569495,8822097,5847176,81924,2972877
0,../model_20161003_680973994.uvl,53,58,107590894,true,2124641,72414668,10776175,7875797,374157,13267635
13,../model_20170919_1393589103.uvl,48,45,85057970,true,1947357,53059379,11024233,6987348,210855,10713242
1,../model_20150625_1923523971.uvl,16,13,48544465,true,1562786,28322966,9097032,5388523,94590,3513522
8,../model_20160531_486171149.uvl,35,35,83065129,true,1871843,55848902,8604390,5136220,376100,10463679
15,../model_20170514_1578942718.uvl,40,44,86663483,false,1953405,62238182,6327981,6521983,263271,9116679
9,../model_20170925_1698983864.uvl,19,19,43277716,true,1655526,28110980,6231311,3508745,102388,3272528
3,../aircraft_fm.uvl,13,12,46228823,true,1504746,30233849,6504335,4162586,73608,3346931
14,../model_20110809_1799855518.uvl,25,13,65422987,true,1680384,43104615,8072850,6058150,125560,5920739
10,../model_20170919_303553909.uvl,49,55,110184760,true,2095804,82811086,8141346,5364063,456172,10586276
6,../model_20170221_1848353506.uvl,210,161,261356667,true,6310955,164041050,21356614,12228658,1437276,52094848
5,../model_20181205_2097248492.uvl,19,24,72049340,true,1640725,48228647,9556617,6149149,150977,5763118
7,../model_20150624_1191374126.uvl,13,12,44515125,true,1745323,25542739,8303156,5384657,53587,3016950
11,../REAL-FM-18.uvl,44,47,86423794,true,1865616,53157255,11363760,7169416,307406,11419089
12,../model_20171129_847069382.uvl,35,32,59634597,true,3663337,37403220,8459852,4487375,97575,4568047
13,../model_20160531_1105256806.uvl,25,30,42211855,true,1686551,26575776,5868759,3635259,158809,3656116
8,../model_20170215_1976164448.uvl,35,20,50535022,true,1759910,30933055,7464585,4972180,94676,4714719
15,../model_20150301_1821356180.uvl,28,33,63534888,true,1787444,38543829,8897238,6056804,1318794,6166298
3,../model_20120130_333619036.uvl,31,27,59123832,true,1792360,41308821,6856868,4077309,145749,4394484
14,../model_20141023_1600573567.uvl,20,20,37720244,true,1835685,23462257,5839572,3687634,67718,2351756
7,../model_20190805_1041162508.uvl,23,13,39427202,true,1585029,24563191,6117604,3804146,66411,2842131
6,../model_20160429_2024552354.uvl,12,12,83573726,true,1618819,69810443,6018273,4086007,40516,1535769
5,../model_20160426_744600320.uvl,21,20,57587154,true,1653172,38552504,6843645,4906940,120431,4984825
11,../model_20130529_2135483929.uvl,16,17,41814768,true,1708730,25051698,7206253,4758975,89880,2551228
12,../model_20160125_59009200.uvl,37,35,58847488,true,1694139,37507269,6716921,4335052,227096,7816652
13,../model_20161109_258969269.uvl,10,11,31879838,true,1589473,19795711,5392217,3330287,45033,1404114
8,../model_20230613_1168762973.uvl,11,7,36235438,true,1500841,23936448,5580321,3478176,40601,1330467
3,../model_20171029_1247758730.uvl,10,9,35119066,true,1656468,22831125,5478003,3618449,35349,1162462
15,../model_20170313_143405764.uvl,48,46,85065771,true,1982742,61856942,7408123,4566424,936208,7609929
7,../model_20150529_550903687.uvl,21,20,55297977,true,1403755,40001998,6107605,3585447,67433,3725435
6,../model_20120806_904481092.uvl,17,16,60271784,true,3503267,36338485,9389248,6326013,109726,4081672
14,../model_20140227_386614568.uvl,75,49,84398072,true,3223412,51671311,9306665,6735286,456144,11883968
11,../model_20180911_126281571.uvl,10,10,53486567,true,1606823,34348238,8277639,5843991,79710,2912772
5,../model_20230322_1887635433.uvl,32,32,71755358,true,1700581,47347191,7483536,6862568,182993,7633012
2,../model_20150612_1719519345.uvl,14,12,48421905,true,1629895,35030251,5679029,3544892,69632,2044737
12,../REAL-FM-14.uvl,18,16,59961267,true,1660227,38103885,9073551,6245767,94695,4173694
0,../model_20100607_746327867.uvl,20,15,47155660,true,1667184,30797647,6631914,3839959,55835,3719705
13,../model_20160309_77134368.uvl,18,17,56246123,true,1503191,34008798,9805032,6092801,100500,4152981
8,../model_20130422_1348727660.uvl,19,16,60901757,true,1684970,40189197,7561186,6559044,109677,4326979
3,../model_20160926_106687243.uvl,57,52,91608920,true,4195431,58240964,7242308,7567326,314214,13288977
1,../model_20170228_2078125436.uvl,34,26,117337604,true,2063245,101044991,5846078,3643495,99055,4062272
7,../model_20180512_775268148.uvl,24,21,42432428,true,1493206,25125892,8469071,3738280,74483,3053351
9,../model_20170512_1532934104.uvl,24,24,46583699,true,1810703,30272059,6649316,3950359,64030,3316660
6,../model_20131202_715513367.uvl,22,22,48295125,true,1534652,28289518,7445444,5825785,125629,4537674
14,../model_20170404_1821671055.uvl,13,14,48584626,true,1425214,27265389,9435963,6214472,107073,3573627
5,../model_20130908_1057721135.uvl,14,14,38887855,true,1602373,24195419,6592006,3983735,47794,1979555
11,../model_20131122_1573422851.uvl,15,13,59797128,true,1577983,38065106,9733909,6203384,83509,3513740
10,../model_20230322_774285627.uvl,15,12,48972165,true,1664503,31711477,8612404,4553412,53255,1880571
13,../model_20190917_1844149588.uvl,49,25,72376807,true,1886876,48121052,6904734,5755855,98733,8852452
8,../model_20160330_1233914245.uvl,12,13,41086719,true,3484316,25267073,6166312,3963107,65203,1747617
3,../model_20191111_1176325905.uvl,16,14,58118355,true,1583390,37107970,9077030,6111564,93334,3602472
9,../model_20200816_1246721801.uvl,18,16,34576572,true,1804743,20024171,6296823,3935241,53091,2032581
14,../model_20140101_941325443.uvl,10,10,31432893,true,1403776,18705972,5800912,3825633,39707,1310452
11,../model_20140604_731553244.uvl,14,14,46340447,true,1596014,29979232,7708848,3940591,47051,2693466
7,../model_20160919_422339066.uvl,50,42,65373215,true,1751922,39361490,9429984,4931132,146383,8585990
6,../model_20131202_533920013.uvl,19,19,36169574,true,1645986,22523438,5045804,3628304,115872,2727155
10,../model_20180613_78021145.uvl,15,16,54775732,true,1595079,34221532,8797740,6082831,108392,3589322
13,../model_20190921_1186818003.uvl,15,13,34029513,true,1542699,20687000,5397084,3433752,47744,2543128
8,../model_20180713_1002093829.uvl,23,17,73989592,true,1713462,48507298,9919446,6633517,137419,6313298
3,../model_20160123_368502373.uvl,10,9,48637442,true,1519386,31800478,6744863,5762291,70089,2374773
15,../model_20121213_681234650.uvl,33,33,46434426,true,1842245,28245114,7238852,4116634,94322,4346526
9,../model_20190513_215044614.uvl,10,9,34752912,true,3282525,19442217,6284516,4243559,36368,1165233
7,../model_20131217_806985744.uvl,11,7,33417083,true,1500210,19772148,6499421,3622990,39443,1642316
11,../model_20130508_1842381745.uvl,16,14,45936821,true,1388895,24579457,9808793,6056136,69313,3392085
10,../model_20131201_820966647.uvl,18,19,62950245,true,1597891,40793112,9136406,6254444,119584,4431766
6,../model_20230322_310895789.uvl,26,26,67834738,true,1683580,44084324,8211318,6523908,146091,6314995
14,../REAL-FM-3.uvl,43,45,146481538,true,1886778,118151909,9565678,6790129,242155,9138092
13,../model_20170627_231083922.uvl,14,14,42816839,true,1695373,28669928,6111869,4163669,57765,1780727
12,../model_20160329_174305764.uvl,44,49,58186244,true,1641538,36256068,8070653,4312984,252997,6928865
2,../model_20181103_2077285196.uvl,11,11,58564090,true,1745705,37093322,9426125,6613739,93334,3115320
8,../model_20190513_639238065.uvl,10,10,40699857,true,2978879,21879941,8536370,4355323,59686,2469141
3,../model_20150521_1423870525.uvl,16,16,48618477,true,1329627,29480795,7572717,6229121,86458,3391383
15,../model_20200919_469515687.uvl,20,18,39738739,true,1792151,24087189,6701466,3919617,95666,2653450
0,../model_20170930_228024571.uvl,62,69,127047223,true,6040223,95683216,8256348,4464811,1786965,9917009
1,../model_20121023_1328975384.uvl,14,14,45768945,true,1565307,30766429,6139785,3802264,50182,3097739
11,../model_20140819_535519547.uvl,13,13,34274060,true,1488946,20139326,6661329,3586554,45603,1877356
6,../model_20120110_139114401.uvl,10,10,43001567,true,1539848,26780848,6337775,5445652,77644,2406792
10,../model_20160824_2005849052.uvl,21,21,61087849,true,1686843,38182982,9454459,6102543,121428,4858447
5,../model_20140615_1477062295.uvl,33,26,75135197,true,1758236,51049040,6765907,6885370,171238,7938763
14,../model_20180306_1110315637.uvl,39,19,79715499,true,1701661,50854041,10921440,6926905,171985,8126099
4,../model_20190904_400441788.uvl,625,500,630078993,true,28108673,422131979,45037553,25598833,2333401,98929840
13,../model_20161128_2133107865.uvl,68,46,100739190,true,2344024,76319548,7760140,4350455,225313,8666273
8,../model_20160917_824197127.uvl,14,11,93840058,true,1629420,80351763,5801664,3898603,42497,1672865
2,../model_20160329_1691896941.uvl,28,38,52283100,true,1933748,32634267,6840772,4511815,184271,5200922
3,../model_20121023_356761254.uvl,12,12,38910105,true,1570372,25072531,5914898,4303797,41680,1557193
15,../model_20200811_1911664133.uvl,17,19,39594100,true,1466614,25036335,5999105,3723909,149149,2767058
1,../model_20131122_23346211.uvl,15,13,54759498,true,1661244,35109742,7826946,6046101,88451,3589851
0,../model_20190916_233719618.uvl,10,10,41691131,true,1661656,24626016,7754073,5022612,58344,1969462
11,../model_20160502_1352812691.uvl,38,32,50864326,true,1912762,33253169,6569294,4010781,104842,4389210
10,../model_20170315_1174513943.uvl,18,18,36604044,true,1588747,21977111,6332171,4062730,58055,2102793
5,../model_20141029_1107505375.uvl,12,12,51603239,true,2011361,31593317,8349859,6354165,78188,2854766
14,../model_20190619_50728308.uvl,19,19,54348945,true,1670831,36599354,5198521,5869974,107129,4372672
4,../model_20131112_605989901.uvl,25,18,64159552,true,1786672,45577930,6421196,3748668,124722,5904615
13,../model_20091015_449909368.uvl,10,10,30830965,true,1486418,17541735,5730121,3536981,42914,2127672
8,../model_20160330_511669656.uvl,15,10,56182249,true,1637901,35077101,9048504,6270960,75175,3501768
3,../model_20120202_1596034358.uvl,10,11,51136941,true,1641489,32261796,7579536,6356259,78062,2559850
15,../model_20180612_1244406232.uvl,33,33,72558128,true,1769792,49657669,7308424,5597578,176164,7450386
1,../model_20160329_160417479.uvl,20,17,44822756,true,1510731,30084134,6159653,3475173,110736,3085247
0,../model_20151119_825568988.uvl,19,19,40088432,true,1638261,24881390,6775959,3885783,66648,2302869
11,../model_20180403_1861855205.uvl,14,14,35086201,true,3432483,20512195,4896561,3926955,51481,1861429
7,../model_20110203_2097159983.uvl,18,18,38621861,true,1774239,23151110,6915403,3984514,56628,2176302
14,../model_20120731_787433291.uvl,43,40,59430668,true,1923320,38834571,8091058,4127126,129161,5593619
10,../model_20190522_227919886.uvl,20,21,65253429,true,1629252,46930151,6737641,3790356,154020,5433056
9,../model_20180306_1625675392.uvl,48,25,73822419,true,4525256,50825879,7680797,4129139,107684,5746993
5,../model_20160508_265400900.uvl,46,52,84694083,true,1976616,59666966,8646428,6075778,151336,7398135
12,../model_20130122_243381566.uvl,14,14,33320343,true,1771153,21196270,4460530,3769641,45583,1706510
8,../model_20200810_1487197226.uvl,29,29,43028076,true,1659159,26747350,5592436,4428863,86107,3976632
3,../model_20120109_1808102333.uvl,18,19,63397617,true,1753991,39136056,9277359,5966313,190964,6481451
0,../model_20131125_731391866.uvl,18,19,107341533,true,73305750,20676250,6595525,3564262,59775,2714612
11,../model_20161101_1188178549.uvl,36,36,47813809,true,1766958,30204593,6766983,4244825,225182,4018059
7,../model_20130122_1064508817.uvl,12,17,39706629,true,1650793,23791164,6543676,4717409,103946,2512868
14,../model_20191126_842054213.uvl,21,23,54627625,true,1536719,30213618,10420448,6639060,313328,4848561
15,../model_20110704_328391695.uvl,172,145,140526995,true,4967428,80550400,16618406,9993760,513682,24625438
9,../model_20230228_1021126902.uvl,11,11,47376566,true,1504490,25040828,9702743,5628113,75494,5024407
6,../model_20141107_377655341.uvl,24,25,67784204,true,1807242,44485488,8033594,6403867,161682,5820655
10,../model_20120522_87989914.uvl,35,47,86591869,true,1854470,61838306,10456904,5162454,212652,6306584
1,../model_20190824_1440931285.uvl,104,104,157248452,true,3931839,101020929,15726171,9600191,562844,24112201
5,../model_20170916_973590519.uvl,48,39,101695331,true,2066182,73936818,8651001,5972888,267707,10029501
12,../model_20120329_788560154.uvl,55,49,74491243,true,2065204,45552629,10320129,6644856,137790,8577687
8,../model_20170517_1986241278.uvl,10,10,54798300,true,1724660,34660188,8897939,6151582,83800,2840053
3,../model_20131109_2060894287.uvl,14,13,58412663,true,3396997,35451967,9096504,6156357,102295,3678588
0,../model_20131016_1224723724.uvl,11,13,55866784,true,3434536,32804190,9064486,5788698,86161,4231823
11,../model_20130916_2072761889.uvl,15,17,54029273,true,1711041,38893348,6105327,3752715,108560,3020710
14,../model_20160608_755102753.uvl,12,12,36042808,true,1555864,22297413,5126704,5000293,58706,1649654
7,../model_20160315_505457800.uvl,28,28,44719907,true,1843347,27312514,6265859,4060418,81940,4348869
9,../model_20160821_1946133193.uvl,14,14,36255304,true,1689697,21572759,6535266,4131569,61089,1847333
6,../model_20160221_544170906.uvl,11,10,37338552,true,1561160,22871378,6748836,3887033,71112,1821585
15,../model_20110306_314567479.uvl,14,14,48062099,true,1702160,32621751,6572118,4312454,89659,2324293
1,../REAL-FM-9.uvl,14,15,52894665,true,1688947,34862970,9332730,4564293,71351,1916271
4,../model_20110222_2078967171.uvl,48,51,76432290,true,1975251,50501953,9760314,6677958,173739,6580564
5,../model_20190920_1330526555.uvl,10,10,47309750,true,1514103,27826952,9073400,6028688,69915,2355061
13,../model_20130305_204544380.uvl,13,13,49521539,true,1631395,32002279,7482690,5450021,68441,2473228
2,../model_20170328_1485540940.uvl,451,428,533782336,true,22299074,383720407,22769701,12101274,1887128,86224622
3,../model_20160411_1158715394.uvl,11,11,32525592,true,2285434,20961767,4157152,3433125,39355,1311031
0,../model_20200128_1154759905.uvl,23,23,63834830,true,1758087,45450480,5399167,4595456,139655,5987049
11,../model_20190503_1463982406.uvl,41,45,52520746,true,3028654,30866627,7144085,4179963,139527,6516183
7,../model_20171010_332868283.uvl,12,11,36915729,true,1585730,23106848,6629553,3489919,46171,1646767
6,../model_20180819_995624779.uvl,14,14,35784433,true,1631172,21172003,7105191,3584721,51970,1814797
1,../model_20200609_1715293706.uvl,12,12,36316079,true,1634584,20759321,7569559,3956140,52958,1847230
15,../model_20161012_1497804026.uvl,13,13,88835445,true,1601175,74697356,6115845,4085487,45372,1859360
13,../model_20230322_242202942.uvl,19,19,51193200,true,3843838,32855760,7626685,3926161,75185,2391297
5,../model_20140225_1829795152.uvl,14,13,40874895,true,1517992,26763372,6288592,3769632,50706,2054425
2,../model_20181219_1343761699.uvl,20,14,46312866,true,1522185,30176177,6946057,3676736,72313,3483356
4,../model_20171008_377237228.uvl,43,43,112257727,true,1732734,93077113,6588154,4377926,119852,5616474
3,../model_20101117_1571856147.uvl,10,10,36698707,true,2554953,22977906,6121156,3493099,35242,1252409
11,../model_20110826_1555954181.uvl,24,24,40201798,true,1692221,22217822,8131887,4031188,70308,3376615
0,../model_20100831_1378118837.uvl,35,32,44567744,true,1426091,27237377,6595096,3901420,92962,4703691
7,../model_20160111_1033692827.uvl,61,58,68830421,true,1753782,43212714,7288294,5368641,206538,10076629
6,../model_20130916_1980915056.uvl,15,17,58135715,true,1659649,39261786,6446096,6249697,110990,3908280
1,../model_20121123_388334786.uvl,16,17,42147339,true,1602969,28802710,5744708,3412492,62383,2178200
5,../model_20150429_343028682.uvl,43,39,53828269,true,1903872,33222435,7452003,4672222,107186,5771505
2,../model_20180126_2070362475.uvl,30,25,45358520,true,1603103,27975416,7593279,3884493,77433,3586156
10,../model_20130324_1541392486.uvl,51,43,59746296,true,1742975,35255020,7773909,5469871,136073,8609867
13,../model_20140428_1127346099.uvl,72,71,94020028,true,2277572,67099411,8276297,5322675,379537,9695181
3,../model_20150507_1665248699.uvl,15,14,36164037,true,3370224,18214407,8487052,3699735,49369,1879353
12,../model_20120328_1667195252.uvl,24,25,107386244,true,1566169,92173333,5936370,4253189,78175,2952034
8,../model_20111025_1408959776.uvl,13,13,37134434,true,1756615,24259650,4307571,3835129,77226,2486102
0,../model_20170310_906013336.uvl,47,33,82544928,true,1956739,49730929,11570207,7321155,220068,10537317
7,../model_20221025_2010292001.uvl,22,22,48972473,true,1569988,33375997,5450921,4495549,65158,3494224
6,../model_20230322_2065877531.uvl,26,26,39917626,true,1629644,25806537,4773199,3917040,71854,3173042
1,../model_20160329_1491802197.uvl,20,17,44858036,true,3317611,28750291,5996124,3644947,58093,2685492
9,../model_20160330_1356575467.uvl,10,10,29987451,true,1823549,18490962,4442344,3555113,37626,1264541
2,../model_20150305_837831991.uvl,39,42,60295017,true,1708994,39319837,8552343,3953117,118540,5808449
13,../model_20161128_844678202.uvl,39,31,61794663,true,1864420,40009703,7899299,4619047,107972,6596158
5,../model_20120122_258977494.uvl,19,19,64277073,true,1483253,43514584,7526586,5800179,140469,5380504
14,../model_20220910_809454030.uvl,37,39,85601886,true,1723295,54235241,9656027,6171793,266404,12592366
3,../model_20161107_2119549052.uvl,12,12,35473789,true,1685435,24405009,4176969,3398367,42494,1389873
12,../model_20120829_1418879889.uvl,10,10,28432930,true,1558359,16472550,4803086,3817543,42575,1366249
0,../model_20120904_1604580471.uvl,13,8,34184937,true,1593202,21623486,5484400,3446213,41333,1628715
8,../model_20150223_339293957.uvl,26,25,77873071,true,1655762,51218536,10145413,6789039,176441,7118228
7,../model_20160330_1191432205.uvl,19,19,38075667,true,1519417,22546285,5870622,5192350,60253,2451908
1,../model_20131111_1486670620.uvl,21,18,56181500,true,2296237,38391823,6235837,3728101,113476,4976563
6,../model_20130911_2001583567.uvl,34,24,53046674,true,1761746,33988609,7138382,3956424,154871,5435037
13,../model_20190917_1679843058.uvl,11,11,43146465,true,2771663,22089933,9428748,5819146,72292,2550367
14,../model_20180222_1813103418.uvl,26,18,47785275,true,3499438,30318193,6515697,3772407,65521,3145538
5,../model_20130220_406091727.uvl,43,48,61932320,true,1808305,40649443,7790588,4639878,230488,6115385
2,../model_20170818_1523700786.uvl,31,31,54148797,true,1693826,38062200,5774984,4302001,92532,3667861
15,../model_20131128_2046989275.uvl,15,15,35167306,true,1661517,23376286,4362120,3436121,54755,1927312
3,../model_20180311_1112468126.uvl,29,29,44341158,true,1685465,27040392,7088262,4016245,149177,3664713
4,../model_20130812_690840910.uvl,30,36,62369824,true,1786490,41083566,6520148,5748787,173246,6476737
12,../model_20180222_1531590612.uvl,18,17,61102396,true,3605907,37122711,9153541,6376251,104983,4122921
0,../model_20160229_1590940306.uvl,50,58,117822969,true,1960315,95376592,7900182,4497847,168825,7192231
7,../model_20160906_881197553.uvl,18,14,46985729,true,1521410,26980381,8219629,6064594,87192,3644273
11,../model_20150320_593593000.uvl,13,13,48659883,true,1687235,27684365,9093141,6183237,128312,3397719
6,../model_20190919_887233558.uvl,17,17,45852374,true,1548135,28634649,8308159,4637450,55898,2304954
1,../model_20140509_978687642.uvl,10,10,43770908,true,1449898,28814112,6358537,4505532,61364,2195758
8,../model_20230322_1023477919.uvl,73,55,88664023,true,1915622,59333716,8755486,5536815,361508,11799025
5,../model_20190918_1569717148.uvl,17,17,55970264,true,1530612,35459541,7950582,6457714,98868,3916665
2,../model_20171014_936370428.uvl,10,9,43485385,true,1507327,29148932,6582505,4258186,70616,1631572
14,../model_20141116_913921823.uvl,44,41,81611757,true,1859560,52488800,8981493,6949064,246044,10188000
10,../model_20131122_1558809462.uvl,26,26,51259929,true,1716442,34070195,8219644,3476236,144702,3037214
3,../model_20140303_1487935744.uvl,23,14,43774099,true,1711696,28991076,5919855,3784694,85753,2835179
4,../model_20190916_1591625575.uvl,42,24,60956506,true,1848842,41510834,7674725,4208942,92210,4943066
12,../model_20191115_635910941.uvl,37,28,65981385,true,1856317,46584552,6506804,4217611,97307,6060775
6,../model_20160308_993894457.uvl,10,9,39539573,true,1657248,24562704,7800293,3820522,61300,1231043
11,../model_20121123_1588832561.uvl,16,15,43169927,true,1695740,23161108,9354089,5710859,87225,2608854
7,../model_20170320_772300106.uvl,48,48,78086795,true,1940991,49077600,9255792,7318673,233884,9068102
8,../model_20171012_404282969.uvl,25,25,45748745,true,1914656,29536635,5952036,4157641,78150,3506832
1,../model_20121018_1875808662.uvl,16,15,48332538,true,1774649,31630050,7363440,4121421,53419,2806235
2,../model_20200619_2057881785.uvl,37,39,71669897,true,3852950,45241016,7366099,6151439,238425,8201708
14,../model_20140614_2029282468.uvl,54,54,94517667,true,2564801,62323830,8444910,7426341,305190,12658271
9,../model_20131028_1719041666.uvl,19,19,46871284,true,1698321,33428374,4963784,3987047,58023,2245766
3,../model_20140326_801743865.uvl,13,19,54918510,true,1559624,40072098,5680619,3992572,917807,2303425
4,../REAL-FM-10.uvl,14,13,45402259,true,1530771,31654084,5945416,3901757,46946,1900675
6,../model_20091219_494647199.uvl,11,11,37477148,true,1569134,23956733,6589603,3623399,41518,1302396
7,../model_20121018_795335675.uvl,16,15,58929963,true,1454281,37131202,9694526,6372011,91022,3686626
11,../model_20190624_198695067.uvl,24,24,66151286,true,1617695,43400975,8094384,6485480,135487,5723273
5,../model_20170321_1774846112.uvl,179,155,198323627,true,5297739,132972074,14078494,9510241,847491,33386230
8,../model_20140130_912999540.uvl,13,13,61061216,true,3983478,38389234,8322497,6366659,97891,3386376
9,../model_20160913_482611615.uvl,48,37,76161237,true,1876357,54596366,8025924,4230541,143674,6432959
0,../model_20170328_418838667.uvl,261,254,327979435,true,9289763,230982217,19919701,14604522,1265123,46787752
14,../model_20230322_812446738.uvl,34,23,62241944,true,1610826,43813556,7496789,4474913,105858,4211294
2,../REAL-FM-1.uvl,88,72,86853255,true,2266583,56193190,9576095,5576024,237950,11761952
15,../model_20170131_61369545.uvl,39,39,58781645,true,1859500,37921789,6981155,4603130,197401,6234802
1,../model_20180407_489573335.uvl,109,126,131655746,true,3360005,93123895,9218937,6482216,370753,17564307
3,../model_20091129_1734444143.uvl,12,13,52968563,true,1491907,32032914,9474625,6294859,85360,3115857
4,../model_20141030_1194865372.uvl,48,43,73626228,true,2004203,54232233,6518225,4155046,289662,5733636
6,../model_20230615_743611401.uvl,24,19,49225878,true,3604792,31976883,6115715,4012357,132470,2895300
13,../model_20161127_1823059506.uvl,69,257,411893782,true,3271258,354867447,9183771,6171452,1425175,35966334
8,../model_20140410_454790336.uvl,11,22,65184523,true,1621937,46695427,7231839,5121876,155697,3925620
7,../model_20151127_885194761.uvl,36,35,75600935,true,1876037,47037777,11047723,7098138,206094,7439558
0,../model_20120202_114979109.uvl,22,19,39910271,true,1471154,24416707,7053874,3415544,125544,2959874
10,../model_20200810_1407499848.uvl,35,35,57571334,true,1751260,40791029,5339103,4625001,101874,4375093
14,../model_20150310_1159520762.uvl,35,39,71537708,true,1798522,51689819,7180846,4476917,235700,5566814
15,../model_20110722_419227445.uvl,25,25,50530729,true,1723717,31843465,8446095,4632926,74407,3047777
9,../model_20190917_1352548057.uvl,59,33,70550359,true,2034980,45801337,9632500,4560801,168157,7440759
1,../model_20190917_896971240.uvl,35,20,77074882,true,1723190,49577892,10137229,6522187,147265,8102011
12,../model_20140629_1128400878.uvl,42,32,63384835,true,3304322,42300755,7185355,4224770,133235,5581615
13,../model_20180222_1576024243.uvl,13,10,32856732,true,1403764,19827273,5971506,3259218,42755,2043404
4,../model_20120725_1460954667.uvl,97,81,84382665,true,2626464,54531816,9058356,4994771,298546,11601478
8,../model_20171005_1407702877.uvl,28,28,50645907,true,1705219,34328382,5094523,4757350,76182,4141874
7,../arcade_game_pl_fm.uvl,61,95,101445720,true,2317997,77087169,6971157,4576067,313124,9327891
15,../model_20140411_1148485857.uvl,12,23,45693854,true,1570756,31110337,6171629,3884200,90970,2492537
14,../model_20180618_656757926.uvl,11,11,30194018,true,1604924,18109514,4666686,4027609,37179,1390851
1,../model_20150114_50814742.uvl,33,32,59643403,true,1702354,33277488,9800059,6244411,1253504,6727989
9,../model_20140914_1816201365.uvl,37,39,123113950,true,1765500,95792938,8757820,7034750,220404,8551851
12,../model_20101120_2091447559.uvl,20,20,44044954,true,2578354,25269177,5536317,6007793,105974,3978704
6,../model_20221026_1860047321.uvl,103,93,135449870,true,2876053,64556174,7980144,4815897,562292,53341566
4,../model_20100624_2076952989.uvl,17,17,39326060,true,1646535,25109580,6006236,3606884,65572,2372531
13,../model_20181005_1705175151.uvl,26,20,45146759,true,1510626,30080563,6229297,3771083,75173,2954438
11,../model_20161025_210874268.uvl,10,10,55246143,true,1660711,35859972,9019523,5972725,67632,2268294
7,../model_20130106_749900457.uvl,21,15,54342270,true,1716677,38991143,6274404,3839029,107191,3002569
5,../model_20160301_1978418899.uvl,24,32,74734543,true,1835178,48433309,10357259,6422974,177412,6781911
8,../model_20200810_1943380085.uvl,26,22,128949947,true,1530418,105831118,8169115,6695188,143114,6032329
14,../model_20190513_1805648090.uvl,10,12,53345094,true,1643280,34215858,8656330,5841314,85559,2525209
15,../model_20160502_596671432.uvl,25,18,51516855,true,3658227,32421484,6972734,4415283,69523,3492382
1,../model_20180301_203291309.uvl,13,13,46916908,true,1668576,33292209,4174324,4274715,84568,3078987
3,../model_20121212_425431925.uvl,16,15,44446805,true,1630871,24988717,8216508,6002340,67128,3083637
2,../model_20160629_1032137585.uvl,16,15,37252085,true,1507606,21654217,7358288,4101776,59969,2170159
9,../model_20161117_1407262512.uvl,21,16,43126075,true,3254561,24485432,7592889,4413670,58172,2729374
12,../model_20200817_129447612.uvl,37,37,59574996,true,1736423,43268698,5134655,4111630,105811,4561939
6,../model_20110401_868452735.uvl,14,10,37770627,true,1464364,24735722,5765226,3545759,50722,1820045
4,../model_20140613_1129301242.uvl,10,9,53258459,true,1665856,33553973,8937835,6167944,63991,2412246
8,../model_20121018_1639434192.uvl,17,15,35505052,true,3431633,19214834,6447026,3857665,50644,2064244
11,../model_20120328_523540818.uvl,10,10,37521609,true,1618064,24135126,6340968,3743698,41532,1275369
14,../model_20190502_109355269.uvl,18,18,43935144,true,1542585,23470839,9601189,6479162,56714,2224816
7,../model_20191016_1243022077.uvl,83,83,87937310,true,2372076,59280198,8244208,5344850,1455184,9867014
5,../model_20131114_87095598.uvl,57,61,92375792,true,2046497,59193164,10547894,8134936,292788,11094000
0,../model_20121123_1266693931.uvl,16,15,50711997,true,1787195,33295319,7995539,4369916,56662,2666556
15,../model_20141113_346832425.uvl,56,59,86562994,true,2219023,63136362,7868890,4915404,204330,7431338
1,../model_20230322_497943934.uvl,40,27,65010557,true,1799180,45633643,8195378,3897885,95703,4718925
2,../model_20230322_2049733851.uvl,24,22,47130934,true,1832341,32270733,5953396,3673913,69946,2852448
12,../model_20160330_1846251072.uvl,39,38,54297992,true,1850662,36720959,6439185,3899260,198210,4578557
4,../model_20221102_1308706395.uvl,17,12,38720147,true,3279203,22450566,6248337,3599085,57342,2663063
10,../model_20200907_1678285822.uvl,63,63,59153842,true,2261701,36938723,6907498,4468912,164405,7530736
14,../model_20120328_288933955.uvl,17,20,39669168,true,1647436,25777365,5854995,3544223,67150,2338351
11,../model_20160606_412121552.uvl,14,13,40378546,true,3577271,24724354,6084028,3793440,51159,1745913
8,../model_20141030_1477913256.uvl,12,12,43892387,true,1421629,27147962,7471218,4703683,50552,2727140
7,../model_20190502_1338968023.uvl,34,39,52371254,true,2009177,35964584,4972028,4182498,112930,4521078
5,../model_20190203_959278211.uvl,27,27,60142299,true,1619903,41460867,4698020,5559419,145523,6185181
0,../model_20200901_93573304.uvl,38,29,58540877,true,1835869,37100508,8079124,5713862,92979,5009440
1,../model_20160330_1784601624.uvl,25,22,56354159,true,3564963,39431538,5864511,3799300,150769,3078454
2,../model_20131112_1825068383.uvl,25,30,43839115,true,1626475,27366100,7097121,3612705,92081,3534823
12,../model_20130811_391981530.uvl,41,51,68992380,true,1859350,45871976,8950995,4298408,151442,6965866
4,../model_20200901_1356822502.uvl,38,29,113370713,true,1747617,96686536,6253220,3705212,88927,4302230
13,../model_20110718_866950306.uvl,20,19,46662940,true,1631184,25196091,9491589,5704103,98947,3889113
14,../model_20101110_1749898936.uvl,19,20,61203060,true,1623690,37802160,9181413,6215920,147394,5319731
10,../model_20160623_1415871890.uvl,13,11,48245895,true,1653235,33955091,5974945,3577680,53221,2666629
11,../model_20100927_1382418986.uvl,10,12,46730628,true,1703999,29847650,7086363,5272462,75429,2366358
0,../model_20230322_604627146.uvl,22,18,44081815,true,1598301,26027972,8263321,4835855,97333,2718994
8,../model_20160925_2087627141.uvl,47,44,90433774,true,1897209,55088437,12197457,7624933,377959,12166082
1,../model_20150305_15208156.uvl,30,34,80667860,true,1569904,52839451,10771453,6944905,195170,7544697
7,../model_20141119_1459706454.uvl,34,33,157366161,true,1830327,129278638,10677257,6923533,170545,7582287
5,../model_20180227_1765307019.uvl,116,84,137958336,true,2990857,101602314,9069995,5210855,325211,17442276
12,../model_20170320_149190356.uvl,50,56,58932054,true,1892989,38740907,5497118,4527976,170191,7263502
2,../model_20130116_382639902.uvl,31,30,59651905,true,1608726,42282201,6842887,3781994,119964,4507770
9,../model_20140819_914542251.uvl,62,59,60586416,true,1925742,37633940,7891249,4347626,170112,7666753
3,../model_20130522_1326579656.uvl,45,45,59818775,true,4144175,37079934,7513149,4536240,136744,5734414
6,../model_20131112_1840652917.uvl,17,18,59940732,true,1639709,39335248,7712539,6324245,113958,4182440
4,../model_20171207_1015871671.uvl,18,34,78947923,true,1784296,55891203,7592242,6438246,196486,6434634
8,../model_20150423_1422172417.uvl,14,12,32486988,true,1498118,18373425,6514496,3961495,39948,1692875
0,../model_20190730_1957937065.uvl,25,25,45184710,true,1703084,28238860,7353830,4248219,80933,3049567
11,../model_20170517_1468714593.uvl,10,10,40805586,true,1598742,27804327,5800040,3593276,88750,1549012
7,../model_20200810_1274447969.uvl,33,31,57595001,true,1913872,40891486,6415602,4067536,94989,3668743
5,../model_20110826_1744501275.uvl,24,24,40171453,true,1591669,24972202,5096564,4236180,67487,3703212
1,../model_20160317_1483846003.uvl,46,46,84154057,true,1769328,56714807,7854889,6001408,273877,10726605
2,../model_20131129_2135897376.uvl,10,10,47330145,true,1548016,33987642,6485291,3507702,46987,1492280
15,../model_20160303_1635209528.uvl,16,15,119837958,true,1641488,104031447,7739074,4053694,49098,1866341
12,../model_20180306_422218475.uvl,53,36,75925481,true,1948470,42567851,11170348,7050609,275921,12167610
3,../model_20140422_1825362104.uvl,21,21,37766346,true,1735553,22746302,6235849,3978851,64960,2411238
6,../model_20150222_409043024.uvl,52,41,60287468,true,1860602,34966569,8764940,5244548,134381,8477463
4,../model_20180512_660942805.uvl,36,38,59499842,true,1623528,43488852,4945100,4054309,269360,4344904
0,../model_20180411_122889136.uvl,26,23,42042334,true,1650001,26429381,6466953,3805538,157378,2966264
11,../model_20120627_1512389149.uvl,11,10,35016952,true,1582058,22165014,5600031,3517399,47744,1766551
8,../model_20151111_460133826.uvl,40,41,47464052,true,1602362,28991960,6864739,4204208,134214,5031554
7,../model_20111031_386778867.uvl,25,13,54559984,true,3937648,35664829,6756216,4372423,79472,3221517
15,../model_20120110_855603964.uvl,10,10,42283065,true,1508172,27878146,7456009,3482774,49943,1551413
2,../model_20101111_1790887308.uvl,10,12,53697476,true,1464998,34397701,8320974,6169931,101234,2924382
1,../model_20230608_1658584159.uvl,24,24,56668092,true,1609445,35689969,7086813,6135996,130002,5533775
5,../model_20130908_2094539725.uvl,81,81,89123807,true,2379609,62645616,7351281,4860595,238528,10669289
6,../model_20121102_443205816.uvl,26,18,66977632,true,1716682,47191321,6757503,4576635,195205,5971813
3,../model_20131112_1315617761.uvl,58,62,94894365,true,2190468,62374773,10452282,7639439,172558,11133181
4,../model_20180305_2101436905.uvl,47,24,91286970,true,1849239,59627208,11085809,7000916,195027,10836380
0,../model_20200412_2136556876.uvl,12,12,45783945,true,1486776,33659130,4437970,4256069,40247,1539295
13,../model_20130619_405989942.uvl,10,10,39123674,true,5415770,18347858,9183921,4312309,38412,1308934
11,../model_20170821_744427680.uvl,15,23,64901708,true,1615450,40502017,10203635,6130060,185468,5746484
14,../model_20160329_1368375444.uvl,33,32,71361790,true,2073508,46057180,10059906,5983309,192925,6059375
8,../model_20160330_218438641.uvl,23,15,56163894,true,1696902,34525777,8578457,5950632,95469,4659835
10,../model_20180222_1895267586.uvl,22,25,68903143,true,1839385,43909337,9896092,6648752,281534,5582912
7,../model_20111027_966072474.uvl,10,10,50762106,true,1621140,34461095,6431701,5597231,87680,2120212
15,../model_20101116_1022976130.uvl,34,33,73452090,true,1739965,47336078,8556547,6934437,174563,8068328
2,../model_20160229_171128808.uvl,48,48,82015907,true,1666485,56288761,9335766,4779831,439372,8594842
1,../model_20120418_828883554.uvl,52,28,90811862,true,1883943,57895414,12363718,6706457,197575,10495200
9,../model_20120110_1754443954.uvl,10,9,50976029,true,1490852,30636089,9143896,6476562,87422,2842201
5,../model_20221029_568257220.uvl,17,27,165674060,true,1607414,148561881,6721022,4417687,111691,3839390
6,../model_20190129_1004578234.uvl,18,19,36001342,true,1632820,21835150,6092266,3637797,68276,2268339
3,../model_20190128_1522973155.uvl,23,28,39208599,true,1961278,25185016,4566073,3732665,82763,3150974
0,../model_20151103_1678219280.uvl,19,19,39340181,true,1738887,23942840,7023238,3712815,54527,2264979
14,../model_20180306_73619671.uvl,48,30,74267985,true,2040121,46567478,11426153,4991315,120875,8028691
7,../model_20150301_527193150.uvl,24,24,40508111,true,1956227,24287676,6655975,3710911,76718,3306774
2,../model_20111130_1614470655.uvl,77,70,78534685,true,2371973,53027025,8019025,4711735,198383,9133847
9,../model_20111020_455520177.uvl,11,11,31350350,true,1551946,19683913,4600318,3793406,43669,1364842
1,../model_20230323_1971213764.uvl,46,42,57879978,true,1834337,35099465,7090824,5408880,129368,7615783
5,../model_20110406_353034837.uvl,40,35,71791470,true,1761260,43273649,10578834,6673767,181381,8352161
15,../model_20161128_2006303576.uvl,96,66,97436976,true,2332182,65851457,10105893,5112269,328873,12370960
12,../model_20171012_484328807.uvl,36,36,51078934,true,1798283,31471324,6473047,5822981,100556,4686240
6,../model_20100415_947132043.uvl,31,37,58007956,true,1691286,37233470,7948523,4736796,112655,5698175
3,../model_20131112_1191150070.uvl,57,55,76086112,true,5010486,48839672,7836570,4895996,335216,8285230
0,../model_20100805_1484639410.uvl,31,35,62744985,true,1748830,46209590,6293892,3872004,154654,3858784
14,../model_20110519_1142211980.uvl,14,12,33860418,true,1482456,18663045,6662754,4703322,42707,1984673
7,../model_20180530_1810935889.uvl,11,13,44614558,true,1455861,30597012,6370505,4105160,85055,1662674
2,../model_20170310_195700687.uvl,47,44,68871113,true,3379938,46373816,6785321,4066358,179910,7093858
1,../model_20160121_1141972007.uvl,20,20,38632392,true,1649835,23129588,6554773,4549511,61872,2233151
5,../model_20150620_2057636397.uvl,13,10,38126873,true,1866841,24946096,5681140,3259186,43840,1966081
12,../model_20160329_926312476.uvl,21,14,37574202,true,1638145,22502138,5892165,4279791,95521,2677281
3,../model_20101104_260803083.uvl,11,10,50781404,true,1693483,33555292,7829227,5244859,44584,1955013
0,../model_20190922_729177560.uvl,21,21,45161029,true,1560527,29162346,6613027,3989707,63486,3356024
15,../model_20140310_1022041880.uvl,88,72,159900627,true,2429540,132394953,8305340,4924046,205050,10470398
4,../model_20180611_1800915628.uvl,10,13,57099200,true,1693727,35602726,8702913,6062244,92515,4489437
14,../model_20140819_1738890661.uvl,10,10,31272490,true,1431873,19679144,4254068,4383614,36741,1175423
11,../model_20120512_712347860.uvl,13,12,32398410,true,1752829,19164777,5965510,3358269,43613,1727041
8,../model_20180729_701594854.uvl,22,25,47283253,true,1733871,30150487,7552710,4123467,76046,3005502
2,../model_20121123_2085968892.uvl,17,16,43505622,true,1610965,24978906,10098922,4135149,53959,2087899
1,../model_20130916_894347834.uvl,15,17,39547478,true,1730000,22473563,8115181,4509482,60214,2158327
10,../model_20230423_1943321532.uvl,27,27,68446560,true,3938122,40789675,8400588,6518492,1877235,6240661
6,../model_20120829_191972511.uvl,168,199,228776333,true,4791379,177583101,11751005,6911405,650847,25001568
3,../model_20170818_812208818.uvl,31,31,57370525,true,1944842,39806683,5394776,5383929,90338,4144629
7,../model_20160103_2012826523.uvl,94,55,112693896,true,2425435,82468757,8993917,5202888,256075,11918253
0,../model_20120328_361613983.uvl,16,18,34997990,true,1932202,20807135,5815166,3772823,58460,2151863
15,../model_20120328_1227899142.uvl,21,20,41828281,true,1585830,26074776,7120820,3879941,75681,2613536
13,../model_20180302_974887082.uvl,122,150,133407359,true,3870380,72524186,12642913,10173645,908810,31528441
4,../model_20190430_348224224.uvl,33,25,63946499,true,1800405,38640484,9912724,6100348,152907,6546205
8,../model_20170718_2017313962.uvl,18,18,35185987,true,1566534,22137290,4520792,4209092,61511,2272013
2,../model_20130916_1467348272.uvl,16,18,43858301,true,1549368,28096687,6864950,4517621,62175,2384159
10,../model_20221208_1038664369.uvl,28,21,40702560,true,1625056,25073961,6468228,3467000,73277,3496021
1,../model_20121018_820869482.uvl,16,15,37396964,true,1535823,22345877,6921857,4132159,60919,1994073
6,../model_20190920_56721129.uvl,15,15,54893385,true,1520060,33680241,9176385,6268765,98961,3646002
9,../model_20131112_1353790761.uvl,23,20,59203467,true,1882876,35821937,8679227,6669860,127175,5427255
7,../REAL-FM-6.uvl,11,10,49061915,true,1538761,32871551,7158562,5220933,86736,1823539
3,../model_20120328_1814590478.uvl,36,34,53560425,true,1643295,33671910,8755442,4075988,194597,4611997
15,../model_20121123_1668268132.uvl,13,13,35163153,true,1755734,20994946,6889964,3308402,80178,1758198
13,../model_20170420_1165511748.uvl,77,39,80922202,true,2244359,52852065,10567512,4434486,195706,8939199
4,../model_20200128_1186233455.uvl,23,23,49419120,true,1600298,27685000,9333725,6256602,91915,3723823
8,../REAL-FM-13.uvl,12,11,42879130,true,1506935,29134417,5970615,4075478,53774,1700082
2,../miniset/stack_fm.uvl,17,13,61470066,true,1703749,39405364,9564600,6154466,91660,3975143
0,../model_20130307_609838668.uvl,176,161,160085955,true,6773613,101748037,13624052,8229896,716015,26602539
10,../model_20150310_1642957582.uvl,29,32,52883430,true,1788397,35141125,6794505,3751599,995813,3841279
7,../model_20160307_1341241097.uvl,12,9,36299939,true,1533222,23324226,6040928,3532661,38108,1405271
6,../model_20221004_622223252.uvl,26,26,57382594,true,1888226,34549855,10284422,5322064,247237,4293660
1,../model_20130815_1890929461.uvl,56,62,119668378,true,2098258,94099561,8526317,5098895,225247,8345374
9,../model_20181119_2037159342.uvl,23,24,63391228,true,1743057,42859663,8477007,5049040,166347,4391610
12,../model_20120422_1648870831.uvl,14,15,53270678,true,1599807,34410773,9099387,5222518,107320,2337638
3,../model_20190328_829158427.uvl,14,16,62791277,true,1521792,40912364,9623129,6433792,135115,3634283
15,../model_20140925_285704903.uvl,20,17,57665029,true,1454304,35077540,9690089,6133164,102679,4594899
4,../model_20141109_1274255950.uvl,11,11,33492137,true,1573516,20967706,5713922,3328332,42250,1525214
13,../model_20151122_103763227.uvl,47,20,48928211,true,1689050,29991386,6786933,4094670,95034,5556540
2,../model_20160906_1914580505.uvl,31,28,65122257,true,1650252,45405957,6027508,4322371,151705,7061553
11,../model_20130916_1112744253.uvl,15,17,58762614,true,1746123,37395655,8976086,6178408,109767,3775298
14,../model_20160227_1275602559.uvl,47,58,153246021,true,3394693,128060741,7870026,4289942,240007,8712437
7,../model_20190416_545039882.uvl,21,21,47496257,true,3569625,29564550,6003937,4043158,126285,3599728
1,../model_20131121_194495737.uvl,12,10,33946603,true,1682480,20550428,5795265,3824120,48969,1609902
9,../model_20160301_235863217.uvl,20,27,48352525,true,1783760,30551355,8232477,3730027,88278,3348462
15,../model_20150713_1448325014.uvl,32,27,51968606,true,1754323,32385388,8408379,4085534,93830,4476676
3,../model_20131122_913576973.uvl,23,23,66364524,true,1781586,42261136,9571377,6438638,165120,5463813
12,../model_20150512_534005467.uvl,31,32,82624644,true,1915851,53818879,10374051,7053811,347250,8178711
4,../model_20170308_1789444441.uvl,28,28,57880885,true,1593033,43082610,5717885,3466166,132194,3409194
2,../model_20140614_1599125118.uvl,13,12,34899549,true,3633468,19461370,5993382,3645424,42706,1689869
13,../model_20160122_407616496.uvl,29,26,53115959,true,1685348,35262383,6954881,4734300,86790,3863541
5,../model_20170402_1978825740.uvl,263,264,258752141,true,9561891,176258371,15952832,8556886,1218217,43963827
11,../model_20190917_1598073515.uvl,16,16,54004785,true,1544741,35194793,7270779,5752904,89968,3621361
7,../model_20140819_424669215.uvl,17,17,44822064,true,1646928,24136063,9344589,5713634,92880,3341971
14,../model_20160329_1092215724.uvl,17,22,64480423,true,1585250,39821564,10331215,6632591,169856,5297546
1,../model_20160330_1632759327.uvl,19,13,58152877,true,1445717,37715715,7726295,6528351,102355,4174253
9,../REAL-FM-16.uvl,26,29,61307612,true,3433913,34773342,10266749,6835587,96145,5204609
15,../model_20121212_1167666293.uvl,15,17,56828759,true,1528499,37753450,8801108,4685684,106673,3475081
12,../model_20190917_1294871534.uvl,16,13,54178755,true,1527704,34123854,9692554,6292771,80634,1951436
3,../model_20140428_1301432646.uvl,72,71,84939423,true,2380073,59112926,7984753,4832666,260675,9464990
4,../model_20130917_737900063.uvl,13,15,51303060,true,1501813,35128255,7961856,3732072,102250,2495640
2,../model_20100904_226530663.uvl,38,38,46829128,true,3520504,27926570,6313749,3951119,165644,4306639
13,../model_20190513_1749709644.uvl,20,23,45868543,true,1605619,31038557,6075724,3517373,73910,3067313
11,../model_20111129_1932950448.uvl,13,13,44871904,true,1513594,26369722,7263649,5950357,80486,3183481
0,../model_20140824_1421620261.uvl,51,62,78766887,true,2044088,54793014,7442291,6245681,173497,7341884
8,../model_20150209_1183047948.uvl,29,47,95427989,true,1789999,65575322,10551153,7138213,287547,9411664
10,../model_20160226_1944186213.uvl,48,56,68839272,false,2251862,47654441,4388014,4320459,266243,9714988
15,../model_20120718_813832704.uvl,11,12,31274901,true,1544993,18157768,6051211,3459814,49338,1577258
9,../model_20191012_1432325334.uvl,40,38,60233017,true,1742614,37327707,7862613,6543039,137284,5995818
6,../model_20190917_1855142600.uvl,38,33,47216806,true,1893485,26096462,7260691,4298176,2050706,4877050
12,../model_20170527_1802227256.uvl,11,13,56843570,true,1535332,35987792,9646813,5932335,95617,3146279
3,../model_20120411_196667302.uvl,26,23,56569977,true,1740087,40786732,6037193,3838881,86672,3605439
4,../model_20160812_1476754989.uvl,10,10,38695998,true,1500731,25450088,5995457,3311373,84491,2052943
2,../model_20131210_413521746.uvl,13,14,34922401,true,1479434,21224847,5945395,3559789,52612,2330726
13,../model_20171028_1906143627.uvl,13,14,53044865,true,1596501,31867333,9313946,6082262,107456,3543007
11,../model_20190228_1201197026.uvl,16,18,39532974,true,1470878,23458229,7436680,4554596,62566,2124353
10,../model_20130224_1469220523.uvl,10,10,41137775,true,1381389,28671757,5838535,3630844,36729,1290311
0,../model_20230615_1063099089.uvl,38,18,77031008,true,1623496,52651017,7101397,6135089,163629,8784322
9,../model_20160913_269001380.uvl,49,43,67553270,true,1993011,45708663,7180210,4105349,215556,7631061
15,../model_20140305_1485634182.uvl,28,29,42629805,true,1655219,25914349,6964221,3822367,88165,3574887
12,../model_20130725_1929838118.uvl,41,27,48069725,true,1674053,30510164,6440028,3918761,96148,4781829
6,../model_20150228_222823272.uvl,37,43,65668931,true,1866467,44687279,7143468,4526209,136716,6507634
3,../model_20131206_656913635.uvl,13,15,55757842,true,1436413,35659395,8523103,6139573,97843,3456744
4,../model_20120201_865979127.uvl,28,36,72585432,true,1727039,47867384,9831235,5856438,235631,6242742
2,../model_20100830_561967343.uvl,32,31,48158175,true,1794562,29935496,6572831,3765776,93536,5424786
13,../model_20110507_674768061.uvl,40,52,83348104,true,1969027,51596257,10401406,6780724,330028,11205577
11,../model_20190917_75070341.uvl,33,15,52894035,true,1592174,32788730,6893970,4373029,126627,6469003
10,../model_20170316_174511349.uvl,16,17,65962459,true,1634412,42493779,9867221,6663745,124180,4599011
0,../model_20160330_925748995.uvl,16,12,59468600,true,1775521,37626782,9296977,6238296,87531,3873185
5,../model_20160726_1855902901.uvl,12,13,44872543,true,1570429,31318422,4290644,4796043,86792,2398467
9,../model_20230422_2139223494.uvl,37,34,81497717,true,3347135,50600653,10994462,7088455,317212,8504000
7,../model_20221229_1000010819.uvl,17,17,45625653,true,1690082,30749886,6625779,3941233,54155,2075742
15,../model_20230323_901833353.uvl,74,62,80735792,true,2010423,56652913,6729681,4673747,181681,9390670
14,../model_20110826_1180494500.uvl,24,24,55876817,true,1683629,38090418,4850837,4952060,140097,5608445
3,../model_20121018_271963732.uvl,16,15,41080831,true,1513925,26390428,7041480,3641992,54511,2069677
4,../model_20160822_713171625.uvl,28,29,66058131,true,1710401,46713790,6616287,5551905,91594,4671800
6,../model_20200901_328439811.uvl,35,20,140046470,true,1874107,112091485,10431796,6498030,149507,8026661
1,../model_20110214_751339643.uvl,56,128,201361400,true,4332963,155170946,7741303,5482712,987833,26485564
2,../model_20230322_307237036.uvl,29,23,50877981,true,1675415,27810417,8688892,6062679,132177,5754485
13,../model_20160603_398155586.uvl,15,10,60921447,true,1794262,38473049,9995931,6206547,94964,3762679
11,../model_20200813_1618100589.uvl,28,28,55051377,true,1731035,35189360,7202261,5058659,248903,5050080
10,../model_20161128_1478224089.uvl,77,66,101180703,true,2178334,65287957,10645320,6225459,428485,14968940
5,../model_20150506_306101537.uvl,33,33,56408016,true,1828458,37943036,6595365,4445340,123463,4851131
0,../model_20160322_2014722365.uvl,54,54,77023200,true,2035330,53004382,6168024,4803741,317102,9881997
8,../model_20130115_768867592.uvl,11,9,58537698,true,1692896,35220001,9644120,6500815,78881,4918425
9,../model_20180222_1925875374.uvl,45,43,77323976,true,2068052,51637348,7444472,4713527,256261,10279460
7,../model_20131112_1591180910.uvl,29,25,53065256,true,1623667,35280028,6893528,4478268,95676,4189095
6,../model_20150330_63301402.uvl,11,9,32243843,true,1539511,20399195,5374444,3271955,38279,1304921
4,../model_20140205_954857783.uvl,11,9,34924363,true,1441598,21661059,6188131,3844525,45320,1436027
3,../model_20121025_1656878048.uvl,26,26,50550194,true,1607715,30612408,8214034,4263528,137791,4983455
14,../DELL-LAPTOP-NOTEBOOK-FM.uvl,47,122,197201535,true,1997964,148716370,7453859,7254047,1144154,29873954
13,../model_20120902_865058601.uvl,19,19,58940006,true,1623224,40194330,7706653,4382844,112333,4343426
10,../model_20190504_755268837.uvl,43,46,61805797,true,2912156,38128063,7707118,4614376,156406,7398972
0,../model_20180226_492552032.uvl,11,7,36462305,true,1541764,21660172,7318004,3979638,35557,1496887
11,../model_20170918_1157652981.uvl,48,29,84092334,true,1873742,48159106,12883019,6882694,225418,12723552
5,../movies_app_fm.uvl,13,10,53583487,true,1513013,32432392,10200129,5916385,78507,2936472
9,../REAL-FM-7.uvl,14,15,44418621,true,1626594,29844663,6711690,3636462,56305,2171347
7,../model_20160504_1687809818.uvl,30,28,49634236,true,1672113,31532634,7463795,4482840,89722,3786560
12,../model_20190917_552843992.uvl,10,7,35427637,true,1692785,21325206,6323807,4005703,44882,1688183
8,../model_20170215_1278541927.uvl,41,39,119108472,true,1845840,99415058,7674095,4298819,140194,4989280
6,../model_20150306_503606823.uvl,27,26,38950231,true,1532045,24012199,5994220,3634569,150996,3192641
4,../model_20170228_1437582980.uvl,10,10,42554843,true,1515442,25250230,7251789,5801674,73612,2312279
3,../model_20141106_309720283.uvl,57,54,59346053,true,1717473,35570098,8997357,4860879,137778,6942959
14,../model_20141202_104116345.uvl,10,9,33872101,true,1544223,20284858,6379200,3502312,48784,1773244
10,../model_20100324_1996898492.uvl,11,14,47300344,true,1552057,31775297,5822038,5167073,84528,2573806
11,../model_20200817_1333981485.uvl,33,20,51029451,true,1781073,33828435,6754459,4149473,75582,3874355
5,../model_20160330_999254735.uvl,14,14,86024377,true,1611113,73079674,4566182,4521633,48235,1797568
7,../model_20131202_1575628003.uvl,19,19,37445304,true,1702272,22886884,5618688,4382148,59861,2278897
12,../model_20120824_761159432.uvl,23,20,41042657,true,3725518,23632891,6523720,3577822,85620,3068117
15,../model_20151216_1220822165.uvl,15,15,35078358,true,1506186,20714117,6643295,3640189,51547,2066697
6,../model_20230322_342259021.uvl,33,29,48302893,true,1504765,29456186,7227724,4763436,120885,4614871
8,../model_20200413_90255108.uvl,48,41,85227079,true,1960366,61105865,7821257,4029330,266425,8946052
4,../model_20170911_1850240044.uvl,13,13,34812149,true,3287073,20372055,4940934,3992016,45066,1748068
3,../model_20171005_1816009957.uvl,10,7,46306080,true,1558548,27143599,8844851,5998320,59286,2296818
14,../model_20160905_338518821.uvl,25,25,56938186,true,1690263,41980261,6124271,3696034,77340,2866432
2,../model_20110216_608697455.uvl,14,18,39356316,true,1754806,24552886,6652216,3777979,58651,2160677
11,../model_20150610_685576256.uvl,15,17,37783822,true,1428723,22071434,8009565,3580428,59877,2216051
10,../model_20150614_1325491211.uvl,24,26,94463353,true,1624260,70070697,10516591,6985869,94693,4475450
7,../model_20200811_368165701.uvl,11,10,39592385,true,1463331,26563313,5684901,4098500,50987,1400278
5,../model_20131129_1765219729.uvl,14,14,45349234,true,1610093,28689624,7763151,4843064,91042,1866871
15,../model_20150715_75174593.uvl,17,16,38332967,true,1757981,24356849,6010439,3652026,62491,2062338
1,../model_20140310_1916029542.uvl,144,54,137309307,true,3563295,79391818,16316688,9132433,259518,26672034
8,../model_20180509_988672632.uvl,27,18,51724471,true,1754867,36037480,5971215,3966459,75255,3392173
4,../model_20230120_1200060194.uvl,20,20,53773915,true,1574349,37326457,5938912,4271467,117597,3995163
6,../model_20120425_1998125226.uvl,71,71,71277817,true,2071855,43625989,8078636,5237298,194398,11092431
3,../model_20150411_1026005127.uvl,10,12,40302964,true,3842877,26915309,4256377,3495217,47018,1458955
14,../model_20150523_372542452.uvl,47,35,81526037,true,2065842,49688360,10815729,6467295,143859,11102910
11,../model_20140824_2115796112.uvl,43,49,72555865,true,1822317,53484162,7057716,3949628,166139,5442125
5,../model_20160506_174377233.uvl,40,22,52345487,true,3940878,30172324,7428105,3981518,84269,6076338
2,../model_20130418_1158438101.uvl,19,12,38595533,true,1736763,22283808,6607392,3985327,91315,3449722
10,../model_20200524_149606280.uvl,35,42,56292644,true,1790348,35716276,7094879,4708587,139582,6130779
7,../model_20111201_1252018702.uvl,61,40,74803256,true,1781676,43973835,12990172,6233565,268606,8027589
13,../model_20111029_1654942500.uvl,37,27,68134540,true,1802175,40843693,10351169,6262071,243795,7738306
15,../model_20190220_184230257.uvl,38,42,78511088,true,1905927,50078131,10142552,5866183,267679,9325948
8,../model_20130302_1361528923.uvl,10,11,41121508,true,2015881,25701562,7282959,3921217,52048,1734383
9,../model_20151116_762410606.uvl,29,29,68749783,true,1845377,49194182,6972902,4010102,202229,5908950
0,../model_20121123_1807427529.uvl,17,18,116025818,true,1599404,100763513,6927636,3994509,62213,2268821
4,../model_20160125_1378351345.uvl,38,33,89174890,true,1875248,57968125,10023949,6685284,228674,11623255
14,../model_20120422_2100930135.uvl,25,27,72659438,true,1601086,48462741,9027628,6291677,167048,6372191
5,../model_20150310_1191030699.uvl,30,33,76965879,true,1584026,50654364,8941630,6952105,330987,7794488
2,../model_20170921_244476382.uvl,47,33,85423633,true,1883050,63502295,7382211,4557722,210202,6956176
15,../model_20120110_1719396361.uvl,10,10,38282545,true,1579296,20939399,9460921,3982073,60758,1818173
7,../model_20100625_251719781.uvl,16,16,93058514,true,1841285,73974293,8209244,5964640,55221,2497198
8,../model_20100308_1032655961.uvl,15,16,40406808,true,1706599,24861928,7239762,4001839,64482,2051166
11,../model_20190223_2034909826.uvl,88,28,137745158,true,2476363,106205327,10796020,5024305,222386,11560050
0,../model_20190929_1773228224.uvl,17,25,52572614,true,3662834,31140211,9264394,4743392,87103,3125471
13,../model_20130821_1446947208.uvl,49,49,115608671,true,1957676,96272339,5540367,4356552,136661,6436651
9,../model_20140615_1417385367.uvl,35,30,60427713,true,1900344,37062306,10905550,4369169,238135,5068468
12,../model_20091009_1552375070.uvl,37,40,84612377,true,1921184,53600588,10892614,7257209,273809,9634692
4,../model_20200503_927740000.uvl,21,23,57016736,true,1630255,36614534,8501323,5631930,128996,4094787
14,../REAL-FM-11.uvl,67,65,105372584,true,2154794,69726365,10516635,6775234,391661,14452645
5,../REAL-FM-2.uvl,23,18,70453081,true,1704770,46288866,9623579,6340005,138471,5652393
8,../model_20161107_751073207.uvl,11,11,39551475,true,1617865,25017795,5415117,4587217,65730,2510805
11,../model_20221229_2070974785.uvl,17,17,38042037,true,1668566,23898635,6151825,3850905,53795,1978162
7,../model_20190214_582844610.uvl,11,11,42733918,true,1784531,26012100,7829054,4894579,47442,1736573
1,../model_20151117_1411945431.uvl,22,22,40868622,true,1589775,25239770,5358232,4409232,102236,3614668
0,../model_20160524_3029237.uvl,19,17,54835343,true,1759120,33768113,8830301,6278264,80178,3602118
13,../model_20150411_1055039600.uvl,18,13,44806852,true,1640399,28078463,7014655,4679168,93245,2800896
9,../model_20110203_1382675896.uvl,14,14,48009841,true,1646112,31027272,6505841,6066318,51124,2266972
12,../model_20100719_944437142.uvl,29,25,61321531,true,1658883,38091908,9718566,5838999,185846,5034362
15,../REAL-FM-20.uvl,44,34,78611471,true,1764333,53288777,9535825,4271771,226636,8742487
4,../model_20150715_1425609053.uvl,12,10,47866352,true,1555303,27899741,9025861,5157182,72394,3677582
6,../model_20150703_1928436983.uvl,10,10,40667455,true,1669403,25070665,6771302,4376733,71012,2225555
3,../model_20130726_597280131.uvl,47,44,76607112,true,1912420,54993862,7255382,4042236,278133,7375965
2,../model_20190219_265960660.uvl,178,140,190980302,true,4404783,146124750,10413445,6079274,612822,21220327
14,../model_20171128_2320585.uvl,14,13,54589872,true,2012392,33864713,8678836,5997418,83978,3429568
10,../model_20230630_666266911.uvl,13,13,55324593,true,1642408,34270537,9395984,6039827,98717,3349030
8,../model_20190416_284413958.uvl,37,35,72502212,true,1776755,44810729,9370926,7154431,190327,8564223
1,../model_20160519_1235536625.uvl,34,33,73284220,true,1773861,52045747,7513616,4158296,156666,6996487
13,../model_20150105_1168070568.uvl,17,12,57272780,true,1554730,39592739,7399722,4276924,98564,3907423
9,../model_20160919_825563014.uvl,11,10,31685161,true,1592980,18867590,6004611,3343310,42088,1488154
12,../REAL-FM-19.uvl,30,35,55557086,true,1731073,37276610,7174449,3933040,144371,4638445
4,../model_20121018_1495134161.uvl,17,15,49557351,true,3104993,26456575,9433440,5932582,112905,3979462
15,../model_20221009_1635938665.uvl,42,32,63905402,true,2002759,37589371,11315242,5632292,107390,6184882
3,../model_20170115_352040991.uvl,17,18,53942705,true,1540726,39739238,6023732,4260408,60624,1991312
6,../model_20161125_1777261352.uvl,33,28,98108564,true,1790522,80515213,6685646,4284868,101232,4160436
2,../model_20120531_2078087379.uvl,17,20,46885528,true,1487579,27013652,9732396,5694270,65988,2345531
14,../model_20150527_830434674.uvl,34,34,61989495,true,1706819,34413181,10188788,6745502,176295,7836197
10,../model_20140411_114609198.uvl,12,18,47745382,true,1614526,34483151,5389202,3671279,71822,2095388
1,../model_20110428_1131293346.uvl,13,13,29873875,true,1470030,17259305,5477506,3639236,41898,1593843
13,../model_20131111_1434736548.uvl,34,34,51049455,true,1655742,33843491,6434731,3839544,190573,4516242
9,../model_20160303_1645051071.uvl,17,15,62506771,true,1649824,39396284,9881066,6464409,109389,4420619
12,../model_20190922_1316746975.uvl,22,22,38501086,true,3741928,21442421,5713661,3691713,112127,3268464
4,../model_20190221_1604245950.uvl,18,18,47046596,true,1669271,31291021,6069578,5213097,66842,2338805
15,../model_20160329_864839294.uvl,22,21,41574113,true,1565475,26777939,6322593,3710149,72978,2708234
6,../model_20120710_919309758.uvl,19,8,35473858,true,1538497,21925797,5816079,3556403,44755,2156514
2,../model_20150304_173081072.uvl,20,27,48030413,true,3145530,30843899,6753448,3700715,121645,3008622
3,../model_20230322_1548752135.uvl,45,32,87816600,true,1780583,61520772,8845028,6140781,243448,8662019
14,../model_20130725_608010428.uvl,12,12,45414091,true,1446957,32906915,5651440,3411324,48092,1611972
10,../model_20160907_1816738180.uvl,10,8,39419675,true,1612920,27097840,5474482,3484790,40725,1376277
5,../model_20100904_330653656.uvl,10,10,50714913,true,1773851,31339422,9248643,5638655,58750,2218672
1,../model_20130522_2044729096.uvl,31,26,67289411,true,1675952,40388938,10648727,6760319,153758,7055926
13,../model_20160520_681202886.uvl,11,10,49279703,true,1413297,32557972,6261054,5756940,73040,2788700
12,../model_20160329_1999221629.uvl,24,24,57441292,true,1732859,35976117,6593079,6841778,150185,5451747
11,../model_20221122_1612835830.uvl,20,16,64204494,true,3702525,38318448,10107108,6454823,114279,4853877
15,../model_20170419_185164278.uvl,17,12,41295887,true,1728533,24358558,6435564,5815930,49830,2113509
9,../model_20170919_1425490791.uvl,47,42,94096912,true,3078133,63547141,11693859,4278805,1341459,8979490
4,../model_20200819_498504850.uvl,31,28,60045653,true,1755286,36421914,8984030,5876540,151768,6039255
7,../model_20190917_80747458.uvl,16,14,45880731,true,1712037,27894986,7512203,4943019,53430,3351008
0,../model_20170317_1165725.uvl,50,57,73795069,true,2222945,51603384,5342530,4563921,284711,8921132
3,../model_20111220_1450733948.uvl,41,13,77214140,true,1822425,52730248,7055714,5967708,143286,8902274
2,../model_20230322_1028761227.uvl,18,15,53783743,true,1596720,31279656,10061549,6309880,92528,3853791
14,../model_20170706_1181552122.uvl,11,12,54265561,true,3319683,32875254,8808719,5896946,94720,2925372
10,../model_20221125_1235088379.uvl,25,15,92985040,true,1666476,78555042,5929174,3327006,96291,2974297
1,../model_20161212_1631452800.uvl,23,25,45523917,true,5210978,26940025,5835903,3818439,90064,3202553
8,../model_20150521_1988107963.uvl,17,15,39521272,true,1888252,21810790,8607580,4405115,68212,2342480
13,../model_20200907_1296105910.uvl,35,21,53351829,true,1681692,30873466,10988907,4163729,101545,4630026
12,../model_20140905_372428255.uvl,13,10,44038684,true,1644710,27291318,8350494,4089241,82818,2113790
11,../model_20121123_1014773113.uvl,16,16,41449238,true,1531186,24669188,8077598,4170715,60836,2432916
9,../model_20171207_711618687.uvl,13,13,41817828,true,1589668,25562809,6793516,5555891,43864,1820879
4,../model_20110323_789959080.uvl,15,11,45679278,true,1614440,29570110,7449049,4179358,77904,2296024
2,../model_20141114_653359930.uvl,32,41,48855488,true,1588464,29933260,6493679,4120365,161959,5983984
10,../model_20141103_771283347.uvl,10,10,31238256,true,1488622,18858907,5649662,3477767,44736,1372694
14,../model_20130621_2143921379.uvl,29,32,71107267,true,1687030,51880264,6431969,3895054,193698,6511974
13,../model_20131112_1165253679.uvl,27,24,48151322,true,1687328,27408910,10119748,5101273,78970,3036387
11,../model_20121018_201916182.uvl,16,15,61268619,true,1652709,39014394,9790366,6392965,99076,3782142
12,../model_20180306_1553572984.uvl,47,47,56106557,true,1746195,33893201,8106697,4501031,134987,6894572
9,../model_20120328_1309817018.uvl,14,14,62572281,true,1678205,42942068,7871054,6320326,86016,3285837
1,../model_20101123_920943759.uvl,15,15,124662853,true,1643574,35893215,9347953,6043602,95736,71100072
3,../model_20170424_781699396.uvl,142,84,182758694,true,2993642,131432939,13578176,7672526,574433,23645446
8,../model_20230322_1036375763.uvl,40,27,75680881,true,1808998,45573199,11452762,6898640,177452,8787395
4,../model_20151102_2085331426.uvl,51,45,80831358,true,1882581,49888534,11912332,7370032,161544,8350737
6,../model_20120328_593032745.uvl,19,18,36755038,true,3468793,20899233,5994240,3740733,56691,2158348
2,../model_20140209_576830157.uvl,27,33,48878372,true,1687632,31980744,6560670,3982638,112559,4092364
10,../model_20181104_43638915.uvl,10,8,49968015,true,1442047,31333461,8456584,5879795,64082,2395355
11,../model_20181118_1641295184.uvl,12,11,36472621,true,1728089,23403560,5813573,3604159,42466,1460791
12,../model_20140411_279155356.uvl,11,12,40523917,true,1657868,26363438,6479064,3675032,49236,1895373
13,../model_20160906_802533043.uvl,21,24,48822695,true,1787381,31684054,7731007,4043712,84768,2999389
9,../model_20131113_2067550021.uvl,42,46,62820436,true,1943641,34815202,8550657,6249148,126427,10282132
1,../model_20150223_771673981.uvl,26,18,50367351,true,1620934,33172288,6964041,4374938,244030,3488270
8,../model_20150509_1341412445.uvl,10,9,38601939,true,1476072,23508257,7447509,4194158,49782,1605743
3,../model_20130122_92211527.uvl,11,14,45134714,true,1526739,28645590,7482484,4836966,79047,2158704
5,../model_20110525_1619420630.uvl,45,41,84899996,true,1720721,51772060,11569364,7210536,346718,11090477
4,../model_20230322_1814026223.uvl,20,18,52871781,true,1642555,33355935,8848145,4875010,101772,3535741
15,../model_20170321_1279222212.uvl,10,10,40933575,true,1653654,24668080,7603638,4623003,66407,1893660
7,../model_20140209_1802656178.uvl,26,13,70452927,true,2078143,45297393,9885560,6174306,120392,6117264
0,../model_20180511_622669496.uvl,18,18,46811482,true,1721274,29075589,6678181,5552974,97003,3252236
6,../model_20100730_1366577700.uvl,32,37,77154515,true,1767033,52847572,7106221,6610830,205305,8074944
10,../model_20200829_1325519775.uvl,22,22,33428519,true,4784473,18522604,3847867,3387080,61206,2384662
3,../model_20121219_629525870.uvl,18,24,39932696,true,3363478,23715614,6170242,3524457,77595,2692869
1,../model_20140411_1742095150.uvl,12,23,41018939,true,1539445,26376003,6379439,3743837,88194,2458992
4,../model_20200901_40084439.uvl,26,26,38499388,true,1563164,24445094,4631521,3980435,99672,3268104
5,../model_20120822_650185552.uvl,25,23,45169281,true,1453042,28349350,7184458,3909617,86710,3669872
15,../model_20130410_2115212559.uvl,11,10,32834979,true,1445921,18796215,6624793,4097050,42614,1477695
6,../model_20130916_1894002979.uvl,16,16,36192193,true,1237510,21973590,5989853,3609027,98217,2856839
0,../model_20160304_168615633.uvl,29,32,46827812,true,1463640,29081315,6921846,4373085,103341,4351482
7,../model_20170502_101132737.uvl,33,37,54742439,true,1618734,33945027,7813538,4443313,148397,6147131
10,../model_20130604_1500555803.uvl,13,13,28947971,true,2997924,16787692,3986460,3165865,43717,1593884
14,../model_20130529_167247656.uvl,16,16,38257802,true,1786880,25179882,5433747,3358850,73826,1938653
3,../model_20141107_655975442.uvl,10,9,31241669,true,1377565,18209934,6006905,4100347,38977,1226887
1,../model_20171016_2132568250.uvl,12,4,33315767,true,1366280,18510734,6081022,4309958,32476,2665408
4,../model_20141023_437365215.uvl,35,38,45937977,true,1445677,29133093,6491878,4012990,111448,4192451
15,../model_20151123_702303189.uvl,40,44,47903343,false,1712237,32609922,3746418,4369045,136299,5130195
5,../model_20140819_1020837515.uvl,63,68,63487453,true,1908598,38767003,8265533,4543268,187811,8338550
0,../REAL-FM-5.uvl,17,27,55454803,true,1543526,38164111,7383930,4151608,101579,3660390
7,../model_20110124_2116036381.uvl,18,18,39180266,true,1461056,23884644,6883494,4101288,112857,2256732
6,../model_20150305_94122420.uvl,31,31,71470167,true,1744688,46380068,8314934,7045298,187467,7219739
2,../model_20140402_1108338221.uvl,10,8,42565559,true,1663034,22624501,9433168,6013617,71242,2325622
10,../model_20100824_837146809.uvl,22,22,41732408,true,1643986,24329344,7710630,4792555,64090,2555292
14,../model_20140428_1917957920.uvl,63,62,98611810,true,2059421,61234710,11363069,7768701,368127,14357866
3,../model_20230323_1102049462.uvl,17,17,54333842,true,1536385,35705757,7463372,5572545,92182,3407215
1,../model_20140902_941000321.uvl,13,11,55282803,true,1543666,31408021,9011798,6636442,78140,6169893
4,../model_20120124_94644767.uvl,12,12,49988968,true,1677917,32460499,7076659,5436051,80709,2799365
5,../model_20150616_74187279.uvl,17,11,36292262,true,1416639,20221782,7451698,4813599,46105,1946553
7,../model_20221220_1576677705.uvl,14,10,35652569,true,2790026,19827904,6859370,3915961,48404,1827784
0,../model_20121123_913179730.uvl,17,16,41034280,true,1285305,23688655,8991649,4358772,59706,2139645
15,../model_20140420_1899694432.uvl,55,54,107353611,true,1871767,83214769,9070706,5173340,157937,6897843
9,../model_20160315_697003579.uvl,27,20,53527393,true,1644059,26664401,11052699,7258555,150094,5947991
13,../model_20140628_1177734570.uvl,29,32,81823384,true,1804949,50447173,10791499,7126089,234427,10621136
8,../model_20120424_1703152596.uvl,59,45,83742785,true,2277973,57037394,10320896,4989329,196408,7820379
6,../model_20200901_2052923297.uvl,21,21,144036011,true,1587781,122547245,7876293,6327713,113727,4955892
12,../model_20120328_794090001.uvl,22,22,124013764,true,1727612,103198494,7984317,6275151,63412,4127691
11,../model_20170316_1430061931.uvl,60,253,309420613,true,2865886,267868764,7627564,5536977,1206309,23370925
14,../model_20160106_443157632.uvl,13,13,31170116,true,1575685,19342704,4431382,3531343,67875,1875479
1,../model_20171016_1973576375.uvl,11,13,36725795,true,1517384,22263784,6462372,4135650,52910,1939709
4,../model_20180110_870365297.uvl,10,11,52673698,true,1767715,32862429,8326265,5989208,86778,2789508
3,../model_20160913_600398973.uvl,48,38,84629267,true,1853176,55199796,9879174,6174178,262299,10207682
15,../model_20121018_1970318852.uvl,16,15,36241589,true,2215193,22311322,5753585,3279931,47692,2245700
13,../model_20190510_899437477.uvl,13,11,31682574,true,1435215,18720149,5807916,3562772,71290,1722251
8,../model_20160309_1721210506.uvl,14,11,32664157,true,1530010,19144139,6143000,3623630,72338,1759881
12,../model_20120205_24117969.uvl,34,34,46006327,true,1585326,26539836,9264760,3877375,91079,4032887
6,../model_20200901_1615961503.uvl,38,29,71573808,true,1772757,51982247,5999239,3654764,186798,7353818
11,../model_20101124_661702924.uvl,15,15,34093472,true,1519697,21247467,5457446,3218938,56093,2242570
14,../model_20121018_242475712.uvl,16,15,35609062,true,1531737,21983802,5937395,3933946,50707,1804334
1,../model_20170919_1946252337.uvl,48,29,73988929,true,1896094,40194014,11478212,7112070,240224,11889030
3,../model_20160420_1926809017.uvl,12,5,52806393,true,1491709,33215730,8684031,5891393,72081,2992915
4,../model_20180304_290046860.uvl,48,28,66616764,true,1863998,45851116,7705855,4250601,124930,6113291
15,../model_20151202_1529785580.uvl,40,40,56342609,true,1660523,38335992,6779013,3750755,117787,5078663
13,../model_20130809_353548541.uvl,57,52,63233730,true,1686572,40059707,7598902,5442223,148131,7516831
12,../model_20150506_2068045691.uvl,20,20,36265676,true,1468307,21148051,6499884,4063642,62569,2565421
6,../model_20101208_1056693380.uvl,25,25,36919159,true,1561040,22863169,4120005,3991149,79314,3796433
8,../model_20160912_1428022317.uvl,49,57,101276387,true,1812520,64649452,13309785,7543948,384923,12793367
11,../model_20150302_1660900120.uvl,31,34,45642935,true,3432266,27870154,5902256,3807949,93148,3999362
14,../model_20200128_1669015551.uvl,23,19,41170119,true,1619674,25883728,6160972,4073823,60832,2914808
10,../model_20200517_1501498720.uvl,11,12,44477816,true,3465416,27273150,6531004,5119248,72797,1685566
2,../model_20170312_968402737.uvl,49,33,66510662,true,3744290,37344983,11066245,6230696,138573,6797962
3,../model_20111111_1026730216.uvl,37,29,79410758,true,1714449,50772366,10411798,6847887,194753,8507009
4,../model_20110715_945252556.uvl,32,32,71336984,true,1729833,42525650,12386345,6754107,175266,6890344
1,../model_20150310_563618715.uvl,33,40,83409158,true,1670822,51995165,11181622,7347191,205208,10116642
13,../model_20200425_1144751894.uvl,10,12,59858478,true,1470194,39070857,9587954,6109519,93738,3078665
12,../model_20110704_555218409.uvl,11,11,51728962,true,5060523,30102892,6947165,6502914,75441,2693548
15,../model_20230322_1573076538.uvl,17,16,119084220,true,1758706,105401616,5542104,3579326,78284,2249368
8,../model_20150423_1415525319.uvl,27,21,56211926,true,1529084,30455609,10420425,6635171,274010,6144429
5,../model_20160330_1306243394.uvl,21,21,62943872,true,1746063,38557102,10456145,6598701,119406,4778541
7,../model_20170904_444361354.uvl,46,33,61717448,true,1773147,34183925,11948413,6234354,145962,6252059
9,../model_20120111_1667229430.uvl,24,19,57236731,true,1696001,34235455,10163345,5098990,141604,5271290
6,../model_20230322_1882971454.uvl,21,21,57271193,true,1589795,37551137,9578230,5065241,110787,2798008
0,../model_20121018_1186774722.uvl,16,15,46367485,true,1647678,29109488,8397408,4739975,53762,2005578
14,../model_20160330_387052519.uvl,21,13,47036807,true,1731288,32639693,5966130,3510813,55873,2678632
2,../model_20230609_1502711362.uvl,22,22,34049017,true,1611889,21278078,4362891,3479502,65470,2727432
1,../model_20140306_1313194877.uvl,32,31,72075662,true,1741056,44582962,11258729,6401473,168687,7048173
4,../model_20131112_1855381012.uvl,31,30,74382201,true,1599426,48255810,9814395,6670957,169236,7069282
13,../model_20180511_935028612.uvl,20,23,47225065,true,3657807,30485502,5779529,4051922,72935,2749009
12,../model_20200810_1781368898.uvl,21,20,37811564,true,1647328,23603822,6011205,3601866,61306,2469583
15,../model_20230322_208918165.uvl,40,27,50775217,true,3433037,28049375,7490164,4774937,89156,6306309
0,../model_20160519_1444507509.uvl,41,42,81161007,true,1686236,47433720,11249267,7177599,321885,12332035
8,../model_20121025_1453237615.uvl,20,20,55167790,true,3604685,34911779,7521261,4224862,111141,4209465
6,../model_20130226_1908057354.uvl,16,14,54103689,true,1453364,31371575,9728217,6474306,111430,4387381
7,../model_20151124_1131991591.uvl,34,34,46497159,true,1788483,27660821,7474627,4279512,98992,4543073
5,../model_20140914_775838300.uvl,24,24,63865246,true,1654473,40887014,8273058,6658227,136793,5615111
14,../model_20230323_1108197556.uvl,17,15,55436741,true,1542180,36550517,6915070,6040209,101292,3928513
2,../model_20110330_919429247.uvl,25,27,55442648,true,1717071,40632079,5757783,3697412,84845,3019246
1,../model_20160716_1943328700.uvl,18,17,38644567,true,1660344,25080411,5746415,3480806,59613,2191044
4,../model_20200225_1125771038.uvl,43,40,64285873,true,3450894,42420207,7664996,4019875,130835,5816103
13,../model_20120201_899753062.uvl,27,31,125774105,true,1676092,106524001,7508367,4182019,130275,5214383
12,../model_20131112_1630582425.uvl,28,20,49086300,true,1717464,29699594,7622763,4977375,113783,4333185
0,../model_20131112_64627122.uvl,13,12,55597965,true,1637517,34377692,9577799,6177753,89178,3218767
15,../model_20190416_886742925.uvl,12,12,54399443,true,3534206,31821187,7998368,5676906,80061,4756594
8,../model_20120920_383492576.uvl,11,12,43000527,true,1344823,28066083,7283052,4101752,85625,1687587
6,../model_20130916_1983257725.uvl,16,15,47434403,true,1621643,27490387,8992822,5597390,99057,3073796
5,../model_20120609_84195762.uvl,26,21,64530598,true,1673063,46712040,7461985,4146212,277818,3706980
7,../model_20140328_1965511118.uvl,10,10,49492726,true,1566077,31110552,7657931,6265398,70964,2376177
14,../model_20180927_642324190.uvl,51,46,75059578,true,2121796,51093988,6903559,7156338,147442,6754876
2,../model_20130414_861625706.uvl,15,15,37611767,true,3215993,21474902,6722970,3618743,70415,2154778
10,../model_20140425_366530615.uvl,11,10,46616604,true,1722627,28146510,8064210,5619321,72287,2571390
3,../model_20200403_1286696698.uvl,37,34,67793388,true,1688245,50183781,6738915,4188167,180372,4178333
1,../model_20100415_240595643.uvl,31,32,68310495,true,1737856,39545660,10266736,6495977,177488,9149746
13,../model_20110216_1027109687.uvl,12,16,36004548,true,1657184,22667237,5830213,3618056,59297,1769224
11,../model_20230426_159926820.uvl,59,43,59277844,true,2219987,36954462,7532985,4347977,142140,7235233
15,../model_20140614_436006902.uvl,25,25,61939765,true,1818346,41660548,6409971,5086125,177308,6243931
0,../model_20170904_998227463.uvl,42,37,73137171,true,1938456,50090072,7081209,4154438,219335,9000150
8,../connector_fm.uvl,20,14,38842639,true,1643552,23746099,6488497,3774328,56412,2674619
5,../model_20140820_1349433690.uvl,22,22,52917438,true,1495462,38461240,5538726,3925096,76844,2989491
9,../model_20150611_578706116.uvl,13,12,54267610,true,1657276,36783147,5852590,6171644,79171,3371260
7,../model_20180512_810540422.uvl,23,23,115421280,true,3701171,31657208,6291733,3845528,80848,69373141
14,../model_20131112_817529963.uvl,40,40,70473477,true,3880429,50063315,6319414,4368363,111438,5071940
2,../model_20201010_633615094.uvl,12,11,39036901,true,1491693,21385935,7985930,5201188,68576,2472918
10,../model_20120419_1397354511.uvl,20,20,50996403,true,1604845,35041516,6075909,4403482,69022,3404017
13,../model_20121018_1550648286.uvl,16,15,36923220,true,1524218,21115345,8179996,3439202,47419,2089495
11,../model_20130529_1187431770.uvl,16,16,39186208,true,1727086,24980849,6054079,4019777,59089,1913973
0,../model_20180222_786472237.uvl,12,7,34081154,true,1622797,20077835,6399396,3742866,61375,1803733
8,../model_20131122_1241273029.uvl,18,18,43968894,true,1543963,30758178,5343877,3460136,88809,2357722
15,../model_20120328_663906927.uvl,28,25,67954378,true,1666064,47151707,7136853,4752773,160675,6570470
9,../model_20140917_195564800.uvl,16,16,39730864,true,1456155,27029388,4444354,4478993,50825,1833575
5,../model_20131203_151571988.uvl,54,51,60147782,true,2105585,37639899,7465022,5517255,140011,6553907
7,../model_20170918_1996976409.uvl,33,33,58013518,true,1760102,37448825,6174331,3832326,180854,7990948
2,../model_20120705_77954373.uvl,22,18,65050453,true,1675564,41758076,9266589,6357942,113175,5251750
14,../model_20101117_2128796258.uvl,72,69,138554437,true,2384336,103029344,7725868,4983945,486724,19005776
10,../model_20160229_1734203468.uvl,48,29,89128493,true,1930687,63854767,7827177,4319283,222285,9907341
13,../model_20190917_1484600794.uvl,17,13,46132816,true,1508341,32238886,6113586,3606202,48986,2253524
11,../model_20140207_1303140975.uvl,12,12,49548498,true,1580575,31880318,6957789,6071444,78243,2481181
4,../model_20200320_13307140.uvl,10,10,47837295,true,1662793,30663602,6911673,5810853,70661,2332394
0,../model_20140410_1285833987.uvl,11,21,45340027,true,1482647,28535836,6620703,4934512,144975,3255533
8,../model_20140322_1340045027.uvl,10,10,42033684,true,1446058,30480999,4515274,3811757,48120,1396537
15,../model_20180729_2071913647.uvl,24,29,56366231,true,1613978,30057465,9461062,6628517,97854,7885739
5,../model_20130529_552715089.uvl,17,16,59257664,true,1694131,37244038,9160815,6407237,105948,4088135
9,../model_20190124_988857604.uvl,46,41,70730981,true,1739758,46871479,8566097,4873309,113934,7521233
12,../model_20200815_433256797.uvl,39,33,76970351,true,2092524,48489819,9099512,7109090,200181,8642779
6,../model_20130820_1465112187.uvl,49,49,61416308,true,2078804,41923749,5076060,5678960,124304,5804301
2,../model_20171021_192017753.uvl,17,15,38614390,true,1699895,24244680,5986174,3519895,86559,2699862
14,../model_20110127_1318390760.uvl,13,11,40041032,true,1663132,25757674,6095884,4105903,42979,2003533
10,../model_20130510_203163945.uvl,18,12,52031750,true,1661595,37451686,6078644,3847498,66726,2470788
13,../model_20120328_1974817485.uvl,13,8,33279716,true,1488824,20268921,5733697,3337871,38931,2097118
3,../model_20190122_546529784.uvl,18,18,48199783,true,1923696,26746319,9447367,6041798,70117,3396197
4,../model_20200128_23228584.uvl,23,23,45738226,true,1633098,30062274,6893220,3576692,104329,3013572
1,../model_20170918_2076946141.uvl,16,10,38868944,true,1617290,23328839,7479731,4137125,46956,1898393
11,../model_20120423_1625073325.uvl,32,26,55673820,true,1676559,33845142,9365951,4456363,81174,5429017
15,../model_20200121_827473084.uvl,17,17,37381170,true,1655031,23486238,5860890,3745076,53798,2136599
5,../model_20140511_603377022.uvl,15,14,37954350,true,1371155,22441544,7207477,4516433,82920,1959411
12,../model_20200819_710049424.uvl,28,25,58212908,true,1598728,42150503,6705957,4189507,89382,3035845
2,../model_20200728_429027371.uvl,17,16,51614009,true,1506472,37548318,5672443,3972616,54492,2359133
10,../model_20130123_686198065.uvl,40,40,56214987,true,2044907,36754180,7397466,4277569,129655,4965174
14,../model_20150527_1979644627.uvl,72,58,79129912,true,2161949,52487200,9671821,4821865,239775,8840362
13,../model_20160308_79396455.uvl,41,44,61856251,true,1804137,40811571,8468462,4489663,135733,5554049
3,../model_20190430_2137275351.uvl,37,35,47366759,true,1731193,28345559,7433364,4110189,204434,4593516
4,../model_20230322_1855764436.uvl,26,22,42919013,true,1455089,26644750,7241966,3978466,79351,3002281
1,../model_20170618_724645944.uvl,13,14,38514318,true,1824734,22912435,7310715,4141449,60317,1868763
11,../model_20200128_745414394.uvl,23,19,43484555,true,1720439,28017089,6449213,3728885,76043,3022445
15,../model_20140430_1532303117.uvl,32,20,65410847,true,1689284,39199879,9638081,6598209,168993,7617092
5,../model_20140819_709073537.uvl,43,44,74378280,true,1799120,44437046,9772056,7208772,239143,9919087
12,../model_20120909_341305614.uvl,32,34,52737209,true,1594505,31564409,9700229,4989525,103746,4092575
7,../model_20190915_1211977272.uvl,22,21,51267561,true,1571439,35562541,6211788,4072126,63239,3377387
2,../model_20190917_512190943.uvl,45,37,104262064,true,1979380,84833807,6749936,4330485,134766,5518921
13,../model_20160329_1152124785.uvl,21,20,38052411,true,1900283,22111327,6608028,4648532,62445,2347238
10,../model_20110428_553405269.uvl,37,29,73610825,true,1633338,54616425,7255963,3997615,118738,5398211
1,../model_20101111_156018899.uvl,12,11,39356380,true,1663777,26666107,5701171,3415339,40686,1477447
3,../model_20161207_285955518.uvl,54,46,92015459,true,1819532,65523003,7703767,6344760,275438,9579332
4,../model_20140403_1688136935.uvl,45,42,72604016,true,2033814,49703838,7453167,4340236,236664,8205226
11,../model_20141106_1014782772.uvl,17,17,56950403,true,1664291,39051416,6053783,5702704,104797,3963097
15,../model_20140825_2017008690.uvl,58,59,80861182,true,2124818,43891706,11707427,7808676,337995,13474212
0,../model_20160308_190029672.uvl,33,32,55791931,true,3186145,31530534,10431917,5627752,100003,4040137
5,../model_20200810_1006372985.uvl,36,36,66293239,true,4172538,43777544,7173208,4673607,159059,5397186
12,../model_20180917_1978871462.uvl,50,45,83234467,true,1800069,61717537,8599377,4387189,129241,5792820
9,../model_20101020_1809093990.uvl,20,20,55248841,true,1662764,39891479,4251218,4263646,113106,4695132
6,../model_20160227_1389842098.uvl,48,51,86312865,true,2039857,63647649,8052524,4747640,143388,6943952
8,../model_20170414_1751865819.uvl,77,84,150115553,true,4288763,119484402,9691000,4945924,269602,9910445
10,../model_20150301_300492477.uvl,33,32,50897729,true,1806336,33977698,6647752,3661403,95038,4142257
13,../model_20160329_268958808.uvl,47,54,57253345,true,1868428,37282286,6620402,4199317,147166,6170397
1,../model_20121123_1672558767.uvl,15,17,34033666,true,1514724,20611313,6027209,3378486,64719,2059186
3,../model_20120513_373795895.uvl,14,13,34557070,true,1539221,20020862,6208324,3322295,46697,3026258
11,../model_20141205_2005181775.uvl,33,28,62761406,true,1561000,36149209,10181763,6662421,164163,7245447
4,../model_20221101_871584152.uvl,19,28,79169789,true,1908726,58697563,6367559,3885681,414291,7464208
15,../model_20110525_564104612.uvl,27,32,56647096,true,1933715,38707463,7278713,4054023,238556,3884961
12,../model_20121018_436901160.uvl,16,15,46466571,true,1609485,31840292,6395705,4379080,53233,1809149
9,../REAL-FM-17.uvl,25,24,66129144,true,1769247,40731946,9919027,6434634,165571,6359841
6,../model_20130703_1107240012.uvl,64,27,67326310,true,1998641,42417830,8901777,4752224,160205,8203212
8,../model_20150208_2120373387.uvl,25,21,47950210,true,1678148,31050517,7070047,3818945,83876,3788267
10,../model_20150428_2048110240.uvl,11,12,53578700,true,1692122,35674236,6975402,6081243,93607,2740074
13,../model_20110826_252647654.uvl,24,24,53131998,true,1486958,33120943,7115778,5620503,132511,5050593
14,../model_20181019_994429580.uvl,10,10,56293485,true,1751807,34690006,10037670,6643668,82064,2638941
3,../model_20140801_240918546.uvl,22,13,53956519,true,1621733,34328741,7932862,5841848,104506,3640562
1,../model_20170505_1428478521.uvl,24,26,60981146,true,1653736,36370836,9928919,6342382,149406,5781817
11,../model_20110622_260389190.uvl,12,10,46864420,true,1396323,26462653,9368117,6242678,41625,2925299
15,../model_20121102_768518520.uvl,14,14,56403965,true,1506500,36066408,8882810,6170155,89961,3169790
4,../model_20171204_404453510.uvl,21,22,64469861,true,1820196,44383322,6852694,6064023,127985,4727928
12,../model_20140423_277886534.uvl,21,18,100541219,true,1529465,82359404,8792695,4605844,89074,2627625
8,../model_20120408_404695779.uvl,70,66,93448584,true,1840340,70505830,7111551,4580448,225566,8349303
10,../model_20140422_2137156564.uvl,35,32,62437453,true,1721685,44627209,7080912,3826316,100155,4483657
7,../model_20130121_710180273.uvl,10,11,52292963,true,1624437,33598192,7511938,6168450,85319,2846678
13,../model_20121123_638033800.uvl,14,13,58617292,true,1567845,33621353,9327678,7044155,83552,6434688
2,../model_20180305_1393570452.uvl,48,43,85571708,true,1946050,57695641,9013325,6424701,402932,9256947
14,../car_fm.uvl,14,12,58249875,true,1543021,37122432,9539304,5986677,109901,3456458
3,../model_20230505_1739075744.uvl,42,45,87670209,true,1934975,57526778,9785241,7075710,256766,10150541
1,../model_20121123_1445508018.uvl,16,16,51736961,true,1623577,33713166,7546868,5806269,53521,2407358
11,../model_20150212_1516383976.uvl,12,8,55642357,true,1646953,34637190,9619761,6175854,88551,3007429
15,../model_20120701_1498696792.uvl,11,11,54939729,true,1542540,34629736,9301273,6355463,77138,2571152
4,../model_20150411_1378086632.uvl,15,9,50147921,true,1579158,36526079,6079490,3677402,51359,1826612
9,../model_20200316_153170359.uvl,124,103,126048072,true,3319319,90443236,9291841,5666348,385007,15378218
5,../model_20140824_525404983.uvl,47,47,67013067,true,1738609,42904094,7195825,5174896,209527,8890039
12,../model_20110407_1283128166.uvl,51,52,98040103,true,2044130,62956065,12157393,7667734,264740,11617477
0,../model_20141104_1527188029.uvl,140,140,128775504,true,3360982,90378884,9711263,6289742,412386,17043156
8,../model_20180512_276218752.uvl,36,38,64018096,true,1632520,48422196,4540929,4072699,248889,4508185
2,../model_20130722_443972122.uvl,12,12,39466445,true,1691267,21111156,8753087,5847139,46306,1549320
3,../model_20190922_718247414.uvl,12,10,50484609,true,1508354,35554822,7159842,3910235,69740,1940173
11,../model_20160620_457730604.uvl,20,20,43610558,true,1720285,30344927,4530780,3611865,103133,2847331
1,../model_20140819_2062208658.uvl,26,26,61032475,true,1753008,38311019,7804072,6307919,147522,5926985
4,../model_20110301_216655728.uvl,10,10,44688583,true,1492529,28811845,7986225,4345396,52351,1591083
9,../model_20151119_424700280.uvl,10,10,32704212,true,1577926,20129444,5554472,3783133,44658,1304745
5,../model_20121219_1714348674.uvl,10,10,50300021,true,1394823,31356895,9055734,5769193,68986,2257149
14,../model_20110527_1847306763.uvl,63,106,203295908,true,2505472,155804365,13266485,8380316,584202,21175343
12,../model_20180512_427876131.uvl,37,37,57528280,true,1860330,37391504,6830789,5042233,103460,5656966
15,../model_20171018_1720986032.uvl,130,107,126554252,true,3410233,85381149,13945083,5766324,310182,15753075
6,../model_20100712_329430908.uvl,20,20,47288757,true,3008695,28675010,6734064,4573830,57987,3817842
0,../model_20130916_1649901124.uvl,16,15,57981999,true,1484756,35910705,9600811,6573062,92312,3780056
8,../model_20110823_1386366267.uvl,15,14,41358539,true,1612962,25616241,6317493,4527257,91029,2806240
2,../model_20140508_536536644.uvl,36,34,58849187,true,1919001,39982136,7308745,4066335,129202,4808579
3,../model_20120829_28461699.uvl,11,13,56119364,true,1538124,34481749,9073998,5956119,96030,4529791
11,../model_20110116_381192414.uvl,60,61,70490864,true,3275417,44873293,8068539,4258096,211040,8637522
1,../model_20131112_2028027455.uvl,13,11,37454646,true,1535733,19468901,9166303,4911747,50053,1895849
9,../model_20121019_1128529660.uvl,14,12,51183222,true,1665533,31230212,8661126,5872127,80927,3198265
12,../model_20131112_990013628.uvl,10,10,40227911,true,3676362,25839452,5653994,3568514,36710,1186660
14,../model_20180514_381391194.uvl,20,20,52894347,true,1697901,35441076,5499478,5897908,95051,3807547
15,../model_20141108_202761108.uvl,10,8,52864751,true,1599453,32504801,9668236,6167369,64587,2394049
5,../model_20150208_1225865238.uvl,42,34,100710994,true,1947899,65554502,13175257,6949677,253427,11709467
6,../model_20160229_707006027.uvl,13,14,55834212,true,1497065,35990086,7824866,6477221,100487,3452870
8,../model_20141108_701198022.uvl,11,11,47718030,true,2710638,27572766,9291531,5257844,70472,2401365
0,../model_20120328_1373483522.uvl,13,14,54933427,true,1501970,39068829,6269968,4895677,91690,2700347
2,../model_20120717_770767926.uvl,11,10,48424126,true,1879971,31261082,6456354,5771059,72053,2585515
10,../model_20161118_228131771.uvl,66,79,68904178,false,2239748,45034589,5345602,5570250,287422,10184159
3,../model_20120110_1256867454.uvl,10,10,49568485,true,1537661,30850357,9849865,4800287,53288,2044337
13,../model_20100322_955726153.uvl,20,20,45428098,true,1697822,27899420,8146722,4143926,67091,3028433
11,../model_20110605_1465859222.uvl,17,17,42622269,true,1679582,29173222,5189921,3473426,59056,2483520
7,../model_20120314_1438691117.uvl,13,13,94801632,true,1671640,81746490,5030386,4174165,44580,1690129
1,../model_20110207_1623721536.uvl,27,32,59008188,false,1751578,42376464,4142357,5508088,175466,4854295
9,../model_20170720_160368734.uvl,14,14,53537928,true,1589573,34005116,6789053,5899403,82557,4843051
14,../model_20110207_906076676.uvl,12,8,31011371,true,3417034,16710526,5600559,3256398,39767,1627128
15,../model_20170918_191476099.uvl,48,49,57520281,true,1980615,35780169,7802837,4658732,184428,6262945
0,../model_20221015_510481451.uvl,12,14,35174803,true,1477218,22033790,5833195,3818311,57555,1603764
8,../model_20170518_1713871521.uvl,15,16,110962659,true,3278112,95397215,5947993,3892644,76483,1972470
3,../model_20170313_788976149.uvl,12,9,32186760,true,1635731,18585049,6289058,3434399,42433,1828369
13,../model_20140109_637429284.uvl,11,9,36010074,true,1605982,21412585,5234492,5137354,67037,2210133
2,../model_20160911_493856736.uvl,45,29,129785424,true,1990104,107511504,7292798,5921731,228992,6033262
11,../model_20160913_2142740300.uvl,48,48,81393548,true,1715823,57518679,8080740,4578868,176023,8635423
7,../model_20121015_1348696629.uvl,10,8,44589598,true,2754656,28279940,6902147,3624442,67110,2561272
1,../model_20200513_1559879338.uvl,11,11,42282472,true,1624102,23214412,8008582,6721767,68615,2235235
9,../model_20160329_1144142418.uvl,54,33,71955609,true,1911335,51695908,6946880,4080893,118956,6397563
4,../model_20150307_1251635490.uvl,35,36,53891397,true,1764444,36889603,6483149,4016936,110360,4106928
14,../model_20131112_1399418967.uvl,35,28,45356533,true,1564810,27369781,6773311,4570529,92545,4411235
15,../model_20110406_656545830.uvl,17,17,53485330,true,1678598,35708855,5280872,6425533,104796,3848209
8,../model_20120423_1196408273.uvl,16,11,45489644,true,1545042,32393467,5418391,3682067,45981,1945499
3,../model_20200909_844580970.uvl,17,9,39755989,true,1632014,26398472,5785475,3285338,44632,2204637
13,../model_20170517_1276361560.uvl,10,10,32880671,true,1454855,20022055,5432533,3920281,49383,1380180
2,../model_20190513_554652357.uvl,10,10,29969070,true,1336332,19019616,4268680,3771472,37398,1218542
11,../model_20180222_1790291836.uvl,22,19,65007304,true,1613792,41726209,9452994,6438967,119275,4987742
7,../model_20110130_639381749.uvl,12,12,42057701,true,1636050,23598505,7572538,5872672,74291,2816655
1,../model_20150304_617127008.uvl,56,66,71534895,true,3710095,45667215,8132810,4884132,227807,8078161
4,../model_20090801_1908323193.uvl,13,13,103179323,true,1565941,36221074,5769907,3595620,94784,55562523
9,../model_20190917_490456110.uvl,39,23,128652910,true,1690751,107816030,8988139,4261855,132411,4908287
14,../model_20160329_578011837.uvl,23,18,64165820,true,1654874,41053915,7172538,6529217,141258,7049888
15,../model_20140423_1716161596.uvl,42,25,70856669,true,1916650,42299511,10836033,6621472,171977,7971399
8,../model_20120701_899073101.uvl,11,11,53248266,true,1568952,33175567,9205815,6105247,98110,2644999
12,../model_20170518_711240246.uvl,36,36,73533503,true,1929813,51346322,6410637,4735594,280188,8232333
5,../model_20160304_1567363129.uvl,19,23,63020240,true,1829028,46827725,6365482,3680243,147855,3671353
6,../model_20091210_241985787.uvl,16,16,57477777,true,3900677,34649583,8361164,6329807,104464,3729669
13,../model_20100326_770562654.uvl,27,19,54092768,true,2999319,30960051,9160608,5788812,80939,4443270
3,../model_20160926_2009081259.uvl,54,54,91815433,true,1837366,58213865,8682450,7710219,1966787,12178453
2,../model_20130125_189285641.uvl,18,19,63180830,true,3099672,38420778,10047216,6667212,121653,4360566
11,../model_20140324_1142291623.uvl,11,11,56920856,true,1664572,36537627,9160655,6367693,84038,2664212
7,../model_20170505_1995894898.uvl,32,27,63803328,true,3205236,43719760,6652184,4077341,1528535,4054281
10,../model_20160329_304357596.uvl,23,15,58254308,true,1698869,40255711,6497904,3875108,115666,5341385
1,../model_20140514_1151327844.uvl,43,36,66458324,true,2044839,42358753,10545746,4474612,128593,5815576
4,../model_20091206_1647557456.uvl,10,10,37404439,true,1545976,25341700,5650399,3242191,59397,1208543
14,../model_20130916_1001858303.uvl,15,17,56749406,true,1595941,36214549,8463766,6085278,105231,3787880
8,../model_20120113_1803352101.uvl,43,27,63280513,true,2056910,44175362,6389858,4163598,107080,5681037
0,../model_20221018_544175819.uvl,29,29,45102374,true,3575500,26227349,6963237,3975549,111599,3617155
6,../model_20171020_786614820.uvl,12,10,36877149,true,1596247,19500580,9547335,4244331,39762,1486356
3,../model_20150523_1701783178.uvl,23,23,40562719,true,1480148,24979844,6694023,4053800,89762,2771636
5,../model_20160329_2023954051.uvl,24,20,94595675,true,1599213,71348942,10439928,6731145,189589,3532859
13,../model_20200810_903664942.uvl,25,27,50447610,true,1561701,31221027,7300974,4354512,150281,5271768
11,../model_20120829_881090911.uvl,10,10,49747601,true,3468079,30681535,7199236,5583583,73514,2364530
2,../model_20121106_1816491064.uvl,23,20,54076136,true,3569525,33811039,7075913,5728387,161174,3298191
7,../model_20131122_641443746.uvl,14,14,39906048,true,1687818,27325491,4841333,3613903,80529,1936761
1,../model_20140326_1693773444.uvl,13,14,34843304,true,3403128,20016602,5440042,3607863,58020,1969876
4,../model_20120528_1294065815.uvl,13,12,34914728,true,1517616,21220633,6193737,3714778,69261,1803949
14,../model_20130529_1911302663.uvl,16,16,57867418,true,1533405,37052525,8817041,6127544,97931,3728681
6,../model_20121017_2007593800.uvl,10,8,32207429,true,1496536,19924221,5442691,3684980,44642,1277427
0,../model_20170704_1299892151.uvl,11,11,31147775,true,1446217,19416199,4851026,3670401,40138,1415935
8,../model_20141018_2078980023.uvl,87,86,86082661,true,1910216,47228336,13785434,8916781,268877,12055072
11,../model_20140306_1994550432.uvl,12,9,48281365,true,1534792,30656684,8209603,4970497,72030,2396231
5,../model_20150226_64791123.uvl,26,28,56227383,true,1543330,29917603,10875171,7030949,164036,5839868
13,../model_20100829_787258873.uvl,57,48,90418299,true,3733008,51043531,12433312,7907169,309813,13549108
7,../model_20180512_893377341.uvl,24,22,58692980,true,1788012,39650118,8177438,4608431,151358,3789089
2,../model_20230323_58681865.uvl,17,15,120853893,true,1597567,100037972,8633969,6072086,96114,3853611
4,../model_20130916_552778902.uvl,16,17,42279995,true,1609272,27290640,6194823,3826426,89278,2799035
3,../model_20170405_957299568.uvl,142,211,234728588,true,3594651,163210504,13355527,7323769,2218774,43205086
14,../model_20120412_1314362396.uvl,12,11,51139060,true,1534354,32052697,7990655,6068522,73765,3005269
9,../model_20141102_1778359466.uvl,23,22,66580407,true,1939000,41872505,9767828,6551070,128834,5536656
6,../model_20150701_451946642.uvl,22,14,40338294,true,3879065,23103911,6083367,3989699,58545,2753384
15,../model_20131122_1877947099.uvl,15,13,58899505,true,1800510,36657693,9612142,6590413,87816,3593425
0,../model_20131122_224574976.uvl,11,11,45127424,true,3722340,26702614,6592481,5323361,62852,2283748
12,../model_20141129_2117240468.uvl,12,14,54085269,true,1764695,35372884,7964674,5516912,91516,2882720
5,../model_20230313_612090761.uvl,13,15,54495564,true,1504909,39575132,7106938,4093831,58800,1826118
11,../model_20180512_409172439.uvl,37,37,56006570,true,1908163,38858919,5220296,4460900,238455,4578942
13,../model_20091210_993249741.uvl,29,25,50963752,true,1798081,33934359,6710810,4260647,86436,3629932
2,../model_20190223_1275185141.uvl,10,7,53988077,true,1597998,33718104,9031195,6279875,73998,2822419
10,../model_20190223_2023041805.uvl,19,22,74006451,true,1740316,48322375,10165242,6641058,204306,6277532
4,../model_20171029_714150136.uvl,10,10,45207402,true,1470596,31260145,5325602,4496948,58815,2197974
7,../model_20140305_850513381.uvl,63,103,186005407,true,2413971,157155767,7703112,5406273,426895,12071841
14,../model_20190304_818967793.uvl,29,28,62884800,true,1704533,45663208,6375434,4306852,156946,4166641
9,../model_20141006_1946000492.uvl,14,10,34618822,true,1574041,20930918,6209534,3559424,39973,1937909
6,../model_20140614_81946339.uvl,22,24,40487058,true,1571795,25165320,6194077,4403469,78174,2649553
15,../model_20141129_6569546.uvl,25,21,47712158,true,3416358,31106889,5966491,3469445,76392,3148951
0,../model_20110926_400852996.uvl,36,36,53480063,true,1857769,30157051,10330130,5244893,122578,4798112
12,../model_20200815_41086763.uvl,31,28,48407770,true,1903998,30381895,7114791,4446257,88468,3835921
10,../model_20120828_1516795545.uvl,13,13,32351061,true,1545637,18260603,5950600,3531898,42173,2669228
2,../model_20121123_1692800929.uvl,16,16,39670790,true,3479537,21536194,7788802,4101999,59067,2219492
4,../model_20180122_1429516018.uvl,40,18,51593438,true,1908442,32155677,7291553,4397850,114437,5053121
7,../model_20200212_1763855182.uvl,12,12,48109577,true,1511017,32366150,4955391,5902445,84418,2934343
14,../model_20160813_60083737.uvl,10,10,87130597,true,1393120,73066800,4945123,5315629,57371,1988035
9,../model_20141113_1414990983.uvl,46,46,62488684,true,1775826,42791552,6959719,4453453,140168,5693159
6,../model_20120728_275737618.uvl,14,14,32713272,true,1458178,19965550,4925726,4154788,53823,1728786
15,../model_20230323_867226898.uvl,16,13,56993174,true,1610372,36102803,8784752,6094912,87130,3751289
12,../model_20130807_1787614695.uvl,13,13,45051009,true,1587978,30533743,5350590,4586637,108946,2479100
1,../model_20200907_1598312227.uvl,130,130,123693687,true,3346290,81447976,12062316,6686297,451781,16888882
0,../model_20140401_1527258088.uvl,13,20,56624255,true,1612718,37953620,9500882,4517856,179941,2342780
8,../model_20091225_1547989376.uvl,29,30,76408378,true,2019362,49727956,9807900,6738220,175046,7067638
10,../model_20130821_470005647.uvl,43,43,57758131,true,1922112,38493144,5985881,5302336,116001,5254060
2,../model_20160512_1688304541.uvl,31,25,49962545,true,1719328,30694234,8423263,4271672,84745,3979364
4,../model_20110925_62365838.uvl,23,23,36875647,true,1667656,23719440,4294496,3868975,69518,2816381
3,../model_20140614_1989695192.uvl,29,35,81441960,true,1892223,58614184,6697109,5307176,216791,8082337
7,../model_20111201_372659565.uvl,61,38,66039115,true,1932627,41231394,9447327,4587694,131383,7790862
14,../model_20230322_413432441.uvl,22,21,49328391,true,1641707,33004174,6638129,4168402,68136,3049420
9,../model_20170702_979744088.uvl,21,21,56162672,true,1625220,39173211,7637592,4198479,68942,2792106
6,../model_20171016_777651910.uvl,27,26,68315015,true,1687009,44352303,9408329,5798788,272424,6104918
12,../model_20150611_1748318240.uvl,14,11,54014055,true,1642527,36011954,6522905,5967615,79231,3303082
15,../model_20180705_2136123533.uvl,10,10,43677676,true,1713013,31401453,4885791,3808766,38053,1357693
0,../model_20140305_1745306436.uvl,20,12,52418991,true,1683872,35227583,6764277,4372074,83451,3754856
8,../model_20200120_1111265554.uvl,10,8,30749412,true,1586688,18297685,5386670,3876033,37666,1253193
11,../model_20111027_1380540076.uvl,10,10,30181391,true,1708684,16970823,6298635,3503586,36238,1338301
5,../model_20120510_220834497.uvl,53,44,57786078,true,1903918,34834338,8016997,4958324,141901,7091891
10,../model_20180409_394573881.uvl,10,10,43697463,true,1511297,25756196,7557346,5936179,66144,2431389
4,../model_20100325_298677687.uvl,10,9,39115630,true,1449795,23953506,8403302,3486731,39602,1412749
2,../model_20101115_2000504462.uvl,72,65,92917587,true,3542393,65685708,8265873,5461983,267006,8420685
13,../model_20170916_132089042.uvl,48,60,113230473,true,2243763,83184175,11450207,5251011,318346,9567759
14,../model_20141119_1676144838.uvl,14,14,45932448,true,1760020,33161059,4624847,3892081,81834,1970300
15,../model_20171012_432118074.uvl,28,28,40284271,true,1562554,25081194,5746310,3875839,135888,3316472
6,../model_20130808_465499656.uvl,22,14,45413917,true,1615293,30174482,6300972,3730297,57766,3009914
0,../model_20100216_713947806.uvl,12,12,30293790,true,1467073,19159387,4068270,3760858,40218,1454224
8,../model_20160225_419189676.uvl,47,52,58010438,true,2159733,36708627,6987094,4282125,155718,5991608
11,../model_20150228_41303449.uvl,33,33,45883219,true,3604527,27302269,6377121,4013012,97938,3924272
5,../model_20141023_1082000051.uvl,37,49,63030436,true,1731540,42792878,7734988,4551988,146081,5350021
12,../model_20160330_888130075.uvl,73,73,86168300,true,4156753,47242158,8158518,8615046,513091,16480735
10,../model_20141017_1234330746.uvl,38,48,84972973,true,3809094,52535479,9981336,6957626,268419,10427097
13,../model_20150222_2069201003.uvl,13,13,50773272,true,1446414,32204497,7390105,6132540,85047,3074098
14,../model_20160504_814917052.uvl,26,20,47854399,true,1700611,32668268,6083313,3901425,67398,2909261
15,../model_20120905_104354355.uvl,13,13,32258388,true,1461332,19464151,4388272,3614313,51307,2899123
6,../model_20160428_283258262.uvl,40,37,50784988,true,1880010,32466852,6974182,4314720,102758,4423773
0,../model_20121123_1047250318.uvl,16,17,41707558,true,1417004,25133083,7396719,5129763,63669,1968568
8,../REAL-FM-8.uvl,17,17,34970726,true,1611787,21080239,5902848,3724711,61383,2192548
1,../model_20170410_971411480.uvl,11,6,42231372,true,1739349,26594050,8606075,3448626,37258,1350529
11,../model_20130916_302923469.uvl,16,17,53546292,true,1512756,31732026,8615690,5601207,162042,5449858
12,../model_20180611_848416665.uvl,10,13,36175843,true,1543912,20609550,6977371,4014391,57338,2538114
5,../model_20151201_896154285.uvl,24,21,114306001,true,1492364,89686927,9788108,6834131,143120,5708479
13,../model_20171213_638254090.uvl,11,10,39639107,true,1512411,26876299,5700831,3832467,41449,1354862
10,../model_20150309_1544990511.uvl,39,42,79320461,true,1888425,52892053,6855053,7104784,226361,9447941
14,../model_20131129_1795005487.uvl,10,10,56026321,true,1415161,35005014,9067376,5795356,83495,4252807
3,../model_20140819_940483638.uvl,11,11,34953281,true,1565540,24104364,4092421,3483614,44277,1343418
7,../model_20190922_499979669.uvl,25,29,48932057,true,1850059,32642545,6727624,3881990,89441,3181307
0,../model_20130302_379367837.uvl,10,11,54871109,true,3286563,31095627,9977494,6165575,83960,3828214
15,../model_20140209_1382642350.uvl,41,29,91554917,true,1843504,60022957,11153845,6843190,210891,10497943
9,../model_20130627_888588099.uvl,17,16,59269647,true,1723327,36873120,9513454,6345409,107244,4100435
8,../model_20140826_2051139991.uvl,31,31,64143284,true,1770095,45705019,6159654,3739083,170046,6002153
1,../model_20160503_1174916821.uvl,42,44,64003549,true,1860069,43208925,7332892,4588574,152823,6050721
12,../model_20150416_264061404.uvl,47,24,64215692,true,4886849,38344761,7563015,4751572,174236,7704585
10,../model_20190526_2060834946.uvl,12,9,42508779,true,1461467,29857798,5573295,3685702,48926,1527269
14,../model_20150621_1174641946.uvl,36,32,48533508,true,1702942,29895402,7373058,3991022,119182,4738512
5,../model_20180306_832754487.uvl,49,53,90961284,true,2026631,66289240,7325708,4508957,211671,9860184
2,../model_20141018_811394530.uvl,23,22,57380306,true,1876432,38046899,7719340,5667938,73472,3373100
4,../model_20161213_651973816.uvl,21,25,62007211,true,3987710,42435898,6411802,3776623,169611,4746211
13,../model_20190917_729866659.uvl,83,56,87386886,true,2503819,61303761,7809716,4275037,168667,10015092
7,../model_20120110_1094246588.uvl,10,10,55274931,true,3328993,33881382,8909287,5794166,85571,2855039
0,../model_20130812_1882708509.uvl,41,51,55808131,true,1868492,37012492,6391041,4004998,149860,5699356
8,../model_20120201_1444061231.uvl,38,37,74208218,true,1822502,46652797,10414631,6446605,134638,7891089
1,../model_20140403_1254324003.uvl,28,27,71309595,true,1789306,44709471,10381423,6779120,289381,6562264
12,../model_20230323_425392427.uvl,33,29,74428051,true,1850385,45402290,11354895,6984301,188605,7705708
10,../model_20140824_1698583194.uvl,66,66,90720055,true,2190501,64754190,8588759,5134710,287390,8682148
5,../model_20180729_778045288.uvl,31,34,63737169,true,1679240,38520179,8830192,6532635,126495,7335167
14,../smart_home_fm.uvl,59,62,121676949,true,2033269,98936472,8253700,4516507,208500,6854856
4,../model_20190616_1868431112.uvl,40,31,54469201,true,1824044,35953364,7080896,4224031,97830,4613334
2,../model_20180307_2144246090.uvl,49,39,91716753,true,2047454,67664765,7523192,4661698,222517,8851639
13,../model_20120328_1412454948.uvl,36,34,73991182,true,1794020,50313167,8385499,5951533,280560,6626115
6,../model_20170402_765751837.uvl,329,359,377755323,true,13739302,272885718,24297920,9924453,1426788,48712902
0,../model_20110915_1159959623.uvl,10,8,44875450,true,1595573,31413983,6077550,3714181,46467,1722268
7,../model_20140710_2059561340.uvl,33,25,77334296,true,1739677,52267890,7560454,6695005,192768,8226612
11,../model_20190326_164569423.uvl,10,10,30246130,true,1687592,19145268,4202049,3712265,35694,1149853
8,../model_20141103_285596543.uvl,25,27,55714352,true,1802390,36552701,7921859,4538267,89118,4153632
1,../model_20130309_1354780318.uvl,11,9,41920165,true,1560928,25424855,8268083,4667993,64648,1521072
5,../model_20230323_642188361.uvl,23,22,59730189,true,1834689,40887849,6755084,5453882,124956,4030177
4,../model_20221109_1435495840.uvl,14,15,36185216,true,1510569,22841650,5814845,3805928,89346,1749731
14,../model_20170219_358603289.uvl,62,62,104762866,true,2065391,72964890,9515172,7778162,389262,11099871
2,../model_20141129_264528063.uvl,13,14,57913150,true,1618596,36518583,9531538,6371762,91161,3244597
3,../model_20160913_245590430.uvl,38,38,89204682,true,1765192,56351462,11218810,7324596,350803,10899099
0,../model_20131112_330151541.uvl,21,16,65118585,true,1600453,41514277,9724500,6458460,116075,5075233
13,../model_20140508_530056624.uvl,36,49,90543900,true,1759183,66025828,7969225,4640456,317455,9148017
6,../model_20130418_1960440366.uvl,29,32,68731262,true,1656694,41895509,10122870,6945869,191306,7326149
7,../model_20130219_1778040846.uvl,40,38,65753102,true,1790309,40120850,10872515,6459836,116056,5467751
9,../model_20130725_1746580783.uvl,16,17,41658199,true,1721055,27877123,5885420,3802317,61106,1934436
8,../model_20131206_684654596.uvl,12,12,42989174,true,1809610,24191520,8507703,5338577,80240,2631029
15,../model_20230616_862941800.uvl,30,26,112871138,true,1712552,86532310,10273240,6722311,151544,6711356
1,../model_20110601_1103941862.uvl,12,12,45764553,true,1730523,25720758,8704440,5822788,75187,2792040
5,../model_20150309_1129343473.uvl,33,38,56553367,true,1770131,39585915,6283827,3892528,108915,4372483
4,../model_20110919_127780100.uvl,37,27,74961932,true,1733270,56976002,6935776,3830161,105233,4747685
3,../model_20190920_579117949.uvl,13,17,43297683,true,1638182,28138359,7172265,3758016,61093,2017189
2,../model_20200621_929471783.uvl,11,11,52234466,true,1842997,35541184,7920132,3996044,81624,2434394
0,../model_20200901_164722413.uvl,11,10,50804152,true,1490216,35025418,7905157,3607072,72875,2307307
13,../model_20170926_289427240.uvl,11,8,54635482,true,1717287,33480359,9742636,6517926,70862,2618960
7,../model_20190513_110684557.uvl,10,10,38949456,true,1595351,24123813,6907383,4162401,44134,1750523
9,../model_20160225_2040495200.uvl,50,29,77347894,true,1926544,57104505,6628764,4136960,153178,6615488
10,../REAL-FM-4.uvl,290,310,265139180,true,9519458,180313390,15542271,9375036,1004866,45783743
15,../model_20190917_659690280.uvl,12,12,36345828,true,1455590,20177873,8547118,4090147,46322,1615682
8,../model_20170504_370000031.uvl,36,37,60251945,true,1885987,34801886,10580551,6277357,170155,5678210
1,../model_20180222_524224426.uvl,26,14,51645749,true,1585975,35399265,7051579,3968064,60391,3085634
4,../model_20141129_1168519534.uvl,12,12,45090977,true,1705269,30697116,6209857,4205221,55605,1870342
12,../model_20190411_1457420991.uvl,18,27,61833162,true,1733870,44985489,6426117,4599542,112542,3498031
5,../model_20120722_2065280700.uvl,13,9,48440336,true,1523768,35178979,6024315,3430441,74760,1864661
13,../model_20140530_1262796172.uvl,10,9,32653732,true,1469230,19748571,5886653,3733515,36315,1437975
3,../model_20130916_156611854.uvl,17,15,55939849,true,2078567,33631403,9554014,5912393,91549,3814113
0,../model_20130916_667715515.uvl,16,16,56483793,true,1680124,37481911,8752068,4045588,102736,3846868
7,../model_20161124_135805624.uvl,37,37,60565835,true,1907140,44039325,5114506,4157883,160121,4403001
9,../fame_dbms_fm.uvl,21,16,47409490,true,1772286,32738300,5814637,3756659,90316,2798292
11,../model_20131124_646639708.uvl,16,17,42674495,true,3744042,25190659,6666159,4679404,55964,1935306
1,../model_20130116_1542765516.uvl,10,9,51693534,true,1477456,33021989,8470378,5920846,62313,2343430
8,../model_20150427_2103265175.uvl,56,54,84169715,true,2049749,60793050,7725910,5521053,153284,7130786
15,../model_20170311_1316290182.uvl,48,48,98074603,true,1969943,70937603,9640939,4796151,252351,9346877
12,../model_20230322_928718925.uvl,20,16,63186849,true,1614195,37631828,11364834,7573637,99099,4111798
5,../model_20190922_267709941.uvl,35,35,53785659,true,1919482,34924501,7418611,4068960,138797,4490016
3,../model_20161122_1255346120.uvl,15,10,46930025,true,1624304,33528037,5652462,3705865,49015,1995172
14,../model_20140427_1594857347.uvl,19,21,45907644,true,1764342,28154213,6898307,5796051,140532,2716048
13,../model_20131112_356575914.uvl,20,15,39547875,true,3176262,20944153,7156615,3902321,59684,3877417
0,../model_20160504_18344306.uvl,13,14,48786765,true,1669287,34808889,6350455,3914235,52552,1643284
7,../model_20110310_1849309646.uvl,23,20,49302042,true,1531490,25173268,10244310,6380831,129338,5169297
6,../model_20150419_1225785874.uvl,11,9,33132364,true,1594333,20077972,6060291,3630542,39086,1340465
9,../model_20180304_1150769979.uvl,48,38,83699154,true,1983988,58373967,7241833,3962837,266314,11095604
11,../model_20110823_553386338.uvl,21,21,54131464,true,1592827,35444491,8090884,5996175,65093,2325980
15,../model_20190916_779041735.uvl,41,23,59972798,true,1748321,39274967,7702957,4231406,87107,6259616
8,../model_20180611_1140870617.uvl,10,13,48536172,true,1620110,29416723,7764302,6216490,89040,2954294
12,../model_20161123_1530983999.uvl,36,36,46181898,true,3272558,29795576,4729483,3656544,96915,4036688
5,../model_20170703_1893075315.uvl,20,16,60856588,true,1721258,39432807,7705262,6255156,118896,5022796
3,../model_20190510_1232864614.uvl,12,9,53821130,true,1581875,33987354,8006955,6513889,95363,3251698
13,../model_20181016_583005690.uvl,32,34,44951463,true,1505027,27900229,6582289,4027171,114993,4271807
14,../model_20200816_33425673.uvl,39,33,56879288,true,1763831,33967352,9659837,4589955,179778,5743426
7,../model_20201002_1982652571.uvl,15,15,43374093,true,1724877,26163688,6428181,5589484,89992,2999486
2,../model_20190108_414883666.uvl,17,17,54187414,true,1758105,34347941,9222136,5163313,66296,3039745
0,../model_20160229_490224198.uvl,49,39,70399557,true,2185677,43084993,8271590,5997745,138137,8413606
6,../model_20101024_1938793748.uvl,29,32,76995668,true,1650113,50138863,10274912,6986727,182285,7199172
11,../model_20100213_206550190.uvl,38,33,62432882,true,1703998,42492958,7670666,4244524,183325,5494002
8,../model_20140503_2024413965.uvl,16,14,51293230,true,1428095,36365873,6918523,4206613,52873,1888983
9,../model_20170919_414938854.uvl,47,35,76382413,true,1943189,54557093,7822981,4813667,134673,6400590
15,../model_20221031_340330235.uvl,35,35,54530115,true,1674650,35772975,7650087,4072924,95905,4732596
10,../model_20140326_183546394.uvl,11,11,46066482,true,1812826,29447941,6539314,5591789,63343,2166187
4,../model_20171005_661289758.uvl,10,10,28780462,true,1554041,17782836,4511246,3273029,61465,1268067
12,../model_20190916_1777637747.uvl,10,10,38974632,true,1473968,28061288,4217003,3487069,60993,1357193
5,../model_20190913_1052617154.uvl,21,21,54230205,true,2387974,37523995,6881653,4143870,82365,2811478
13,../model_20101109_1698100628.uvl,15,15,36695118,true,1612054,22945281,5781767,3887155,51852,1978324
14,../model_20140905_2124104947.uvl,10,9,33731855,true,1437976,20675410,6477161,3477798,35529,1307395
2,../model_20141129_1031364.uvl,12,14,54777006,true,1588072,37399467,5982768,5951391,95881,3371558
0,../model_20100321_1548012375.uvl,18,18,40333836,true,1479887,24593802,6198048,4699181,56650,2926784
6,../model_20170821_2117231347.uvl,28,42,135142616,true,1801911,109687784,8259197,5706914,261504,8696181
11,../model_20160519_1846923063.uvl,39,50,94139127,true,1851633,72184201,7297459,4367431,186319,7520763
15,../model_20131202_1775789712.uvl,50,50,53675267,true,2043882,33755841,6924956,4095363,139826,5974490
9,../model_20140209_738203734.uvl,51,55,70812135,true,2064129,48792110,7149575,4103408,217917,7741389
1,../model_20130311_1184229274.uvl,11,11,29231723,true,2092419,15994225,5876268,3520482,37490,1346539
12,../model_20160606_235281629.uvl,13,13,28228745,true,1208874,17682684,3925826,3436867,42358,1621199
5,../model_20170316_1293936491.uvl,48,53,52505528,true,1827322,33308193,5379422,4213658,267018,6261144
4,../model_20140423_1890396897.uvl,36,31,48571977,true,3398883,27763692,7715148,4196190,99946,4803816
10,../model_20180214_1066016479.uvl,96,79,92790612,true,4198606,59516137,9873391,5247785,331993,12273068
13,../model_20160304_165509543.uvl,43,42,51286830,true,1763830,33561401,5895827,4010367,128393,5265805
14,../model_20110712_1373520081.uvl,66,61,108133686,true,6875229,83716076,5894349,3738831,150989,6906066
3,../model_20150425_1862491910.uvl,80,77,61845161,true,2054914,39870636,6550000,4292649,191229,7949877
7,../model_20221017_1844403757.uvl,10,10,62575283,true,1353645,52954580,3406555,3450444,32046,1064542
8,../model_20190514_850677966.uvl,25,29,40767966,true,2799978,25052229,5787772,3430636,86334,3076404
2,../model_20130731_2029107317.uvl,76,68,118483584,true,5862018,93247121,6448252,4307820,152571,7478417
